tree
version=v4
num_class=1
num_tree_per_iteration=1
label_index=0
max_feature_idx=36
objective=binary sigmoid:1
feature_names=hour day_of_week day_of_month month is_weekend is_business_hours hour_sin hour_cos day_sin day_cos savings_lag_6 savings_lag_24 savings_lag_144 savings_mean_24 savings_std_24 savings_min_24 savings_max_24 savings_mean_144 savings_std_144 savings_min_144 savings_max_144 price_velocity_1h price_volatility_6h headroom_to_ondemand family_hour_avg_savings family_hour_std_savings family_dow_avg_savings family_hour_deviation family_hour_zscore family_weekend_avg_savings family_stress_index family_avg_savings family_std_savings is_holiday is_stress_event days_to_nearest_event pool_historical_zero_rate
feature_infos=[0:23] [0:6] [1:31] [1:12] [0:1] [0:1] [-1:1] [-1:1] [-0.97492791218182362:0.97492791218182362] [-0.90096886790241903:1] [22:90] [22:90] [22:90] [22:90] [0:1.0179547554135804] [22:90] [22:90] [22.375:90] [0:1.3992311130933803] [22:90] [23:90] [-0.026660799980163574:0.03427577018737793] [0:0.037217218873630206] [0.22720584273338318:0.90000003576278687] [57.98341094295693:76] [0:11.35008842400093] [57.967921777167852:76] [-42.056703660059441:24.20639593597943] [-5:3.2151860207724048] [57.9991483853386:76] [0:0.95230420815335415] [52.200000762939453:76] [0:17.986413955688477] [0:1] [0:1] [0:29] [0:4.9381022453308105]
tree_sizes=3559 3602 3580 3578 3604 3616 3624 3620 3617 3619 3624 3613 3628 3597 3629 3621 3616 3620 3627 3626 3617 3641 3614 3629 3625 3633 3618 3631 3642 3625 3629 3612 3635 3633 3628 3651 3619 3635 3636 3603 3641 3637 3639 3648

Tree=0
num_leaves=31
num_cat=0
split_feature=18 22 10 3 28 30 22 18 28 10 10 28 31 30 3 10 10 30 26 35 10 10 22 30 10 3 13 35 10 31
split_gain=1.04455e+06 584133 346975 50117.7 47375.8 25995.1 23334.4 18630.2 11697.4 10156.9 10147.5 9898.31 9634.18 7205.23 6697.45 5696.61 5472.75 4968.04 4907.39 4732.14 4681.71 4644.47 4211.16 4142.63 3614.18 3560.01 5394.71 3946.97 3518.3 5816.08
threshold=1.0000000180025095e-35 1.0000000180025095e-35 66.500000000000014 10.500000000000002 -0.069309431080407449 0.50987881867497664 0.00086201904272051951 0.5017452060066323 -1.6886414654931867 75.500000000000014 76.500000000000014 -0.18943979936127567 65.850002288818374 0.46158037745010122 6.5000000000000009 65.500000000000014 75.500000000000014 0.5274898310703845 66.63116533076591 25.500000000000004 79.500000000000014 75.500000000000014 0.0021425504115638052 0.1011285020860863 67.500000000000014 6.5000000000000009 74.937500000000014 13.500000000000002 69.500000000000014 70.750000000000014
decision_type=2 2 2 2 2 2 2 2 2 2 2 2 2 2 2 2 2 2 2 2 2 2 2 2 2 2 2 2 2 2
left_child=1 2 17 5 8 10 9 19 -3 12 11 -4 13 24 15 -10 18 -1 -7 23 -11 -13 -8 -2 -6 -25 27 -27 -14 -30
right_child=7 4 3 -5 6 16 22 -9 14 20 -12 21 28 -15 -16 -17 -18 -19 -20 -21 -22 -23 -24 25 -26 26 -28 -29 29 -31
leaf_value=0.067375970530308332 -0.00056061063177342829 0.032871267540431355 0.063227003034483517 0.08282599103314725 0.13355248392566926 0.12226834990171687 0.072844529439941269 -0.015710502277573632 0.048928927929305421 0.13116244145007516 0.081781328771035736 0.15683096844484462 0.064954779368491242 0.084693647893587534 0.065912945994690539 0.069237654869556756 0.14839863439174111 0.047292651576887099 0.068942044573349681 0.047202254540541978 0.08212711310841514 0.16816624579980827 0.053991771366816266 0.016273858276097862 0.09191711048800652 0.022615144857427216 0.0098164688713264642 0.03573529993496545 0.10133287049423534 0.072956810782550383
leaf_weight=70764.627791762352 24462.418441176414 50235.139327019453 2629.3869620412588 24519.961599126458 20248.732656911016 7421.5955298095942 62872.940593004227 38126.03309006989 181546.46579496562 21667.576519817114 4196.2950312197208 275547.60435919464 31766.220474526286 22681.754233494401 171758.42340907454 42639.548732548952 5490.5367013216019 54515.493514344096 10304.093573585153 15930.816803619266 6278.18489331007 134479.18713262677 56005.498784869909 270816.54938554764 7019.1697947531939 163027.03760236502 54047.822470396757 88411.092533394694 31069.821782693267 43118.114889726043
leaf_count=273126 92057 191429 10133 95176 80055 29223 243155 142656 695950 85591 16282 1098505 122497 88101 662569 164686 21823 208856 39793 61031 24363 538282 215097 1025609 27336 618867 204189 337264 121416 166762
internal_value=0.0699581 0.0952699 0.132484 0.152398 0.0659586 0.156274 0.0812259 0.0182085 0.0555999 0.0923884 0.159142 0.159929 0.0874128 0.105515 0.0584836 0.0527916 0.104781 0.0586367 0.0912695 0.0203055 0.120146 0.160549 0.0639627 0.0195922 0.122835 0.0204477 0.0241478 0.0272285 0.0788787 0.0848407
internal_weight=1.9936e+06 1.33878e+06 589869 464589 748908 440069 302728 654822 446180 183850 416852 412656 155904 49949.7 395944 224186 23216.2 125280 17725.7 616696 27945.8 410027 118878 600765 27267.9 576303 305486 251438 105954 74187.9
internal_count=7701879 5220206 2331199 1849217 2889007 1754041 1174373 2481673 1714634 716121 1663202 1646920 606167 195492 1523205 860636 90839 481982 69016 2339017 109954 1636787 458252 2277986 107391 2185929 1160320 956131 410675 288178
is_linear=0
shrinkage=1


Tree=1
num_leaves=31
num_cat=0
split_feature=18 28 30 23 23 23 31 23 23 25 18 30 3 23 23 23 23 31 28 23 23 29 23 23 23 30 3 15 23 28
split_gain=942166 513109 126314 46622.1 45907.6 100469 35533.9 24966.6 22019.9 34273.1 16786.5 16353 16047.8 11658.7 10455 7544.04 10308.3 8486.91 6932.62 5294.06 5177.08 5145.73 4951.96 5712.82 5316.81 3914.34 4262.21 5119.2 3683.88 3329.99
threshold=1.0000000180025095e-35 -0.069309431080407449 0.38230393318173633 0.76543691754341137 0.76285651326179515 0.71188408136367809 70.850002288818374 0.71178066730499279 0.66057932376861583 9.6714859655636225 0.5017452060066323 0.56729592288954722 6.5000000000000009 0.6715412735939027 0.76038458943367015 0.80000919103622448 0.76038458943367015 69.844444274902358 -1.5928631873573182 0.76038458943367015 0.67412567138671886 68.665252243225254 0.80000919103622448 0.79225191473960888 0.88134998083114635 0.1046650917773098 6.5000000000000009 74.500000000000014 0.66453662514686596 -2.0285049821981187
decision_type=2 2 2 2 2 2 2 2 2 2 2 2 2 2 2 2 2 2 2 2 2 2 2 2 2 2 2 2 2 2
left_child=1 8 3 4 5 6 7 -3 12 28 25 15 18 -11 -7 16 17 20 -1 -13 -4 -18 23 -21 -24 -2 -27 -28 -10 -14
right_child=10 2 11 -5 -6 14 -8 -9 9 13 -12 19 29 -15 -16 -17 21 -19 -20 22 -22 -23 24 -25 -26 26 27 -29 -30 -31
leaf_value=-0.043813742480653853 -0.069484249684055296 0.060190256081222387 0.053571421890528798 -0.01446677895157782 0.090318675563378095 -0.0062545930049824096 -0.015561882691218075 0.090467030911360963 0.017036385787922013 0.0031226363648017212 -0.084751639006606885 -0.0045476039249798183 -0.037482907348014072 0.085577747740454749 0.055296346277201175 -0.0071604702008466904 0.031343551096771595 -0.00057033605049283502 -0.023103421802451927 0.0138148792778592 0.02502010755072049 0.081434234147663098 -0.036007106330650122 0.074767512042737586 0.056807211030323247 -0.054343232298342793 -0.042942958209403498 -0.059743040229066083 -0.01310084249168769 -0.0071400052980697031
leaf_weight=49215.586537823081 26237.234772443771 181971.70983788371 23188.270178169012 19362.637846037745 128861.06834158301 60283.307825759053 12206.564257308841 108801.34706753492 11989.359330266714 5914.8420760929585 38175.362509086728 75585.73361286521 9465.148254185915 15577.367923796177 7790.6411514878273 13161.054404884577 8008.3277634382248 23363.260050982237 225787.75999446213 9515.8444125205278 50357.625181898475 14251.644077599049 5581.4836038798094 6449.7332604527473 2132.3934289216995 272221.83321936429 264258.38787660003 54737.023823291063 65735.780592501163 202258.41024504602
leaf_count=187031 98640 722559 91747 74521 518659 232954 46997 437530 46652 22901 142656 291971 36053 62478 30907 50775 31382 90450 865073 37061 197000 57064 21310 25690 8425 1029635 1004159 206583 253035 779981
internal_value=-0.00347952 0.0205992 0.0479635 0.061659 0.0646075 0.0556784 0.0680109 0.0715192 -0.0144674 0.00700095 -0.0525756 0.0172557 -0.0188436 0.0628855 0.000789601 0.028763 0.0327304 0.0256824 -0.0268098 0.00191537 0.0340221 0.0634137 0.0225454 0.0384387 -0.0103495 -0.0505862 -0.0497476 -0.0458257 -0.00845206 -0.00849651
internal_weight=1.99245e+06 1.33682e+06 750873 519277 499915 371054 302980 290773 585944 99217.3 655630 231595 486727 21492.2 68073.9 132330 119169 96909.2 275003 99265.2 73545.9 22260 23679.5 15965.6 7713.88 617454 591217 318995 77725.1 211724
internal_count=7701879 5220206 2967002 2064127 1989606 1470947 1207086 1160089 2253204 385066 2481673 902875 1868138 85379 263861 518418 467643 379197 1052104 384457 288747 88446 92486 62751 29735 2339017 2240377 1210742 299687 816034
is_linear=0
shrinkage=0.05


Tree=2
num_leaves=31
num_cat=0
split_feature=18 22 23 23 32 31 22 18 23 23 23 27 23 31 23 23 27 31 23 23 31 23 23 35 23 25 27 35 22 25
split_gain=851125 490214 292628 37189 29928.3 22938.9 21013.4 15296.1 10596.1 10331.6 8485.77 7640.06 6927.27 10000.9 5659.08 6867.52 5575.95 5220.32 4898.24 30145.1 13789.6 5367.56 4882.51 4181.94 4159.8 3922.9 3807.89 3427.9 3585.62 3247.08
threshold=1.0000000180025095e-35 1.0000000180025095e-35 0.6715412735939027 0.66057932376861583 7.4405045509338388 66.450000762939467 0.00081308384234240582 0.5017452060066323 0.76038458943367015 0.67387536168098461 0.6715412735939027 -1.9015902439727765 0.67412567138671886 63.738889694213874 0.70091050863266002 0.7087531089782716 -18.766003061215901 66.649997711181655 0.76285651326179515 0.71188408136367809 71.211109161376967 0.76038458943367015 0.66057932376861583 25.500000000000004 0.76543691754341137 9.3086394599757067 11.844098021804713 26.500000000000004 0.00013174219669518205 10.131921292814646
decision_type=2 2 2 2 2 2 2 2 2 2 2 2 2 2 2 2 2 2 2 2 2 2 2 2 2 2 2 2 2 2
left_child=1 2 22 16 11 12 8 23 9 10 29 -4 -6 -14 -11 -16 -3 -12 19 20 -13 -21 -1 -2 -20 -15 -10 28 -18 -5
right_child=7 3 4 6 5 -7 -8 -9 26 14 17 18 13 25 15 -17 27 -19 24 21 -22 -23 -24 -25 -26 -27 -28 -29 -30 -31
leaf_value=-0.016573961203056858 -0.048735184766914096 -0.043312116401849919 -0.019902093331153316 0.005093653203343854 0.08645698200730173 0.006419781957621315 -0.010022827662031679 -0.080716352544061537 0.054941223417509434 -0.01040977912232605 0.071133235629224953 0.080638137336664278 -0.0092344694391289835 0.073886362791411891 0.033696323297021442 0.0019282533557766143 -0.010002046095911704 -0.010354043809946683 0.087520047901326725 -0.0053657303968003616 -0.026438924681769917 0.066011542526312555 0.01293611214726006 -0.022797228022165855 0.0061572576377343204 0.013443453314554078 0.01158862175325945 0.016336841423484964 -0.020800234458216646 0.036752575400680609
leaf_weight=111997.40884014964 601398.87632857263 20708.910244226456 1972.4427044838667 24276.224559158087 20336.516653999686 26696.713027283549 151864.75230298936 38081.55312217772 19766.644362971187 50633.14838552475 13644.59507137537 229998.50399343669 5980.7530874162912 17038.290681004524 23501.637197092175 61608.27977129817 112922.59871214628 2296.1529839485884 130510.04642294347 13062.004949867725 3046.5543231517076 3299.041157335043 16021.663143321872 15952.270182877779 1590.0982039570808 3186.5597059726715 6810.3800092339516 7714.7397331297398 240850.982256338 12154.005258709192
leaf_count=429997 2277986 78616 7567 94202 82113 103910 585367 142656 78759 195382 54555 928877 23124 68460 92373 238682 434593 8857 530496 50668 11709 13243 62399 61031 6187 12449 26483 29994 923191 47953
internal_value=-0.00330809 0.0196231 0.0539281 -0.00716726 0.0726548 0.0433669 0.00421115 -0.0499621 0.0142798 0.0101045 0.0289695 0.0782484 0.0645598 0.0475665 0.0028262 0.0107005 -0.01808 0.0593956 0.0787558 0.0746325 0.0792383 0.0090271 -0.0128808 -0.048065 0.0865407 0.0643633 0.0438322 -0.0166345 -0.0173535 0.0156559
internal_weight=1.98892e+06 1.33349e+06 584737 748753 456718 73238.8 366556 655433 214691 188114 52371 383479 46542.1 26205.6 135743 85109.9 382197 15940.7 381506 249406 233045 16361 128019 617351 132100 20224.9 26577 361488 353774 36430.2
internal_count=7701879 5220206 2331199 2889007 1838803 290056 1422613 2481673 837246 732004 205567 1548747 186146 104033 526437 331055 1466394 63412 1541180 1004497 940586 63911 492396 2339017 536683 80909 105242 1387778 1357784 142155
is_linear=0
shrinkage=0.05


Tree=3
num_leaves=31
num_cat=0
split_feature=18 27 30 27 10 31 10 10 25 3 3 18 30 10 10 3 10 32 27 25 30 24 10 10 10 27 35 32 30 32
split_gain=769907 422768 106608 38473.2 29763 85522.5 30073 19366.5 28751.1 14677.9 14325.5 14073 13551.7 13090.9 6707.93 5595.2 7212.45 5846.67 4161.3 5177.85 4106.36 3927.76 3878.36 3847.99 6126.64 4278.46 3793.39 3789.31 3525.95 3360.09
threshold=1.0000000180025095e-35 -0.43419368271745634 0.38230393318173633 10.864598388430752 75.500000000000014 70.850002288818374 71.500000000000014 65.500000000000014 9.6210082143492226 10.500000000000002 6.5000000000000009 0.5017452060066323 0.59295273499344581 66.500000000000014 76.500000000000014 5.5000000000000009 75.500000000000014 7.4105780124664316 3.9846934264706317 10.031489036588148 0.74632805065987673 67.637716934504837 72.500000000000014 77.500000000000014 80.500000000000014 18.67795107093961 24.500000000000004 8.1462326049804705 0.031989530961966599 8.7448396682739276
decision_type=2 2 2 2 2 2 2 2 2 2 2 2 2 2 2 2 2 2 2 2 2 2 2 2 2 2 2 2 2 2
left_child=1 7 3 4 5 6 9 10 -9 -3 20 26 15 -10 27 16 21 18 19 -17 -1 -4 -20 -14 -25 -26 28 -6 -2 -7
right_child=11 2 12 -5 14 29 -8 8 13 -11 -12 -13 23 -15 -16 17 -18 -19 22 -21 -22 -23 -24 24 25 -27 -28 -29 -30 -31
leaf_value=-0.021995575240958326 -0.081402147632946523 0.067213731854151415 0.038985530972619468 -0.019573891809785901 0.081129967634651953 -0.011018376627412861 -0.010817060462916708 -0.0089143863609638524 0.0047329952838875509 -0.0026571543023016812 -0.0072216847756318443 -0.077127201584418104 -0.0049334001472714712 0.076229056867191017 0.010572940849551673 0.0077930686447576078 0.077220804858508851 0.0070461628101283098 0.077306466064764462 0.0660105129136314 -0.03926247471629199 0.0022692068268072561 0.030106867702629589 0.051946378077258694 -0.054062564702636789 0.029103377782839807 -0.025326356965897429 -0.05316282409214057 -0.046052976657779104 0.028401320819910005
leaf_weight=233696.04706262052 7140.1802084445953 279329.37135513127 26920.108039289713 16009.311966240406 134540.48018303514 47709.142091393471 13578.123771518469 78131.468476355076 10034.032967597246 7724.2660585343838 211611.15127308667 37866.122519358993 71097.423394545913 17689.76263064146 3508.0520339459181 20329.640285477042 9843.5889451354742 53266.149919599295 7627.0189454853535 4702.7106279730797 40382.513219162822 9985.9052159935236 10136.723505735397 8149.150556653738 3212.1795971542597 2981.9946745634079 21982.339198291302 527.28024616837502 587414.47532060742 6096.5656019896269
leaf_count=894456 26759 1132093 106723 61465 552713 183923 52362 301121 38973 30008 815156 142656 274701 72075 13644 79368 40091 207065 30825 18890 153559 38779 40071 32448 12163 11682 84002 2009 2228256 23843
internal_value=-0.00314759 0.0187146 0.0439765 0.0567083 0.0591854 0.0515037 0.0618942 -0.0127708 0.00660787 0.0653336 -0.0169944 -0.0475405 0.0155836 0.0503527 0.0788328 0.025007 0.0391938 0.0181029 0.0318645 0.0187303 -0.0245397 0.029051 0.0503728 -0.000167409 0.0234567 -0.0140251 -0.0457234 0.0806057 -0.0464775 -0.0065518
internal_weight=1.98322e+06 1.32882e+06 737275 509023 493013 354437 300632 591545 105855 287054 485690 654403 228253 27723.8 138576 142812 46749.6 96062.2 42796.1 25032.4 274079 36906 17763.7 85440.7 14343.3 6194.17 616537 135068 594555 53805.7
internal_count=7701879 5220206 2944866 2052060 1990595 1422229 1214463 2275340 412169 1162101 1863171 2481673 892806 111048 568366 561812 185593 376219 169154 98258 1048015 145502 70896 330994 56293 23845 2339017 554722 2255015 207766
is_linear=0
shrinkage=0.05


Tree=4
num_leaves=31
num_cat=0
split_feature=18 28 30 23 23 23 23 23 23 18 30 3 23 25 23 23 23 31 28 3 28 23 23 29 23 23 30 3 15 10
split_gain=697189 386415 98319.4 36780.2 37546.5 78782.3 29824.7 68701.4 15838.6 13051.9 12641.5 12058.4 7460.64 6847.81 31843.1 6088.04 8609.7 6785.25 4471.66 4401.82 4353.56 4640.02 4571.9 4205.45 4180.13 3976.69 3430.45 3814.5 4651.93 2964.47
threshold=1.0000000180025095e-35 -0.069309431080407449 0.38230393318173633 0.76543691754341137 0.76285651326179515 0.71188408136367809 0.71178066730499279 0.67412567138671886 0.64029967784881603 0.5017452060066323 0.56729592288954722 6.5000000000000009 0.76038458943367015 9.6358933468701107 0.6715412735939027 0.80000919103622448 0.76038458943367015 69.844444274902358 -1.5928631873573182 9.5000000000000018 0.98692131396257354 0.80000919103622448 0.88134998083114635 68.665252243225254 0.67412567138671886 0.79225191473960888 0.1046650917773098 6.5000000000000009 74.500000000000014 85.500000000000014
decision_type=2 2 2 2 2 2 2 2 2 2 2 2 2 2 2 2 2 2 2 2 2 2 2 2 2 2 2 2 2 2
left_child=1 8 3 4 5 6 7 -3 11 26 15 18 -7 -10 -15 16 17 24 -1 -13 -12 25 -23 -18 -4 -22 -2 -28 -29 -17
right_child=9 2 10 -5 -6 12 -8 -9 13 -11 20 19 -14 14 -16 29 23 -19 -20 -21 21 22 -24 -25 -26 -27 27 28 -30 -31
leaf_value=-0.039438112398650499 -0.061300766744386538 0.070613588368675262 0.047407881369213742 -0.013334127807518713 0.080669789188976687 -0.005630350076806896 0.081310139995222797 0.0079867686536104331 -0.0068347249520173924 -0.073907221220070804 -0.004072007727480593 -0.0010616097113310978 0.046895823999167252 -0.0091012445175912126 0.074987370696081468 -0.037329779591512915 0.02797137941588981 -0.0012764866390661154 -0.022251989358137936 -0.017086208858315667 0.013372705142914526 -0.03307492390341002 0.05314218508732093 0.073538016528205227 0.021604279579290585 0.068017345152966688 -0.047114718444913412 -0.036292790095473274 -0.052345443266686435 0.011480850769724972
leaf_weight=48779.485503152013 26041.67798550427 122132.88319839537 22869.416232168674 19367.495180338621 124113.12142901123 60305.6684012115 105399.8386695683 68269.005894646049 138580.05797766149 37547.910602018237 78050.033737689257 93483.349568411708 7613.6797641664743 41389.091383382678 15465.2526537925 5044.7300263792276 7964.3927497416735 23339.771321460605 168909.85102546215 79128.973348468542 6994.9040746688843 5585.7392809689045 2121.5591010451317 13903.289254918694 50033.521400719881 6353.5496644824743 271049.36613894999 263545.21574705839 54457.828552231193 8113.6366847008467
leaf_count=185434 98640 500235 91747 74521 518659 232954 437784 269067 533910 142656 301718 360859 30907 159274 63915 19250 31382 90450 646209 303603 27316 21310 8425 57064 197000 25688 1029635 1004159 206583 31525
internal_value=-0.00299742 0.0178601 0.0419377 0.0542408 0.0569236 0.0488206 0.0599712 0.0481586 -0.0124591 -0.0452887 0.0148508 -0.0182772 0.000257833 -0.000839894 0.0137722 0.0250279 0.0286219 0.022187 -0.026103 -0.00840762 0.00137104 0.0215474 -0.00934188 0.0569425 0.0296988 0.0393826 -0.0435417 -0.0427565 -0.0390418 -0.00723259
internal_weight=1.97595e+06 1.32331e+06 737576 507202 487834 363721 295802 190402 585736 652642 230375 390302 67919.3 195434 56854.3 131269 118110 96242.7 217689 172612 99105.8 21055.8 7707.3 21867.7 72902.9 13348.5 615094 589052 318003 13158.4
internal_count=7701879 5220206 2967002 2064127 1989606 1470947 1207086 769302 2253204 2481673 902875 1496105 263861 757099 223189 518418 467643 379197 831643 664462 384457 82739 29735 88446 288747 53004 2339017 2240377 1210742 50775
is_linear=0
shrinkage=0.05


Tree=5
num_leaves=31
num_cat=0
split_feature=18 22 23 3 23 30 22 18 3 23 23 23 23 28 23 23 23 31 28 30 35 23 30 30 23 3 32 25 36 10
split_gain=630532 386144 231607 34939.9 25498.1 17735.2 17160.7 12336 8785.41 8619.49 8909.66 7556.04 7501.81 6923.94 5491.8 5755.73 4895.22 4888.7 4007.51 3986.64 3493.31 3343.56 3251.2 3227.49 2817.74 3894.13 3368.56 2623.08 2576.19 2452.99
threshold=1.0000000180025095e-35 1.0000000180025095e-35 0.6715412735939027 10.500000000000002 0.66057932376861583 0.57294329147435363 0.0010199266812539799 0.5017452060066323 6.5000000000000009 0.76038458943367015 0.67387536168098461 0.6715412735939027 0.80000919103622448 -0.18943979936127567 0.70091050863266002 0.7087531089782716 0.67412567138671886 66.649997711181655 -1.6315560533895741 0.46684949806277737 25.500000000000004 0.80000919103622448 0.031989530961966599 0.74632805065987673 0.75377202033996593 6.5000000000000009 6.5510811805725107 10.131921292814646 1.0000000180025095e-35 88.500000000000014
decision_type=2 2 2 2 2 2 2 2 2 2 2 2 2 2 2 2 2 2 2 2 2 2 2 2 2 2 2 2 2 2
left_child=1 2 19 5 8 12 9 20 18 10 11 27 13 -4 -12 -16 -15 -13 -3 -1 22 -11 -2 24 25 -24 -27 -6 -5 -23
right_child=7 4 3 28 6 -7 -8 -9 -10 21 14 17 -14 16 15 -17 -18 -19 -20 -21 -22 29 23 -25 -26 26 -28 -29 -30 -31
leaf_value=-0.0018328960031850931 -0.075759076318314231 -0.037428664757309132 -0.0096603110344484176 0.0010565997865250596 0.0034010624115765609 0.010818063249256842 -0.011589217595405295 -0.07114810175453995 -0.0069224694949518014 0.046012192478819457 -0.011417574607171467 0.063704256247236371 -0.0083269352185734637 0.080433108773177081 0.02887743094031597 0.00084906404135511807 0.068112577357196988 -0.012745757988691934 -0.019192158012768228 -0.019524587092580762 -0.018386699972305263 -0.0085002972837755989 -0.043789298250013993 -0.05348118808248347 -0.051212587082231857 -0.042486973464989482 -0.030269001628609946 0.03111652267548078 0.053436936864067044 0.06523286101365007
leaf_weight=60133.277054443955 7076.844365477562 36134.398253619671 2640.0210425257683 21522.644217088819 26413.215281620622 12862.191620528698 131515.65269654989 37089.527788668871 165036.71615834534 22076.266392350197 55820.41262088716 14288.606436938047 2999.1029531806707 112209.79698514938 25104.474595576525 67741.978118345141 286436.03014408052 2449.5778061002493 181154.77927222848 67682.823500305414 15986.737300619483 5593.7567770779133 240453.70362962782 52645.444143906236 55172.276993140578 89697.465751558542 152037.78488630056 12613.970901802182 2634.6251209974289 1412.8173985779285
leaf_count=232599 26878 137598 10167 83690 102746 50334 506967 142441 635726 89572 215703 58443 11572 470192 99241 262492 1201332 9483 693804 259334 61277 21561 917265 199966 210129 341698 581716 50439 10514 5627
internal_value=-0.00286045 0.0170355 0.0480668 0.0652327 -0.00659516 0.0686184 0.00285659 -0.0431468 -0.0156193 0.0109925 0.00736922 0.0244124 0.0704573 0.0710461 0.000976263 0.00842759 0.0715805 0.052516 -0.0222248 -0.0112012 -0.0414528 0.0364613 -0.0420704 -0.0416663 -0.0405088 -0.039284 -0.0348026 0.012359 0.00676947 0.0063681
internal_weight=1.96664e+06 1.31648e+06 569121 441304 747357 417147 365031 650160 382326 233515 204432 55765.4 404285 401286 148667 92846.5 398646 16738.2 217289 127816 613070 29082.8 597084 590007 537361 482189 241735 39027.2 24157.3 7006.57
internal_count=7700506 5219136 2329734 1837801 2889402 1743597 1422274 2481370 1467128 915307 798547 221111 1693263 1681691 577436 361733 1671524 67926 831402 491933 2338929 116760 2277652 2250774 2050808 1840679 923414 153185 94204 27188
is_linear=0
shrinkage=0.05


Tree=6
num_leaves=31
num_cat=0
split_feature=18 22 23 3 23 30 22 18 23 3 23 23 25 28 23 23 23 23 23 28 30 35 23 30 30 22 27 3 15 35
split_gain=572049 353649 213941 32653.2 23022.2 16874.4 15617.1 11580.7 7962.64 7944.4 7316.6 7001.73 6380.06 5311.61 4956.47 5164.06 4435.89 4357.79 4135.02 3644.38 3601.07 3192.51 3098.35 3027.77 3146.61 2656.55 2612.86 2541.32 3478.67 2632.62
threshold=1.0000000180025095e-35 1.0000000180025095e-35 0.6715412735939027 10.500000000000002 0.66057932376861583 0.50987881867497664 0.00084999203648229401 0.5017452060066323 0.76038458943367015 6.5000000000000009 0.67387536168098461 0.80000919103622448 10.031489036588148 -0.18943979936127567 0.70091050863266002 0.7087531089782716 0.76399549841880809 0.67412567138671886 0.67412567138671886 -1.5928631873573182 0.48521799825621681 25.500000000000004 0.6708858609199525 0.1011285020860863 0.74632805065987673 0.002192524490906355 11.844098021804713 6.5000000000000009 74.500000000000014 12.500000000000002
decision_type=2 2 2 2 2 2 2 2 2 2 2 2 2 2 2 2 2 2 2 2 2 2 2 2 2 2 2 2 2 2
left_child=1 2 20 5 9 11 8 21 10 19 12 13 -6 -4 -12 -16 17 -7 -15 -3 -1 23 -14 -2 27 -8 -10 -25 29 -29
right_child=7 4 3 -5 6 16 25 -9 26 -11 14 -13 22 18 15 -17 -18 -19 -20 -21 -22 -23 -24 24 -26 -27 -28 28 -30 -31
leaf_value=-0.0022299906392788376 -0.057498528999192625 -0.035067690909712151 -0.0075256472165705583 0.0064359416345972911 0.0090667487366111656 0.064866200978390257 -0.0037106748199808894 -0.068493270451615795 0.046346310331095028 -0.0065758164033072209 -0.010620371053957292 -0.012753380219083031 0.027658813428006551 0.077956864228869993 0.028947553972163129 0.0014821873320022478 0.065370740272916159 -1.1522749302644092e-05 0.066434727242572406 -0.018118841501443866 -0.019015977443164852 -0.017482864023490929 0.065948607389166067 -0.042000913788525787 -0.051081777562245759 -0.017157168038387606 0.010634099261394934 -0.036889879677479913 -0.047106366978885192 -0.026026565328792842
leaf_weight=63753.958714097738 24089.020523816347 38566.557324543595 2239.5382301807404 24141.595318824053 30802.076789915562 3171.0156990587711 81428.781599283218 36612.798779994249 19526.197564020753 165049.61181969941 51455.472736060619 2620.5493279844522 11942.094315722585 108677.11751952767 23555.099659264088 62589.975189134479 5006.3876411020756 14083.098961770535 274702.38288846612 178566.53821352124 64048.676500633359 15972.922860383987 9475.5051566511393 239324.04441890121 52369.302266210318 66917.416084334254 6943.0655821561813 135124.39084935188 48776.31042599678 94968.741962552071
leaf_count=246516 92430 147204 8628 94204 120807 12914 315002 142441 80138 635726 198767 10081 47893 464161 93493 242629 20781 55021 1172011 684198 245417 61277 39351 916844 199966 257118 27076 516976 186950 364486
internal_value=-0.00272705 0.0162822 0.0462263 0.062948 -0.00626929 0.0662715 0.00271827 -0.0411799 0.0112879 -0.0148442 0.00770541 0.0686989 0.0236402 0.0692524 0.00165812 0.00899221 0.0239353 0.0119122 0.0697009 -0.0211293 -0.0106423 -0.0395421 0.0445991 -0.0401347 -0.0394016 -0.00977625 0.0369788 -0.0382211 -0.0349774 -0.0324062
internal_weight=1.9565e+06 1.30926e+06 562444 434642 746818 410500 364636 647238 216289 382183 189820 388240 52219.7 385619 137601 86145.1 22260.5 17254.1 383380 217133 127803 610625 21417.6 594652 570563 148346 26469.3 518193 278869 230093
internal_count=7700506 5219136 2329734 1837801 2889402 1743597 1422274 2481370 850154 1467128 742940 1654881 208051 1644800 534889 336122 88716 67935 1636172 831402 491933 2338929 87244 2277652 2185222 572120 107214 1985256 1068412 881462
is_linear=0
shrinkage=0.05


Tree=7
num_leaves=31
num_cat=0
split_feature=18 22 23 3 23 22 30 18 23 23 3 28 28 23 23 3 24 25 31 30 30 22 3 35 32 35 22 22 27 28
split_gain=519372 324375 198098 30637.3 21031.9 16222.1 16002.9 10930.6 8402.88 6710.94 6499.23 4832.03 4447.96 5593.43 3770.37 3514.34 3201.71 3880.75 3125.99 3074.74 2976.5 2870.34 2845.35 4200 3438.04 2733.78 2664.25 2596.83 2549.13 2408.85
threshold=1.0000000180025095e-35 1.0000000180025095e-35 0.6715412735939027 10.500000000000002 0.64029967784881603 0.0006592239215588014 0.50115785300816829 0.51980959995249199 0.76038458943367015 0.76543691754341137 6.5000000000000009 -0.18943979936127567 0.52104214100205992 0.67412567138671886 0.76285651326179515 6.5000000000000009 66.156350999259828 9.4082357609474503 59.350000381469734 0.031989530961966599 0.74632805065987673 0.002192524490906355 6.5000000000000009 13.500000000000002 6.3442885875701913 3.5000000000000004 0.00021045573871247334 5.071011406169195e-05 8.653224917163735 0.33753872353748365
decision_type=2 2 2 2 2 2 2 2 2 2 2 2 2 2 2 2 2 2 2 2 2 2 2 2 2 2 2 2 2 2
left_child=1 2 15 6 10 8 9 19 16 11 25 -4 13 -8 -13 -1 17 29 -12 -2 22 -7 -21 24 -24 -3 -20 -18 -26 -6
right_child=7 4 3 -5 5 21 12 -9 -10 -11 18 14 -14 -15 -16 -17 27 -19 26 20 -22 -23 23 -25 28 -27 -28 -29 -30 -31
leaf_value=-0.017880141355676983 -0.070636636603183742 -0.012938483410517379 -0.0068289039736376435 0.0061169195826551621 -0.013462693088416133 -0.0046114881051400108 0.062614327603800243 -0.067015404025867684 0.038338416873198507 0.0029474120654146897 0.0054649987486592722 0.064309480012344308 0.050377650892766274 -0.011495901704318469 0.075111804909652316 -0.001260584263078702 0.015267557605759988 0.040573973232481221 -0.0050797760829967391 -0.040319334558109814 -0.048800154683170997 -0.016717092066619945 -0.048686442593071116 -0.02587178077418328 -0.029829088332900607 -0.02680201645848353 -0.021585652765052688 0.0010024093476294117 -0.046757506493315483 0.023751964920470714
leaf_weight=68055.383181795478 7045.9686128944159 50814.683033198118 2185.8086784332991 24130.926088690758 8537.2128057926893 125863.92648433149 3344.7899927347898 33784.518340289593 23326.103195086122 4096.0716930776834 33062.48574732244 255179.2389216274 9608.352736979723 10660.173158422112 118198.87814719975 59722.577474147081 41130.729585707188 14412.755399003625 56020.804239720106 246757.49214832485 52414.33638368547 80147.638175353408 52453.229834660888 121132.6223937571 101831.55256778002 118449.98179329932 43377.992417439818 142200.03095304966 28451.964285179973 8861.9273681938648
leaf_count=261139 27349 195293 8421 94204 33010 487069 13799 133345 95420 16005 127895 1101721 39577 41403 522671 230794 161354 58207 215802 950323 201428 307739 200840 466452 391951 452956 166085 553488 109682 35084
internal_value=-0.00260103 0.0155716 0.0445118 0.0608423 -0.00596017 0.000955912 0.064117 -0.0393313 0.00983416 0.066601 -0.0161484 0.0672952 0.0241786 0.00620408 0.0677291 -0.0101123 0.00674367 0.0213863 -0.00785309 -0.0377982 -0.0374145 -0.00932111 -0.0363307 -0.0330918 -0.0378777 -0.0226401 -0.012283 0.00420284 -0.033526 0.00549193
internal_weight=1.94526e+06 1.30139e+06 555182 427404 746206 444480 403273 643872 238469 379660 301726 375564 23613.3 14005 373378 127778 215143 31811.9 132461 610087 603041 206012 550627 303869 182737 169265 99398.8 183331 130284 17399.1
internal_count=7700506 5219136 2329734 1837801 2889402 1731371 1743597 2481370 936563 1648818 1158031 1632813 94779 55202 1624392 491933 841143 126301 509782 2348025 2320676 794808 2119248 1168925 702473 648249 381887 714842 501633 68094
is_linear=0
shrinkage=0.05


Tree=8
num_leaves=31
num_cat=0
split_feature=18 22 23 3 27 30 22 18 28 23 23 23 23 25 28 28 23 31 23 23 22 30 23 26 3 30 30 3 35 32
split_gain=471805 297928 183829 28839.8 19094.5 15237.6 12619.3 10367.8 6990.99 6254.01 6076.7 7808.8 6034.08 4672.11 4434.28 4315.92 5467.27 4205 3875.95 3839.18 3705.79 4687.68 3220.99 3144.72 3119.67 2867.56 2956.31 2830.87 3705.73 3069.49
threshold=1.0000000180025095e-35 1.0000000180025095e-35 0.6715412735939027 10.500000000000002 -0.37501118855539056 0.49349278204999963 0.0013327678087102981 0.5017452060066323 -1.6886414654931867 0.76543691754341137 0.67387536168098461 0.76038458943367015 0.6715412735939027 6.3989045365870547 -0.18943979936127567 0.52104214100205992 0.67412567138671886 66.649997711181655 0.67412567138671886 0.80000919103622448 0.00011338562971486894 0.5274898310703845 0.66057932376861583 66.637280831173825 6.5000000000000009 0.1046650917773098 0.73612060257540268 6.5000000000000009 13.500000000000002 6.2756142616271982
decision_type=2 2 2 2 2 2 2 2 2 2 2 2 2 2 2 2 2 2 2 2 2 2 2 2 2 2 2 2 2 2
left_child=1 2 22 5 8 9 10 25 -3 14 12 13 -6 -12 -4 16 -7 -14 -16 -13 21 23 24 -10 -1 -2 27 -27 29 -29
right_child=7 4 3 -5 6 15 -8 -9 20 -11 11 19 17 -15 18 -17 -18 -19 -20 -21 -22 -23 -24 -25 -26 26 -28 28 -30 -31
leaf_value=-0.020403564235175732 -0.052502621404538867 -0.029750124038001854 -0.0065644932735522826 0.0058136940964293136 0.013378649807336412 0.061045620764247292 -0.011814791688481017 -0.063848098691869373 -0.0074029583266906193 0.0025506228213347444 0.02331659299813503 0.039556693613825633 0.065294087342692153 -0.0018505106039105193 0.073930062974886121 0.049165273222220418 -0.010470103228791378 -0.033142248089285051 0.062510897286822534 0.00060632668690661158 -0.012972752555892135 -0.015481804594364899 0.011419043805735741 0.013787898868962721 -0.0036604336230470751 -0.038220030366542028 -0.046038090429820343 -0.046382401871881362 -0.023897474560318051 -0.031377194424545556
leaf_weight=59741.625689253211 25359.334933400154 49959.590021252632 2131.3141849339008 24120.332039043307 20720.286532819271 3520.8378122448921 86147.108602583408 35500.282964646816 29130.289509400725 4008.3785140961409 21827.855299800634 23899.227330043912 12142.571095556021 118850.30305464566 103943.5492874831 10185.33116696775 11089.487232163548 1191.2987869530916 260696.89819779992 8603.934427395463 286381.63593551517 42969.202871784568 15938.91424369812 43878.964377254248 52069.427682071924 233806.00565953553 57954.449037075043 46871.348722457886 115767.7723827064 124909.86858138442
leaf_count=228849 98994 191439 8210 94204 82480 14745 331667 142441 112327 15660 85910 98707 51069 461652 462386 42455 43114 4611 1157027 33400 1100650 164967 62381 170523 200703 905417 224263 180426 446889 482940
internal_value=-0.00248156 0.0148974 0.0429074 0.0588927 -0.00566578 0.0621292 0.00426874 -0.0375872 -0.0121095 0.0646669 0.0109546 0.0071579 0.0302626 0.00205447 0.0653457 0.0241815 0.00676426 0.0564992 0.065766 0.0292461 -0.0099191 -0.00237883 -0.00960886 0.00533287 -0.0126064 -0.0360454 -0.035325 -0.0341341 -0.0308118 -0.0354715
internal_weight=1.93332e+06 1.29315e+06 547446 419696 745702 395576 293383 640169 452320 370780 207235 173181 34054.2 140678 366772 24795.7 14610.3 13333.9 364640 32503.2 402360 115978 127750 73009.3 111811 604669 579309 521355 287549 171781
internal_count=7700506 5219136 2329734 1837801 2889402 1743597 1149496 2481370 1739906 1643283 817829 679669 138160 547562 1627623 100314 57859 55680 1619413 132107 1548467 447817 491933 282850 429552 2338929 2239935 2015672 1110255 663366
is_linear=0
shrinkage=0.05


Tree=9
num_leaves=31
num_cat=0
split_feature=22 19 30 3 19 22 23 19 22 3 23 23 24 23 28 3 27 14 22 23 35 35 30 30 30 19 30 19 28 24
split_gain=385760 255772 52735.4 21212.6 16462.1 29413.5 14452.6 7901.67 7440.53 6944.98 6846.21 37798.8 7607.54 6816.23 8856.5 9171.93 5898.5 5336.17 4947.73 4663.76 4124.84 4078.44 3691.67 3471.63 3088.28 2993.29 2930.65 2896.49 2823.08 2687.11
threshold=1.0000000180025095e-35 66.500000000000014 0.42737566724925419 10.500000000000002 63.500000000000007 0.0011924637701359131 0.76543691754341137 75.500000000000014 0.0064001790892669755 6.5000000000000009 0.76285651326179515 0.71188408136367809 68.90088478822021 0.67412567138671886 0.35988141344175917 9.5000000000000018 10.864598388430752 1.0000000180025095e-35 5.071011406169195e-05 0.76038458943367015 15.500000000000002 21.500000000000004 0.014720244552075977 0.13413774852080895 0.58361398217957883 88.500000000000014 0.031989530961966599 50.500000000000007 -1.6886414654931867 66.192019978693921
decision_type=2 2 2 2 2 2 2 2 2 2 2 2 2 2 2 2 2 2 2 2 2 2 2 2 2 2 2 2 2 2
left_child=1 28 3 6 9 7 10 17 23 20 11 12 -3 -4 -15 24 -9 18 -6 -13 27 26 -20 -7 -16 -18 -11 -2 -1 -24
right_child=4 2 13 -5 5 8 -8 16 -10 21 -12 19 -14 14 15 -17 25 -19 22 -21 -22 -23 29 -25 -26 -27 -28 -29 -30 -31
leaf_value=-0.034214145079165724 -0.038401528087529772 0.065106681464670205 0.054180116678067894 -0.010140827142609511 0.0075265811672479734 -0.048391185558259532 -0.019289318498830969 0.033331477383797291 -0.04313744797261343 -0.069860485697144967 0.071530573330006078 -0.021988548098863671 0.033843963643263988 -0.018287319823067555 0.053856665661905036 -0.002948647241274362 -0.014377570043677091 -0.032643943286130447 -0.065763003939033698 0.046263779692778978 -0.040849346412750488 -0.0044328397010601761 0.0029255431714169072 -0.020387288200990637 0.0042519732410263083 0.055946208847915062 -0.020560334015347605 -0.02417947235716375 -0.016052609681986921 -0.0097438526406933221
leaf_weight=24436.371909081936 43186.198474258184 206206.79898440838 8260.6607881337404 11154.547170236707 61053.619958892465 11650.685829654336 5676.3491149544716 22657.930340826511 49505.143787175417 3056.5374535173178 109504.13620631397 15998.89513155818 21487.572960138321 23849.894485682249 16161.677086934447 21189.215123340487 13822.534503370523 18976.051047235727 2750.1909684687853 2966.9561982005835 63704.857698872685 43116.89722211659 50548.744981274009 220955.2430729866 3893.6403414458036 1699.0644370019436 218491.87424576283 209338.67811694741 172048.73368617892 243247.51126536727
leaf_count=94259 167944 932527 35408 43431 240205 45196 22137 94300 192300 12099 507571 63874 93306 93147 69721 83479 54026 74003 10680 13113 245819 167090 199328 855566 15487 6823 845361 810748 665710 945848
internal_value=-0.00236825 0.0292243 0.0501497 0.0577713 -0.0182623 -0.0130807 0.0598649 -0.00460882 -0.0255361 -0.0244784 0.0611264 0.0565075 0.0621564 0.0113954 0.00596584 0.0199904 0.0170654 -0.00680628 -0.0054352 -0.0113112 -0.0294799 -0.0185024 -0.0081038 -0.02179 0.0442262 -0.0066793 -0.0212405 -0.0266117 -0.0183113 -0.00756404
internal_weight=1.9206e+06 642835 446350 372995 1.27776e+06 696867 361841 414756 282111 580895 356164 246660 227694 73355.1 65094.4 41244.5 38179.5 376576 357600 18965.9 316230 264665 296546 232606 20055.3 15521.6 221548 252525 196485 293796
internal_count=7700506 2733170 1973201 1675959 4967336 2718275 1632528 1625213 1093062 2249061 1610391 1102820 1025833 297242 261834 168687 155149 1470064 1396061 76987 1224511 1024550 1155856 900762 85208 60849 857460 978692 759969 1145176
is_linear=0
shrinkage=0.05


Tree=10
num_leaves=31
num_cat=0
split_feature=18 22 23 30 23 22 3 18 3 23 23 23 23 23 28 3 23 23 23 23 30 30 28 23 3 35 32 1 22 23
split_gain=408081 248605 158037 25792.2 16114.7 10759.6 9832.55 9791.93 6213.74 5650.39 5791.12 5227.87 5055.87 4398.03 9200.94 5228.09 4213.25 4431.35 3519.2 24582.1 3218.46 2764.4 2759.57 2759.21 3510.94 4034.29 2941.13 2189.83 2178.52 2137.68
threshold=1.0000000180025095e-35 1.0000000180025095e-35 0.6715412735939027 0.42737566724925419 0.66057932376861583 0.00075894691971416781 10.500000000000002 0.51980959995249199 6.5000000000000009 0.76038458943367015 0.67387536168098461 0.76543691754341137 0.6715412735939027 0.67412567138671886 0.4983748012712122 9.5000000000000018 0.70091050863266002 0.70788720250129711 0.76285651326179515 0.71188408136367809 0.5274898310703845 0.023010296375251423 -1.7209818199722553 0.75377202033996593 6.5000000000000009 13.500000000000002 6.3442885875701913 1.5000000000000002 0.0025833447802173391 0.67387536168098461
decision_type=2 2 2 2 2 2 2 2 2 2 2 2 2 2 2 2 2 2 2 2 2 2 2 2 2 2 2 2 2 2
left_child=1 2 20 6 8 9 11 21 22 10 12 18 -6 -5 -15 -16 -12 -18 19 -4 -1 -2 -3 24 27 26 -26 -23 29 -7
right_child=7 4 3 13 5 28 -8 -9 -10 -11 16 -13 -14 14 15 -17 17 -19 -20 -21 -22 23 -24 -25 25 -27 -28 -29 -30 -31
leaf_value=-0.0014430015302093124 -0.068768090454907768 -0.031350189954395979 0.063230022301018304 0.060774944156141111 0.011638816523285224 0.012626923349696909 0.0039453126905416953 -0.06181246153093637 -0.0044957887864065993 0.03306493271989859 -0.009714153769745628 -0.00076269527242457343 0.046618057727119362 -0.0060769838982591981 0.058132052845843753 0.014781939863809058 0.029045764588493901 0.0021576162846315356 0.069973992079744127 -0.0038379529334977252 -0.017483664494254269 -0.029033584062087437 -0.015097460641796621 -0.043494943276751054 -0.043010287448133275 -0.020457358309613233 -0.028600782572555286 -0.039119616788217147 -0.014905292510160506 -0.0060004676274815353
leaf_weight=72652.335079446435 5539.2377873510122 30392.815950125456 215416.51732054353 7132.4909753352404 34994.421258181334 18853.029572531581 7495.6004692614079 32434.531341999769 164908.10295781493 24384.576268568635 48860.296032741666 3302.4322240203619 14657.115383654833 21195.328981488943 14700.840572670102 13200.300092875957 20378.324868515134 61773.08940666914 106395.82672286034 14587.621405556798 54902.03851492703 75196.651193410158 185661.25682115555 59535.007381424308 50833.697757393122 104593.11142100394 116736.21521951258 189285.20668718219 55141.777086317539 84141.181424692273
leaf_count=280921 22314 117393 996687 31461 138187 73624 29197 133585 635399 101618 188706 12844 61498 83402 64563 52322 81379 239786 507011 59855 210801 295259 713756 233127 197938 405681 454279 740538 211709 324930
internal_value=-0.00227319 0.0140284 0.0401643 0.0555025 -0.0046208 0.002915 0.0605902 -0.0350516 -0.0118049 0.0104728 0.00742341 0.0618401 0.0219647 0.0240872 0.0187573 0.0376228 0.00191244 0.00882747 0.0624547 0.0589764 -0.00834724 -0.0336091 -0.0173838 -0.0332824 -0.0321494 -0.0281626 -0.032972 -0.036252 -0.0068848 -0.00259073
internal_weight=1.90928e+06 1.27513e+06 530981 403427 744146 363184 347198 634154 380962 205048 180663 339702 49651.5 56229 49096.5 27901.1 131012 82151.4 336400 230004 127554 601719 216054 596180 536645 272163 167570 264482 158136 102994
internal_count=7699770 5217049 2329064 1837342 2887985 1421437 1605594 2482721 1466548 811174 709556 1576397 199685 231748 200287 116885 509871 321165 1563553 1056542 491722 2349136 831149 2326822 2093695 1057898 652217 1035797 610263 398554
is_linear=0
shrinkage=0.05


Tree=11
num_leaves=31
num_cat=0
split_feature=18 22 23 23 23 22 18 23 23 25 23 28 31 31 28 23 24 25 28 35 35 23 25 27 22 18 26 25 28 23
split_gain=371165 229092 147441 14713.1 13795.7 11731.9 9336.51 8980 59271 7555.33 5836.33 5512.5 5501.14 4950.15 3929.61 2764.99 2753 2633.86 2624.94 3125.02 2537.66 2567.82 2343.94 2321.04 2160.39 2154.25 2137.88 4041.16 2116.57 1991.57
threshold=1.0000000180025095e-35 1.0000000180025095e-35 0.6715412735939027 0.64029967784881603 0.80000919103622448 0.00060758156078810144 0.5017452060066323 0.67412567138671886 0.71118247509002697 9.8368065017975024 0.76038458943367015 0.3907166667932081 63.633333206176765 66.850002288818374 -1.6886414654931867 0.66057932376861583 66.165891085742743 9.4082357609474503 -1.1726311165213883 26.500000000000004 25.500000000000004 0.74288836121559154 10.131921292814646 -6.506618165993884 0.0020459627312786363 0.33961162058493438 66.741938374951886 10.50666508754515 -1.7606102488860815 0.55033984780311596
decision_type=2 2 2 2 2 2 2 2 2 2 2 2 2 2 2 2 2 2 2 2 2 2 2 2 2 2 2 2 2 2
left_child=1 2 15 14 7 10 20 13 11 12 16 -9 -10 -4 -3 28 17 -5 26 -20 21 25 -17 -18 -7 -2 -16 29 -1 -28
right_child=6 3 4 5 -6 24 -8 8 9 -11 -12 -13 -14 -15 18 22 23 -19 19 -21 -22 -23 -24 -25 -26 -27 27 -29 -30 -31
leaf_value=-0.03100651777841051 -0.037796287429235222 -0.026236423487638934 0.06919071352006137 0.0058413938282931323 -0.015350970395543362 -0.0028844369804993317 -0.059024149117806068 -0.016759122504626443 -0.013219303878687706 -0.0031018816917641472 0.033877106084829266 0.030054381098109529 0.061571385448610287 -0.036251530186906467 -0.017265433616455071 -0.0041637877295350508 0.057296695639023433 0.034060308267230936 -0.015222704162349381 0.030004935053075721 -0.012325595970557275 -0.041740513988279215 0.034993550867999094 0.0035364265234699649 -0.013127805017201472 -0.029760013501189998 -0.039775142045784778 0.022024302433780965 -0.0083761211904871576 -0.0032580268938670782
leaf_weight=11521.443835586309 104884.39784933627 46859.159675911069 99630.978801369667 16601.247482329607 7061.1309689730406 127277.35402260721 33988.337805613875 30523.286594852805 2483.9222898334265 4713.557986587286 21785.947733417153 7920.1374678015709 241382.05904754996 1125.6060863435268 21201.86962915957 9508.2746117264032 2031.2773135453463 16475.16171656549 162473.55153870583 3911.162819057703 15823.588173344731 68114.216529384255 6390.0729231238365 172273.87375886738 86426.812548309565 407005.18336781859 4071.3721581399441 16959.497829765081 100081.47772938013 45010.115852668881
leaf_count=44108 411144 181132 475344 65205 27328 493351 142652 124448 9771 18540 91769 35214 1141853 4844 81457 36856 8004 67159 624296 15272 61221 268770 25441 672883 332087 1598934 15528 66063 385317 173779
internal_value=-0.00217003 0.0134374 0.0388138 -0.0043941 0.0539093 0.00140014 -0.0335352 0.0551705 0.0506624 0.0595977 0.00925873 -0.00711452 0.0608096 0.0680127 -0.0129339 -0.00793336 0.00667249 0.0198971 -0.0104762 -0.0141595 -0.0320812 -0.0326202 0.011575 0.00416296 -0.00702709 -0.0314066 -0.00345158 0.000983258 -0.0107124 -0.00628724
internal_weight=1.89552e+06 1.2657e+06 522342 743358 394841 442872 629816 387780 287023 248580 229168 38443.4 243866 100757 300487 127501 207382 33076.4 253628 166385 595827 580004 15898.3 174305 213704 511890 87242.9 66041 111603 49081.5
internal_count=7699770 5217049 2329064 2887985 1837342 1730458 2482721 1810014 1329826 1170164 905020 159662 1151624 480188 1157527 491722 813251 132364 976395 639568 2340069 2278848 62297 680887 825438 2010078 336827 255370 429425 189307
is_linear=0
shrinkage=0.05


Tree=12
num_leaves=31
num_cat=0
split_feature=18 22 23 30 27 18 23 22 28 23 23 23 23 23 23 23 28 32 25 23 23 22 30 30 23 26 30 30 30 27
split_gain=337632 211223 137655 24156.6 13478.2 8925.44 8869.28 8719.76 5163.71 4013.96 4795.52 4008.53 23746.9 6287.78 4503.22 3860.54 7705.21 3584.03 3457.42 3386.01 4815.75 3126.64 3697.34 2852.93 2763.33 2730.97 2656.12 2585.28 2560.94 2553.85
threshold=1.0000000180025095e-35 1.0000000180025095e-35 0.6715412735939027 0.42737566724925419 -0.37501118855539056 0.51980959995249199 0.80000919103622448 0.00051107138499098179 -1.6886414654931867 0.76038458943367015 0.67387536168098461 0.76399549841880809 0.71188408136367809 0.76038458943367015 0.71178066730499279 0.67412567138671886 0.4983748012712122 7.4105780124664316 6.3989045365870547 0.67387536168098461 0.6708858609199525 5.071011406169195e-05 0.5274898310703845 0.5478281236363064 0.6715412735939027 68.177160738518779 0.023010296375251423 0.12101227165023348 0.74129065304788522 2.8096270890644637
decision_type=2 2 2 2 2 2 2 2 2 2 2 2 2 2 2 2 2 2 2 2 2 2 2 2 2 2 2 2 2 2
left_child=1 2 23 6 8 26 11 9 -3 10 24 12 14 -14 -4 -5 -17 -18 -12 20 -9 22 -10 -1 -6 -23 -2 -21 -28 -20
right_child=5 4 3 15 7 -7 -8 19 21 -11 18 -13 13 -15 -16 16 17 -19 29 27 -22 25 -24 -25 -26 -27 28 -29 -30 -31
leaf_value=-0.0015037094729311185 -0.065708868411019708 -0.024848006969744475 0.052731859727724352 0.056964504025262097 0.015828973432497392 -0.058175059529732509 -0.022147317074130396 -0.0034421519032298317 0.011579559002745349 0.034111757580088206 0.029533804349129524 0.066570790845630626 -0.017938289339537269 0.051204387395025253 0.067533931904890751 -0.0057823841041608039 0.054231256282503061 0.017839186098736585 -0.0078168049603962609 -0.03662651065436346 0.051161035450434489 -0.013708925639625797 -0.013080933210858396 -0.016812325995988555 0.050892241936374608 -0.0046506215570446255 -0.02935796707909874 -0.0051255151547226329 -0.040811087308701366 0.0096506457205145415
leaf_weight=77162.391845181584 5375.6067844480276 49420.522937059402 114706.1121878624 6840.8358804732561 13739.648045420647 31158.88598549366 3458.5359308570623 10917.470388308167 40535.324425533414 19771.469095602632 12374.543948829174 101958.71171087027 13364.865886777639 4360.9136926978827 93081.988566115499 21186.046386659145 12420.885379627347 14859.093430891633 40444.071394860744 6860.9414075762033 6408.0801735073328 186013.17259186506 24317.52325540781 50255.628041520715 9507.3870912492275 150553.35383915901 535162.83526784182 128499.61378227174 53706.895838797092 43359.216701880097
leaf_count=298461 22314 191521 551043 31461 55351 133585 13249 42564 157587 84178 49187 511044 53807 20641 455810 83402 56561 60324 156625 26297 26183 715716 93598 193261 41154 580961 2113442 497108 213380 169955
internal_value=-0.00207135 0.0128713 0.0375236 0.0523904 -0.00417791 -0.0320897 0.0575023 0.00419314 -0.00959748 0.0132443 0.00978954 0.0583435 0.0546238 -0.000927547 0.0593627 0.0218031 0.0168401 0.034409 0.00486361 -0.00405835 0.0167537 -0.00771991 0.00233274 -0.00754167 0.030169 -0.00965696 -0.0307219 -0.00672221 -0.0304025 0.00122073
internal_weight=1.88178e+06 1.25638e+06 513656 386238 742722 625404 330931 291882 450840 139196 119425 327473 225514 17725.8 207788 55306.9 48466 27280 96177.8 152686 17325.6 401419 64852.8 127418 23247 336567 594245 135361 588870 83803.3
internal_count=7699770 5217049 2329064 1837342 2887985 2482721 1605594 1148602 1739383 556450 472272 1592345 1081301 74448 1006853 231748 200287 116885 375767 592152 68747 1547862 251185 491722 96505 1296677 2349136 523405 2326822 326580
is_linear=0
shrinkage=0.05


Tree=13
num_leaves=31
num_cat=0
split_feature=18 27 32 11 31 11 30 31 30 18 30 11 31 3 3 2 11 31 11 25 11 27 11 11 11 30 11 35 36 11
split_gain=307203 178164 54158.1 24596.7 51009.3 20696.2 14775.6 12998.1 8934.33 8535.73 7886.88 6647.84 25086.1 6528.68 6471.86 6980.41 6025.13 4962.04 4761.94 7696.44 12877.9 4624.89 4525.19 4255.88 3993.57 3870.98 3667.87 3295.45 3277.56 3234.63
threshold=1.0000000180025095e-35 -0.43419368271745634 6.0575938224792489 75.500000000000014 70.850002288818374 67.500000000000014 0.37361038232698374 64.316669464111342 0.48813264604550177 0.5017452060066323 0.63230057438034948 70.500000000000014 66.850002288818374 5.5000000000000009 1.5000000000000002 15.500000000000002 71.500000000000014 63.850000381469734 64.500000000000014 9.6210082143492226 66.500000000000014 3.9846934264706317 51.500000000000007 66.500000000000014 72.500000000000014 0.27137728960782198 76.500000000000014 8.5000000000000018 1.0000000180025095e-35 78.500000000000014
decision_type=2 2 2 2 2 2 2 2 2 2 2 2 2 2 2 2 2 2 2 2 2 2 2 2 2 2 2 2 2 2
left_child=1 10 3 4 6 7 11 8 23 -2 18 12 -3 14 15 28 -13 -16 -1 -20 -21 -8 -12 -4 -23 -15 -5 -27 -7 -29
right_child=9 2 5 26 -6 13 21 -9 -10 -11 22 16 -14 25 17 -17 -18 -19 19 20 -22 24 -24 -25 -26 27 -28 29 -30 -31
leaf_value=-0.0075682646217589029 -0.029332338313084995 0.060419796654959425 0.024494908118590807 0.063167097864317498 -0.01385240632747782 -0.022083847169760005 0.008509328551559215 -0.014073626868337217 0.010974297946832997 -0.055610328040289717 -0.040742714414116935 0.063512452188133922 0.0057885710695613378 -0.020509529086456466 0.0098045554108987763 0.042189849359429064 -0.0087836122773049252 0.048138033915779213 -0.004509036747853341 0.00010853015555755671 0.060412103839734832 0.060758756782617912 -0.014415137083499325 0.062023784152405496 -0.018812952428341408 -0.005356151029789688 -0.015666753421050315 0.0029987378670596593 0.053793750115945019 0.026488274651565002
leaf_weight=318988.13054423034 588285.49171152711 60514.24893668294 9310.5347641259432 111037.21456165612 45672.103101104498 17200.960629761219 32271.164533853531 11034.259711831808 15081.397578433156 32616.09074883163 18687.412885442376 80246.127578943968 32191.432719707489 20219.715275168419 13882.151516288519 7172.793594956398 2989.216628909111 21542.237617999315 81279.402522772551 23504.467817008495 14202.601187765598 8769.8132146596909 128904.38511833549 40054.701167568564 1922.4427592307329 60856.53735935688 1495.2973110824823 44353.389908820391 1551.4716300070286 21888.866539031267
leaf_count=1230898 2340069 292466 37614 565788 177314 66689 131353 43025 60507 142652 72096 402667 132767 78916 54668 29476 11627 101550 314006 91084 70078 40410 496618 195748 7485 238232 5930 173955 6927 87155
internal_value=-0.0019773 0.0123325 0.0301186 0.0425396 0.0342116 0.0136341 0.0442397 0.0360704 0.0446558 -0.0307127 -0.00775261 0.0506589 0.0414495 0.00551827 0.0192232 0.000240019 0.0609161 0.0331159 -0.00438407 0.00415235 0.0228223 0.0179521 -0.0177486 0.0549457 0.0464519 -0.000189051 0.0621196 0.00304368 -0.0158059 0.0107606
internal_weight=1.86773e+06 1.24682e+06 661258 377109 264577 284149 218904 75480.9 64446.6 620902 585566 175941 92705.7 208668 61349.6 25925.2 83235.3 35424.4 437975 118986 37707.1 42963.4 147592 49365.2 10692.3 147319 112533 127099 18752.4 66242.3
internal_count=7699770 5217049 2942269 1767807 1196089 1174462 1018775 336894 293869 2482721 2274780 839527 425233 837568 259310 103092 414294 156218 1706066 475168 161162 179248 568714 233362 47895 578258 571718 499342 73616 261110
is_linear=0
shrinkage=0.05


Tree=14
num_leaves=31
num_cat=0
split_feature=18 22 10 30 10 22 18 10 10 30 21 28 32 30 22 30 30 26 28 27 10 31 25 30 30 22 22 35 32 31
split_gain=279547 181369 119736 22761.1 10763 9597.94 8186.6 7296.47 4297.02 4008.36 3936.36 3741.07 3305.97 3281.18 2865.29 2603.62 2613.2 2480 2446.13 3146.61 2621.12 2502.43 2442.45 2306.91 2237.88 2223.35 2215.3 2175.05 3293.39 2077.67
threshold=1.0000000180025095e-35 1.0000000180025095e-35 66.500000000000014 0.42737566724925419 63.500000000000007 0.00060758156078810144 0.51980959995249199 80.500000000000014 75.500000000000014 0.63230057438034948 -0.0008544623851776122 -0.23828578865092523 7.4405045509338388 0.58361398217957883 0.00015330813291015053 0.1046650917773098 0.73096932226653644 66.741938374951886 0.4983748012712122 7.1865521441039784 67.500000000000014 66.211109161376967 9.5261594602255819 0.5274898310703845 0.1408885366776032 0.0020459627312786363 5.071011406169195e-05 11.500000000000002 4.8218235969543466 65.950000762939467
decision_type=2 2 2 2 2 2 2 2 2 2 2 2 2 2 2 2 2 2 2 2 2 2 2 2 2 2 2 2 2 2
left_child=1 2 23 7 9 8 15 10 26 14 -4 -12 -13 18 17 -2 27 -3 20 -20 21 -5 -19 -1 -7 -26 -6 28 -17 -28
right_child=6 4 3 13 5 24 -8 -9 -10 -11 11 12 -14 -15 -16 16 -18 22 19 -21 -22 -23 -24 -25 25 -27 29 -29 -30 -31
leaf_value=-0.0012438559353664688 -0.044177094649786551 -0.010128820421983119 -0.035890180090055519 0.052070848820958082 0.015297027121065699 -0.02796612249482654 -0.054949809996062665 -0.020109895357557521 0.029420223459013534 -0.02095793254273004 -0.026960926802105625 0.057904413358392887 0.041398531983995776 0.0040935946143942515 -0.012516580384531892 -0.041369149409300851 -0.037393579961275077 -0.0036130403936385476 0.056500761338071609 0.011789242788103249 -0.00085321498966441176 -0.033925182646148758 0.018497666817359537 -0.014969263409145795 -0.00091485173350651448 -0.011565250696119897 0.010719919681949512 -0.022151812592557038 -0.026729628822471513 -0.0012066205842262319
leaf_weight=70664.848543703556 24141.040255084634 40685.391300812364 1176.7020824402571 5778.6633882373571 48991.543072357774 11498.837579250336 29829.55111438036 3233.4813002049923 21651.121923014522 77627.877060472965 1361.7690700292587 276374.19413326681 34078.024668768048 20671.107115343213 129913.50487303734 45040.62142072618 58682.874873280525 27387.926067829132 12176.614249423146 5813.8369484096766 9943.6797825545073 990.95568192005157 22960.883640572429 54014.693195968866 119268.42134088278 83175.341623947024 57352.429224535823 197399.12084157765 261276.69381046295 100513.45828306675
leaf_count=273147 99548 156833 4885 27520 194368 44226 133585 12393 93458 299937 5234 1427239 162925 81984 501299 179897 236926 105938 57992 23627 39976 3934 89509 208208 462966 319946 228756 785404 1047361 390749
internal_value=-0.00188722 0.0118173 0.0352092 0.0494351 -0.00384874 0.00110137 -0.0293977 0.0546134 0.00822701 -0.0111842 0.0553854 0.0557299 0.0560926 0.0198637 -0.00775024 -0.0280982 -0.027408 -0.000948274 0.0292571 0.0420518 0.0154845 0.0394822 0.00647026 -0.0071901 -0.0065094 -0.00529064 0.00600877 -0.0262447 -0.0288822 0.00312628
internal_weight=1.85368e+06 1.23731e+06 496279 371599 741027 442451 616370 316224 228509 298576 312991 311814 310452 55374.9 220948 586540 562399 91034.2 34703.8 17990.5 16713.3 6769.62 50348.8 124680 213943 202444 206857 503716 306317 157866
internal_count=7699770 5217049 2329064 1847709 2887985 1734469 2482721 1612676 907331 1153516 1600283 1595398 1590164 235033 853579 2349136 2249588 352280 153049 81619 71430 31454 195447 481355 827138 782912 813873 2012662 1227258 619505
is_linear=0
shrinkage=0.05


Tree=15
num_leaves=31
num_cat=0
split_feature=22 19 30 3 23 22 19 22 23 31 23 19 3 23 28 3 30 30 31 22 31 23 22 29 3 32 32 32 28 23
split_gain=225394 160481 37984.7 15657.4 10257.8 9921.6 13075.5 10212 6672.37 30979.9 13861.6 5842.81 5824.98 4557.7 5419.1 6789.93 4427.86 3138.32 3045.82 3349.9 2957.48 2886.27 2872.88 2778.44 2470.78 2279.33 2171.94 2170.19 2136.06 2115.92
threshold=1.0000000180025095e-35 66.500000000000014 0.42737566724925419 10.500000000000002 0.76543691754341137 0.0057100843564293772 61.500000000000007 0.0006592239215588014 0.76285651326179515 70.850002288818374 0.71188408136367809 75.500000000000014 5.5000000000000009 0.67412567138671886 0.4983748012712122 7.5000000000000009 0.11417055147792909 0.014720244552075977 59.211111068725593 0.00015330813291015053 63.633333206176765 0.76038458943367015 5.071011406169195e-05 68.245941062859472 6.5000000000000009 5.9446520805358896 5.4614813327789316 8.4636473655700701 -2.9801156244444065 0.6738228201866151
decision_type=2 2 2 2 2 2 2 2 2 2 2 2 2 2 2 2 2 2 2 2 2 2 2 2 2 2 2 2 2 2
left_child=1 24 3 4 8 6 12 11 9 10 -3 17 -2 29 -15 20 -9 -8 27 -20 -16 -11 -19 -13 -1 -17 -24 -14 -18 -4
right_child=5 2 13 -5 -6 -7 7 16 -10 21 -12 23 18 14 15 25 28 22 19 -21 -22 -23 26 -25 -26 -27 -28 -29 -30 -31
leaf_value=-0.018943672378581716 -0.026038299036394593 0.055722150932620333 0.0078890249568144711 -0.0095361517530060981 -0.016200933070810743 -0.031103277629010946 -0.052212988465574331 -0.041446054263473836 0.063836424573256931 -0.023656674520695822 -0.021802747001199187 0.00036199491671430758 -0.0030837401021050048 -0.011221358820935431 -0.032137177246465691 0.037537455603634272 -0.078108654876741887 0.0047348528550889305 -0.010067339091737536 -0.024542724864174682 0.060353843237675724 0.036853154270751108 -0.012127625278393133 0.03343930242826456 -0.0076402800531008598 -0.0041208430567265314 -0.002943976627683898 -0.024535809948665124 -0.013224762913269798 0.06413611131009557
leaf_weight=100999.1264359951 191239.75353740156 191916.9498103708 2501.0487825870514 10932.023137196898 5522.512496009469 77694.209195464849 3417.4348222911358 14744.06074000895 91850.662993192673 15316.243775844574 5944.4802220463753 10739.251045554876 70019.035328090191 29556.161056935787 951.87387461960316 3967.4389297813177 1273.0827730298042 73204.93879006803 69435.635178089142 94178.398632526398 9387.7190607041121 2261.6414268761873 103517.18579046428 15528.381269007921 92735.569840118289 19046.822657644749 170290.59292793274 14176.540959835052 342861.04108124971 5044.2425491809845
leaf_count=396973 759936 1005100 10566 43319 22082 313349 13871 59113 507249 62270 24551 44322 276527 117160 3815 18523 4900 290985 272448 373316 45998 11117 408176 68693 364010 76533 673826 56984 1350696 24976
internal_value=-0.00180907 0.0237294 0.0420426 0.0492831 0.0513387 -0.0137988 -0.0126542 -0.00857861 0.0525525 0.0477417 0.053393 -0.00282833 -0.0194824 0.00877199 0.00436778 0.0181819 -0.0146144 -0.00453321 -0.0144231 -0.0183996 0.0518388 -0.0158711 -0.00406364 0.019916 -0.0135331 0.00306078 -0.006416 -0.00669579 -0.0134648 0.0454922
internal_weight=1.84025e+06 587935 394200 323745 312812 1.25232e+06 1.17463e+06 735576 307290 215439 197861 376698 439049 70455.3 62910 33353.9 358878 350430 247810 163614 10339.6 17577.9 347013 26267.6 193735 23014.3 273808 84195.6 344134 7545.29
internal_count=7701384 2734242 1973259 1675688 1632369 4967142 4653793 2914582 1610287 1103038 1029651 1499873 1739211 297571 262029 144869 1414709 1386858 979275 645764 49813 73387 1372987 113015 760983 95056 1082002 333511 1355596 35542
is_linear=0
shrinkage=0.05


Tree=16
num_leaves=31
num_cat=0
split_feature=18 22 23 30 27 18 23 22 23 23 23 23 28 28 23 32 23 28 25 23 25 23 29 22 30 30 23 35 25 23
split_gain=242144 152826 105509 20430 9421.48 7727.06 7202.52 7138.21 5086.34 5317.82 4433.28 37030.9 5457.9 4354.36 4242.01 3894.31 3243.77 5966.42 3032.4 3248.8 2884.64 2738.05 2646.8 3866.1 2579.97 2490.57 2459.78 2329.71 2252.56 2251.27
threshold=1.0000000180025095e-35 1.0000000180025095e-35 0.6715412735939027 0.42737566724925419 -0.37501118855539056 0.51980959995249199 0.80000919103622448 0.0020459627312786363 0.67387536168098461 0.6708858609199525 0.67412567138671886 0.71118247509002697 0.3907166667932081 -2.0285049821981187 0.70091050863266002 5.7179052829742441 0.67412567138671886 0.4983748012712122 6.3989045365870547 0.76153963804245006 9.2962338510652973 0.7087531089782716 66.663807305474805 0.00010585893808754581 0.57294329147435363 0.023010296375251423 0.75377202033996593 25.500000000000004 10.031489036588148 0.80000919103622448
decision_type=2 2 2 2 2 2 2 2 2 2 2 2 2 2 2 2 2 2 2 2 2 2 2 2 2 2 2 2 2 2
left_child=1 2 -1 6 13 25 10 8 9 -6 -4 12 -12 -3 -10 -13 -5 -18 21 -20 29 -16 27 24 -24 -2 -27 -15 -11 -19
right_child=5 4 3 16 7 -7 -8 -9 14 28 11 15 -14 22 18 -17 17 20 19 -21 -22 -23 23 -25 -26 26 -28 -29 -30 -31
leaf_value=-0.0058952547337482765 -0.061196267204060739 -0.028389945936248152 0.063081058358105055 0.052266696251048773 0.0084355111956553909 -0.052750113850038527 -0.019305736442832469 -0.011819445981590881 -0.0086533902937508522 0.017914658034742809 -0.029073691069594617 0.05896303559685051 0.027144093301793362 -0.013355725926163721 0.049174514044696221 0.036957544531087697 -0.0053840014978473504 0.044681553116281886 0.00085625326114825576 0.019271507533613185 0.00052009082959704467 0.013375133134755135 0.012616244927995766 -0.007001693244928546 -0.0089469489515816725 -0.024820247142646724 -0.035768333557692787 0.024835671831374844 0.059559958375576538 -0.014983269098003717
leaf_weight=127199.9508330375 5042.6369110941887 23950.390909254551 81890.854768142104 6408.7472976148129 20693.185826346278 28785.911425858736 3465.9070504307747 57808.734950661659 45983.370565310121 4625.2556146383286 15265.511161059141 168784.13668328524 6019.7926154583693 132691.21786925197 7822.2556257545948 22824.682053297758 21165.466524332762 18300.729560270905 93806.437865823507 32161.214852273464 6208.666588306427 16838.630313277245 49549.07925735414 219696.28447881341 19264.984437063336 518450.13473233581 56940.237453967333 4116.9183312952518 10897.533258810639 1730.4429153054953
leaf_count=492350 22233 93758 448762 31671 82807 133126 13284 222455 177864 19426 67267 935244 29724 512579 31680 111275 83288 85434 366181 133640 25008 67162 192920 849432 74512 2094223 233096 16041 48171 6771
internal_value=-0.00172376 0.0111388 0.0331344 0.0472357 -0.00310861 -0.0274643 0.0523519 0.00390626 0.00781079 0.0250298 0.0531944 0.0493915 -0.0131744 -0.0076466 0.00463902 0.0563417 0.0188802 0.0143666 0.00869689 0.00555792 0.0302977 0.0247306 -0.0064785 -0.00376238 0.00657947 -0.0262103 -0.0259037 -0.0122064 0.0471513 0.0395272
internal_weight=1.82839e+06 1.21917e+06 479265 352065 739905 609219 298251 290637 232828 36216 294785 212894 21285.3 449269 196612 191609 53814.1 47405.3 150629 125968 26239.8 24660.9 425318 288510 68814.1 580433 575390 136808 15522.8 20031.2
internal_count=7701384 5218706 2330078 1837728 2888628 2482678 1605556 1149386 926931 150404 1592272 1143510 96991 1739242 776527 1046519 232172 200501 598663 499821 117213 98842 1645484 1116864 267432 2349552 2327319 528620 67597 92205
is_linear=0
shrinkage=0.05


Tree=17
num_leaves=31
num_cat=0
split_feature=18 22 23 30 27 3 18 22 23 23 23 23 28 23 28 31 23 31 3 23 28 3 35 36 22 22 35 30 3 23
split_gain=220408 141198 98972.3 19749.3 8512.87 7974.18 7399.87 6451.9 4641.74 4955.78 4115.19 32401.1 6132.64 4189.8 3961.49 3886.87 3832.33 3743.18 3043.25 3042.44 5538.14 3804.86 2961.53 3669.79 2804.17 2637.12 2429.42 2370.16 2351.76 2339.51
threshold=1.0000000180025095e-35 1.0000000180025095e-35 0.6715412735939027 0.42737566724925419 -0.37501118855539056 10.500000000000002 0.51980959995249199 0.0020459627312786363 0.67387536168098461 0.6715412735939027 0.67412567138671886 0.71178066730499279 0.3907166667932081 0.76543691754341137 -2.0285049821981187 66.649997711181655 0.70091050863266002 66.850002288818374 6.5000000000000009 0.67412567138671886 0.33753872353748365 9.5000000000000018 11.500000000000002 1.0000000180025095e-35 0.00036339802383320079 0.00030740718338392008 3.5000000000000004 0.023010296375251423 6.5000000000000009 0.70788720250129711
decision_type=2 2 2 2 2 2 2 2 2 2 2 2 2 2 2 2 2 2 2 2 2 2 2 2 2 2 2 2 2 2
left_child=1 2 28 5 14 10 27 8 9 -6 17 12 -12 -13 -3 -11 -10 -4 26 -5 -21 -22 23 25 29 -20 -16 -2 -1 -18
right_child=6 4 3 19 7 -7 -8 -9 16 15 11 13 -14 -15 18 -17 24 -19 22 20 21 -23 -24 -25 -26 -27 -28 -29 -30 -31
leaf_value=-0.011993523594771469 -0.059631592583213849 -0.027106714855814507 0.063235005137125447 0.050821794719429686 0.009652590219999797 3.8588186596820566e-05 -0.0513448380291349 -0.011233882124181457 -0.008217446864184812 0.056472922625216693 -0.030663025763264202 0.05635957913203006 0.028656310177075602 -0.00088929399747934173 -0.0023010309301584732 -0.037984764066017473 0.03282156175788082 -0.052996667699524394 0.00045126741561025437 -0.010766612849834045 0.042064297849772558 0.0073276479125537926 0.0061038198682759007 -0.089095622637573618 0.0014586970794262149 -0.01604536643893829 -0.013159318040739713 -0.024776657762820578 0.0016318388605485552 0.010713633434695537
leaf_weight=67513.563207745552 4919.3486848771572 23833.030985102057 78300.155681967735 6265.0864767879248 22576.401875793934 7428.1529442816973 28112.312299221754 57781.605591475964 46001.220077976584 12199.917871579528 13598.316422596574 180399.33189475536 6411.2378000915051 3253.5830566883087 74277.635156109929 1195.7768215835094 14938.438928082585 698.79101714491844 64899.316364064813 15484.996790334582 16759.388198837638 14884.568766281009 77831.75190757215 1336.2911244630814 75341.565799683332 38655.047588557005 168083.21844643354 571585.89893403649 59649.474865958095 60150.019793137908
leaf_count=261246 22233 93758 444636 31671 90712 29263 133126 222455 177864 55014 60559 1022493 32467 12832 288478 4678 60641 3306 250894 60277 80410 59814 301235 4996 294887 148516 651365 2327319 231104 243135
internal_value=-0.00164496 0.0106751 0.0320814 0.0460324 -0.002956 0.0511761 -0.0262956 0.00371823 0.00743572 0.0239481 0.05252 0.0487625 -0.0116565 0.0553454 -0.00727031 0.0480409 0.00441182 0.0622068 -0.00615814 0.0180868 0.0137351 0.0257251 -0.0012858 -0.0067691 0.00827383 -0.00570665 -0.00983152 -0.0250741 -0.00560216 0.0151119
internal_weight=1.81437e+06 1.20975e+06 470647 343484 739101 290090 604618 290185 232403 35972.1 282661 203662 20009.6 183653 448916 13395.7 196431 78998.9 425083 53394 47129 31644 182722 104891 150430 103554 242361 576505 127163 75088.5
internal_count=7701384 5218706 2330078 1837728 2888628 1605556 2482678 1149386 926931 150404 1576293 1128351 93026 1035325 1739242 59692 776527 447942 1645484 232172 200501 140224 705641 404406 598663 399410 939843 2349552 492350 303776
is_linear=0
shrinkage=0.05


Tree=18
num_leaves=31
num_cat=0
split_feature=18 22 23 30 23 22 18 23 23 23 31 23 30 23 23 28 32 22 23 23 18 28 28 30 27 24 25 31 30 30
split_gain=200623 130489 92884.1 19105.6 7962.9 7124.29 7087.89 6559.39 4360.57 22387.8 10632.3 4978.82 3339.73 3326.47 2854.94 5142.32 2700.63 2415.15 2409.14 2298.03 2196.72 2159.25 2094.17 2213.49 2058.22 2171.61 2604.72 2025.17 1924.92 1837.67
threshold=1.0000000180025095e-35 1.0000000180025095e-35 0.6715412735939027 0.42737566724925419 0.64029967784881603 0.00060758156078810144 0.51980959995249199 0.80000919103622448 0.76399549841880809 0.71188408136367809 70.850002288818374 0.76038458943367015 0.54518891118270396 0.76038458943367015 0.67412567138671886 0.4983748012712122 7.4105780124664316 0.00016055731224270484 0.52206307649612438 0.74288836121559154 0.33961162058493438 -1.6886414654931867 -1.0884573190013433 0.43833120951552501 -6.506618165993884 66.156350999259828 9.4082357609474503 59.350000381469734 0.031989530961966599 0.11758231336299686
decision_type=2 2 2 2 2 2 2 2 2 2 2 2 2 2 2 2 2 2 2 2 2 2 2 2 2 2 2 2 2 2
left_child=1 2 21 7 12 13 19 8 9 10 -4 -11 17 24 -5 -16 -17 22 -14 20 -2 -1 23 -3 -6 26 -26 -19 -22 -7
right_child=6 4 3 14 5 29 -8 -9 -10 11 -12 -13 18 -15 15 16 -18 27 -20 -21 28 -23 -24 -25 25 -27 -28 -29 -30 -31
leaf_value=-0.024451124554199285 -0.029362458284388843 0.017880027961630244 0.053905239988239928 0.049436538976332614 0.056054249988565813 -0.028126081890943649 -0.049998721341924401 -0.018320771168643692 0.060366974043387978 -0.02295289651950851 -0.027106659991600713 0.042230225424450436 -0.03088105132930748 0.026701243155170945 -0.0051276871424269042 0.04667264300487553 0.013969759940032647 0.0006752043313369351 -0.012281198246485178 -0.03276419997978651 -0.054395591614246341 -0.0031042892549715644 -0.0063063780528015622 -0.009090451869263062 0.004456253316642976 0.003083825833207638 0.034248529788800969 -0.014540541830138407 -0.02082172760500034 -0.0041643432203171916
leaf_weight=13221.420516937971 102963.40042218566 27235.862147435546 172874.40518450737 6122.2688634246588 2010.1045843958855 8326.7038858830929 27442.858627796173 3464.6893744170666 84695.137245133519 13058.891650050879 4147.2250425964594 3776.6539752036333 21081.282815784216 20770.607998117805 21153.44087561965 11150.611053705215 14551.244258657098 31836.785536006093 99951.282319501042 65973.340958744287 4315.300398349762 113877.06182657182 37721.290997937322 10555.868917912245 16493.887530952692 174430.22777707875 13214.370080634952 69841.539483860135 399366.94167290628 204818.25795002282
leaf_count=51152 421826 106361 990014 31671 7923 32082 133126 13284 511072 53826 16665 20695 83019 91895 83288 56732 60481 123709 387813 274455 19761 441198 145605 40942 65147 684615 55997 270206 1633510 793314
internal_value=-0.00156955 0.0102312 0.0310687 0.0448765 -0.00281096 0.00146374 -0.0251761 0.0500519 0.0509023 0.0467673 0.0520073 -0.00833045 -0.00911879 0.00762947 0.0173264 0.0131307 0.0281579 -0.00474573 -0.0155209 -0.0239864 -0.0228434 -0.00532491 0.00202794 0.0103467 0.00570787 0.0052121 0.0177081 -0.0097763 -0.0211806 -0.00510044
internal_weight=1.80044e+06 1.20038e+06 462093 334995 738288 440064 600062 282017 278552 193857 177022 16835.5 298224 226919 52977.6 46855.3 25701.9 177191 121033 572619 506646 127098 75513 37791.7 206149 204138 29708.3 101678 403682 213145
internal_count=7701384 5218706 2330078 1837728 2888628 1730973 2482678 1605556 1592272 1081200 1006679 74521 1157655 905577 232172 200501 117213 686823 470832 2349552 2075097 492350 292908 147303 813682 805759 121144 393915 1653271 825396
is_linear=0
shrinkage=0.05


Tree=19
num_leaves=31
num_cat=0
split_feature=22 19 30 3 23 22 19 22 23 23 31 23 3 19 30 23 28 3 30 31 31 22 30 22 27 35 3 2 19 30
split_gain=157319 119079 31066.2 12912.7 8197.02 7891.01 9315.9 7786.91 6758.76 24046.2 12179.8 5674.24 5211.47 4345.21 3716.49 3344.51 3934.64 5021.11 2846.29 2812.65 2709.44 2690.78 2589.8 2625.55 2509.71 2288.1 2128.43 2120.45 2393.34 2106.12
threshold=1.0000000180025095e-35 66.500000000000014 0.42737566724925419 10.500000000000002 0.76543691754341137 0.0064001790892669755 61.500000000000007 0.00071677622296799663 0.76537612080574047 0.71188408136367809 70.850002288818374 0.76038458943367015 5.5000000000000009 75.500000000000014 0.10778660262544416 0.67412567138671886 0.28776660579756874 9.5000000000000018 0.014720244552075977 59.211111068725593 63.527778625488288 0.00036339802383320079 0.63919029360146429 5.071011406169195e-05 10.864598388430752 24.500000000000004 6.5000000000000009 7.5000000000000009 88.500000000000014 0.66727443839682332
decision_type=2 2 2 2 2 2 2 2 2 2 2 2 2 2 2 2 2 2 2 2 2 2 2 2 2 2 2 2 2 2
left_child=1 26 3 4 8 6 12 13 9 10 -3 -11 -2 18 -9 -4 -17 20 -8 -14 -18 -21 23 -20 -15 -7 -1 -16 -29 -22
right_child=5 2 15 -5 -6 25 7 14 -10 11 -12 -13 19 24 27 16 17 -19 22 21 29 -23 -24 -25 -26 -27 -28 28 -30 -31
leaf_value=-0.016154367457468885 -0.022569943835848816 0.051283942804351536 0.04020797906380507 -0.008808233980642996 -0.013994795505805355 -0.030875583884564031 -0.04916627916849612 -0.039080921786728409 0.060513005749998731 -0.023315464059599 -0.026737332040455936 0.040811681221710715 -0.0041107014585495026 0.028927380520737497 -0.018542323640937993 -0.014596398331789568 -0.010716952492505953 -0.0039939184120740519 0.0077069270393994738 -0.010716525279953187 0.04415495235096193 -0.024296738505390752 -0.013023391153503214 -0.0037604852162687733 -0.0027761543498845184 0.018726573125406661 -0.005611343202784524 -0.0096857636956639501 0.045086738866550846 -0.025222673104788776
leaf_weight=99842.649500995874 188265.52364814281 171455.22724865377 6970.3500282019377 10808.326761588454 5421.6646722704172 58768.500934258103 3397.9028032422066 12624.673693418503 78273.999143883586 15441.847661480308 5152.3789596110582 4441.7207461297512 84270.058771416545 16934.338162690401 80612.489857032895 19936.912013918161 3270.2842754721642 21960.185736745596 63289.72953812778 106331.93246801198 15146.031328499317 55522.021415233612 56323.848794683814 236192.38973529637 9886.8164954334497 2420.6596949994564 91963.266812324524 258646.14767791331 2009.8319597393274 1179.0126427859068
leaf_count=396973 762470 1005100 35542 43319 22082 244975 14290 52320 495079 64085 20734 25289 338082 77238 321146 78864 13168 89234 254003 422954 75916 225555 222168 942910 40443 9688 364010 1030853 8047 4847
internal_value=-0.00149771 0.0207133 0.0376885 0.0448183 0.0468869 -0.011408 -0.0104959 -0.00708362 0.0480883 0.0431387 0.0490077 -0.00899019 -0.0163081 -0.0021724 -0.0124408 0.00738414 0.0036634 0.0124238 -0.00362197 -0.0115183 0.0308229 -0.0153751 -0.00318701 -0.00133707 0.0172409 -0.0289133 -0.0110994 -0.0114552 -0.00926341 0.0391443
internal_weight=1.78676e+06 551264 359458 290995 280187 1.2355e+06 1.17431e+06 739918 274765 196491 176608 19883.6 434390 386025 353893 68462.8 61492.4 41555.5 359204 246124 19595.3 161854 355806 299482 26821.2 61189.2 191806 341268 260656 16325
internal_count=7701384 2734242 1973259 1675688 1632369 4967142 4712479 2963418 1610287 1115208 1025834 89374 1749061 1551052 1412366 297571 262029 183165 1433371 986591 93931 648509 1419081 1196913 117681 254663 760983 1360046 1038900 80763
is_linear=0
shrinkage=0.05


Tree=20
num_leaves=31
num_cat=0
split_feature=18 22 23 30 3 23 18 23 23 31 3 23 23 28 32 23 22 31 23 23 28 3 25 30 30 3 15 1 23 30
split_gain=174312 110247 81078.2 17783.7 7265.75 6990.87 6952.02 5222.63 6108.53 4412.38 4287.11 4186.51 31717.3 5234.55 3818.46 3801.81 4285.42 3709.59 2680.23 2508.23 4524.48 3647.9 2416.03 2325.48 2309.29 2550.79 2534.62 2177.03 2122.82 2079.74
threshold=1.0000000180025095e-35 1.0000000180025095e-35 0.6715412735939027 0.42737566724925419 10.500000000000002 0.66057932376861583 0.5017452060066323 0.67387536168098461 0.6708858609199525 66.549999237060561 6.5000000000000009 0.67412567138671886 0.71178066730499279 0.3907166667932081 5.7179052829742441 0.690381020307541 0.00046462230991113488 66.850002288818374 0.76153963804245006 0.67412567138671886 0.35988141344175917 7.5000000000000009 6.3989045365870547 0.83554885362452103 0.1046650917773098 6.5000000000000009 74.500000000000014 1.5000000000000002 0.49092386662960058 0.75123217494774031
decision_type=2 2 2 2 2 2 2 2 2 2 2 2 2 2 2 2 2 2 2 2 2 2 2 2 2 2 2 2 2 2
left_child=1 2 28 4 11 10 23 8 -7 -10 29 17 13 -13 -14 -9 18 -4 22 -5 -21 -22 -17 24 -2 27 -27 -26 -1 -3
right_child=6 5 3 19 -6 7 -8 15 9 -11 -12 12 14 -15 -16 16 -18 -19 -20 20 21 -23 -24 -25 25 26 -28 -29 -30 -31
leaf_value=-0.034328769180792668 -0.037529967570966959 -0.0096588750702555383 0.060793043110812274 0.046985592079151879 -0.00066585747716292989 0.0049766954854597173 -0.04757010904613973 -0.012404127139401002 0.045598033059644744 -0.013872231023921738 -0.00088336643921577184 -0.032626013004254467 0.055242507886730401 0.023470329338084614 0.031953934138345956 0.027298880302823372 -0.0034726376233094902 -0.055285475186074545 0.029175668474725414 -0.0085377826229102449 0.048585701845147572 0.011472021771827809 0.0032754042532742271 -0.044922069156689004 -0.017503158867177418 -0.015928463697494281 -0.028576383971915493 -0.027972403291645083 -0.0030713093141375015 -0.023996712545552377
leaf_weight=5686.370257511735 22561.420783340931 183493.50524249673 71148.393794551492 5842.1178833097219 7452.0582228600979 51032.071533322334 28640.523992449045 52691.367800310254 19316.598073750734 3719.521162763238 164276.99812105298 13320.735933274031 147702.74844475091 6046.0988073796034 19983.001479029655 12216.564042910933 131680.86117169261 694.92507991194725 15739.367891266942 16764.788613498211 9978.4132995903492 19676.628952950239 73023.803469225764 11154.216518610716 69614.174296393991 240383.95075142384 47426.064368069172 173208.22051021457 121300.98019865155 29335.390466332436
leaf_count=22020 98980 715938 444903 31539 29451 200812 142894 202996 84832 14453 635491 60401 928892 32679 105769 49497 511039 3342 70937 65300 52222 83252 286775 46721 290708 979959 200239 722830 470658 114740
internal_value=-0.00141613 0.00968105 0.0293121 0.042777 0.0480096 -0.00219574 -0.0235384 0.00279394 0.014624 0.0359957 -0.0069514 0.0494107 0.0454702 -0.0151134 0.0524672 -0.000276775 0.00246975 0.0596702 0.0102188 0.0161094 0.0122234 0.0239603 0.00671845 -0.0223188 -0.021863 -0.0211969 -0.0180126 -0.024971 -0.00447101 -0.0116351
internal_weight=1.77511e+06 1.18212e+06 445597 318610 266348 736526 592989 359420 74068.2 23036.1 377106 258896 187053 19366.8 167686 285352 232661 71843.3 100980 52261.9 46419.8 29655 85240.4 564348 553194 530632 287810 242822 126987 212829
internal_count=7700269 5217938 2330428 1837750 1605437 2887510 2482331 1421341 300097 99285 1466169 1575986 1127741 93080 1034661 1121244 918248 448245 407209 232313 200774 135474 336272 2339437 2292716 2193736 1180198 1013538 492678 830678
is_linear=0
shrinkage=0.05


Tree=21
num_leaves=31
num_cat=0
split_feature=18 22 23 30 18 23 23 22 23 23 31 23 30 23 30 30 35 10 22 23 22 32 30 30 26 32 31 22 30 26
split_gain=158670 101912 76175.5 17214.7 6650.13 6391.77 6061.28 5576.52 4499.84 20916.8 8692.98 4040.01 2828.14 2796.3 2358.56 2325.96 2241.71 2234.93 2180.2 2090.13 2054.44 2153.31 2479.55 2573.17 2029.86 2346.79 1993.76 1981.31 1897.6 1739.26
threshold=1.0000000180025095e-35 1.0000000180025095e-35 0.6715412735939027 0.42737566724925419 0.51980959995249199 0.64029967784881603 0.80000919103622448 0.00036339802383320079 0.76399549841880809 0.71188408136367809 70.850002288818374 0.76038458943367015 0.54518891118270396 0.76153963804245006 0.58361398217957883 0.14380891888207301 24.500000000000004 51.500000000000007 0.00016055731224270484 0.64029967784881603 0.0080589173950916543 3.3870620727539067 0.74632805065987673 0.023010296375251423 66.741938374951886 5.0359814167022714 65.950000762939467 0.00195978754191809 0.26347005651069522 69.619700020221003
decision_type=2 2 2 2 2 2 2 2 2 2 2 2 2 2 2 2 2 2 2 2 2 2 2 2 2 2 2 2 2 2
left_child=1 2 19 6 16 12 8 13 9 10 -4 -11 18 -7 29 -9 20 -14 24 -1 21 -2 23 -23 -3 -26 -27 -17 -20 -5
right_child=4 5 3 14 -6 7 -8 15 -10 11 -12 -13 17 -15 -16 27 -18 -19 28 -21 -22 22 -24 -25 25 26 -28 -29 -30 -31
leaf_value=-0.0083670307946767004 -0.034740056094240281 -0.006624979169121633 0.050898366827819244 0.028055703533723792 -0.047250025912246113 0.0067651898944360231 -0.018691778571800245 -0.021021146810749788 0.058054860937203523 -0.022702423719170136 -0.021981790205922083 0.037694109448943171 -0.029078973878441723 0.030413738266636282 0.0019014767253280379 0.001660585394945344 -0.0053773837298421437 -0.010652151379928233 -0.01969102335708121 0.0057475897790572961 -0.036655701242318331 -0.064805158446433572 -0.031668022925173948 -0.019130723431740954 -0.010142645065133212 0.023968117677044341 -0.0051417667975871568 -0.007756937596103828 -0.0043238562208636295 -0.0083605000916953803
leaf_weight=89905.729487031698 28456.234168440104 32840.368191182613 158226.21810476482 28282.185756728053 26019.785484880209 164763.32370609045 3465.1795501857996 16610.834065943956 76258.320417016745 13082.172335579991 4200.128692433238 3512.0971389710903 19670.297385573387 13526.261161729693 19871.95643439889 157241.03903861344 21028.203012034297 100674.07836605608 27632.135015174747 37031.914126634598 22950.740720167756 3105.2533233314753 45807.304125353694 441126.04138660431 10853.570536106825 23876.846791774035 7804.7898585349321 86613.037298366427 73588.646793738008 3708.7065101265907
leaf_count=348112 119267 127162 990211 137257 133772 654017 13282 64609 510686 53909 16659 20690 78434 61913 80128 615328 84430 392575 106781 144566 97935 15114 194728 1837085 41858 93637 30134 334430 286632 14928
internal_value=-0.00135071 0.00927664 0.0283852 0.0417221 -0.0225377 -0.0020879 0.0469921 0.00174613 0.0478837 0.043551 0.0490138 -0.00991964 -0.007753 0.00855935 0.0154302 -0.00291756 -0.0213945 -0.013664 -0.00372483 -0.00424933 -0.0220166 -0.0213686 -0.0205921 -0.01945 0.00271311 0.00992281 0.0167969 -0.00168437 -0.00851894 0.023834
internal_weight=1.76173e+06 1.17324e+06 437545 310607 588494 735695 258744 438754 255279 179021 162426 16594.3 296941 178290 51862.8 260465 562474 120344 176596 126938 541446 518495 490039 444231 75375.6 42535.2 31681.6 243854 101221 31990.9
internal_count=7700269 5217938 2330428 1837750 2482331 2887510 1605437 1730297 1592155 1081469 1006870 74599 1157213 715930 232313 1014367 2348559 471009 686204 492678 2264129 2166194 2046927 1852199 292791 165629 123771 949758 393413 152185
is_linear=0
shrinkage=0.05


Tree=22
num_leaves=31
num_cat=0
split_feature=18 22 23 30 3 18 23 23 23 23 23 23 31 3 32 31 23 22 23 27 3 30 30 3 3 32 23 1 30 23
split_gain=144403 94190.6 71553.7 16744.2 6908.51 6363.79 5812.13 4717.86 5609.88 4247.28 30661 4656.57 4066.42 3849.42 3780.45 3551.37 3530.1 3000.57 2349.42 3715.25 3558.4 2105.93 2119.59 2425.47 2198.32 4708.04 2319.19 2060.77 1985.19 1953.93
threshold=1.0000000180025095e-35 1.0000000180025095e-35 0.6715412735939027 0.42737566724925419 10.500000000000002 0.5017452060066323 0.66057932376861583 0.67387536168098461 0.6708858609199525 0.67412567138671886 0.71178066730499279 0.70091050863266002 66.549999237060561 6.5000000000000009 5.7179052829742441 66.850002288818374 0.68033981323242199 5.071011406169195e-05 0.67412567138671886 3.7564333388805129 9.5000000000000018 0.83554885362452103 0.12752349344033656 6.5000000000000009 8.5000000000000018 6.3442885875701913 0.74288836121559154 1.5000000000000002 0.46684949806277737 0.6637515425682069
decision_type=2 2 2 2 2 2 2 2 2 2 2 2 2 2 2 2 2 2 2 2 2 2 2 2 2 2 2 2 2 2
left_child=1 2 28 4 9 21 13 8 29 15 11 -11 -10 -3 -12 -4 -9 -18 -5 -20 -21 22 -2 27 -25 -26 -27 -24 -1 -8
right_child=5 6 3 18 -6 -7 7 16 12 10 14 -13 -14 -15 -16 -17 17 -19 19 20 -22 -23 23 24 25 26 -28 -29 -30 -31
leaf_value=0.0025753214063224442 -0.032445821338623546 -0.010772655081612192 0.059350988844362657 0.045203014062627209 -0.0015206437634580326 -0.045151201579730404 0.020392954082842349 -0.020669838923872006 0.043801930810566179 -0.044345840677353407 0.053540340886717025 0.0054102910971874927 -0.013340763287966099 -0.00057643735475059507 0.029937919768264321 -0.054101557917355103 0.01584155876085416 -0.00075447026407238335 -0.0059414330506633124 0.041597372143575666 0.0052557101206062995 -0.042214946987742516 -0.015576304067241743 -0.0090752539826796774 -0.040222574968007761 -0.01267450152380014 -0.025802348499911448 -0.025907062454298468 -0.0099529268500390816 -0.0014517156900765813
leaf_weight=59892.102762207389 32133.709190294147 212224.94851237535 66406.058541879058 5638.1145275384188 7417.057510226965 27290.448375239968 14179.69198359549 19879.964176729321 19058.78208604455 8386.8299755752087 138286.86915582418 10703.423321574926 3721.2105406373739 164176.97280740738 19338.650538489223 696.94204030930996 30819.867598056793 234177.89794480801 18982.431728094816 13115.728890687227 13847.01018384099 10868.838345646858 67730.372343242168 80408.85426594317 22854.082424476743 129291.56896677613 45475.932374030352 168042.2331200242 66983.755077376962 36811.76848615706
leaf_count=232666 141363 830678 444903 31539 29451 142894 55706 76378 84832 37894 928892 55186 14453 635491 105769 3342 126254 918612 75089 69566 56119 46721 286326 331156 95139 531553 194747 712432 260012 145106
internal_value=-0.00128849 0.00888591 0.0274826 0.0406896 0.0460171 -0.0215773 -0.00198534 0.00256946 0.0138386 0.0474633 0.0433967 -0.016449 0.0344674 -0.00632532 0.0506446 0.0581726 -0.000348787 0.00117569 0.014742 0.0110039 0.0229338 -0.0204218 -0.019988 -0.0192088 -0.0160453 -0.0188813 -0.0160905 -0.0229394 -0.00403893 0.00462287
internal_weight=1.74884e+06 1.16475e+06 429695 302819 251236 584096 735051 358649 73771.5 243819 176716 19090.3 22780 376402 157626 67103 284878 264998 51583.3 45945.2 26962.7 556806 545937 513803 278030 197622 174768 235773 126876 50991.5
internal_count=7700269 5217938 2330428 1837750 1605437 2482331 2887510 1421341 300097 1575986 1127741 93080 99285 1466169 1034661 448245 1121244 1044866 232313 200774 125685 2339437 2292716 2151353 1152595 821439 726300 998758 492678 200812
is_linear=0
shrinkage=0.05


Tree=23
num_leaves=31
num_cat=0
split_feature=18 22 23 30 18 23 27 23 23 31 22 23 23 23 31 28 23 25 23 32 23 23 23 26 22 35 30 18 14 18
split_gain=131424 87056.4 67229.7 16197.9 6091.7 5704.2 5340.67 4601.66 20415.4 7762.97 4501.17 3678.01 3584.17 4061.03 3248.69 3174.29 3114.7 2433.02 2636.83 2516.05 2280.96 3468.57 3358.38 2125.82 2907.08 2090.73 2079.47 2061.08 7344.8 5631.63
threshold=1.0000000180025095e-35 1.0000000180025095e-35 0.6715412735939027 0.42737566724925419 0.51980959995249199 0.80000919103622448 -0.37501118855539056 0.76399549841880809 0.71188408136367809 70.850002288818374 0.0020907900182438222 0.76038458943367015 0.67387536168098461 0.6715412735939027 66.649997711181655 -2.0285049821981187 0.690381020307541 6.3989045365870547 0.76153963804245006 3.9164893627166752 0.76038458943367015 0.67412567138671886 0.80000919103622448 66.637280831173825 0.00011338562971486894 25.500000000000004 0.59636655999222921 0.3318732591531755 0.20412414523618203 0.37397879600197181
decision_type=2 2 2 2 2 2 2 2 2 2 2 2 2 2 2 2 2 2 2 2 2 2 2 2 2 2 2 2 2 2
left_child=1 2 -1 5 27 7 15 8 9 -4 12 -10 13 -8 -15 -3 -14 19 -19 -18 21 -5 -22 25 26 -17 -25 -2 -29 -30
right_child=4 6 3 20 -6 -7 10 -9 11 -11 -12 -13 16 14 -16 23 17 18 -20 -21 22 -23 -24 24 -26 -27 -28 28 29 -31
leaf_value=-0.0038391579834398896 -0.025766819439982193 -0.023273022258550522 0.049061662814902089 0.044007680102901139 -0.044925061938292127 -0.018635082876051898 0.0084125517746213279 0.056652485392292035 -0.023612171283102199 -0.019701654587830238 -0.0092666601162933373 0.035208540779500905 -0.013147908232374142 0.051768243921252934 -0.034834454348868567 -0.010777169314723584 0.047560663895213517 1.6112669036854733e-05 0.016308575655707883 0.011606563575657088 0.044378012032777497 0.00094213486093140816 -0.011316746380782939 0.011678075340483549 -0.0047820654335923351 0.025968670081672793 -0.0082632874463994758 -0.020469441023616402 -0.022870961731598635 0.010815228319440996
leaf_weight=126808.75848942995 108196.82126550376 23318.206329599023 148893.44738326967 5505.1087171733379 24755.406683504581 3465.5644432455301 22616.749707177281 71062.568849295378 13016.682088553905 4220.7441281676292 56271.03620634973 3339.3312864303589 23677.595339387655 11585.102430745959 1194.4818943738937 125912.38020199537 6287.9829680472612 113173.95843850076 31815.309448361397 21514.525240346789 11083.430944189429 31023.484815090895 3581.2466581761837 53833.446741640568 221932.82372525334 3993.6718595176935 17266.158026441932 392114.75916571915 19029.862061709166 35650.125873669982
leaf_count=492678 459091 93456 990211 31539 133772 13282 91360 510686 53909 16659 217210 20690 91306 55243 4637 489822 26579 442276 134992 85408 56755 129920 14099 209894 862505 15572 67250 1656353 80745 152370
internal_value=-0.00122853 0.00851195 0.0266097 0.03969 -0.0206574 0.0450549 -0.00188748 0.0459725 0.0414942 0.0471661 0.00341888 -0.0116029 0.00649751 0.0211433 0.0436735 -0.00531366 0.00385888 0.00618932 0.00359121 0.0197383 0.0141197 0.00743251 0.0307769 -0.00432349 -0.00196327 -0.00964748 0.00683542 -0.0195749 -0.0180755 -0.000908342
internal_weight=1.73614e+06 1.15639e+06 422000 295192 579747 243998 734393 240533 169470 153114 288137 16356 231866 35396.3 12779.6 446257 196469 172792 144989 27802.5 51193.3 36528.6 14664.7 422938 293032 129906 71099.6 554992 446795 54680
internal_count=7700269 5217938 2330428 1837750 2482331 1605437 2887510 1592155 1081469 1006870 1149011 74599 931801 151240 59880 1738499 780561 689255 577268 111987 232313 161459 70854 1645043 1139649 505394 277144 2348559 1889468 233115
is_linear=0
shrinkage=0.05


Tree=24
num_leaves=31
num_cat=0
split_feature=18 22 23 30 3 18 23 23 23 22 28 23 31 23 3 30 30 30 30 28 28 28 3 3 28 28 31 23 3 35
split_gain=119578 80433.6 63177 15703.5 6561.76 5829.81 4975.73 4324.2 29642 4319.32 4250.05 3749.27 3406.75 2701.41 2662.43 2329.99 2131.3 1994.58 2049.33 1942.61 1915.1 1891.45 2245.17 1843.81 1895.66 2000.84 1968.93 1834.94 2547.16 2681.55
threshold=1.0000000180025095e-35 1.0000000180025095e-35 0.6715412735939027 0.42737566724925419 10.500000000000002 0.5017452060066323 0.62001636624336254 0.67412567138671886 0.71178066730499279 0.00036339802383320079 0.3907166667932081 0.76543691754341137 66.850002288818374 0.76153963804245006 5.5000000000000009 0.12101227165023348 0.73612060257540268 0.023010296375251423 0.74632805065987673 -1.6886414654931867 -2.9801156244444065 0.037030180532871083 7.5000000000000009 9.5000000000000018 -0.95517376335896442 -1.9811817414248356 66.649997711181655 0.75377202033996593 6.5000000000000009 12.500000000000002
decision_type=2 2 2 2 2 2 2 2 2 2 2 2 2 2 2 2 2 2 2 2 2 2 2 2 2 2 2 2 2 2
left_child=1 2 19 4 7 17 14 12 10 13 -9 -10 -4 -8 -3 -11 21 -2 27 -1 -17 -5 -23 24 25 -16 -27 28 -19 -30
right_child=5 6 3 16 -6 -7 9 8 11 15 -12 -13 -14 -15 23 20 -18 18 -20 -21 -22 22 -24 -25 -26 26 -28 -29 29 -31
leaf_value=-0.021848827739589894 -0.052749761976306889 -0.013864375582074298 0.058069419175600989 -0.0068223251915151611 -0.0022815882863642741 -0.042902491553251973 0.0050483580283217687 -0.03319183823507299 0.050114375526909963 -0.023148685070343993 0.018637532567687541 -0.0047205246526800223 -0.05295426098096212 0.028371227820563585 -0.018982930149317206 -0.075457631553867435 -0.011459158320754144 -0.020407032753266066 -0.028505674664898929 -0.0015434229563048721 -0.0016718718962512433 0.036871686270187297 0.01180792556986196 -0.011149434946165772 -0.010108704049022678 0.01248812986311755 -0.029574883250567272 -0.026678602982365386 -0.01768502606400453 -0.0069430064342322212
leaf_weight=13140.832594320178 4261.3749016970396 103076.08812890947 61884.602697849274 6658.6042867153883 7378.733171954751 26005.985170006752 192664.42890098691 13191.539331555367 144885.9082031101 13513.426336735487 5649.0647999495268 3185.7865178436041 698.68252508342266 13270.656634762883 6771.6855457574129 882.03046448528767 7317.5180785208941 215439.80421480536 46018.26720161736 113634.70398980379 284020.21021360159 15193.241253107786 21692.063578814268 44994.741349130869 24620.086032107472 46780.9966044873 2957.9001449644566 48892.947378888726 129881.87090820074 105116.34313179553
leaf_count=51337 21968 407018 444903 28146 29451 142894 764475 60401 1021827 52629 32679 12834 3342 61913 27048 3383 28802 924577 201061 441341 1107888 81197 94168 174020 95210 182565 11361 213555 545561 432715
internal_value=-0.00117129 0.00815378 0.0257595 0.0387164 0.044129 -0.0197701 -0.00179474 0.0456212 0.0414185 0.000981297 -0.0176516 0.0489346 0.0568299 0.00655132 -0.00790332 -0.00286255 0.0135085 -0.0186755 -0.0184092 -0.00364818 -0.00190033 0.0177043 0.0221319 -0.00303164 0.00147046 0.00651519 0.00998665 -0.0174787 -0.0164801 -0.0128801
internal_weight=1.72368e+06 1.14806e+06 414511 287736 236874 575617 733552 229496 166912 504351 18840.6 148072 62583.3 205935 229201 298416 50861.4 549611 545349 126776 284902 43543.9 36885.3 126125 81130.7 56510.6 49738.9 499331 450438 234998
internal_count=7700269 5217938 2330428 1837750 1605437 2482331 2887510 1575986 1127741 1990288 93080 1034661 448245 826388 897222 1163900 232313 2339437 2317469 492678 1111271 203511 175365 490204 316184 220974 193926 2116408 1902853 978276
is_linear=0
shrinkage=0.05


Tree=25
num_leaves=31
num_cat=0
split_feature=18 22 28 30 3 18 28 22 21 30 30 10 31 10 27 22 31 10 10 30 30 3 35 1 10 28 35 26 3 2
split_gain=109431 74366 59256 16330.4 6442.21 5515.6 4455.59 4151.64 3522.61 3268.78 2940.91 2724.9 20175.4 3707.49 2206.98 3031.58 2367.31 1986.73 2606.8 1937.41 1988.09 2199.62 3298.66 1986.85 1865.49 3315.3 1838.29 1895.55 1778.71 1636
threshold=1.0000000180025095e-35 1.0000000180025095e-35 -0.18943979936127567 0.42485802952046553 10.500000000000002 0.51980959995249199 -1.5928631873573182 5.071011406169195e-05 -0.00056681036949157704 0.53663556292412262 0.031989530961966599 75.500000000000014 70.850002288818374 76.500000000000014 -0.37501118855539056 0.002192524490906355 67.350002288818374 75.500000000000014 80.500000000000014 0.83554885362452103 0.12101227165023348 6.5000000000000009 13.500000000000002 1.5000000000000002 71.500000000000014 0.50121447551252207 27.500000000000004 68.246863749831192 6.5000000000000009 7.5000000000000009
decision_type=2 2 2 2 2 2 2 2 2 2 2 2 2 2 2 2 2 2 2 2 2 2 2 2 2 2 2 2 2 2
left_child=1 2 28 4 8 19 -3 9 -4 -8 -9 12 -10 -13 26 16 -16 24 -19 20 -2 23 -23 -22 25 -5 27 -12 -1 -17
right_child=5 6 3 17 -6 -7 7 10 11 -11 14 13 -14 -15 15 29 -18 18 -20 -21 21 22 -24 -25 -26 -27 -28 -29 -30 -31
leaf_value=-0.011518096330150447 -0.030398487396759918 -0.01505898094010596 -0.038678920340041389 0.006048360905363058 -0.0018581817761863309 -0.04265823052001496 0.014611722419814061 -0.039586769035896002 0.045677400939749993 -0.0057459466915512816 -0.0083465052463909117 0.055253509733283392 -0.026567396749137179 -0.0018409155016417163 0.011015240042568493 -0.02528369416982873 -0.00012437447002514276 0.040493045204573384 -0.0087742811315424732 -0.039171958172243594 -0.013130377800240881 -0.018154863709940492 -0.0069545297752475164 -0.023333113384702439 -0.015416646155216575 0.051964352549847895 0.030124536490527456 -0.00059723107079505562 0.0010349509114738352 -0.004170616154851421
leaf_weight=60949.139807164669 28419.9273365587 57300.086177483201 1277.2901225239038 29899.038003653288 7879.9703680574894 23546.626625955105 71028.828592121601 5199.7140512168407 147886.27389107645 27295.814782992005 179557.99677118659 66745.375419124961 10339.410060361028 2969.8781898468733 83102.26046179235 11767.971766576171 111930.62518264353 11085.0525752455 3543.0284289419651 10542.333662211895 67033.492491468787 168908.23887994885 107624.61212064326 165593.13301922381 7511.1001252830029 4526.3603525310755 3781.6713418662548 140789.21248400211 52549.558819949627 41645.307216897607
leaf_count=237249 129630 229067 5546 129226 31368 133780 286561 20540 1020711 107095 697904 520092 42814 11968 337333 45230 442668 58416 13952 46906 288870 719043 446351 718649 30399 24951 14764 546831 203332 161122
internal_value=-0.00110818 0.00784077 0.0249758 0.0368341 0.0425932 -0.0189626 -0.00167209 -0.000537537 0.0441213 0.00896025 -0.00215385 0.0445853 0.0409565 0.0528213 -0.00181391 0.00173174 0.00462215 0.0126942 0.0285602 -0.0179447 -0.0175284 -0.01681 -0.0137958 -0.0203931 0.0071598 0.0120857 -0.00453166 -0.00494078 -0.00570608 -0.00882227
internal_weight=1.71223e+06 1.14056e+06 407161 293663 237098 571668 733399 676099 229218 98324.6 577775 227941 158226 69715.3 572575 248446 195033 56564.6 14628.1 548122 537579 509159 276533 232627 41936.5 34425.4 324129 320347 113499 53413.3
internal_count=7702368 5219139 2330024 1889443 1632499 2483229 2889115 2660048 1601131 393656 2266392 1595585 1063525 532060 2245852 986353 780001 256944 72368 2349449 2302543 2172913 1165394 1007519 184576 154177 1259499 1244735 440581 206352
is_linear=0
shrinkage=0.05


Tree=26
num_leaves=31
num_cat=0
split_feature=18 28 32 23 31 23 23 28 25 23 23 18 28 23 23 25 31 23 26 23 3 28 28 35 10 36 27 31 27 31
split_gain=99546 62058.7 25756.5 21486.5 26956.8 14323.2 12108.2 9343.03 15720 7425.17 6468.02 5259.46 4381.81 3735.08 3252.29 3234.69 3400.67 3032.2 2833.41 5009.02 2669.26 2602.44 4162.13 2417.01 2368.44 2228.48 2168.28 2045.07 1992.7 2054.54
threshold=1.0000000180025095e-35 -0.048524402464354001 6.0575938224792489 0.76285651326179515 70.750000000000014 0.67412567138671886 0.67310780286788952 0.34495366870646543 10.131921292814646 0.71757391095161449 0.70091050863266002 0.51980959995249199 -1.6886414654931867 0.76038458943367015 0.71178066730499279 9.0816381836536078 61.45000076293946 0.770134598016739 66.637280831173825 0.52708333730697643 10.500000000000002 1.6325478787343652 0.50121447551252207 25.500000000000004 88.500000000000014 1.0000000180025095e-35 0.63253465976660561 62.750000000000007 -4.777768585450608 62.049999237060554
decision_type=2 2 2 2 2 2 2 2 2 2 2 2 2 2 2 2 2 2 2 2 2 2 2 2 2 2 2 2 2 2
left_child=1 12 3 4 7 6 26 8 10 14 -3 -2 -1 -6 -9 16 -7 -5 23 -20 -8 22 -18 25 -23 28 -4 -10 29 -14
right_child=11 2 5 17 13 15 20 9 27 -11 -12 -13 18 -15 -16 -17 21 -19 19 -21 -22 24 -24 -25 -26 -27 -28 -29 -30 -31
leaf_value=-0.016688416689378028 -0.017158827188563826 -0.0070796711831892295 -0.0021619303882063922 0.055677112120230757 -0.013826401967910004 -0.03134891878760819 0.057004542147456955 0.033371538987184139 0.011376841449241872 -0.0085388751275028065 0.027366587871237809 -0.041588890587346244 -0.020772075478103304 0.027499598146537747 0.055873901284428366 -0.0038674105898718137 -0.0010820458714283618 -0.01730618491547636 0.026377950571994709 -0.0013270537497047062 -0.054237731306845539 -0.023048848480911405 0.022490931401724673 0.02573778729277031 0.037696345636254652 -0.063323173066642105 0.025020006141902348 0.053206607660598162 -0.0018828622683552409 -0.0056048689702537912
leaf_weight=60889.42602981627 544670.54078572989 37379.784172862768 18363.703024178743 67076.907702848315 46854.526495218277 5037.2099045813084 26276.049689471722 23619.721228688955 3251.1437820494175 6144.1740874648094 21446.783138364553 22959.52040193975 45222.839570328593 6189.7738629877567 50156.162915930152 110425.27145390213 29404.285168856382 1453.9563308209181 17151.491670012474 334309.69584447145 550.47484315931797 8918.9014700353146 51558.725794032216 5158.5863388925791 1956.5830775499344 1868.2735453397036 12217.661107540131 28866.158610388637 67133.123174294829 44101.899656563997
leaf_count=243831 2349449 172499 73930 529072 184922 19421 188138 127107 13213 24433 113270 133780 176245 32736 371814 439045 115935 5910 67346 1328681 2274 34818 244256 20129 7961 7112 52001 191017 260825 171198
internal_value=-0.00105635 0.00750614 0.0194028 0.0296309 0.0221329 0.00810319 0.0302046 0.0317992 0.0208387 0.0442716 0.00547865 -0.018147 -0.0040044 -0.009004 0.0486697 0.00198263 0.00865089 0.0541287 -0.00250458 2.49722e-05 0.0547217 0.0108449 0.0139297 -0.00794264 -0.0121201 -0.00904003 0.00869766 0.0489723 -0.00839179 -0.0132837
internal_weight=1.70061e+06 1.13298e+06 557148 292439 223908 264709 57407.9 170864 90943.9 79920.1 58826.6 567630 575835 53044.3 73775.9 207301 96875.7 68530.9 514946 351461 26826.5 91838.5 80963 163485 10875.5 158326 30581.4 32117.3 156458 89324.7
internal_count=7702368 5219139 2943772 1765993 1231011 1177779 316343 1013353 489999 523354 285769 2483229 2275367 217658 498921 861436 422391 534982 2031536 1396027 190412 402970 360191 635509 42779 615380 125931 204230 608268 347443
is_linear=0
shrinkage=0.05


Tree=27
num_leaves=31
num_cat=0
split_feature=18 22 23 30 23 23 23 18 30 22 27 23 31 30 23 30 23 28 3 22 18 14 18 30 2 31 22 31 28 30
split_gain=90529.4 63904.5 53205.4 13980.4 5850.44 28629 5419.82 5016.97 4021.84 3901.95 3001.32 2950.45 2755.29 2727.48 2716.9 2592.18 2508.55 3124.6 3309.7 2184.47 1978.55 7179.28 5509.21 1811.9 1715.39 1687.48 1655.61 1646.29 1608.17 1510.2
threshold=1.0000000180025095e-35 1.0000000180025095e-35 0.67272245883941661 0.42737566724925419 0.67412567138671886 0.71178066730499279 0.80000919103622448 0.5017452060066323 0.74129065304788522 5.071011406169195e-05 3.8334696477468744 0.71188408136367809 66.850002288818374 0.031989530961966599 0.62001636624336254 0.37109699445554023 0.67412567138671886 0.4983748012712122 7.5000000000000009 0.0010199266812539799 0.3318732591531755 0.20412414523618203 0.37397879600197181 0.62219373908230835 7.5000000000000009 63.633333206176765 0.0066837836582464994 68.211109161376967 -1.5741777353874484 0.049242848455185208
decision_type=2 2 2 2 2 2 2 2 2 2 2 2 2 2 2 2 2 2 2 2 2 2 2 2 2 2 2 2 2 2
left_child=1 2 23 4 12 10 11 20 9 15 -6 -7 -4 -11 -15 -3 -5 -18 25 27 -2 26 -23 -1 -21 -19 -22 -16 -10 -14
right_child=7 8 3 16 5 6 -8 -9 28 13 -12 -13 29 14 19 -17 17 18 -20 24 21 22 -24 -25 -26 -27 -28 -29 -30 -31
leaf_value=0.00056892968577452172 -0.022508957715668163 0.016719955276862052 0.056821842564098904 0.047215882725929352 -0.028555645116795671 0.05503824061260465 -0.01677156537145481 -0.039638524423913843 -0.031583263194945359 -0.037902617424219458 0.015753168530864441 0.040171429716090654 -0.17155077382269443 -0.0070230008995341752 0.0078099405782318916 0.00034023347272416852 -0.005453700591650356 -0.032824643583249151 0.008075070467558336 -0.013395158088375712 -0.016513397086408265 -0.019590038637385596 0.014261099265243349 -0.0128753963487881 -0.00097584159320821321 0.054915543311097326 -0.031754605844530541 -0.00061198351921562056 -0.0095264667811967296 0.00088614140720743033
leaf_weight=94070.155700042844 105323.3301025182 51302.010461881757 55093.548080444336 4628.2897081673145 15790.857396870852 58630.281413719058 3462.3637287914753 24185.029516652226 9347.1407861709595 5200.9408062249422 5042.1007350683212 77473.146870516241 180.01953656971455 159390.55081395805 121921.56036281586 45644.709537878633 21059.361747652292 594.1303493976593 15942.481369629502 36099.011155337095 362760.37945172191 18496.86228838563 34321.857257217169 34161.715344160795 120998.50728544593 7048.9557961076498 18738.432104855776 110721.95667374134 71308.745012104511 430.32645046710968
leaf_count=370827 459585 209247 436569 28730 72190 455226 13288 142898 38209 20611 30044 586076 912 625630 490248 180526 83455 2502 69987 139593 1568277 80604 148252 133534 469752 44656 83613 436821 278478 2028
internal_value=-0.00100595 0.00718613 0.0234326 0.0362112 0.0416911 0.0368429 0.0450042 -0.0173595 -0.00155063 -0.000246319 -0.0178318 0.0465758 0.0556514 -0.0018648 -0.00152348 0.00900802 0.0121773 0.0085448 0.0210439 0.000725641 -0.016361 -0.0148701 0.00240658 -0.00301272 -0.00382965 0.0480948 -0.017262 0.0038017 -0.0120826 -0.0499933
internal_weight=1.68937e+06 1.12554e+06 393608 265376 216103 160399 139566 563826 731935 651279 20833 136103 55703.9 554333 549132 96946.7 49273.2 44644.9 23585.6 389741 539641 434318 52818.7 128232 157098 7643.09 381499 232644 80655.9 610.346
internal_count=7702368 5219139 2330024 1825663 1596333 1156824 1054590 2483229 2889115 2572428 102234 1041302 439509 2182655 2162044 389773 229330 200600 117145 1536414 2340331 1880746 228856 504361 609345 47158 1651890 927069 316687 2940
is_linear=0
shrinkage=0.05


Tree=28
num_leaves=31
num_cat=0
split_feature=18 22 28 32 31 18 30 10 31 10 30 22 30 30 27 28 31 36 10 10 22 31 30 30 30 32 22 35 36 18
split_gain=82324.2 58996.7 49262 12774.8 7100.28 4784.13 4740.98 3791.93 15909.6 4553.53 3636.57 3525.9 2656.22 2642.34 2598.92 2577.15 5263.54 2344.23 2920.48 2269.06 2227.87 2641.45 2222.29 1923.91 1880.23 1802.72 1841.08 1729.93 2465.56 1592.76
threshold=1.0000000180025095e-35 1.0000000180025095e-35 -0.069309431080407449 7.4105780124664316 67.105556488037124 0.51980959995249199 0.56729592288954722 75.500000000000014 70.850002288818374 71.500000000000014 0.74129065304788522 6.9690914455287513e-05 0.1408885366776032 0.45843178697796488 -0.37501118855539056 -0.18943979936127567 66.549999237060561 1.0000000180025095e-35 67.500000000000014 76.500000000000014 0.001361344747604443 66.049999237060561 0.37109699445554023 0.023010296375251423 0.83554885362452103 2.8136487007141118 0.0085506137893796453 11.500000000000002 1.0000000180025095e-35 0.3318732591531755
decision_type=2 2 2 2 2 2 2 2 2 2 2 2 2 2 2 2 2 2 2 2 2 2 2 2 2 2 2 2 2 2
left_child=1 2 13 6 17 23 7 8 9 -4 11 22 -13 15 27 -1 -17 18 -5 -9 21 -16 -3 -2 25 -25 29 28 -14 -27
right_child=5 10 3 4 -6 -7 -8 19 -10 -11 -12 12 14 -15 20 16 -18 -19 -20 -21 -22 -23 -24 24 -26 26 -28 -29 -30 -31
leaf_value=0.00028068930952443981 -0.050029155352789956 0.014967280346417528 0.044092939432089799 0.03819605496214358 -0.0083038550620019146 -0.039542544947034311 -0.00095952685277580585 0.053927875861501953 -0.02666260149385662 -0.027703134244805434 -0.011497396559746003 -0.0137057775573471 -0.0061692547587224866 -0.0089777668255958728 0.018755139712729092 0.043736262439556868 -0.037305500199066692 0.055322579670288557 0.0071206607367878027 -0.028679840854668643 -0.0036073267058529244 0.0029486873126808363 0.00048843649068780405 -0.030583270615255065 -0.036643985471035999 -0.019739138007991801 -0.029774531147338437 0.0012227238131320073 -0.07966465391183733 -0.012465551526570841
leaf_weight=50009.272409290075 4044.5293750911951 55845.519312500954 116672.52404270321 14696.78381729871 21151.236720442772 21846.767568275332 6370.4931246489286 62987.347622990608 8875.2066928446293 2250.9931707829237 80529.858867540956 43537.97443073988 191053.64869241416 69188.822594136 37210.639277637005 9275.343702852726 2555.4853647500277 6491.1981615722179 15571.166917964816 842.33406607806683 69078.503421515226 91238.111771762371 50436.268346950412 17923.729953363538 10229.788529157639 93029.734802991152 18863.483372524381 111400.06935499609 1147.8884035348892 394150.74335068464
leaf_count=193547 22264 227729 874081 99417 88483 133780 27191 540473 36782 9674 316687 171783 746352 270337 156299 63874 10368 39433 72851 3513 267443 363828 199473 78455 46906 407422 84886 435129 4392 1709516
internal_value=-0.000957973 0.00687811 0.0226674 0.0354331 0.0147766 -0.0166055 0.0414747 0.0428854 0.0379146 0.042734 -0.00147411 -0.000234114 -0.00185965 -0.00226506 -0.000830455 0.00524534 0.0262309 0.028057 0.0222096 0.0528377 0.00363361 0.00752771 0.00809632 -0.0156745 -0.0154144 -0.0149999 -0.0144479 -0.00373483 -0.00660823 -0.0138545
internal_weight=1.67851e+06 1.11842e+06 386938 255909 57910.4 560089 197999 191628 127799 118924 731478 650949 544667 131029 501129 61840.1 11830.8 36759.1 30268 63829.7 197527 128449 106282 538242 534197 523968 506044 303602 192202 487180
internal_count=7702368 5219139 2330024 1791898 300184 2483229 1491714 1464523 920537 883755 2889115 2572428 2145226 538126 1973443 267789 74242 211701 172268 543986 787570 520127 427202 2349449 2327185 2280279 2201824 1185873 750744 2116938
is_linear=0
shrinkage=0.05


Tree=29
num_leaves=31
num_cat=0
split_feature=18 22 23 32 23 3 28 23 23 23 23 18 3 23 22 25 3 35 3 2 23 23 23 35 23 32 31 31 12 23
split_gain=74849.1 54433.2 47263.6 12266.5 16050.9 5383.03 6694.16 4901.72 15508.9 5743.7 21274.4 4549.37 3671.92 3421.17 3519.85 2684.7 2508.69 2272.07 2173.16 2047.1 1893.05 2047.71 1911.34 1873.08 1928.62 2357.23 3170.82 2553.03 1989.64 1804.45
threshold=1.0000000180025095e-35 1.0000000180025095e-35 0.67272245883941661 6.0575938224792489 0.67412567138671886 5.5000000000000009 0.52104214100205992 0.76285651326179515 0.71188408136367809 0.71178066730499279 0.67412567138671886 0.51980959995249199 9.5000000000000018 0.64029967784881603 0.00092559604927195088 9.3030245015221311 6.5000000000000009 14.500000000000002 8.5000000000000018 15.500000000000002 0.76038458943367015 0.64275074005126964 0.80000919103622448 25.500000000000004 0.74288836121559154 6.5170714855194101 68.049999237060561 60.95000076293946 89.500000000000014 0.88134998083114635
decision_type=2 2 2 2 2 2 2 2 2 2 2 2 2 2 2 2 2 2 2 2 2 2 2 2 2 2 2 2 2 2
left_child=1 2 -1 7 -5 6 -6 8 9 10 -4 23 -7 16 20 -8 17 19 -18 -3 21 -15 -22 24 25 27 -27 -2 -26 -24
right_child=11 13 3 4 5 12 15 -9 -10 -11 -12 -13 -14 14 -16 -17 18 -19 -20 -21 22 -23 29 -25 28 26 -28 -29 -30 -31
leaf_value=-0.0028314072417283298 -0.010084761715202263 -0.012501884742283399 0.054023345403422574 0.053730118629572554 -0.0095727750109213215 -0.040312957114769017 0.050007356712319428 0.05426154816092419 -0.020457880020098934 0.053948379731220436 -0.014143093684118729 -0.038538256938922086 0.00055239754513146714 0.033051033122898255 -0.0042423035889097077 -0.058320871616590997 0.0068637072033088803 -0.020757921445995808 -0.0060934643459281922 0.00020931307730917364 0.02652111302309472 0.0029286918285146529 -0.022292403192649142 0.0024289273339863846 -0.02482045893913724 -0.014641015440202285 -0.0024622127432009453 -0.022898903057742111 0.072155168495148525 0.036640580306779233
leaf_weight=128008.22801417112 56794.560833245516 67702.173597216606 32792.825796969235 23530.079357907176 9117.7830795794725 6740.8265960216522 13488.470181807876 56207.06952264905 10914.21149931848 51746.802240513265 17583.319891914725 21309.087807282805 29787.610078923404 5779.3908264636993 168775.16013364494 597.18633055686951 57565.713401436806 36162.094374656677 73905.827167868614 59520.705299332738 18099.409589082003 237139.89109310508 4523.3294630944729 15017.131509527564 59002.982859283686 208788.0641232729 71831.648741334677 123164.32001204789 533.60909594595432 1821.9823569357395
leaf_count=504361 246321 268281 274442 193797 40237 28681 93266 507022 50517 427485 86137 133780 121688 22658 654565 2391 223640 143483 286764 236024 85993 942205 17769 61391 267749 916811 308016 546724 2437 7733
internal_value=-0.000912363 0.00658183 0.021918 0.0344647 0.0187528 0.00497419 0.0238071 0.0421944 0.0361941 0.0422487 0.0302305 -0.0158823 -0.00698884 -0.00140131 0.00141119 0.0454142 -0.00556144 -0.00969856 -0.000420077 -0.00655501 0.00497999 0.00364536 0.0182428 -0.0149801 -0.0154827 -0.014388 -0.0115235 -0.0188548 -0.0239512 -0.00537017
internal_weight=1.66795e+06 1.11151e+06 380514 252506 83262 59731.9 23203.4 169244 113037 102123 50376.1 556441 36528.4 730996 436139 14085.7 294857 163385 131472 127223 267364 242919 24444.7 535132 520115 460579 280620 179959 59536.6 6345.31
internal_count=7702368 5219139 2330024 1825663 480060 286263 135894 1345603 838581 788064 360579 2483229 150369 2889115 1730923 95657 1158192 647788 510404 504305 1076358 964863 111495 2349449 2288058 2017872 1224827 793045 270186 25502
is_linear=0
shrinkage=0.05


Tree=30
num_leaves=31
num_cat=0
split_feature=18 22 23 30 23 23 32 23 18 28 22 31 27 23 28 32 30 30 30 36 32 23 23 30 32 22 2 23 35 35
split_gain=68318.5 49895.8 44667.9 12571.5 5567.44 25075.1 6423.95 4866.89 4300.15 3241.29 3044.99 2890.47 2566.13 2554.51 3059.72 2595.97 2397.21 2242.21 1827.11 1786.87 1995.95 1801.96 3386.08 1769.96 1717.33 1785.89 1577.39 1526.91 1486.69 1326.78
threshold=1.0000000180025095e-35 1.0000000180025095e-35 0.67272245883941661 0.41673303907779446 0.67412567138671886 0.71178066730499279 5.7179052829742441 0.71188408136367809 0.5017452060066323 -1.5928631873573182 5.071011406169195e-05 66.850002288818374 3.8334696477468744 0.67412567138671886 0.28776660579756874 6.5811176300048837 0.023010296375251423 0.53663556292412262 0.031989530961966599 1.0000000180025095e-35 5.5246915817260751 0.66057932376861583 0.67387536168098461 0.73612060257540268 2.8136487007141118 0.0066837836582464994 2.5000000000000004 0.49092386662960058 27.500000000000004 13.500000000000002
decision_type=2 2 2 2 2 2 2 2 2 2 2 2 2 2 2 2 2 2 2 2 2 2 2 2 2 2 2 2 2 2
left_child=1 2 27 4 11 12 26 -8 18 -3 17 -4 -6 -5 -15 -16 -12 -11 -2 21 29 28 -23 24 -20 -26 -7 -1 -18 -21
right_child=8 9 3 13 5 6 7 -9 -10 10 16 -13 -14 14 15 -17 19 -19 23 20 -22 22 -24 -25 25 -27 -28 -29 -30 -31
leaf_value=-0.028445348556518191 -0.044963258670693548 -0.012779820696965871 0.0552801289012399 0.04595231733632836 -0.02734595071083315 0.024795534231142648 0.053098325144490179 0.00084562448096940103 -0.036639497353082334 0.012545656444109245 -0.040000968566561768 -0.055334588689575519 0.014334106421179167 -0.010964043813846164 0.036385250242209254 0.0061857548445279605 -0.0045247721186459245 -0.0043432946419885935 -0.028500619949787462 -0.088505774995023434 -0.011638138400773301 0.012175929347808652 -0.0010696208748059482 -0.023064506941776305 -0.011701383827613187 -0.024573505913683642 0.049465382993716188 -0.0016175894190789961 0.027619203168573987 0.016558815916348515
leaf_weight=5543.7922196239233 4815.1002139151096 56588.470739498734 48720.980450205505 4870.7313704714179 15280.022520244122 6938.9855615347624 6507.9441672936082 14135.204933546484 22460.969239875674 70507.586230382323 4057.7177218794823 597.75571696460247 4869.701144978404 14680.080193936825 10913.262970589101 20451.681165978312 257750.40861313045 27246.43961584568 17421.375458061695 1532.8077041208744 9080.5479706227779 60461.252053052187 238897.7273248136 49073.12320458889 430431.7517940253 28745.522505432367 97936.270895905793 122457.14954015613 3647.9769751429558 373.71489582955837
leaf_count=21881 26808 228799 431645 33703 69679 60529 51046 69174 142526 286471 16142 2908 29697 57342 66115 90204 1005078 107239 77719 5825 35350 248186 939359 224209 1881430 130694 863138 482580 14256 1462
internal_value=-0.000864986 0.00632001 0.0211736 0.0336421 0.0394191 0.034503 0.0428147 0.017319 -0.015211 -0.00128647 -0.000320859 0.0539393 -0.0172729 0.0115184 0.00787577 0.0166936 -0.00170604 0.00783829 -0.0143037 -0.00143425 -0.0214034 -0.00104299 0.00160557 -0.0140228 -0.0130918 -0.0125072 0.0478331 -0.00277954 -0.00407617 -0.0679113
internal_weight=1.657e+06 1.10405e+06 373904 245903 194987 145668 125518 20643.1 552948 730145 673556 49318.7 20149.7 50915.8 46045 31364.9 575802 97754 530487 571744 10987.1 560757 299359 525672 476599 459177 104875 128001 261398 1906.52
internal_count=7701194 5217808 2329641 1825180 1577816 1143263 1043887 120220 2483386 2888167 2659368 434553 99376 247364 213661 156319 2265658 393710 2340860 2249516 42637 2206879 1187545 2314052 2089843 2012124 923667 504461 1019334 7287
is_linear=0
shrinkage=0.05


Tree=31
num_leaves=31
num_cat=0
split_feature=18 22 23 30 23 23 32 23 18 28 23 25 31 23 28 3 32 27 31 22 28 23 31 32 30 30 25 23 3 12
split_gain=62100 46027.2 41919.8 12139.7 5539.29 23605.7 6284.68 4627.94 4083.44 3117.15 3537.49 2736.89 2720.45 2407.45 2780.9 2447.57 2380.28 2293.54 2263.82 2248.34 2210.63 2133.41 2003.99 1918.19 1825.02 1775.22 1740.69 1734.89 2301.2 2266.59
threshold=1.0000000180025095e-35 1.0000000180025095e-35 0.67272245883941661 0.41673303907779446 0.67412567138671886 0.71178066730499279 5.7179052829742441 0.71188408136367809 0.51980959995249199 0.062544310608337803 0.67387536168098461 6.3989045365870547 66.850002288818374 0.67412567138671886 0.28776660579756874 7.5000000000000009 3.9164893627166752 3.8334696477468744 63.738889694213874 0.00025355812583880647 -2.3491951121329095 0.76153963804245006 65.850002288818374 3.1233863830566411 0.023010296375251423 0.023010296375251423 0.96683895185324353 0.75377202033996593 6.5000000000000009 87.500000000000014
decision_type=2 2 2 2 2 2 2 2 2 2 2 2 2 2 2 2 2 2 2 2 2 2 2 2 2 2 2 2 2 2
left_child=1 2 -1 4 12 17 -7 -8 25 20 22 16 -4 -5 -15 18 -12 -6 -16 21 -3 -13 -11 -17 -22 -2 -26 28 -27 -29
right_child=8 9 3 13 5 6 7 -9 -10 10 11 19 -14 14 15 23 -18 -19 -20 -21 24 -23 -24 -25 26 27 -28 29 -30 -31
leaf_value=-0.0026416192932713772 -0.047837110560617346 -0.024849819508173165 0.05478582563999549 0.044991179842918949 -0.025754620862259454 0.047082294219728378 0.052421181240985763 0.00080353059033532186 -0.036584268153966412 0.033499812637946894 0.045877933058372504 0.0034854563632121071 -0.051445229207596511 -0.010410497117225959 -0.010150239919057252 0.0602914993665047 0.0091911507068038641 0.013733541132455005 0.048791378083058792 -0.0041211623938560669 -0.046691956519926241 0.029042259145211965 -0.010784732281365041 0.0022280748923770668 0.0430228628181413 -0.016107900516633866 -0.0029781215930287652 -0.02524628987331623 -0.0091447404109278284 0.015506024441154485
leaf_weight=127957.98838118464 3781.250179618597 11861.512347459793 46752.401923812926 4729.6544188559055 15409.494028061628 101312.68440017104 6268.4929500818253 14131.998027600348 20240.37126365304 13917.06694856286 5463.4416457265615 55806.059670075774 610.46388621628284 14687.424347877502 2056.8578859865665 1532.9503122270107 23177.148603841662 4829.5715256333351 7831.9926220029593 131469.64711789787 2377.6433728784323 9565.4479750394821 3128.9656766355038 19709.902945816517 2065.4174629449844 230215.66233481467 470813.24730664492 46754.44562998414 244850.59481553733 3680.5196812152863
leaf_count=504461 22266 48843 431645 33703 69679 923667 51046 69174 133412 63476 23617 221052 2908 57342 8405 9158 92246 29697 53819 513706 9270 46600 12839 84937 8430 1036978 1848088 216279 1057616 16835
internal_value=-0.000823048 0.00604712 0.0204689 0.0327974 0.0386098 0.0336695 0.0419839 0.0166644 -0.0145436 -0.00122305 0.00340854 0.0017482 0.0534165 0.0110289 0.00752306 0.0159838 0.0161896 -0.0163317 0.0365317 -0.000353041 -0.00352903 0.00722508 0.0253709 0.00641838 -0.0029969 -0.0137008 -0.00277719 -0.0134551 -0.0125191 -0.0222723
internal_weight=1.64699e+06 1.09747e+06 367822 239864 189315 141952 121713 20400.5 549523 729646 242528 225482 47362.9 50548.8 45819.1 31131.7 28640.6 20239.1 9888.85 196841 487118 65371.5 17046 21242.9 475256 529282 472879 525501 475066 50435
internal_count=7701194 5217808 2329641 1825180 1577816 1143263 1043887 120220 2483386 2888167 973536 897221 434553 247364 213661 156319 115863 99376 62224 781358 1914631 267652 76315 94095 1865788 2349974 1856518 2327708 2094594 233114
is_linear=0
shrinkage=0.05


Tree=32
num_leaves=31
num_cat=0
split_feature=18 22 23 23 23 23 23 23 18 31 28 23 25 24 22 28 31 18 29 22 25 25 36 31 31 29 3 23 12 23
split_gain=56443.7 42448.4 39345.3 10318.1 27479.7 9079.21 29544.2 9937.07 3870.32 3192.18 2816.42 3225.2 2477.35 2251.73 2041.44 2013.75 1835.32 1654.3 1651.48 1832.84 1979.79 1611.43 1558.61 1593.67 1522.36 2447.51 1445.27 1430.92 1811.38 1370.79
threshold=1.0000000180025095e-35 1.0000000180025095e-35 0.67272245883941661 0.67412567138671886 0.71178066730499279 0.71188408136367809 0.76153963804245006 0.76543691754341137 0.51980959995249199 66.850002288818374 0.062544310608337803 0.67387536168098461 6.3989045365870547 67.841141710969978 5.071011406169195e-05 -2.3491951121329095 65.850002288818374 0.3318732591531755 66.663807305474805 0.00011338562971486894 9.5261594602255819 6.4514310349130968 1.0000000180025095e-35 60.549999237060554 68.211109161376967 68.977568811702085 6.5000000000000009 0.74288836121559154 87.500000000000014 0.70091050863266002
decision_type=2 2 2 2 2 2 2 2 2 2 2 2 2 2 2 2 2 2 2 2 2 2 2 2 2 2 2 2 2 2
left_child=1 2 26 9 29 -6 -7 -8 17 -4 15 16 13 -13 -14 -3 -12 -2 22 20 -20 -16 -17 -24 -21 -26 -1 -19 -29 -5
right_child=8 10 3 4 5 6 7 -9 -10 -11 11 12 14 -15 21 18 -18 27 19 24 -22 -23 23 -25 25 -27 -28 28 -30 -31
leaf_value=-0.0075088329167320644 -0.018812202535829145 -0.023775592485249703 0.053705071325380188 -0.019845558798649715 0.052677425555823401 -0.021795630661525237 0.052867483556884864 0.00688358888251974 -0.035631009286975317 -0.047203515768363236 0.032162236970248941 -0.0068660634129466356 0.013042851877848675 0.024263044405344464 -0.0574975916130561 -0.0065182996776869924 -0.010226345139665244 -0.010687327563172894 8.9153518515801495e-05 -0.0010460837028439317 0.017003218257552421 -0.0018499514864778778 0.030251360228911298 -0.077991278955232002 -0.027124078915971035 -0.0025590361228054657 0.0031397826375332938 -0.022441307303091934 0.017801177332273876 -0.00024230881409142846
leaf_weight=67877.699881151319 101825.07890412211 11779.696648955345 49269.042550615966 22165.360328316689 53315.302426367998 23420.560733020306 55146.371012233198 14929.227436870337 19755.254113733768 796.3348766118288 13774.751676306129 8113.7119895815849 24905.576861262321 20453.808435425162 1310.8418392986059 153747.9975707382 3134.6793362945318 377231.10163162649 49737.109320864081 198996.37896987796 26528.174559026957 170490.17978124321 445.68643613159657 1433.9424207955599 15741.801417604089 28492.752851575613 60056.873691082001 44391.836270600557 2984.1826653927565 14920.710557222366
leaf_count=268959 459546 48843 464478 91120 482574 99612 545356 63512 133412 3778 63476 31996 104626 83867 4990 605330 12839 1670432 194337 782257 105396 671742 1751 5602 60562 110553 235502 206443 13553 74750
internal_value=-0.000782842 0.00578605 0.0197848 0.0319759 0.0264972 0.0362115 0.026822 0.0430709 -0.0139039 0.0520999 -0.0011625 0.00324383 0.001663 0.0154218 -0.000335188 -0.0033542 0.0243042 -0.0130886 -0.00284789 -0.000790511 0.00597257 -0.00227458 -0.00707158 -0.0523252 -0.00291108 -0.0113011 -0.00251001 -0.011716 -0.0199064 -0.0119587
internal_weight=1.63717e+06 1.09098e+06 361897 233963 183898 146811 93496.2 70075.6 546187 50065.4 729087 242184 225274 28567.5 196707 486904 16909.4 526432 475124 319496 76265.3 171801 155628 1879.63 243231 44234.6 127935 424607 47376 37086.1
internal_count=7701194 5217808 2329641 1825180 1356924 1191054 708480 608868 2483386 468256 2888167 973536 897221 115863 781358 1914631 76315 2349974 1865788 1253105 299733 676732 612683 7353 953372 171115 504461 1890428 219996 165870
is_linear=0
shrinkage=0.05


Tree=33
num_leaves=31
num_cat=0
split_feature=18 22 23 30 23 23 32 3 18 30 22 30 3 3 27 3 23 23 23 35 36 23 29 30 35 2 30 32 30 23
split_gain=51296.8 39198.2 37007.2 11059.9 5483.21 21171.4 6043.05 4215.25 3673.21 2933.95 2652.65 2197.96 2131.87 3056.71 2806.64 2115.38 2082.24 2385.68 2494.07 2053.59 2424.82 1991.03 1960.61 1866.9 1702.69 1677.33 1673.46 1632.97 1622.83 1611.62
threshold=1.0000000180025095e-35 1.0000000180025095e-35 0.67272245883941661 0.41673303907779446 0.67412567138671886 0.71178066730499279 5.7179052829742441 7.5000000000000009 0.5017452060066323 0.74129065304788522 5.071011406169195e-05 0.14380891888207301 6.5000000000000009 4.5000000000000009 -5.8859604137857238 3.5000000000000004 0.67412567138671886 0.76038458943367015 0.80000919103622448 7.5000000000000009 1.0000000180025095e-35 0.70091050863266002 69.87802492046481 0.37109699445554023 25.500000000000004 2.5000000000000004 0.0066036370189105102 3.1233863830566411 0.014720244552075977 0.85320976376533519
decision_type=2 2 2 2 2 2 2 2 2 2 2 2 2 2 2 2 2 2 2 2 2 2 2 2 2 2 2 2 2 2
left_child=1 2 -1 4 -4 21 25 -8 24 10 23 15 13 14 -13 -12 -5 27 -19 20 -14 -6 -21 -3 28 -7 -17 -18 -2 -20
right_child=8 9 3 16 5 6 7 -9 -10 -11 11 12 19 -15 -16 26 17 18 29 22 -22 -23 -24 -25 -26 -27 -28 -29 -30 -31
leaf_value=-0.0023855424706665197 -0.050429604695031827 0.014253930787437495 0.052432330850411449 0.043042213948116581 -0.030717649231445321 0.020885507886646323 0.038372593516735005 -0.0076955742517930709 -0.03381225605017877 -0.010133478891968964 0.012018597002177681 -0.0093111294251388543 -0.001120557276904334 -0.012325527599955498 0.0042892016037894476 -0.067343104611940888 0.042906094664029788 0.037497434080796137 -0.064739025423575916 0.0048419811005084119 -0.047751783489007597 0.00054722059263048793 0.024915631770153417 0.00031287256529336296 0.004217727745157814 0.04748996592782119 -0.014456466389136266 -0.0034200858615896766 -0.012739411063962142 0.009493595633811509
leaf_weight=127883.6901839748 2872.1583066135645 50812.838772639632 43667.408505477011 4439.1375243291259 10074.279601067305 6352.5813955515623 9936.9755670279264 9924.8126397430897 20958.349548503757 80093.08414067328 7760.0483987778425 56042.126667439938 109653.78911088407 72589.248186454177 117399.70059743524 1559.1947694420815 2033.4271716699004 10034.630670614541 998.80356106162071 134177.20129449666 2860.4487300366163 10296.821156978607 13376.694269642234 45533.485367447138 14860.925778657198 87957.485298737884 36720.427715942264 29464.875953562558 504343.91598469019 2727.7912068217993
leaf_count=504461 17604 209200 434553 33703 43627 60529 76391 43829 142526 316334 31908 223559 432866 287154 465088 6091 12136 60513 3834 526855 11189 55749 52965 180654 61261 863138 144304 126328 2261995 10850
internal_value=-0.00074385 0.00553807 0.0191417 0.0312209 0.0370375 0.032041 0.040419 0.0153527 -0.013288 -0.00110509 9.98949e-06 -0.00132585 -0.000374356 -0.00371078 -0.000105309 -0.0117853 0.0103636 0.00715835 0.0245257 0.00278198 -0.0023061 -0.0149145 0.0066618 0.00766536 -0.0124641 0.045698 -0.0166108 -0.000429293 -0.0129528 -0.0104035
internal_weight=1.62741e+06 1.08437e+06 355793 227909 178210 134543 114172 19861.8 543035 728578 648485 552139 506099 246031 173442 46039.7 49698.7 45259.5 13761.2 260068 112514 20371.1 147554 96346.3 522077 94310.1 38279.6 31498.3 507216 3726.59
internal_count=7701194 5217808 2329641 1825180 1577816 1143263 1043887 120220 2483386 2888167 2571833 2181979 1999676 975801 688647 182303 247364 213661 75197 1023875 444055 99376 579820 389854 2340860 923667 150395 138464 2279599 14684
is_linear=0
shrinkage=0.05


Tree=34
num_leaves=31
num_cat=0
split_feature=18 22 28 32 31 30 28 31 25 18 30 22 30 28 11 11 11 27 30 25 26 31 25 30 30 24 28 36 11 31
split_gain=46598.7 36110.4 34574.9 10495.8 6653.74 4345.49 4170.11 7383.4 8344.72 3476.06 2651.01 2482.31 2624.38 2334.29 2034.5 1998.55 1957.22 4453.17 1948.18 1960.19 3857.88 1744.99 1742.84 1653.34 1749.45 1643.24 1528.85 1527.71 1508.86 2888.58
threshold=1.0000000180025095e-35 1.0000000180025095e-35 -0.069309431080407449 5.7179052829742441 66.450000762939467 0.46684949806277737 0.34495366870646543 66.850002288818374 6.8517164570418698 0.51980959995249199 0.74129065304788522 0.00021957468946722457 0.14380891888207301 0.35988141344175917 67.500000000000014 59.500000000000007 75.500000000000014 7.1865521441039784 0.45843178697796488 9.6358933468701107 67.7779797542171 62.850000381469734 10.805647036389518 0.81843165710234567 0.1046650917773098 69.966282485590057 -2.9801156244444065 1.0000000180025095e-35 67.500000000000014 63.527778625488288
decision_type=2 2 2 2 2 2 2 2 2 2 2 2 2 2 2 2 2 2 2 2 2 2 2 2 2 2 2 2 2 2
left_child=1 2 18 6 5 28 7 14 -9 23 11 13 -13 25 21 -14 -6 -18 19 -1 22 -4 -21 24 -2 -3 -17 -7 -5 -30
right_child=9 10 3 4 16 27 -8 8 -10 -11 -12 12 15 -15 -16 26 17 -19 -20 20 -22 -23 -24 -25 -26 -27 -28 -29 29 -31
leaf_value=-0.005566105820649596 -0.026131167595921125 0.00072297612481764565 -0.040053782961471288 0.046883006316253618 -0.0099577929883735775 0.0018528024038257142 0.04454817138250753 0.039010385221858963 -0.034163971416005343 -0.033792349896351957 -0.0096375039993119097 -0.017184219877429487 -0.0094667243093378428 0.015945549034868823 -0.0064763351173818297 -0.060026709229431797 0.05508250215011299 -0.0039430398361750994 -0.007789304131913451 0.010041193500647349 0.043906185888873919 0.050792030153483853 -0.021812193381186732 -0.028999830512195797 -0.010881817327219045 0.017113856539393964 0.00054407375604039517 0.043510791468177983 -0.045159490366888516 0.033710027020392185
leaf_weight=26851.369620859623 19562.107340663671 201639.97192507982 543.20659635215998 21740.51064670831 20289.819699764252 14509.348969116807 98236.430715203285 7097.7862955182791 8637.1463557556272 18847.107803627849 80006.435807168484 28127.420671030879 62696.78317925334 34595.735925257206 1848.5131383538246 1045.2720870226622 4564.7060950621963 10651.872125148773 68910.314615108073 20608.746755212545 7594.4327390491962 19559.508443526924 5424.4493319690228 13816.830113098025 487751.42165860534 16545.621396660805 303506.30506339669 2594.2393720299006 1324.7261380627751 9384.5532196685672
leaf_count=104169 99416 798653 2329 204665 87456 64889 970221 60749 38163 133412 316334 110800 249128 149676 9267 4156 38712 43259 270269 80046 62845 185108 20812 66056 2184502 65822 1193598 14758 5643 66281
internal_value=-0.000707292 0.00529572 0.0184849 0.0305036 0.0167289 0.0285663 0.0391237 0.0249838 -0.00115611 -0.0126975 -0.00105055 9.39228e-06 -0.00246475 0.00387921 0.0437212 -0.00133739 0.000208327 0.0137638 -0.00204158 0.00450742 0.012551 0.048337 0.00340395 -0.0119346 -0.0114698 0.00196595 0.000336165 0.00817162 0.0393158 0.0239536
internal_weight=1.61851e+06 1.07854e+06 350372 220982 85059.8 49553.4 135923 37686.2 15734.9 539977 728164 648157 395376 252781 21951.2 367248 35506.4 15216.6 129389 60479 33627.6 20102.7 26033.2 521130 507314 218186 304552 17103.6 32449.8 10709.3
internal_count=7701194 5217808 2329641 1791500 525663 356236 1265837 295616 98912 2483386 2888167 2571833 1557682 1014151 196704 1446882 169427 81971 538141 267872 163703 187437 100858 2349974 2283918 864475 1197754 79647 276589 71924
is_linear=0
shrinkage=0.05


Tree=35
num_leaves=31
num_cat=0
split_feature=18 22 23 30 23 23 32 23 18 28 22 25 30 23 23 30 23 27 30 30 21 22 32 3 36 3 32 23 23 23
split_gain=42051.7 33353.3 32456 10245 5555.83 19667.9 5877.51 4097.46 3282.18 2528.63 2245.07 2025.3 1923.2 1904.79 2165.99 1886.61 1834.88 1730.06 1607.77 1658.36 1629.82 1550.71 1790.36 2175.16 1515.12 1686.53 1683.6 1469.95 2258.1 2207.32
threshold=1.0000000180025095e-35 1.0000000180025095e-35 0.67272245883941661 0.41673303907779446 0.67412567138671886 0.71178066730499279 5.7179052829742441 0.71188408136367809 0.51980959995249199 -1.5928631873573182 5.6062140215623569e-05 0.96683895185324353 0.53663556292412262 0.67412567138671886 0.68033981323242199 0.12101227165023348 0.76399549841880809 3.8334696477468744 0.023010296375251423 0.74632805065987673 -0.00075480341911315907 0.0072953107536127227 6.5170714855194101 8.5000000000000018 1.0000000180025095e-35 6.5000000000000009 5.558277130126954 0.76038458943367015 0.71334350109100353 0.80000919103622448
decision_type=2 2 2 2 2 2 2 2 2 2 2 2 2 2 2 2 2 2 2 2 2 2 2 2 2 2 2 2 2 2
left_child=1 2 -1 4 -4 17 16 -8 18 -3 12 -12 -11 -5 -15 -13 -7 -6 -2 21 -21 22 23 -20 25 -17 -26 28 -16 -29
right_child=8 9 3 13 5 6 7 -9 -10 10 11 15 -14 14 27 24 -18 -19 19 20 -22 -23 -24 -25 26 -27 -28 29 -30 -31
leaf_value=-0.0021403397137651535 -0.045200950302770299 -0.011219683074517678 0.051619357136364868 0.041484546355720485 -0.022718069535003067 0.037557694220561932 0.050286226128031457 -0.00056022963213674321 -0.032853229325213083 0.011035415964748108 0.038922444645346006 -0.013198645706901267 -0.0043740239201644493 -0.034983686015496139 0.013007431217256546 -0.003465126838084886 0.052003345952886339 0.011886790657329484 -0.011336381992373431 0.031277494238306891 -0.022449700681698083 -0.022574052017597573 -0.0070948327353181663 -0.027520121564494401 -0.064214079334787968 0.0022093262475261538 -0.010693133892369283 0.035559556681246322 -0.016801019668688098 -0.0097259636689727424
leaf_weight=127890.93919827789 3485.5280863195658 56116.053720846772 40413.99658293277 4244.990355014801 15648.959270983934 46721.282693050802 5546.9710655808449 13867.376573398709 18387.773104205728 72333.437356054783 3099.6561788767576 33040.311976477504 28119.981383889914 2947.8685071319342 18755.182624235749 251500.70709764957 41518.261599563062 4695.4972849339247 149710.23788303137 1461.8285553902388 40958.953374192119 24320.826889440417 274311.43916790187 24105.207607582211 1765.3187633156776 273171.56641922891 8762.6143820434809 9697.3347179591656 9608.0488350093365 3724.1690559238195
leaf_count=505201 22252 229048 434657 33679 69705 446805 51092 69100 133235 295545 13770 130992 110917 11434 88299 992137 477054 29749 673876 7003 194447 114892 1227297 108986 6881 1075094 34178 60461 38600 14670
internal_value=-0.000667233 0.00504758 0.0178459 0.0296039 0.0354574 0.0303544 0.0388747 0.0139676 -0.0120937 -0.00102325 -0.000171523 -0.00138352 0.00672184 0.00947616 0.00643858 -0.00160339 0.0443547 -0.0147313 -0.0113573 -0.0111282 -0.0205982 -0.0102779 -0.00961056 -0.0135808 -0.00088756 -0.000510713 -0.019668 0.00936095 0.00290979 0.0229939
internal_weight=1.60993e+06 1.07319e+06 345281 217390 168412 127998 107654 19414.3 536742 727910 671794 571340 100453 48977.6 44732.6 568241 88239.5 20344.5 518354 514868 42420.8 472448 448127 173815 535200 524672 10527.9 41784.7 28363.2 13421.5
internal_count=7701056 5219068 2330506 1825305 1578162 1143505 1044051 120192 2481988 2888562 2659514 2253052 406462 247143 213464 2239282 923859 99454 2348753 2326501 201450 2125051 2010159 782862 2108290 2067231 41059 202030 126899 75131
is_linear=0
shrinkage=0.05


Tree=36
num_leaves=31
num_cat=0
split_feature=18 27 32 23 31 23 23 28 25 23 23 18 28 23 23 23 23 23 10 3 35 30 3 27 31 32 26 23 28 31
split_gain=38190.5 28571.3 14158.7 17850.7 19420.4 8263.18 7763.98 6831.89 12630.1 5690.04 4449.52 3096.38 2969.28 2717.44 2656.4 2634.12 2493.14 9091.93 5066.46 3440.74 3160.16 2354.55 2139.81 2504.87 2202.55 2052.2 1922.79 2493.26 2523.46 1899.95
threshold=1.0000000180025095e-35 -0.37501118855539056 6.0575938224792489 0.76285651326179515 70.750000000000014 0.67412567138671886 0.67353153228759777 0.34495366870646543 10.131921292814646 0.71757391095161449 0.69993185997009288 0.51980959995249199 -2.0960300078808847 0.71178066730499279 0.770134598016739 0.76038458943367015 0.80000919103622448 0.79225191473960888 85.500000000000014 9.5000000000000018 18.500000000000004 0.63919029360146429 5.5000000000000009 3.462403100053344 66.316669464111342 4.8676922321319589 66.637280831173825 0.52708333730697643 -1.6669411773292968 64.549999237060561
decision_type=2 2 2 2 2 2 2 2 2 2 2 2 2 2 2 2 2 2 2 2 2 2 2 2 2 2 2 2 2 2
left_child=1 12 3 4 7 6 29 8 10 13 -3 -2 -1 -9 -5 -6 17 22 -18 -20 -21 26 23 -7 -24 -11 -14 28 -28 -4
right_child=11 2 5 14 15 16 -8 9 -10 25 -12 -13 21 -15 -16 -17 18 -19 19 20 -22 -23 24 -25 -26 -27 27 -29 -30 -31
leaf_value=-0.019600425930395272 -0.010842285474786129 -0.0093740406828838867 0.01569684415763626 0.051320407571195249 -0.014576301177550899 -0.00071062489894200491 0.05131999085178815 0.028119520284296512 0.044424985858540517 -0.043345781825163 0.020304688861402201 -0.031955781398451961 -0.0051024103333278219 0.050718283444931768 -0.01781772674615402 0.021628251688139335 -0.035579126405059773 0.047994472227121054 -0.060749688669460178 0.022717239614131364 -0.029112891136580291 -0.0078987351300976016 -0.014691533552442113 0.021619510800363704 0.00097846471189306952 0.015602988704300776 -0.0018094909870462932 0.00079521254751918798 0.032483167050080017 -0.014884598448768122
leaf_weight=24985.440695926547 515921.77738800645 34038.624526195228 22000.115959182382 47348.941415593028 46451.260405704379 29367.070264451206 16977.850211635232 21258.866390459239 25314.178106471896 2500.1032026410103 20077.893256410956 17969.734608151019 134558.65506005287 35544.966489821672 1431.2581762224436 5633.1721111834049 13200.270510405302 10710.202173903584 1819.3547505140305 13614.107342839241 3751.18006272614 128619.53715507686 31507.988001272082 21941.849466361105 77786.466630041599 3605.4993011504412 9160.3687835633755 264992.57611560822 12946.124419912696 6603.1680857464671
leaf_count=103460 2348753 165994 95950 529085 185283 120055 173866 127040 202722 9960 116632 133235 525584 371764 5899 32830 50846 50052 6962 54279 14478 507323 123379 131543 310545 14467 36430 1075755 50877 26008
internal_value=-0.000634174 0.00482539 0.0136651 0.0222482 0.015463 0.00529117 0.0245354 0.0250221 0.0152735 0.0373308 0.00163715 -0.0115529 -0.00274231 0.0422607 0.0492918 -0.0106606 0.000984923 0.00338998 -0.0117376 0.00466701 0.011521 -0.00197686 0.000415399 0.0088387 -0.00353898 -0.00853549 -0.000170493 0.00214102 0.0182732 0.00863698
internal_weight=1.60164e+06 1.06775e+06 492484 243205 194425 249280 45581.1 142340 79430.7 62909.4 54116.5 533892 575263 56803.8 48780.2 52084.4 203698 171314 32384.9 19184.6 17365.3 550277 160603 51308.9 109294 6105.6 421658 287099 22106.5 28603.3
internal_count=7701056 5219068 2919639 1761676 1226692 1157963 295824 1008579 485348 523231 282626 2481988 2299429 498804 534984 218113 862139 735574 126565 75719 68757 2195969 685522 251598 433924 24427 1688646 1163062 87307 121958
is_linear=0
shrinkage=0.05


Tree=37
num_leaves=31
num_cat=0
split_feature=18 22 23 23 23 32 23 23 18 23 23 30 30 22 23 25 31 30 30 21 27 29 27 35 32 31 31 27 35 30
split_gain=34675.5 28327.1 28643.8 10890 21640.1 10930.8 5538.36 3367.1 2923.72 2358.13 18656.8 2312.48 2084.11 2000.63 2532.3 2090.42 1826.58 1557.52 1570.81 1669.5 1555.37 1513.16 1521.18 1416.05 1518.27 2086.92 1933.04 2994.07 1422.1 1421.78
threshold=1.0000000180025095e-35 1.0000000180025095e-35 0.6738228201866151 0.67412567138671886 0.71178066730499279 5.7179052829742441 0.71188408136367809 0.76038458943367015 0.5017452060066323 0.76285651326179515 0.71188408136367809 0.76074807285088852 0.0066036370189105102 0.00024999678123097184 0.76153963804245006 11.033104770833811 66.850002288818374 0.83554885362452103 0.12752349344033656 0.00018614530563354495 0.67114200489319853 69.939081652993551 -7.5580065919961106 24.500000000000004 6.3442885875701913 67.211109161376967 61.149999618530281 9.811477006408106 2.5000000000000004 0.26636624588570329
decision_type=2 2 2 2 2 2 2 2 2 2 2 2 2 2 2 2 2 2 2 2 2 2 2 2 2 2 2 2 2 2
left_child=1 2 20 16 -5 9 -7 -8 17 10 -6 12 -3 14 21 -15 -4 18 19 -2 -1 -14 -23 24 25 -20 28 -28 -26 -27
right_child=8 11 3 4 5 6 7 -9 -10 -11 -12 -13 13 15 -16 -17 -18 -19 23 -21 -22 22 -24 -25 26 29 27 -29 -30 -31
leaf_value=-0.0028062363887592194 -0.023894362032635428 -0.046051327230215454 0.052762464550745403 -0.011124689193271602 0.050155923803166441 0.051818910954153079 -0.016215435414694761 0.015919879366719417 -0.030199018681521923 0.050910704992233081 -0.02759640293539551 -0.009904450298967641 0.0013448885469274905 -0.0013852906881790632 0.029500932076586509 -0.01910017955344246 -0.056641829627567281 -0.030483184648541575 -0.010580533520078306 0.038212202862957768 0.02709086260722561 -0.0081126493076389746 0.021996526170810618 0.0039761475606126338 -0.00095395950400282981 -0.012884630371888452 -0.0026532787976064867 -0.019153834618232841 -0.016743987978088837 -0.032813627011310791
leaf_weight=125216.29981729388 27039.898702025414 2452.6196185797453 39462.956721067429 36973.769479468465 38458.71232856065 6773.6944335103035 14203.891806900501 19129.114357307553 19177.696164660156 40695.573700338602 9651.3416889533401 65376.922588452697 239589.93245944381 369823.70114853978 8994.8218036442995 17438.270819082856 385.15976141393185 9396.2912067770958 112113.35966341197 1127.0800503790379 4506.7412659078836 5519.3906256109476 17480.495146617293 19392.252515256405 17542.051750004292 15583.042088612914 180191.72955735028 32441.4474593997 76202.276900410652 21024.374613553286
leaf_count=493898 135534 10079 449160 165639 420989 61537 57322 103080 142364 500839 47563 259059 954464 1458983 45868 68307 1902 46708 511143 5502 28577 22005 69797 81247 80738 71723 805579 154726 350247 96477
internal_value=-0.000602313 0.00461415 0.0166322 0.0282339 0.0225958 0.0322673 0.0106022 0.00222634 -0.011032 0.0420518 0.034558 -0.00093377 -4.69157e-05 0.000124347 0.00341446 -0.00218299 0.0517049 -0.0103141 -0.00993711 -0.0214091 -0.00176755 0.00252088 0.0147711 -0.0092561 -0.00981994 -0.013965 -0.00780783 -0.00517078 -0.0137893 -0.0243303
internal_weight=1.59336e+06 1.06213e+06 335457 205734 165886 128912 40106.7 33333 531232 88805.6 48110.1 726676 661299 658847 271585 387262 39848.1 512054 502658 28167 129723 262590 22999.9 474491 455098 148721 306378 212633 93744.3 36607.4
internal_count=7701056 5219068 2330506 1808031 1356969 1191330 221939 160402 2481988 969391 468552 2888562 2629503 2619424 1092134 1527290 451062 2339624 2292916 141036 522475 1046266 91802 2151880 2070633 679343 1391290 960305 430985 168200
is_linear=0
shrinkage=0.05


Tree=38
num_leaves=31
num_cat=0
split_feature=18 22 23 23 23 32 23 23 18 23 23 28 22 25 31 30 30 30 18 14 18 27 24 35 22 28 28 30 32 30
split_gain=31491.7 26095.8 26859.5 10661.2 20247.9 10627 5253.8 3044.53 2755 2351.59 17629.1 2104.95 1891.71 1782.05 1717.76 1709.26 1631.78 1509.94 1524.81 6438.96 4704.04 1418.61 1369.95 1421.82 1267.9 1263.81 1262.26 1240.48 1248.58 1106.55
threshold=1.0000000180025095e-35 1.0000000180025095e-35 0.6738228201866151 0.67412567138671886 0.71178066730499279 5.7179052829742441 0.71188408136367809 0.76038458943367015 0.51980959995249199 0.76285651326179515 0.71188408136367809 -1.5928631873573182 5.071011406169195e-05 0.96683895185324353 66.850002288818374 0.014720244552075977 0.53663556292412262 0.023010296375251423 0.3318732591531755 0.20412414523618203 0.37397879600197181 0.67114200489319853 70.743850446677385 26.500000000000004 0.0066837836582464994 -2.0960300078808847 1.5720280234566839 0.73096932226653644 6.5170714855194101 0.049242848455185208
decision_type=2 2 2 2 2 2 2 2 2 2 2 2 2 2 2 2 2 2 2 2 2 2 2 2 2 2 2 2 2 2
left_child=1 2 21 14 -5 9 26 -8 17 10 -6 -3 16 -14 -4 -15 -13 -2 -19 24 -21 25 23 -17 27 -1 -7 28 -20 -16
right_child=8 11 3 4 5 6 7 -9 -10 -11 -12 12 13 15 29 22 -18 18 19 20 -22 -23 -24 -25 -26 -27 -28 -29 -30 -31
leaf_value=-0.02747997908756716 -0.043539492015641369 -0.01021928241011956 0.05236264896088292 -0.010542696729081587 0.04963886193599179 0.052257970215353992 -0.01536441286125587 0.015204288417920958 -0.030223709131647871 0.050488175846774098 -0.025940984168583689 0.010399881461123738 0.036798518314773425 -0.039405137200344748 -0.15830598473918298 -0.0012802356366224943 -0.0040534414807090113 -0.015259032551184399 -0.013006431042634907 -0.012836610994645409 0.019282774073513524 0.026048270338873358 -0.028169589841566547 0.020448304735612235 -0.023988913273081669 -0.0016494308761539147 -0.4110789492737153 -0.019161534703743276 -0.0064844198822677657 0.013787850398356075
leaf_weight=4929.3887364864349 3309.1003001257777 55787.092410504818 37817.724432341754 37061.780227199197 36954.527228139341 6503.2108651772141 14240.144042342901 19030.536778561771 17191.965308845043 39026.641355104744 9751.2204239666462 69732.911570698023 3068.5542616993189 2944.0950298011303 151.88704650104046 555410.2380580157 27124.477633655071 97979.167416721582 120029.3594840467 17280.80283407867 33492.231420367956 4454.1393610462546 4673.0654202699661 7632.1242770254612 17025.649750933051 120257.89272892475 14.633715122938154 33407.682232394814 188824.47825786471 242.30941925942898
leaf_count=19683 22252 229048 449160 165639 420989 61409 57322 103080 133235 500839 47563 286322 13879 11967 712 2192346 107170 455379 547275 79692 150845 28577 17922 29908 82501 474215 128 159989 850820 1190
internal_value=-0.000571679 0.00441196 0.0160611 0.0275154 0.0219299 0.0315179 0.0101624 0.00212061 -0.0105364 0.0414291 0.0338593 -0.000887373 -0.000111035 -0.00120218 0.0512803 -0.00140653 0.00635229 -0.00987448 -0.00965519 -0.00831621 0.00835081 -0.00167997 -0.00120946 -0.000985698 -0.0106715 -0.00266656 0.0512114 -0.0100091 -0.00901906 -0.0525446
internal_weight=1.58535e+06 1.05681e+06 330436 200795 162583 125521 39788.5 33270.7 528540 85732.4 46705.7 726373 670585 573728 38211.9 570660 96857.4 511348 508039 410060 50773 129641 567715 563042 359287 125187 6517.84 342262 308854 394.196
internal_count=7701056 5219068 2330506 1808031 1356969 1191330 221939 160402 2481988 969391 468552 2888562 2659514 2266022 451062 2252143 393492 2348753 2326501 1871122 230537 522475 2240176 2222254 1640585 493898 61537 1558084 1398095 1902
is_linear=0
shrinkage=0.05


Tree=39
num_leaves=31
num_cat=0
split_feature=18 27 32 23 23 23 23 23 23 23 23 18 3 23 23 23 10 3 2 3 27 28 25 26 30 30 2 28 3 36
split_gain=28594.7 22677 11498.5 16295 15201.7 13230.8 11292.9 6784.32 6910.35 5900.5 4980.88 2599.17 2549.93 2531.47 2366.46 8103.06 4542.1 3105.69 3855 2023.97 3548.4 2219.3 3850.73 3053.22 4247.63 2601.84 2116.3 1941.11 1934.44 2882.18
threshold=1.0000000180025095e-35 -0.37501118855539056 6.0575938224792489 0.76285651326179515 0.71188408136367809 0.71178066730499279 0.67412567138671886 0.67412567138671886 0.67353153228759777 0.70091050863266002 0.6715412735939027 0.5017452060066323 6.5000000000000009 0.770134598016739 0.80000919103622448 0.79225191473960888 85.500000000000014 9.5000000000000018 6.5000000000000009 4.5000000000000009 -7.3649329134158767 -1.1726311165213883 10.613268131229345 68.177160738518779 0.22645525928374383 0.37109699445554023 19.500000000000004 -1.5613760721080194 7.5000000000000009 1.0000000180025095e-35
decision_type=2 2 2 2 2 2 2 2 2 2 2 2 2 2 2 2 2 2 2 2 2 2 2 2 2 2 2 2 2 2
left_child=1 12 3 4 5 6 10 8 -4 -8 -3 -2 19 -5 15 -9 -16 -18 -19 20 -1 22 -21 -23 -25 -24 -22 -28 -14 -30
right_child=11 2 7 13 -6 -7 9 14 -10 -11 -12 -13 28 -15 16 -17 17 18 -20 21 26 23 25 24 -26 -27 27 -29 29 -31
leaf_value=-0.010164686423105319 -0.0093915764758055412 0.0049937253016255935 0.0081146959261862786 0.050026650217640391 -0.008425170442229955 0.048648487032298654 -0.015760099985800864 0.00046304164503321865 0.049880313217666006 0.015453702852523031 0.046628049752132444 -0.028520211336107038 0.0094649043695262513 -0.017718979647856532 -0.034108808348939312 0.045865644101609655 -0.058290007042871607 -0.035299120959266447 0.022683552667085913 -0.0091685352768704469 -0.0021070387048271349 -0.025549791949752099 0.060096440579975569 0.034287828158484177 -0.013674858999931584 0.00047230045268057368 -0.066571741476440058 0.012689956764910984 -0.00050487894783796193 -0.068255033490357331
leaf_weight=91284.802804350853 507575.91361960769 9856.819791868329 28507.9644286111 42170.684123642743 54297.066064603627 36427.225052185357 29829.906937658787 159953.5051952824 15175.970035418868 30745.090166062117 26488.098467685282 18402.309744805098 56393.06598816812 1425.5264280736446 13167.946227699518 10470.323613449931 1809.1658897399902 3624.8444691300392 13702.633151113987 30550.862411603332 80791.489677399397 39232.007640570402 3774.619545057416 5758.4132058247924 23269.283720746636 3550.861406236887 785.78364564478397 45150.920753911138 191864.00068003684 1582.6345736533403
leaf_count=365577 2339624 41642 121958 529085 225399 428495 118498 685522 173866 138988 273670 142364 224118 5899 50846 50052 6962 14117 54640 124418 327329 154261 15019 26092 90980 14303 3141 184612 763198 6381
internal_value=-0.000542481 0.00421812 0.0122668 0.020275 0.0138773 0.0229585 0.0133029 0.00475171 0.0226243 8.2594e-05 0.0353368 -0.0100608 -0.0024797 0.0478114 0.000900508 0.00325247 -0.0115073 0.00404495 0.0105537 -0.00540548 -0.00264877 -0.011068 -0.00136188 -0.0164538 -0.0041601 0.0311954 0.0027651 0.011334 0.00131628 -0.00105919
internal_weight=1.57762e+06 1.05164e+06 477653 231240 187644 133347 96919.9 246412 43683.9 60575 36344.9 525978 573989 43596.2 202728 170424 32304.6 19136.6 17327.5 324149 218013 106136 37876.3 68259.7 29027.7 7325.48 126728 45936.7 249840 193447
internal_count=7701056 5219068 2919639 1761676 1226692 1001293 572798 1157963 295824 257486 315312 2481988 2299429 534984 862139 735574 126565 75719 68757 1305732 880659 425073 153740 271333 117072 29322 515082 187753 993697 769579
is_linear=0
shrinkage=0.05


Tree=40
num_leaves=31
num_cat=0
split_feature=18 22 23 23 23 32 23 23 18 23 23 30 28 23 27 31 31 35 22 32 30 30 21 32 26 23 26 22 32 35
split_gain=26010.4 22031.4 23462.1 10471.3 18188.1 9838.47 5022.46 2581.38 2490.36 2362.11 16185.2 1998.03 2094.52 2407.49 1890.63 1656.54 1602.13 1440.71 1457.54 1456.65 1941.63 1674.09 1670.38 1428.2 1487.69 1422.44 1530.73 1578.4 1955.17 1492.62
threshold=1.0000000180025095e-35 1.0000000180025095e-35 0.6738228201866151 0.67412567138671886 0.71178066730499279 5.7179052829742441 0.71188408136367809 0.76038458943367015 0.5017452060066323 0.76285651326179515 0.71188408136367809 0.82640294990990504 0.062544310608337803 0.67387536168098461 0.24692498061505577 66.850002288818374 65.850002288818374 25.500000000000004 0.009051884911948558 3.8100725412368779 0.023010296375251423 0.73096932226653644 -0.0018621981143951414 1.7158895134925845 66.379353392756727 0.69498762488365184 66.637280831173825 0.00010585893808754581 2.3629051446914677 23.500000000000004
decision_type=2 2 2 2 2 2 2 2 2 2 2 2 2 2 2 2 2 2 2 2 2 2 2 2 2 2 2 2 2 2
left_child=1 2 -1 15 -5 9 -7 -8 17 10 -6 12 25 16 -15 -4 -14 18 19 -2 -21 -22 -23 24 -16 26 29 -28 -29 -3
right_child=8 11 3 4 5 6 7 -9 -10 -11 -12 -13 13 14 23 -17 -18 -19 -20 20 21 22 -24 -25 -26 -27 27 28 -30 -31
leaf_value=-0.0015062710546540647 -0.018408861395157166 -0.0070306716744801051 0.051759941553888779 -0.010028191399822804 0.048595102556641442 0.050722955010374687 -0.014227539878002918 0.013967978934789871 -0.027818838549268102 0.049607514315527672 -0.024205200492599329 -0.014951566562497631 0.029942383972355893 0.065843258685525249 0.045471990698380517 -0.050832996446424396 -0.010185769084264709 0.0065064293430153047 -0.024740804114051933 -0.055166745398598505 -0.0067953540514944901 0.035366275503025728 -0.018469380593686895 0.00075064360209210984 0.0081311097851188511 -0.015734220195053147 0.0068755520775587442 -0.034058466088235755 -0.00097611402075048394 0.016442406137455963
leaf_weight=129172.04914061725 37235.000132352114 137725.05096584558 35021.583321012557 37189.585237845778 34166.421874716878 6230.7829530909657 14291.71141012013 18790.573757953942 18086.898864619434 35925.575077153742 9831.5833617076278 24003.389261350036 13005.860378324986 1161.0822340995073 3463.4119155704975 397.86044603586197 3075.4969290196896 14664.255576118827 15006.120518237352 2180.9511492103338 389300.93041086197 1487.68997181952 45665.349812805653 199705.1873164624 11604.33692830801 18651.609825149179 71339.093333020806 4554.6825774013996 229492.19282993674 7122.6693360954523
leaf_count=521511 175756 545620 449141 165958 421462 61408 57405 103033 142816 501216 47365 94801 61871 6034 14748 1905 12679 61195 74398 15175 1783357 7127 222352 795059 49876 72787 281940 17805 906133 27939
internal_value=-0.000491994 0.00406227 0.014967 0.0260587 0.0205002 0.0300219 0.00954335 0.00178737 -0.00958893 0.0400949 0.0323275 -0.000766822 -0.000281042 0.00360457 0.00221463 0.0506074 0.022268 -0.0089367 -0.00939805 -0.00891422 -0.00810823 -0.00787307 -0.0167708 0.00187061 0.0167144 -0.00220373 -0.00164321 0.000364643 -0.00161993 -0.00587641
internal_weight=1.56955e+06 1.04592e+06 321018 191846 156426 119237 39313.1 33082.3 523627 79923.6 43998 724904 700901 232015 215934 35419.4 16081.4 505540 490876 475870 438635 436454 47153 214773 15067.7 468885 450234 305386 234047 144848
internal_count=7699872 5217696 2330404 1808893 1357847 1191889 221846 160438 2482176 970043 468827 2887292 2792491 940267 865717 451046 74550 2339360 2278165 2203767 2028011 2012836 229479 859683 64624 1852224 1779437 1205878 923938 573559
is_linear=0
shrinkage=0.05


Tree=41
num_leaves=31
num_cat=0
split_feature=22 28 32 23 23 23 23 23 23 31 30 19 23 19 28 35 36 31 30 31 32 35 25 23 30 31 25 19 25 25
split_gain=22012.4 23220.7 11538.8 7197.18 6330.08 11630.7 6562.04 9300.58 5635.03 3555.97 3335.07 2664.34 3950.43 5341.28 2701.56 2651.19 2516.49 3974.09 2509.94 2307.12 2155.54 2655.04 2088.95 1925.44 1844.84 1762.75 1631.89 1938.9 1755.27 1542.59
threshold=3.1870928314924075e-05 -0.069309431080407449 5.7179052829742441 0.67412567138671886 0.76285651326179515 0.71188408136367809 0.71178066730499279 0.67412567138671886 0.6738228201866151 66.850002288818374 0.0066036370189105102 88.500000000000014 0.80000919103622448 78.500000000000014 -2.4752107939158283 8.5000000000000018 1.0000000180025095e-35 67.950000762939467 0.75554275623389466 63.527778625488288 11.834272384643556 19.500000000000004 0.96683895185324353 0.69585964083671581 0.47531450820381477 71.750000000000014 7.9271654433146646 65.500000000000014 9.6358933468701107 10.805647036389518
decision_type=2 2 2 2 2 2 2 2 2 2 2 2 2 2 2 2 2 2 2 2 2 2 2 2 2 2 2 2 2 2
left_child=1 24 4 8 5 6 7 9 -4 -3 -2 12 13 14 -12 25 -5 19 22 -18 -17 -22 -16 -9 26 -14 -1 29 -29 -28
right_child=10 2 3 16 -6 -7 -8 23 -10 -11 11 -13 15 -15 18 20 17 -19 -20 -21 21 -23 -24 -25 -26 -27 27 28 -30 -31
leaf_value=-0.013287810202675963 -0.04726245414144243 0.045156321568133082 0.0042579200832021536 -0.0029561791255155543 0.048984881332913656 -0.019909053317377568 0.047943132499221573 -0.033634397755065014 0.050980336234337009 -0.038639823516924403 -0.021554283452136079 0.036148758041338554 -0.041772345979694231 0.035431701334947129 0.031128244531190931 -0.015350264285764529 -0.034691873099867009 -0.041765207115080735 -0.011259406624883502 0.04997991228791538 0.038078194852698095 -0.048924937198636193 -0.0028221419541264899 0.0019431024435756735 -0.007780227199798085 -0.01363756512604249 0.0045866119961561272 0.002910181042724452 0.044724793090122734 -0.017012413447975279
leaf_weight=15073.299305520952 4452.6500190794468 19734.450150132179 11375.222855933011 67305.52660074085 34744.352212555707 12980.504855103791 32876.968429744244 5655.111893415451 14914.67800706625 1352.7643559500575 20940.581246644258 4136.5254616141319 13765.582213766873 8759.3812975287437 4552.2096903473139 15830.745112024248 911.41361927986145 1835.237830504775 93080.992863476276 6854.9547189027071 4441.3691896945238 1092.5038146078587 960284.91655725241 11610.741136826575 102133.41295678914 9348.0946154221892 62741.784167774022 4718.8607624769211 5360.902885787189 9520.8475357145071
leaf_count=62896 25969 229377 51875 323952 502960 61896 421664 24651 198903 6113 98432 17447 61895 39983 20865 69669 3939 8000 400405 54330 19265 4581 4085589 60558 427360 41876 258809 19278 57986 39349
internal_value=-0.00046636 0.00929455 0.0204146 0.00818015 0.0310283 0.0236195 0.0315519 0.0175009 0.0307644 0.0397806 -0.00407488 -0.00390563 -0.00405199 -0.0034547 -0.00377042 -0.0186574 0.000459933 0.024406 -0.00341841 0.040043 -0.0059603 0.0209014 -0.00266196 -0.00970978 -0.00308502 -0.0303936 0.00183757 0.00460638 0.0251494 0.00174085
internal_weight=1.56239e+06 421701 222152 103197 118955 84210.5 71230 38353.1 26289.9 21087.2 1.14069e+06 1.13623e+06 1.1321e+06 1.08762e+06 1.07886e+06 44478.3 76907.1 9601.61 1.05792e+06 7766.37 21364.6 5533.87 964837 17265.9 199549 23113.7 97415.7 82342.4 10079.8 72262.6
internal_count=7699872 2813896 1948218 640999 1307219 804259 742363 320699 250778 235490 4885976 4860007 4842560 4645274 4605291 197286 390221 66269 4506859 58269 93515 23846 4106454 85209 865678 103771 438318 375422 77264 298158
is_linear=0
shrinkage=0.05


Tree=42
num_leaves=31
num_cat=0
split_feature=18 22 23 23 23 32 23 23 23 18 23 23 22 31 30 18 14 18 29 2 28 28 30 23 29 25 25 30 35 2
split_gain=22550 18376.7 20412 10222.6 15560.3 9263.97 4107.13 2587.92 14221.7 2325.74 2317.79 1809.75 1797.83 1553.47 1543.45 1438.2 6322.83 4592.94 1383.17 1370.54 2285.03 1339.55 2934.51 2052.42 1911.91 1560.76 2704.55 1747.34 1322.19 1266.45
threshold=1.0000000180025095e-35 3.1870928314924075e-05 0.6738228201866151 0.67412567138671886 0.71118247509002697 5.7179052829742441 0.71188408136367809 0.76285651326179515 0.71188408136367809 0.5017452060066323 0.76038458943367015 0.62001636624336254 0.00081308384234240582 66.850002288818374 0.65438549899112131 0.3318732591531755 0.20412414523618203 0.37397879600197181 69.987645968342321 7.5000000000000009 1.2411472216289925 -1.1726311165213883 0.45843178697796488 0.5799507498741151 70.539872949588926 9.8252981618563222 9.6358933468701107 0.63572799066219166 25.500000000000004 2.5000000000000004
decision_type=2 2 2 2 2 2 2 2 2 2 2 2 2 2 2 2 2 2 2 2 2 2 2 2 2 2 2 2 2 2
left_child=1 2 14 13 -5 7 -7 8 -6 15 -8 21 18 -4 -1 -2 -17 -18 -13 20 -14 22 24 -24 -3 26 -23 -28 -21 -9
right_child=9 11 3 4 5 6 10 29 -10 -11 -12 12 19 -15 -16 16 17 -19 -20 28 -22 25 23 -25 -26 -27 27 -29 -30 -31
leaf_value=0.0018516051011032955 -0.013788904284304125 0.010094798618583159 0.051018695480088819 -0.0084746281053815539 0.046984492656102723 0.045944555524538758 -0.013092756800708283 0.012990537557228551 -0.018735767944823265 -0.026781668028310546 0.013332501035758905 0.0024418244840225777 -0.0062882172763319717 -0.046304295742091973 -0.010994111722998526 -0.0093495575765357268 -0.011358816496929741 0.02051938738585124 0.014273994457409934 -0.0010326505989221996 -0.042362739151432627 -0.0098942160258427073 -0.011628412533368613 0.009033904815503908 -0.056932405721672845 -0.015794302797667831 0.024332409395319776 -0.018106762278168067 0.029428960926734457 0.051473010785434016
leaf_weight=109138.29020314664 96739.408399119973 47297.058641463518 32289.036310747266 38636.519905820489 32372.063125468791 6215.578380972147 14814.354209214449 2296.7959737926722 11038.741768397391 17640.106119200587 18864.716738283634 255490.16619756818 42189.000931039453 415.22645239531994 29760.129092365503 355553.06396025419 17178.990468740463 33011.535557612777 27342.762058362365 156966.68457473814 4899.3515648543835 39558.867901265621 57454.918095037341 15197.362127006054 1088.2975119799376 44096.216871634126 11441.858357727528 3077.7355465292931 3644.8927913308144 30932.357872255147
leaf_count=443069 458691 187562 449410 169668 426468 62962 59310 32950 51851 142816 104076 1033924 164399 1929 118120 1651452 80762 148455 111371 612732 18996 155269 234376 60714 4367 172741 45357 12311 14272 469492
internal_value=-0.00044167 0.00382131 0.013633 0.0243779 0.0190234 0.0281403 0.00860087 0.0383115 0.0302728 -0.00893709 0.00170886 -0.000696081 0.000991742 0.0497829 -0.000900701 -0.00831063 -0.00700447 0.00960826 0.0035857 -0.00254055 -0.0100417 -0.00447293 -0.000952827 -0.00730627 0.00858709 -0.0088128 -0.00311998 0.0153365 -0.000341342 0.0488132
internal_weight=1.55664e+06 1.03652e+06 326774 187875 155171 116535 39894.6 76640 43410.8 520123 33679.1 709745 490533 32704.3 138898 502483 405744 50190.5 282833 207700 47088.4 219212 121038 72652.3 48385.4 98174.7 54078.5 14519.6 160612 33229.2
internal_count=7699872 5217696 2389305 1828116 1376777 1207109 226348 980761 478319 2482176 163386 2828391 1955694 451339 561189 2339360 1880669 229217 1145295 810399 183395 872697 487019 295090 191929 385678 212937 57668 627004 502442
is_linear=0
shrinkage=0.05


Tree=43
num_leaves=31
num_cat=0
split_feature=22 28 32 23 23 23 23 23 23 30 3 28 30 28 22 23 31 30 25 23 3 35 35 30 19 17 32 25 31 25
split_gain=18407.5 19809.1 10830 6389.45 6209.7 11180 5343.86 7818.69 3843.74 3123.9 2905.14 2918.13 2587.84 2498.19 2365.02 2354.65 2343.57 2330.75 2165.86 4052.32 2010.6 4027.41 2491.88 2572.95 2417.57 2356.37 2073.2 1935.68 1681.93 1676.7
threshold=4.3922832279037738e-05 0.01904526819661418 5.7179052829742441 0.67412567138671886 0.76285651326179515 0.71188408136367809 0.71178066730499279 0.67412567138671886 0.6738228201866151 0.023010296375251423 5.5000000000000009 0.44128561604330557 0.45557139690883769 -3.4551257773507946 0.0066837836582464994 0.70196795463562023 66.850002288818374 0.82640294990990504 9.6358933468701107 0.66530331969261181 6.5000000000000009 15.500000000000002 12.500000000000002 0.30920109650996835 88.500000000000014 76.003472222222243 3.2736318111419682 9.3030245015221311 66.850002288818374 10.805647036389518
decision_type=2 2 2 2 2 2 2 2 2 2 2 2 2 2 2 2 2 2 2 2 2 2 2 2 2 2 2 2 2 2
left_child=1 12 4 8 5 6 7 16 -4 -2 11 -5 18 -11 17 -9 -3 20 -1 29 21 25 24 -24 -22 -15 -23 -13 -21 -20
right_child=9 2 3 10 -6 -7 -8 15 -10 13 -12 27 -14 14 -16 -17 -18 -19 19 28 22 26 23 -25 -26 -27 -28 -29 -30 -31
leaf_value=-0.0037656115341282307 -0.035462790128461624 0.047821657313964018 0.0014281571012908132 -0.007238356279219902 0.04822518262593669 -0.014983790999458979 0.046874474361473455 -0.023285118952938635 0.050862873358096465 -0.038497501810036666 -0.0056154187670317546 0.035252853056418128 -0.0064378320300175641 -0.0024254325377176204 -0.01447448818525621 0.012236984182197876 -0.040372218065162224 -0.016670447214114134 0.0083321714554793654 0.042028587327562955 -0.0035504929017847707 -0.042117648016167727 -0.0045114154592527577 0.0076972582438018583 0.057465679528979657 -0.039788055555232203 -0.012547181606680564 -0.022873938621154544 -0.027730231822880987 -0.014015278551320813
leaf_weight=52850.73523195833 7807.7421516776085 15571.662830598652 5942.5181622058153 8923.4412595555186 32408.61410792917 16094.550002582371 30407.101388275623 8450.2710441797972 11623.082935027778 5139.9235907420516 54313.711830504239 13214.015760160983 129813.38126569241 392135.40827587992 47422.128546491265 10414.88700144738 791.46965499222279 30500.824202619493 43799.405425652862 10803.160047993064 315363.0307379812 6401.044651299715 62773.698367714882 138085.16422525793 1631.7145824283361 4265.763147123158 80098.367871843278 1606.2982359007001 939.12182204425335 10383.099983230233
leaf_count=223280 44556 206625 29300 38132 505746 74830 421766 36859 169133 24375 240503 110865 545384 1682280 228649 55171 3719 131796 180599 109667 1342626 26344 263852 576423 7052 18832 346444 8133 3930 43001
internal_value=-0.000418707 0.00799025 0.0193059 0.00689351 0.0297048 0.0223608 0.0315182 0.0182634 0.034139 -0.00394946 0.00076231 0.0153513 -0.00155804 -0.00372243 -0.00355672 -0.00367447 0.0435556 -0.00305467 0.00377524 0.00982061 -0.00263969 -0.00496052 -0.000475505 0.00388172 -0.0032364 -0.00282751 -0.0147355 0.0289527 0.0364492 0.00404967
internal_weight=1.54998e+06 458351 209762 95623.1 114139 81729.9 65635.4 35228.3 17565.6 1.09162e+06 78057.5 23743.8 248589 1.08382e+06 1.07868e+06 18865.2 16363.1 1.03126e+06 118776 65924.8 1.00075e+06 482901 517854 200859 316995 396401 86499.4 14820.3 11742.3 54182.5
internal_count=7699872 3006643 1900782 596066 1304716 798970 724140 302374 198433 4693229 397633 157130 1105861 4648673 4624298 92030 210344 4395649 560477 337197 4263853 2073900 2189953 840275 1349678 1701112 372788 118998 113597 223600
is_linear=0
shrinkage=0.05


end of trees

feature_importances:
headroom_to_ondemand=350
family_stress_index=163
price_volatility_6h=112
family_hour_zscore=93
savings_std_144=90
month=85
family_avg_savings=84
family_std_savings=57
family_hour_std_savings=48
days_to_nearest_event=46
family_hour_deviation=42
savings_lag_6=38
savings_min_144=16
savings_lag_24=15
family_dow_avg_savings=15
pool_historical_zero_rate=13
day_of_month=11
family_weekend_avg_savings=10
family_hour_avg_savings=9
savings_std_24=5
price_velocity_1h=5
day_of_week=4
savings_min_24=4
savings_lag_144=3
savings_mean_24=1
savings_mean_144=1

parameters:
[boosting: gbdt]
[objective: binary]
[metric: auc]
[tree_learner: serial]
[device_type: cpu]
[data_sample_strategy: bagging]
[data: ]
[valid: ]
[num_iterations: 1000]
[learning_rate: 0.05]
[num_leaves: 31]
[num_threads: 8]
[seed: 42]
[deterministic: 0]
[force_col_wise: 0]
[force_row_wise: 0]
[histogram_pool_size: -1]
[max_depth: 8]
[min_data_in_leaf: 20]
[min_sum_hessian_in_leaf: 0.001]
[bagging_fraction: 0.8]
[pos_bagging_fraction: 1]
[neg_bagging_fraction: 1]
[bagging_freq: 5]
[bagging_seed: 400]
[bagging_by_query: 0]
[feature_fraction: 0.8]
[feature_fraction_bynode: 1]
[feature_fraction_seed: 30056]
[extra_trees: 0]
[extra_seed: 12879]
[early_stopping_round: 0]
[early_stopping_min_delta: 0]
[first_metric_only: 0]
[max_delta_step: 0]
[lambda_l1: 0]
[lambda_l2: 0.1]
[linear_lambda: 0]
[min_gain_to_split: 0]
[drop_rate: 0.1]
[max_drop: 50]
[skip_drop: 0.5]
[xgboost_dart_mode: 0]
[uniform_drop: 0]
[drop_seed: 17869]
[top_rate: 0.2]
[other_rate: 0.1]
[min_data_per_group: 100]
[max_cat_threshold: 32]
[cat_l2: 10]
[cat_smooth: 10]
[max_cat_to_onehot: 4]
[top_k: 20]
[monotone_constraints: ]
[monotone_constraints_method: basic]
[monotone_penalty: 0]
[feature_contri: ]
[forcedsplits_filename: ]
[refit_decay_rate: 0.9]
[cegb_tradeoff: 1]
[cegb_penalty_split: 0]
[cegb_penalty_feature_lazy: ]
[cegb_penalty_feature_coupled: ]
[path_smooth: 0]
[interaction_constraints: ]
[verbosity: -1]
[saved_feature_importance_type: 0]
[use_quantized_grad: 0]
[num_grad_quant_bins: 4]
[quant_train_renew_leaf: 0]
[stochastic_rounding: 1]
[linear_tree: 0]
[max_bin: 255]
[max_bin_by_feature: ]
[min_data_in_bin: 3]
[bin_construct_sample_cnt: 200000]
[data_random_seed: 175]
[is_enable_sparse: 1]
[enable_bundle: 1]
[use_missing: 1]
[zero_as_missing: 0]
[feature_pre_filter: 1]
[pre_partition: 0]
[two_round: 0]
[header: 0]
[label_column: ]
[weight_column: ]
[group_column: ]
[ignore_column: ]
[categorical_feature: ]
[forcedbins_filename: ]
[precise_float_parser: 0]
[parser_config_file: ]
[objective_seed: 16083]
[num_class: 1]
[is_unbalance: 1]
[scale_pos_weight: 1]
[sigmoid: 1]
[boost_from_average: 1]
[reg_sqrt: 0]
[alpha: 0.9]
[fair_c: 1]
[poisson_max_delta_step: 0.7]
[tweedie_variance_power: 1.5]
[lambdarank_truncation_level: 30]
[lambdarank_norm: 1]
[label_gain: ]
[lambdarank_position_bias_regularization: 0]
[eval_at: ]
[multi_error_top_k: 1]
[auc_mu_weights: ]
[num_machines: 1]
[local_listen_port: 12400]
[time_out: 120]
[machine_list_filename: ]
[machines: ]
[gpu_platform_id: -1]
[gpu_device_id: -1]
[gpu_use_dp: 0]
[num_gpu: 1]

end of parameters

pandas_categorical:[]
