tree
version=v4
num_class=1
num_tree_per_iteration=1
label_index=0
max_feature_idx=36
objective=regression
feature_names=hour day_of_week day_of_month month is_weekend is_business_hours hour_sin hour_cos day_sin day_cos savings_lag_6 savings_lag_24 savings_lag_144 savings_mean_24 savings_std_24 savings_min_24 savings_max_24 savings_mean_144 savings_std_144 savings_min_144 savings_max_144 price_velocity_1h price_volatility_6h headroom_to_ondemand family_hour_avg_savings family_hour_std_savings family_dow_avg_savings family_hour_deviation family_hour_zscore family_weekend_avg_savings family_stress_index family_avg_savings family_std_savings is_holiday is_stress_event days_to_nearest_event pool_historical_zero_rate
feature_infos=[0:23] [0:6] [1:31] [1:12] [0:1] [0:1] [-1:1] [-1:1] [-0.97492791218182362:0.97492791218182362] [-0.90096886790241903:1] [22:90] [22:90] [22:90] [22:90] [0:1.0179547554135804] [22:90] [22:90] [22.375:90] [0:1.3992311130933803] [22:90] [23:90] [-0.026660799980163574:0.03427577018737793] [0:0.037217218873630206] [0.22720584273338318:0.90000003576278687] [57.98341094295693:76] [0:11.35008842400093] [57.967921777167852:76] [-42.056703660059441:24.20639593597943] [-5:3.2151860207724048] [57.9991483853386:76] [0:0.95230420815335415] [52.200000762939453:76] [0:17.986413955688477] [0:1] [0:1] [0:29] [0:4.9381022453308105]
tree_sizes=3130 3235 3237 3215 3250 3243 3235 3244 3247 3229 3236 3219 3234 3211 3221 3219 3242 3232 3238 3236 3238 3241 3250 3237 3238 3230 3247 3243 3219 3239 3237 3252 3231 3236 3227 3240 3245 3257 3243 3264 3250 3253 3243 3254 3257 3240 3247 3228 3261 3246 3241 3261 3249 3265 3244 3284 3263 3259 3248 3268 3260 3239 3262 3273 3258 3272 3263 3254 3252 3260 3280 3268 3285 3276 3260 3283 3261 3234 3259 3292 3299 3297 3279 3307 3294 3291 3315 3306 3285 3298 3297 3308 3320 3334 3328 3293 3301 3345 3274 3339 3370 3353 3370 3328 3326 3283 3307 3300 3360 3358 3356 3332 3360 3304 3393 3317 3248 3353 3353 3359 3304 3325 3305 3350 3345 3315 3233 3308 3349 3266 3282 3339 3336 3296 3352 3261 3266 3286 3341 3339 3273 3283 3256 3243 3293 3254 3344 3305 3237 3287 3300 3305 3287 3261 3251 3159 3281 3256 3233 3219 3242 3267 3174 3307 3184 3218 3189 3254 3230 3200 3118 3202 3182 3156 3222 3236 3158 3206 3261

Tree=0
num_leaves=31
num_cat=0
split_feature=13 10 10 10 10 13 10 13 10 16 13 16 10 10 10 10 10 10 10 10 16 10 10 10 16 10 10 10 10 10
split_gain=3.50891e+08 8.95313e+07 5.75297e+07 1.8668e+07 1.57886e+07 1.27488e+07 9.78946e+06 2.48122e+06 2.4285e+06 2.03909e+06 1.90012e+06 1.36182e+06 1.09257e+06 1.04247e+06 973815 954106 401601 397761 371758 280029 241512 240614 195678 191353 174622 158049 151010 140944 137129 117033
threshold=63.979166666666679 72.500000000000014 54.500000000000007 80.500000000000014 68.500000000000014 46.020833333333336 59.500000000000007 65.979166666666671 38.500000000000007 51.500000000000007 75.020833333333357 57.500000000000007 84.500000000000014 61.500000000000007 77.500000000000014 70.500000000000014 49.500000000000007 66.500000000000014 43.500000000000007 32.500000000000007 56.500000000000007 87.500000000000014 67.500000000000014 73.500000000000014 53.500000000000007 64.500000000000014 62.500000000000007 69.500000000000014 71.500000000000014 60.500000000000007
decision_type=2 2 2 2 2 2 2 2 2 2 2 2 2 2 2 2 2 2 2 2 2 2 2 2 2 2 2 2 2 2
left_child=2 4 5 10 7 8 11 25 19 16 23 20 -5 29 -12 27 -7 -9 -10 -1 -4 -14 -19 -3 -11 -2 -15 -6 -17 -8
right_child=1 3 6 12 15 9 13 17 18 24 14 -13 21 26 -16 28 -18 22 -20 -21 -22 -23 -24 -25 -26 -27 -28 -29 -30 -31
leaf_value=63.887672879587498 65.608756474391697 66.05754749490724 65.184061543311302 66.535472250315266 65.857543744801731 64.817819064826708 65.408032763221087 65.708450677845505 64.48442989982729 65.03288498682987 66.211049193494574 65.331899618605135 66.708142232013827 65.508304584271698 66.356878261936814 65.957763659315091 64.934937017225522 65.757632247295916 64.664042798407209 64.195682585575824 65.255920743296599 66.840466981142868 65.807981105042828 66.129375886246478 65.106837794248591 65.658767052394353 65.559257171844166 65.907582024648093 66.007678514465155 65.458266647607985
leaf_weight=10429 297385 153259 312021 91862 265289 134845 223275 353410 55546 206617 703351 436672 99300 282255 136737 681851 160125 803869 59866 25265 187016 52541 253935 234760 130096 337022 299951 299730 172389 241210
leaf_count=10429 297385 153259 312021 91862 265289 134845 223275 353410 55546 206617 703351 436672 99300 282255 136737 681851 160125 803869 59866 25265 187016 52541 253935 234760 130096 337022 299951 299730 172389 241210
internal_value=65.6926 65.9451 65.2416 66.2718 65.8064 64.8787 65.3849 65.7175 64.4661 64.9774 66.1925 65.2674 66.6716 65.49 66.2348 65.9345 64.8814 65.7544 64.5776 64.1057 65.211 66.7539 65.7697 66.101 65.0615 65.6353 65.5346 65.8841 65.9678 65.4341
internal_weight=7.70188e+06 4.93669e+06 2.76519e+06 1.47181e+06 3.46488e+06 782789 1.9824e+06 2.04562e+06 151106 631683 1.22811e+06 935709 243703 1.04669e+06 840088 1.41926e+06 294970 1.41121e+06 115412 35694 499037 151841 1.0578e+06 388019 336713 634407 582206 565019 854240 464485
internal_count=7701879 4936690 2765189 1471810 3464880 782789 1982400 2045621 151106 631683 1228107 935709 243703 1046691 840088 1419259 294970 1411214 115412 35694 499037 151841 1057804 388019 336713 634407 582206 565019 854240 464485
is_linear=0
shrinkage=1


Tree=1
num_leaves=31
num_cat=0
split_feature=23 23 23 23 23 23 23 23 23 15 13 23 23 23 23 13 23 23 16 16 23 15 23 23 23 13 23 13 23 23
split_gain=3.16831e+08 8.01403e+07 5.2578e+07 1.66347e+07 1.42966e+07 1.15798e+07 9.0078e+06 2.29154e+06 2.10627e+06 1.80729e+06 1.60803e+06 1.18552e+06 1.01872e+06 937901 937275 926929 384904 335006 295976 272746 204776 197463 160260 158491 157310 150657 149730 134283 131828 131553
threshold=0.64112070202827465 0.73115593194961559 0.55033984780311596 0.81285843253135692 0.68942305445671093 0.46038834750652319 0.59950739145278942 0.51033937931060802 0.66057932376861583 37.500000000000007 75.020833333333357 0.57847285270690929 0.62001636624336254 0.78044295310974132 0.70961382985115062 85.020833333333357 0.52983984351158153 0.67029699683189403 48.500000000000007 42.500000000000007 0.5607682764530183 31.500000000000004 0.68033981323242199 0.74889159202575695 0.72058704495430004 83.020833333333357 0.63059458136558544 87.020833333333357 0.6500944495201112 0.69993185997009288
decision_type=2 2 2 2 2 2 2 2 2 2 2 2 2 2 2 2 2 2 2 2 2 2 2 2 2 2 2 2 2 2
left_child=2 4 5 10 8 9 11 18 28 21 23 20 -8 -12 29 25 -9 -10 -7 -11 -4 -1 -19 -3 -16 -5 -14 -17 -2 -6
right_child=1 3 6 15 14 7 12 16 17 19 13 -13 26 -15 24 27 -18 22 -20 -21 -22 -23 -24 -25 -26 -27 -28 -29 -30 -31
leaf_value=-1.7526666255333667 -0.077655595425802179 0.3687788618603236 -0.50497780023961292 0.78101410670410309 0.15534615918868613 -0.88082941364633083 -0.24582935114119595 -0.67228950109046337 0.017027942248495426 -1.1948515857667348 0.49268525733575502 -0.34534710521511885 -0.17317558445618664 0.6344217849588345 0.25174341137923378 0.98418385886740301 -0.57619089895956888 0.062482899299861595 -0.76624818099029857 -1.0265937408365631 -0.43556332013850751 -1.4636342010737491 0.10973847300352056 0.4393024995873791 0.30403097889936892 0.89565441655685685 -0.1232260273712623 1.0894874403121289 -0.031330412734457636 0.20365510886192861
leaf_weight=7953 279489 252508 159298 63464 276735 94648 475703 183516 359415 42622 704834 445797 296105 139882 706323 69910 241101 799483 139351 55401 319073 23037 231328 116393 180638 52273 304137 53428 340876 287158
leaf_count=7953 279489 252508 159298 63464 276735 94648 475703 183516 359415 42622 704834 445797 296105 139882 706323 69910 241101 799483 139351 55401 319073 23037 231328 116393 180638 52273 304137 53428 340876 287158
internal_value=-4.87058e-06 0.241535 -0.425783 0.553218 0.110728 -0.771811 -0.289519 -0.686959 0.0244088 -1.20498 0.478122 -0.40401 -0.191178 0.516156 0.230349 0.934429 -0.617724 0.0585946 -0.812594 -1.09976 -0.458679 -1.53781 0.0730877 0.39103 0.262392 0.832793 -0.147867 1.0298 -0.052201 0.179947
internal_weight=7.70188e+06 4.91414e+06 2.78774e+06 1.45269e+06 3.46144e+06 787629 2.00011e+06 658616 2.01059e+06 129013 1.21362e+06 924168 1.07594e+06 844716 1.45085e+06 239075 424617 1.39023e+06 233999 98023 478371 30990 1.03081e+06 368901 886961 115737 600242 123338 620365 563893
internal_count=7701879 4914137 2787742 1452692 3461445 787629 2000113 658616 2010591 129013 1213617 924168 1075945 844716 1450854 239075 424617 1390226 233999 98023 478371 30990 1030811 368901 886961 115737 600242 123338 620365 563893
is_linear=0
shrinkage=0.05


Tree=2
num_leaves=31
num_cat=0
split_feature=23 10 23 10 23 23 23 10 23 23 23 23 23 23 10 23 23 23 10 10 23 10 23 23 23 23 23 23 23 10
split_gain=2.8594e+08 7.233e+07 4.74517e+07 1.52096e+07 1.2636e+07 1.04731e+07 8.12954e+06 2.02219e+06 1.90091e+06 1.67375e+06 1.54874e+06 1.07506e+06 919391 899291 808126 805947 308014 302343 301643 248146 210027 173702 159795 150004 144634 135132 125322 118975 114359 111314
threshold=0.64112070202827465 72.500000000000014 0.55033984780311596 80.500000000000014 0.68942305445671093 0.47002477943897253 0.59950739145278942 39.500000000000007 0.66057932376861583 0.5190885365009309 0.75888618826866161 0.5799507498741151 0.62001636624336254 0.85320976376533519 70.500000000000014 0.78044295310974132 0.49977821111679083 0.67029699683189403 33.500000000000007 43.500000000000007 0.56844824552536022 87.500000000000014 0.53233033418655407 0.74113664031028759 0.68033981323242199 0.63059458136558544 0.69993185997009288 0.6500944495201112 0.61040237545967113 71.500000000000014
decision_type=2 2 2 2 2 2 2 2 2 2 2 2 2 2 2 2 2 2 2 2 2 2 2 2 2 2 2 2 2 2
left_child=2 4 5 10 8 7 11 18 27 16 23 20 28 -5 26 -12 -7 -10 -1 -9 -4 -15 -11 -3 -19 -14 -6 -2 -8 -16
right_child=1 3 6 13 14 9 12 19 17 22 15 -13 25 21 29 -17 -18 24 -20 -21 -22 -23 -24 -25 -26 -27 -28 -29 -30 -31
leaf_value=-1.5994288861684627 -0.073772818750743305 0.33175861296977877 -0.46077739148684316 0.76823762696324938 0.147578854778115 -0.78876205291558421 -0.25785695706876294 -1.076767641560276 0.016176545118408193 -0.61267968047830756 0.46725232818231871 -0.32473610692044985 -0.1645168080745727 0.92194470574232656 0.23935895061904675 0.60027530476794233 -0.68517579011059293 0.05935875783928786 -1.3100766861045539 -0.92700977186760003 -0.395485568339075 1.0360387002764195 -0.54253518243644816 0.39540687844127914 0.10425154631226395 -0.11706472235684649 0.19420376718385055 -0.029763892709053493 -0.20882423002823383 0.28433079118994914
leaf_weight=13269 279489 171260 289933 99732 276735 131484 239765 49907 359415 130873 720109 420086 296105 91430 681851 135254 158025 799483 28064 62077 214149 52541 213930 201484 231328 304137 300761 340876 235938 172389
leaf_count=13269 279489 171260 289933 99732 276735 131484 239765 49907 359415 130873 720109 420086 296105 91430 681851 135254 158025 799483 28064 62077 214149 52541 213930 201484 231328 304137 300761 340876 235938 172389
internal_value=-4.62703e-06 0.229458 -0.404493 0.522821 0.104027 -0.733221 -0.275043 -1.10407 0.0231883 -0.643583 0.451221 -0.38381 -0.18162 0.883641 0.217548 0.488287 -0.732221 0.0556649 -1.40297 -0.993752 -0.43304 0.963583 -0.569159 0.366163 0.0694333 -0.140473 0.171861 -0.049591 -0.233538 0.248434
internal_weight=7.70188e+06 4.91414e+06 2.78774e+06 1.47181e+06 3.44233e+06 787629 2.00011e+06 153317 2.01059e+06 634312 1.22811e+06 924168 1.07594e+06 243703 1.43174e+06 855363 289509 1.39023e+06 41333 111984 504082 143971 344803 372744 1.03081e+06 600242 577496 620365 475703 854240
internal_count=7701879 4914137 2787742 1471810 3442327 787629 2000113 153317 2010591 634312 1228107 924168 1075945 243703 1431736 855363 289509 1390226 41333 111984 504082 143971 344803 372744 1030811 600242 577496 620365 475703 854240
is_linear=0
shrinkage=0.05


Tree=3
num_leaves=31
num_cat=0
split_feature=10 10 10 13 10 10 10 10 10 10 10 10 10 10 10 10 10 10 10 16 13 10 10 10 10 10 10 10 10 10
split_gain=2.57983e+08 6.61019e+07 4.19913e+07 1.37274e+07 1.17134e+07 9.39464e+06 7.07152e+06 1.87226e+06 1.85367e+06 1.48003e+06 1.39192e+06 1.00535e+06 828832 736890 701624 700970 312295 304161 241891 209728 195058 174280 156995 149654 143490 111402 105424 104814 102811 101955
threshold=63.500000000000007 72.500000000000014 54.500000000000007 80.020833333333357 68.500000000000014 45.500000000000007 59.500000000000007 65.500000000000014 50.500000000000007 38.500000000000007 75.500000000000014 57.500000000000007 85.500000000000014 61.500000000000007 77.500000000000014 70.500000000000014 52.500000000000007 66.500000000000014 48.500000000000007 33.500000000000007 55.979166666666679 42.500000000000007 82.500000000000014 73.500000000000014 67.500000000000014 64.500000000000014 58.500000000000007 87.500000000000014 69.500000000000014 62.500000000000007
decision_type=2 2 2 2 2 2 2 2 2 2 2 2 2 2 2 2 2 2 2 2 2 2 2 2 2 2 2 2 2 2
left_child=2 4 5 10 7 9 11 25 18 19 23 20 22 -8 -12 28 -10 -9 -7 -1 -4 -11 -5 -3 -19 -2 -13 -14 -6 -15
right_child=1 3 6 12 15 8 13 17 16 21 14 26 27 29 -16 -17 -18 24 -20 -21 -22 -23 -24 -25 -26 -27 -28 -29 -30 -31
leaf_value=-1.5221986423294949 -0.072128094608146773 0.3121195475055174 -0.45804800112305843 0.674673228447499 0.141557667380874 -0.79466812295948919 -0.22155287906668827 0.01325359959680978 -0.60686157364890958 -1.0637156221867408 0.4447515703920491 -0.33297381771986817 0.89057870277103379 -0.15804465767667117 0.56900550482976475 0.23601275797666788 -0.52036564559912069 0.055809620257887209 -0.69111966092159138 -1.2702808787840256 -0.39117559375011046 -0.92502468883312705 0.79111797249386129 0.37546341807506273 0.098924701439514526 -0.030225379767643903 -0.28325641239153371 0.98423683124880013 0.18429415673631239 -0.1157373727073864
leaf_weight=12998 309928 153259 158211 46631 265289 97554 464485 365540 187560 39062 699977 211378 69290 282255 135627 854240 235258 803869 133717 22696 350945 53944 76351 238134 253935 324892 215175 52541 299730 287408
leaf_count=12998 309928 153259 158211 46631 265289 97554 464485 365540 187560 39062 699977 211378 69290 282255 135627 854240 235258 803869 133717 22696 350945 53944 76351 238134 253935 324892 215175 52541 299730 287408
internal_value=-4.40279e-06 0.215807 -0.388031 0.49668 0.0969275 -0.697822 -0.264924 0.0207244 -0.620987 -1.08832 0.428472 -0.364518 0.838536 -0.174811 0.464919 0.207435 -0.558735 0.0525725 -0.734798 -1.36202 -0.411955 -0.983275 0.746966 0.35066 0.0661598 -0.0506829 -0.307894 0.930971 0.164228 -0.1367
internal_weight=7.70188e+06 4.94923e+06 2.75265e+06 1.47181e+06 3.47742e+06 782789 1.96986e+06 2.05816e+06 654089 128700 1.227e+06 935709 244813 1.03415e+06 835604 1.41926e+06 422818 1.42334e+06 231271 35694 509156 93006 122982 391393 1.0578e+06 634820 426553 121831 565019 569663
internal_count=7701879 4949233 2752646 1471810 3477423 782789 1969857 2058164 654089 128700 1226997 935709 244813 1034148 835604 1419259 422818 1423344 231271 35694 509156 93006 122982 391393 1057804 634820 426553 121831 565019 569663
is_linear=0
shrinkage=0.05


Tree=4
num_leaves=31
num_cat=0
split_feature=23 23 23 23 23 23 23 10 23 23 23 23 23 10 23 23 10 23 23 10 23 23 23 23 23 23 23 23 23 23
split_gain=2.32921e+08 5.94166e+07 3.81347e+07 1.24618e+07 1.03826e+07 8.54921e+06 6.41253e+06 1.64941e+06 1.63313e+06 1.37007e+06 1.34738e+06 952630 751790 686673 644880 631367 250908 250019 246118 201772 179733 139043 124487 117843 106490 105956 96309.2 96079.4 94755 93228.5
threshold=0.64029967784881603 0.72947821021080028 0.55033984780311596 0.81285843253135692 0.68942305445671093 0.47002477943897253 0.60077652335166942 39.500000000000007 0.66057932376861583 0.5190885365009309 0.75117507576942455 0.5799507498741151 0.78044295310974132 85.500000000000014 0.70961382985115062 0.62001636624336254 34.500000000000007 0.49977821111679083 0.67029699683189403 43.500000000000007 0.56993085145950328 0.53944709897041332 0.83397981524467479 0.68033981323242199 0.65078735351562511 0.58973547816276561 0.69993185997009288 0.88134998083114635 0.63059458136558544 0.71903863549232494
decision_type=2 2 2 2 2 2 2 2 2 2 2 2 2 2 2 2 2 2 2 2 2 2 2 2 2 2 2 2 2 2
left_child=2 4 5 10 8 7 11 16 24 17 -3 20 -12 22 26 -8 -1 -7 -10 -9 -4 -11 -5 -20 -2 -13 -6 -15 -17 -16
right_child=1 3 6 13 14 9 15 19 18 21 12 25 -14 27 29 28 -18 -19 23 -21 -22 -23 -24 -25 -26 -27 -28 -29 -30 -31
leaf_value=-1.4113858938375126 -0.065994685327828803 0.31595126259283157 -0.41386723538836145 0.65535743629932575 0.1332130800522352 -0.71189625234069132 -0.20796700669484267 -0.97203416210712923 0.01461742627345335 -0.53863954135883463 0.4180629694578688 -0.31668249203310267 0.54375222707003334 0.84813474797552224 0.21463748547876127 -0.1485061348931602 -1.1617987476143603 -0.61857017521323965 0.053574022723960085 -0.83699285169910143 -0.35214373829416301 -0.47343911939734673 0.75949062974436532 0.094096277868183781 -0.025339425654845295 -0.26796639205682132 0.17454750434688099 0.93877220195064348 -0.10793463177568002 0.25521910790587599
leaf_weight=17381 328227 305746 315840 50192 276735 131484 447196 49907 359415 211466 795882 208874 139882 73056 680369 296105 23952 158025 799483 62077 188242 133337 67052 231328 316274 239719 287158 48775 280001 178699
leaf_count=17381 328227 305746 315840 50192 276735 131484 447196 49907 359415 211466 795882 208874 139882 73056 680369 296105 23952 158025 799483 62077 188242 133337 67052 231328 316274 239719 287158 48775 280001 178699
internal_value=-4.18178e-06 0.205692 -0.367562 0.470733 0.0922016 -0.661748 -0.250299 -0.996813 0.0197456 -0.580761 0.407078 -0.343651 0.436852 0.801294 0.195808 -0.16339 -1.26676 -0.660956 0.0502453 -0.897176 -0.390818 -0.513426 0.714912 0.0626678 -0.0460441 -0.29065 0.154262 0.884422 -0.128787 0.223079
internal_weight=7.70188e+06 4.93827e+06 2.76361e+06 1.48058e+06 3.45769e+06 787629 1.97598e+06 153317 2.03473e+06 634312 1.24151e+06 952675 935764 239075 1.42296e+06 1.0233e+06 41333 289509 1.39023e+06 111984 504082 344803 117244 1.03081e+06 644501 448593 563893 121831 576106 859068
internal_count=7701879 4938273 2763606 1480585 3457688 787629 1975977 153317 2034727 634312 1241510 952675 935764 239075 1422961 1023302 41333 289509 1390226 111984 504082 344803 117244 1030811 644501 448593 563893 121831 576106 859068
is_linear=0
shrinkage=0.05


Tree=5
num_leaves=31
num_cat=0
split_feature=23 23 23 16 23 23 23 16 23 23 10 23 10 23 23 23 23 16 23 10 23 10 23 23 23 23 23 23 23 23
split_gain=2.10167e+08 5.32213e+07 3.48654e+07 1.10494e+07 9.47726e+06 7.69722e+06 5.97936e+06 1.4833e+06 1.43676e+06 1.23723e+06 1.05151e+06 859607 685252 610917 572839 568633 227713 220849 216848 186224 165814 149943 125552 119246 113394 107296 101068 96650.8 95406 85515.1
threshold=0.64112070202827465 0.73115593194961559 0.55033984780311596 80.500000000000014 0.690381020307541 0.47002477943897253 0.60077652335166942 39.500000000000007 0.66138610243797313 0.5190885365009309 75.500000000000014 0.5799507498741151 84.500000000000014 0.62118539214134227 0.71039602160453807 0.78044295310974132 0.49092386662960058 34.500000000000007 0.67927435040473949 43.500000000000007 0.56220871210098278 86.500000000000014 0.53944709897041332 0.66970753669738781 0.74889159202575695 0.72058704495430004 0.65078735351562511 0.61040237545967113 0.58973547816276561 0.63059458136558544
decision_type=2 2 2 2 2 2 2 2 2 2 2 2 2 2 2 2 2 2 2 2 2 2 2 2 2 2 2 2 2 2
left_child=2 4 5 10 8 7 11 17 26 16 24 20 -5 27 -6 -12 -7 -1 23 -9 -4 -14 -11 -10 -3 -16 -2 -8 -13 -15
right_child=1 3 6 12 14 9 13 19 18 22 15 28 21 29 25 -17 -18 -19 -20 -21 -22 -23 -24 -25 -26 -27 -28 -29 -30 -31
leaf_value=-1.3420870543404684 -0.061583168064281525 0.29962592370782798 -0.40903680629951378 0.64994047089961182 0.14980944077498545 -0.70053595033073235 -0.2205122204535874 -0.92422223669641412 0.01310600113787244 -0.51174017476127753 0.40171929061578671 -0.30086279717884873 0.76782321504298245 -0.13920738412159678 0.2055526969054971 0.51405185789866492 -0.60084095890703804 -1.1060428837801337 0.088812734070414567 -0.79505453643493973 -0.34951376253034228 0.86755198191457361 -0.44978765389987374 0.049784409710116169 0.35872175476065693 0.2489134455465421 -0.022002149031157544 -0.17513972602532593 -0.25462073154627224 -0.10047152372371698
leaf_weight=17076 304518 251893 184556 92940 563758 78709 211301 50596 306489 210749 701834 208643 69044 268005 681536 134201 210403 23626 280965 62239 319670 83029 133653 800031 119777 180446 342873 264041 239692 304213
leaf_count=17076 304518 251893 184556 92940 563758 78709 211301 50596 306489 210749 701834 208643 69044 268005 681536 134201 210403 23626 280965 62239 319670 83029 133653 800031 119777 180446 342873 264041 239692 304213
internal_value=3.02449e-05 0.196767 -0.346785 0.450754 0.0901474 -0.628696 -0.235853 -0.946316 0.0208868 -0.551719 0.388644 -0.326512 0.756903 -0.153415 0.188999 0.419751 -0.627983 -1.20508 0.0495855 -0.852975 -0.3713 0.822274 -0.487698 0.0396251 0.318671 0.21463 -0.0406202 -0.195309 -0.276141 -0.118614
internal_weight=7.70051e+06 4.91333e+06 2.78717e+06 1.45272e+06 3.46062e+06 787051 2.00012e+06 153537 2.03488e+06 633514 1.2077e+06 952561 245013 1.04756e+06 1.42574e+06 836035 289112 40702 1.38748e+06 112835 504226 152073 344402 1.10652e+06 371670 861982 647391 475342 448335 572218
internal_count=7700506 4913334 2787172 1452718 3460616 787051 2000121 153537 2034876 633514 1207705 952561 245013 1047560 1425740 836035 289112 40702 1387485 112835 504226 152073 344402 1106520 371670 861982 647391 475342 448335 572218
is_linear=0
shrinkage=0.05


Tree=6
num_leaves=31
num_cat=0
split_feature=23 23 23 15 23 23 23 23 23 10 23 23 23 23 23 23 23 23 23 10 10 23 10 23 23 23 23 23 23 23
split_gain=1.89686e+08 4.84347e+07 3.10464e+07 9.98924e+06 8.71092e+06 6.95418e+06 5.22973e+06 1.3987e+06 1.3303e+06 1.10239e+06 941854 843250 686960 624545 561844 350635 234488 200319 183704 178771 174827 138283 135214 101422 96236.9 90601 88359.2 86844.1 85540.6 71663.8
threshold=0.64029967784881603 0.73115593194961559 0.55033984780311596 79.500000000000014 0.68942305445671093 0.46038834750652319 0.59829127788543712 0.51033937931060802 0.66057932376861583 37.500000000000007 0.84335336089134227 0.75117507576942455 0.57130533456802379 0.6191176474094392 0.70961382985115062 0.770134598016739 0.52983984351158153 0.67029699683189403 0.48495049774646765 41.500000000000007 86.500000000000014 0.58847355842590343 30.500000000000004 0.72058704495430004 0.68033981323242199 0.61040237545967113 0.62967428565025341 0.6500944495201112 0.69993185997009288 0.8240671455860139
decision_type=2 2 2 2 2 2 2 2 2 2 2 2 2 2 2 2 2 2 2 2 2 2 2 2 2 2 2 2 2 2
left_child=2 4 5 11 8 9 12 18 27 22 29 -3 -4 25 28 -13 -9 -10 -7 -11 -12 -14 -1 -16 -19 -8 -15 -2 -6 -5
right_child=1 3 6 10 14 7 13 16 17 19 20 15 21 26 23 -17 -18 24 -20 -21 -22 -23 -24 -25 -26 -27 -28 -29 -30 -31
leaf_value=-1.415473031913101 -0.060975957670920379 0.28819928718590404 -0.37083005659163359 0.55002299566655732 0.11933159011995276 -0.69303611524605824 -0.21380943304768529 -0.51989030716050733 0.013210753540746453 -0.95372884731345797 0.7219097239369604 0.37395495298620562 -0.30017959010328099 -0.13749937326581929 0.19446424819385952 0.45759673344679269 -0.44480872698809037 0.048345141295631493 -0.59862393986379936 -0.80724344457909403 0.82417442888518488 -0.24867095903489067 -1.1451887948307835 0.23646778518155567 0.084963913690879134 -0.16994184770317985 -0.09916324829707894 -0.024215374028232886 0.15829694203641764 0.63139002276934886
leaf_weight=5694 303842 277087 342312 63567 276723 76588 266779 183053 359306 29873 84171 747180 345602 293487 706058 150548 240790 799101 157476 68825 83029 209169 24752 180446 231371 210640 308094 340945 286862 47136
leaf_count=5694 303842 277087 342312 63567 276723 76588 266779 183053 359306 29873 84171 747180 345602 293487 706058 150548 240790 799101 157476 68825 83029 209169 24752 180446 231371 210640 308094 340945 286862 47136
internal_value=2.87317e-05 0.185673 -0.331694 0.428216 0.0845588 -0.597262 -0.225921 -0.531413 0.0178192 -0.932719 0.697794 0.364447 -0.315129 -0.151754 0.178199 0.387982 -0.477236 0.045358 -0.629517 -0.851581 0.772693 -0.280759 -1.19574 0.203014 0.0565671 -0.194455 -0.117866 -0.041538 0.139165 0.584669
internal_weight=7.70051e+06 4.93737e+06 2.76313e+06 1.45272e+06 3.48465e+06 787051 1.97608e+06 657907 2.03456e+06 129144 277903 1.17482e+06 897083 1.079e+06 1.45009e+06 897728 423843 1.38978e+06 234064 98698 167200 554771 30446 886504 1.03047e+06 477419 601581 644787 563585 110703
internal_count=7700506 4937372 2763134 1452718 3484654 787051 1976083 657907 2034565 129144 277903 1174815 897083 1079000 1450089 897728 423843 1389778 234064 98698 167200 554771 30446 886504 1030472 477419 601581 644787 563585 110703
is_linear=0
shrinkage=0.05


Tree=7
num_leaves=31
num_cat=0
split_feature=23 23 23 15 23 23 23 23 23 10 23 23 23 23 23 23 23 23 23 10 10 23 15 23 23 23 23 23 23 23
split_gain=1.71192e+08 4.37152e+07 2.80287e+07 9.19322e+06 7.62588e+06 6.08587e+06 4.95204e+06 1.2006e+06 1.16744e+06 994906 867856 850023 690112 563652 474307 316448 181123 180787 165793 161341 157781 125779 122072 86853.8 84396.7 82256.2 79744.2 78376.8 69948.6 64831.7
threshold=0.64029967784881603 0.72947821021080028 0.54824754595756542 79.500000000000014 0.68942305445671093 0.46038834750652319 0.59829127788543712 0.66057932376861583 0.51033937931060802 37.500000000000007 0.75117507576942455 0.84335336089134227 0.57130533456802379 0.6191176474094392 0.71039602160453807 0.770134598016739 0.52983984351158153 0.67029699683189403 0.48495049774646765 41.500000000000007 86.500000000000014 0.58973547816276561 30.500000000000004 0.68033981323242199 0.69993185997009288 0.60919544100761425 0.62967428565025341 0.6500944495201112 0.5607682764530183 0.71903863549232494
decision_type=2 2 2 2 2 2 2 2 2 2 2 2 2 2 2 2 2 2 2 2 2 2 2 2 2 2 2 2 2 2
left_child=2 4 5 10 7 9 12 27 18 22 -3 -5 28 25 24 -12 -10 -9 -7 -11 -13 -14 -1 -19 -6 -8 -15 -2 -4 -16
right_child=1 3 6 11 14 8 13 17 16 19 15 20 21 26 29 -17 -18 23 -20 -21 -22 -23 -24 -25 -26 -27 -28 -29 -30 -31
leaf_value=-1.3413697815306977 -0.057927163106617267 0.27095888400284573 -0.37669820516109653 0.55543525417159934 0.11336501236227357 -0.65838435652382765 -0.20536693621840635 0.012550215780444032 -0.4938958294698565 -0.90604260316328245 0.35525721655808767 0.68581429066990318 -0.28350731539031016 -0.13062440898219901 0.18481495949448953 0.43471690970433063 -0.42623424983368852 0.045927884184583545 -0.56869277676761265 -0.76688132641719386 0.78296573431963112 -0.23295436809703043 -1.0871345914660766 0.080715719911348474 0.15131327023107874 -0.16385765679793537 -0.094205090329439967 -0.023004605918639884 -0.33309268811416171 0.21879851289399271
leaf_weight=5846 303842 305002 185131 110703 276723 76588 240087 359306 183053 29873 747180 84171 370557 293487 655485 150548 215189 799101 157476 68825 83029 184214 24600 231371 311384 237332 308094 340945 182782 178582
leaf_count=5846 303842 305002 185131 110703 276723 76588 240087 359306 183053 29873 747180 84171 370557 293487 655485 150548 215189 799101 157476 68825 83029 184214 24600 231371 311384 237332 308094 340945 182782 178582
internal_value=2.72927e-05 0.176389 -0.315109 0.403714 0.0790184 -0.573304 -0.216891 0.0169283 -0.509421 -0.886083 0.343826 0.662904 -0.301935 -0.144166 0.167845 0.368583 -0.457335 0.0430901 -0.598041 -0.809002 0.734059 -0.266721 -1.13596 0.0537388 0.133457 -0.184732 -0.111973 -0.0394611 -0.355035 0.192091
internal_weight=7.70051e+06 4.93737e+06 2.76313e+06 1.48063e+06 3.45674e+06 761450 2.00168e+06 2.03456e+06 632306 129144 1.20273e+06 277903 922684 1.079e+06 1.42217e+06 897728 398242 1.38978e+06 234064 98698 167200 554771 30446 1.03047e+06 588107 477419 601581 644787 367913 834067
internal_count=7700506 4937372 2763134 1480633 3456739 761450 2001684 2034565 632306 129144 1202730 277903 922684 1079000 1422174 897728 398242 1389778 234064 98698 167200 554771 30446 1030472 588107 477419 601581 644787 367913 834067
is_linear=0
shrinkage=0.05


Tree=8
num_leaves=31
num_cat=0
split_feature=23 23 23 23 23 23 23 15 23 10 10 23 23 23 23 23 23 23 23 16 23 23 23 23 23 23 23 13 23 23
split_gain=1.54501e+08 3.91305e+07 2.56409e+07 8.15136e+06 6.9684e+06 5.86334e+06 4.18534e+06 1.09707e+06 1.05578e+06 1.00689e+06 804841 584348 461828 460034 450201 420278 184357 177798 159299 142852 111884 103455 92508.6 90663.4 88124.5 78357.6 74686.1 71311.4 69347.5 66427
threshold=0.64112070202827465 0.73115593194961559 0.55232957005500805 0.81285843253135692 0.690381020307541 0.47002477943897253 0.60077652335166942 38.500000000000007 0.66138610243797313 51.500000000000007 75.500000000000014 0.5799507498741151 0.86075130105018627 0.78756210207939159 0.62118539214134227 0.71039602160453807 0.49977821111679083 0.43139706552028662 0.67927435040473949 32.500000000000007 0.53944709897041332 0.56844824552536022 0.74113664031028759 0.83397981524467479 0.66970753669738781 0.72058704495430004 0.65078735351562511 88.020833333333357 0.61040237545967113 0.59103864431381237
decision_type=2 2 2 2 2 2 2 2 2 2 2 2 2 2 2 2 2 2 2 2 2 2 2 2 2 2 2 2 2 2
left_child=2 4 5 10 8 7 11 19 26 16 22 21 23 -12 28 -6 -7 -9 24 -1 -11 -4 -3 -5 -10 -17 -2 -14 -8 -13
right_child=1 3 6 12 15 9 14 17 18 20 13 29 27 -15 -16 25 -18 -19 -20 -21 -22 -23 -24 -25 -26 -27 -28 -29 -30 -31
leaf_value=-1.2128551721565817 -0.052849737374142447 0.24257656245257997 -0.33687361633667473 0.53278005599523992 0.12848137598424508 -0.58129748100718104 -0.18878999659155124 -0.82134148284438635 0.011162653594094379 -0.43764568403760307 0.34628318995542373 -0.25472044803423294 0.70010587953746162 0.45407335362460616 -0.10160297443626698 0.1762461544996578 -0.50195405177591501 -0.69263596994950971 0.076118525190462943 -0.99119059546480737 -0.38179902081546779 -0.29006187240984138 0.29333087184384715 0.62085950464347828 0.04269361507966183 0.21330101702530355 -0.01882458297946964 0.78848946067123293 -0.1503569022369689 -0.21618023288576194
leaf_weight=10129 304518 151698 263451 50260 563758 131442 211301 41418 306489 203140 727184 235298 88446 114584 572218 681536 165279 76227 280965 25763 160593 213835 219972 69803 800031 180446 342873 30771 264041 213037
leaf_count=10129 304518 151698 263451 50260 563758 131442 211301 41418 306489 203140 727184 235298 88446 114584 572218 681536 165279 76227 280965 25763 160593 213835 219972 69803 800031 180446 342873 30771 264041 213037
internal_value=2.59248e-05 0.168708 -0.297334 0.386492 0.0772856 -0.533451 -0.199929 -0.811773 0.0178959 -0.468749 0.333898 -0.277397 0.653209 0.360956 -0.131478 0.162049 -0.537102 -0.737949 0.0424971 -1.05375 -0.412989 -0.315901 0.272615 0.583989 0.03396 0.184003 -0.0348292 0.722919 -0.167441 -0.236407
internal_weight=7.70051e+06 4.91333e+06 2.78717e+06 1.45272e+06 3.46062e+06 813991 1.97318e+06 153537 2.03488e+06 660454 1.21344e+06 925621 239280 841768 1.04756e+06 1.42574e+06 296721 117645 1.38748e+06 35892 363733 477286 371670 120063 1.10652e+06 861982 647391 119217 475342 448335
internal_count=7700506 4913334 2787172 1452718 3460616 813991 1973181 153537 2034876 660454 1213438 925621 239280 841768 1047560 1425740 296721 117645 1387485 35892 363733 477286 371670 120063 1106520 861982 647391 119217 475342 448335
is_linear=0
shrinkage=0.05


Tree=9
num_leaves=31
num_cat=0
split_feature=23 23 23 23 23 23 23 23 23 10 10 23 23 23 23 23 10 23 23 10 23 10 23 23 23 23 10 23 13 23
split_gain=1.39452e+08 3.56097e+07 2.28336e+07 7.3566e+06 6.40269e+06 4.9689e+06 4.03288e+06 1.00334e+06 953764 816473 726369 528041 497002 416800 415180 379577 163280 154788 148897 137571 88700.5 85098.3 83489 81823.7 79045.4 75882.8 74325.4 70155.3 64358.7 63385.6
threshold=0.64029967784881603 0.73115593194961559 0.54824754595756542 0.81285843253135692 0.690381020307541 0.46038834750652319 0.59703248739242565 0.66057932376861583 0.51033937931060802 36.500000000000007 75.500000000000014 0.57130533456802379 0.6191176474094392 0.86075130105018627 0.78756210207939159 0.70961382985115062 41.500000000000007 0.6708858609199525 0.52983984351158153 48.500000000000007 0.58713051676750194 29.500000000000004 0.74113664031028759 0.83397981524467479 0.68033981323242199 0.60919544100761425 71.500000000000014 0.63059458136558544 88.020833333333357 0.6500944495201112
decision_type=2 2 2 2 2 2 2 2 2 2 2 2 2 2 2 2 2 2 2 2 2 2 2 2 2 2 2 2 2 2
left_child=2 4 5 10 7 9 11 29 19 21 22 -4 25 23 -12 -6 -11 -9 -10 -7 -13 -1 -3 -5 -19 -8 -17 -14 -15 -2
right_child=1 3 6 13 15 8 12 17 18 16 14 20 27 28 -16 26 -18 24 -20 -21 -22 -23 -24 -25 -26 -27 -28 -29 -30 -31
leaf_value=-1.2601695163773252 -0.052195467809403089 0.23044774049189898 -0.32044886527981542 0.5061411002990398 0.12086770258610501 -0.58520957256102335 -0.18686763487640651 0.012682605034395887 -0.44578991596280559 -0.82607671685784023 0.32896904288936968 -0.25907700618103469 -0.11701940813498678 0.66510061589084468 0.43136970897632915 0.16646950096985724 -0.69231687030057198 0.041830976003534873 -0.38444219809105462 -0.50744475100437636 -0.21727465209113569 -1.0108005788296526 0.27866434324009776 0.58981656436413588 0.073904068011148669 -0.14793081680346962 0.20165425858122885 -0.082789422683650582 0.74906513012994591 -0.020789829033295255
leaf_weight=4049 303842 151698 367913 50260 539236 97445 264687 386207 183053 34135 727184 319761 321406 88446 114584 695065 68825 772200 215189 136619 210410 22135 219972 69803 255720 237332 191439 280175 30771 340945
leaf_count=4049 303842 151698 367913 50260 539236 97445 264687 386207 183053 34135 727184 319761 321406 88446 114584 695065 68825 772200 215189 136619 210410 22135 219972 69803 255720 237332 191439 280175 30771 340945
internal_value=2.46265e-05 0.1592 -0.284402 0.367167 0.0725005 -0.517443 -0.195752 0.0161014 -0.45972 -0.800065 0.317203 -0.274425 -0.131729 0.620548 0.342908 0.153947 -0.736664 0.0396702 -0.412641 -0.53982 -0.242487 -1.04937 0.258985 0.554789 0.0498099 -0.16846 0.174068 -0.101077 0.686773 -0.0355891
internal_weight=7.70051e+06 4.93737e+06 2.76313e+06 1.45272e+06 3.48465e+06 761450 2.00168e+06 2.05891e+06 632306 129144 1.21344e+06 898084 1.1036e+06 239280 841768 1.42574e+06 102960 1.41413e+06 398242 234064 530171 26184 371670 120063 1.02792e+06 502019 886504 601581 119217 644787
internal_count=7700506 4937372 2763134 1452718 3484654 761450 2001684 2058914 632306 129144 1213438 898084 1103600 239280 841768 1425740 102960 1414127 398242 234064 530171 26184 371670 120063 1027920 502019 886504 601581 119217 644787
is_linear=0
shrinkage=0.05


Tree=10
num_leaves=31
num_cat=0
split_feature=23 23 23 10 23 23 23 10 23 23 10 16 23 23 23 23 16 23 23 23 23 23 23 23 23 10 23 23 23 23
split_gain=1.25807e+08 3.21039e+07 2.06206e+07 6.76621e+06 5.60491e+06 4.79594e+06 3.29793e+06 1.06603e+06 860013 673876 641166 635029 477000 379332 341949 239848 198088 138842 133555 108969 97025.2 96943.5 77205.2 76801.3 69691 62021.2 56454.2 55949.8 52964.5 48724.5
threshold=0.64029967784881603 0.72947821021080028 0.55232957005500805 79.500000000000014 0.68846952915191661 0.47766967117786413 0.60077652335166942 40.500000000000007 0.65978154540061962 0.52206307649612438 74.500000000000014 84.500000000000014 0.58117648959159862 0.7087531089782716 0.62118539214134227 0.770134598016739 35.500000000000007 0.66970753669738781 0.44825132191181188 0.50297555327415477 0.87313267588615429 0.56684723496437084 0.53944709897041332 0.8240671455860139 0.69993185997009288 28.500000000000004 0.67927435040473949 0.61040237545967113 0.71903863549232494 0.6500944495201112
decision_type=2 2 2 2 2 2 2 2 2 2 2 2 2 2 2 2 2 2 2 2 2 2 2 2 2 2 2 2 2 2
left_child=2 4 5 10 8 7 12 16 29 19 -3 23 21 24 27 -12 25 -10 -9 -7 -13 -4 -11 -5 -6 -1 -19 -8 -15 -2
right_child=1 3 6 11 13 9 14 18 17 22 15 20 -14 28 -16 -17 -18 26 -20 -21 -22 -23 -24 -25 -26 -27 -28 -29 -30 -31
leaf_value=-1.2559367130474415 -0.049585226122431277 0.2300357211121955 -0.30638278343460434 0.44721078503541939 0.094295508390834032 -0.50697558943967669 -0.17025825893228941 -0.69401979629956578 0.0087872532549455734 -0.39195684403317199 0.30386202221373809 0.59850693320872883 -0.21101039815490369 0.15707781723858577 -0.093128937011624668 0.37325974136187606 -0.82122917832760245 0.038564160583104384 -0.59120945280925274 -0.44546543574030928 0.6782974256744998 -0.26245042339827324 -0.34451877863103142 0.52527510371297548 0.12957186576090593 -0.99207582782249804 0.066549924468150487 -0.13573331754761514 0.18755453578228454 -0.021510886233430074
leaf_weight=2531 303991 291734 236984 65324 300706 131179 211209 54946 359417 184198 760301 80183 421109 705371 548289 148889 28188 799744 74328 159642 72616 267118 160529 60875 261989 18644 232618 264065 178670 314383
leaf_count=2531 303991 291734 236984 65324 300706 131179 211209 54946 359417 184198 760301 80183 421109 705371 548289 148889 28188 799744 74328 159642 72616 267118 160529 60875 261989 18644 232618 264065 178670 314383
internal_value=-7.73435e-06 0.151191 -0.270167 0.346062 0.0677645 -0.481492 -0.181876 -0.710386 0.0137524 -0.417156 0.294532 0.567872 -0.25029 0.142811 -0.120036 0.315227 -0.90805 0.035552 -0.634908 -0.473211 0.636427 -0.283104 -0.369866 0.484867 0.11072 -1.02362 0.0448701 -0.151076 0.163237 -0.0353122
internal_weight=7.69977e+06 4.93681e+06 2.76296e+06 1.47992e+06 3.45689e+06 814185 1.94877e+06 178637 2.01015e+06 635548 1.20092e+06 278998 925211 1.44674e+06 1.02356e+06 909190 49363 1.39178e+06 129274 290821 152799 504102 344727 126199 562695 21175 1.03236e+06 475274 884041 618374
internal_count=7699770 4936811 2762959 1479922 3456889 814185 1948774 178637 2010153 635548 1200924 278998 925211 1446736 1023563 909190 49363 1391779 129274 290821 152799 504102 344727 126199 562695 21175 1032362 475274 884041 618374
is_linear=0
shrinkage=0.05


Tree=11
num_leaves=31
num_cat=0
split_feature=23 23 23 16 23 23 10 23 23 23 23 10 23 23 10 23 23 10 23 23 23 10 23 10 23 23 23 23 16 10
split_gain=1.13541e+08 2.92531e+07 1.83493e+07 5.8881e+06 5.46584e+06 3.73061e+06 3.65721e+06 866663 721157 664107 551035 530700 386419 328303 313044 266329 126300 119252 108107 108092 82048.3 80952.1 72308.1 71261.3 70933.8 63982.1 57920.7 57261.3 54982.4 42276.4
threshold=0.63935959339141857 0.73279127478599559 0.54176726937294017 81.500000000000014 0.690381020307541 0.59103864431381237 44.500000000000007 0.66057932376861583 0.50297555327415477 0.770134598016739 0.61154127120971691 36.500000000000007 0.56993085145950328 0.71039602160453807 74.500000000000014 0.86075130105018627 0.6708858609199525 47.500000000000007 0.52206307649612438 0.62871307134628307 0.41084934771060949 78.500000000000014 0.55912607908248912 29.500000000000004 0.72058704495430004 0.68033981323242199 0.70091050863266002 0.65078735351562511 88.500000000000014 83.500000000000014
decision_type=2 2 2 2 2 2 2 2 2 2 2 2 2 2 2 2 2 2 2 2 2 2 2 2 2 2 2 2 2 2
left_child=2 4 6 9 7 12 11 27 17 14 -7 23 22 26 -3 29 -9 -8 -10 -12 -13 -11 -4 -1 -15 -18 -6 -2 -17 -5
right_child=1 3 5 15 13 10 8 16 18 21 19 20 -14 24 -16 28 25 -19 -20 -21 -22 -23 -24 -25 -26 -27 -28 -29 -30 -31
leaf_value=-1.1399983996267196 -0.046932468890956806 0.22310132081047318 -0.31671855693161111 0.47773746707453663 0.09375194962070682 -0.17145159299958554 -0.55701226339379972 0.011422842929363991 -0.42319217498347284 0.33567629859638309 -0.11729084209839885 -0.7654443099903302 -0.23095041276752878 0.15116277563500724 0.28866892224966945 0.6000378294438522 0.037766727821160896 -0.47850270440710274 -0.36872195137566227 -0.078838868614406685 -0.6555369167663847 0.39936479648487605 -0.27491687218879424 -0.91229685275832439 0.18470170851321396 0.066609958166447311 0.12581623574267267 -0.017684806700366592 0.67773873468774481 0.54117126248517955
leaf_weight=4072 355955 239350 238366 50241 275985 451398 79607 386461 159642 87419 449768 24286 423825 681834 760301 88205 771764 123287 212161 307874 56494 116251 182795 22070 205068 256063 287626 315831 30700 55071
leaf_count=4072 355955 239350 238366 50241 275985 451398 79607 386461 159642 87419 449768 24286 423825 681834 760301 88205 771764 123287 212161 307874 56494 116251 182795 22070 205068 256063 287626 315831 30700 55071
internal_value=-7.34858e-06 0.142526 -0.25865 0.33357 0.0654114 -0.184053 -0.483442 0.0135789 -0.433486 0.289736 -0.12772 -0.751952 -0.264656 0.139955 0.27297 0.568815 0.0357903 -0.509307 -0.39211 -0.101666 -0.688581 0.372029 -0.298576 -0.947769 0.158918 0.0449525 0.110115 -0.0331821 0.6201 0.51091
internal_weight=7.69977e+06 4.96412e+06 2.73564e+06 1.42754e+06 3.53659e+06 2.05403e+06 681619 2.08607e+06 574697 1.20332e+06 1.20904e+06 106922 844986 1.45051e+06 999651 224217 1.41429e+06 202894 371803 757642 80780 203670 421161 26142 886902 1.02783e+06 563611 671786 118905 105312
internal_count=7699770 4964125 2735645 1427538 3536587 2054026 681619 2086074 574697 1203321 1209040 106922 844986 1450513 999651 224217 1414288 202894 371803 757642 80780 203670 421161 26142 886902 1027827 563611 671786 118905 105312
is_linear=0
shrinkage=0.05


Tree=12
num_leaves=31
num_cat=0
split_feature=23 23 23 23 10 23 23 16 23 10 23 23 23 23 23 10 10 23 23 23 23 23 23 23 10 23 23 23 16 23
split_gain=1.02475e+08 2.61635e+07 1.68046e+07 5.22934e+06 5.03585e+06 3.90648e+06 2.69637e+06 868697 738435 548032 534834 391632 350060 279993 235235 167719 161072 112028 105735 105096 78070.1 74387.1 72321.6 57307.9 55599.1 53991.1 53837.7 52273.4 45355.9 44673.7
threshold=0.64029967784881603 0.73783370852470409 0.55232957005500805 0.690381020307541 81.500000000000014 0.47766967117786413 0.60077652335166942 40.500000000000007 0.66138610243797313 51.500000000000007 0.77471512556076061 0.5799507498741151 0.71039602160453807 0.62118539214134227 0.86670097708702099 75.500000000000014 34.500000000000007 0.44825132191181188 0.67821946740150463 0.72058704495430004 0.49977821111679083 0.53944709897041332 0.5607682764530183 0.66970753669738781 83.500000000000014 0.65078735351562511 0.79225191473960888 0.70091050863266002 27.500000000000004 0.58973547816276561
decision_type=2 2 2 2 2 2 2 2 2 2 2 2 2 2 2 2 2 2 2 2 2 2 2 2 2 2 2 2 2 2
left_child=2 3 5 8 10 7 11 16 25 20 15 22 27 -8 24 -3 28 -9 23 -14 -7 -11 -4 -10 -6 -2 -12 -5 -1 -13
right_child=1 4 6 12 14 9 13 17 18 21 26 29 19 -15 -16 -17 -18 -19 -20 -21 -22 -23 -24 -25 -26 -27 -28 -29 -30 -31
leaf_value=-1.1942085865230525 -0.043730021092854655 0.23280328705303843 -0.2889434755418866 0.089064355225059899 0.45505093931945989 -0.46375824801095222 -0.13629814972365681 -0.6273937079048012 0.0089801188748472784 -0.35652130244991909 0.32738404875890037 -0.20933249894829112 0.1436046339486837 -0.083862770960078645 0.60083606900176145 0.27936382809229027 -0.75393427313828942 -0.53362094330485588 0.060559929913767158 0.17991065193027661 -0.40881096673549538 -0.31100400236382902 -0.24545594190229952 0.034522259419890865 0.52285241660214365 -0.015364095423419339 0.38294870093249056 0.11952542288028363 -0.91787511523835852 -0.17768229812302885
leaf_weight=1642 328641 270735 132285 275985 48943 106246 475274 55743 306489 203637 74099 208655 681834 548289 94831 677258 31281 74328 306313 281676 165136 160529 344834 774656 79145 342661 105919 287626 15643 239437
leaf_count=1642 328641 270735 132285 275985 48943 106246 475274 55743 306489 203637 74099 208655 681834 548289 94831 677258 31281 74328 306313 281676 165136 160529 344834 774656 79145 342661 105919 287626 15643 239437
internal_value=-6.98408e-06 0.136452 -0.243831 0.0658024 0.323985 -0.434603 -0.164127 -0.641184 0.0137992 -0.376538 0.28107 -0.225988 0.135909 -0.10821 0.541141 0.266067 -0.821629 -0.573808 0.0346284 0.154218 -0.430323 -0.336457 -0.257513 0.0272814 0.496946 -0.0292509 0.360077 0.104609 -0.944132 -0.19242
internal_weight=7.69977e+06 4.93681e+06 2.76296e+06 3.58588e+06 1.35093e+06 814185 1.94877e+06 178637 2.05876e+06 635548 1.12801e+06 925211 1.52712e+06 1.02356e+06 222919 947993 48566 130071 1.38746e+06 963510 271382 364166 477119 1.08114e+06 128088 671302 180018 563611 17285 448092
internal_count=7699770 4936811 2762959 3585881 1350930 814185 1948774 178637 2058760 635548 1128011 925211 1527121 1023563 222919 947993 48566 130071 1387458 963510 271382 364166 477119 1081145 128088 671302 180018 563611 17285 448092
is_linear=0
shrinkage=0.05


Tree=13
num_leaves=31
num_cat=0
split_feature=15 15 16 15 16 15 16 15 15 16 16 16 15 16 16 15 15 15 16 16 16 16 16 15 16 15 16 16 16 16
split_gain=9.24576e+07 2.36077e+07 1.51732e+07 4.93895e+06 4.17819e+06 3.36747e+06 2.62169e+06 661826 648987 553554 457690 444668 372148 285783 263961 153087 109591 102016 91854.3 91220 83625.6 77381.1 73334.7 62113.5 53911.4 50979.3 48336.6 47173.1 41355.2 41022.8
threshold=63.500000000000007 72.500000000000014 54.500000000000007 79.500000000000014 68.500000000000014 45.500000000000007 59.500000000000007 50.500000000000007 65.500000000000014 37.500000000000007 84.500000000000014 75.500000000000014 56.500000000000007 61.500000000000007 70.500000000000014 76.500000000000014 52.500000000000007 66.500000000000014 42.500000000000007 48.500000000000007 58.500000000000007 87.500000000000014 31.500000000000004 73.500000000000014 82.500000000000014 62.500000000000007 69.500000000000014 67.500000000000014 60.500000000000007 71.500000000000014
decision_type=2 2 2 2 2 2 2 2 2 2 2 2 2 2 2 2 2 2 2 2 2 2 2 2 2 2 2 2 2 2
left_child=2 4 5 11 8 9 12 19 -2 22 24 23 -4 28 26 -13 -9 -10 -11 -7 -14 -12 -1 -3 -5 -15 -6 -19 -8 -16
right_child=1 3 6 10 14 7 13 16 17 18 21 15 20 25 29 -17 -18 27 -20 -21 -22 -23 -24 -25 -26 -27 -28 -29 -30 -31
leaf_value=-0.97588508680074859 -0.029418388031967585 0.18437785305351193 -0.26157136075519832 0.39145903710920898 0.08190662158899091 -0.4777798007580038 -0.1494532477093411 -0.36228570513565167 0.0088366522129490113 -0.64927973547110995 0.51985819714087034 0.26428574794935666 -0.20982496511306242 -0.095667463452410256 0.13564214379408665 0.3204906786995978 -0.31055138051705661 0.033468794118392133 -0.5526169221516698 -0.41398820353825871 -0.17080694774598468 0.59451251551253093 -0.79457759986552412 0.22555915394950399 0.4595456240894491 -0.066366465129151064 0.11115782305676092 0.058275542013118624 -0.11952851341182168 0.16222404015359762
leaf_weight=7401 634544 152227 335956 78228 266297 93647 222415 188695 365776 43416 99471 657780 380953 307253 683144 148507 223771 780973 56657 139581 214736 53328 22667 229787 46279 287210 300719 253965 240084 184303
leaf_count=7401 634544 152227 335956 78228 266297 93647 222415 188695 365776 43416 99471 657780 380953 307253 683144 148507 223771 780973 56657 139581 214736 53328 22667 229787 46279 287210 300719 253965 240084 184303
internal_value=-6.63516e-06 0.129666 -0.23151 0.297925 0.0585936 -0.41905 -0.158343 -0.372284 0.0125307 -0.65108 0.487928 0.253585 -0.219492 -0.104443 0.123949 0.274638 -0.334219 0.0315342 -0.594554 -0.439602 -0.19576 0.545913 -0.839208 0.209149 0.416767 -0.0815109 0.0974201 0.0395562 -0.133919 0.14129
internal_weight=7.69977e+06 4.93533e+06 2.76444e+06 1.46561e+06 3.46972e+06 775835 1.98861e+06 645694 2.03526e+06 130141 277306 1.1883e+06 931645 1.05696e+06 1.43446e+06 806287 412466 1.40071e+06 100073 233228 595689 152799 30068 382014 124507 594463 567016 1.03494e+06 462499 867447
internal_count=7699770 4935328 2764442 1465607 3469721 775835 1988607 645694 2035258 130141 277306 1188301 931645 1056962 1434463 806287 412466 1400714 100073 233228 595689 152799 30068 382014 124507 594463 567016 1034938 462499 867447
is_linear=0
shrinkage=0.05


Tree=14
num_leaves=31
num_cat=0
split_feature=10 10 10 10 10 10 10 10 10 10 10 15 10 10 10 10 10 10 10 10 16 10 16 10 10 10 10 10 10 10
split_gain=8.34573e+07 2.13992e+07 1.35982e+07 4.47584e+06 3.7822e+06 3.07173e+06 2.29647e+06 609206 601700 494175 420146 411941 339031 239412 226625 154423 105714 103233 97298.9 79114.2 77418.8 68761 50966.8 49533.7 46346.4 42886.2 41250.2 38154.5 37948.6 34228.4
threshold=63.500000000000007 72.500000000000014 54.500000000000007 79.500000000000014 68.500000000000014 46.500000000000007 59.500000000000007 65.500000000000014 39.500000000000007 50.500000000000007 84.500000000000014 74.500000000000014 57.500000000000007 61.500000000000007 70.500000000000014 76.500000000000014 52.500000000000007 33.500000000000007 66.500000000000014 55.500000000000007 43.500000000000007 87.500000000000014 82.500000000000014 48.500000000000007 67.500000000000014 69.500000000000014 62.500000000000007 64.500000000000014 60.500000000000007 71.500000000000014
decision_type=2 2 2 2 2 2 2 2 2 2 2 2 2 2 2 2 2 2 2 2 2 2 2 2 2 2 2 2 2 2
left_child=2 4 5 11 7 8 12 27 17 23 22 -3 19 28 25 -13 -11 -1 -9 -4 -10 -12 -5 -7 -20 -6 -15 -2 -8 -16
right_child=1 3 6 10 14 9 13 18 20 16 21 15 -14 26 29 -17 -18 -19 24 -21 -22 -23 -24 -25 -26 -27 -28 -29 -30 -31
leaf_value=-0.87692439582833925 -0.04144921924048571 0.18820053147560734 -0.26554628076543219 0.37158035219373242 0.078699826100617556 -0.44452821543238275 -0.14084842019454458 0.0077503503454631889 -0.58498910826842898 -0.34526146064446128 0.49465781105073187 0.24778280067253378 -0.17455244872200593 -0.091196095337417057 0.12913734874206162 0.30341486972146514 -0.29491588225816229 -0.70714246796049451 0.031783443422992018 -0.22227445598479201 -0.50112092900313476 0.56546652157490618 0.43698779643195124 -0.39339201003949048 0.056276126288072818 0.10630924309745993 -0.064292315241670936 -0.016928501591411588 -0.11223238780739178 0.15407509344204334
leaf_weight=13165 310318 286812 149608 79920 265128 73384 223013 365566 48958 187213 99182 755950 426374 282174 681771 149392 235360 28004 803017 359366 62850 52411 47485 133575 254314 299583 287785 324573 241124 172395
leaf_count=13165 310318 286812 149608 79920 265128 73384 223013 365566 48958 187213 99182 755950 426374 282174 681771 149392 235360 28004 803017 359366 62850 52411 47485 133575 254314 299583 287785 324573 241124 172395
internal_value=-6.30535e-06 0.122759 -0.22073 0.28261 0.0551185 -0.397057 -0.150671 0.011814 -0.598019 -0.348223 0.462889 0.24042 -0.207442 -0.099322 0.117923 0.256963 -0.317221 -0.761437 0.0299865 -0.234994 -0.537845 0.519139 0.395959 -0.411524 0.0376745 0.0933468 -0.0776118 -0.0289136 -0.125982 0.134171
internal_weight=7.69977e+06 4.94782e+06 2.75195e+06 1.47115e+06 3.47666e+06 782509 1.96944e+06 2.05779e+06 152977 629532 278998 1.19215e+06 935348 1.0341e+06 1.41888e+06 905342 422573 41169 1.4229e+06 508974 111808 151593 127405 206959 1.05733e+06 564711 569959 634891 464137 854166
internal_count=7699770 4947817 2751953 1471152 3476665 782509 1969444 2057788 152977 629532 278998 1192154 935348 1034096 1418877 905342 422573 41169 1422897 508974 111808 151593 127405 206959 1057331 564711 569959 634891 464137 854166
is_linear=0
shrinkage=0.05


Tree=15
num_leaves=31
num_cat=0
split_feature=23 23 23 10 23 10 23 23 23 23 23 23 23 23 23 10 23 23 10 10 23 23 23 23 10 15 10 23 10 23
split_gain=7.54137e+07 1.78283e+07 1.40086e+07 3.64905e+06 3.2962e+06 3.25649e+06 2.14222e+06 682972 520744 374829 336904 294582 248578 225451 177071 129510 98008.7 86739.1 84207 82251.5 56167.4 54588 47724.7 47177.4 44273.9 42192.7 39210.6 33764.1 29090.6 28829.2
threshold=0.64764782786369335 0.73942306637763988 0.55912607908248912 81.500000000000014 0.69124999642372142 47.500000000000007 0.60792675614357006 0.41084934771060949 0.52206307649612438 0.77471512556076061 0.66920122504234325 0.58235433697700512 0.71039602160453807 0.62967428565025341 0.86670097708702099 35.500000000000007 0.76038458943367015 0.72213184833526622 44.500000000000007 53.500000000000007 0.50297555327415477 0.68125599622726452 0.65891316533088695 0.59220868349075328 27.500000000000004 78.500000000000014 83.500000000000014 0.70091050863266002 88.500000000000014 0.56993085145950328
decision_type=2 2 2 2 2 2 2 2 2 2 2 2 2 2 2 2 2 2 2 2 2 2 2 2 2 2 2 2 2 2
left_child=2 4 5 9 10 7 11 15 20 16 22 29 27 -8 26 24 -3 -14 -9 -10 -7 -12 -2 -13 -1 -11 -5 -6 -16 -4
right_child=1 3 6 14 12 8 13 18 19 25 21 23 17 -15 28 -17 -18 -19 -20 -21 -22 -23 -24 -25 -26 -27 -28 -29 -30 -31
leaf_value=-1.0384672481421016 -0.02016496782665381 0.2033088088561692 -0.22422276712682532 0.39078413582366456 0.077503091358620685 -0.38985961209382586 -0.098326680111372175 -0.53383047070221012 -0.3031212131590546 0.27630878051746743 0.030182351866537539 -0.1727753611604696 0.12370378219119403 -0.052838996432394897 0.49710424366748607 -0.63300781805319728 0.23982634826252155 0.15652104595483102 -0.45394284987720401 -0.25981385286180253 -0.34494976865312932 0.056472269146558098 0.0054268382995471039 -0.14259915978468532 -0.77387127444431847 0.32686674770467788 0.44765925481292435 0.10257120194977938 0.55653535881496041 -0.19793317597861979
leaf_weight=1718 367736 253120 183051 49017 252156 123127 556192 56386 188649 64282 874457 207077 706878 533862 64848 28786 670381 281549 79506 261797 160246 255038 361014 345854 19949 115286 79416 287452 30186 242368
leaf_count=1718 367736 253120 183051 49017 252156 123127 556192 56386 188649 64282 874457 207077 706878 533862 64848 28786 670381 281549 79506 261797 160246 255038 361014 345854 19949 115286 79416 287452 30186 242368
internal_value=2.27016e-05 0.124618 -0.196458 0.279995 0.0637509 -0.358759 -0.124255 -0.545418 -0.311359 0.24267 0.0190177 -0.177966 0.118151 -0.0760488 0.46424 -0.702515 0.229817 0.133052 -0.487091 -0.277951 -0.364463 0.0361186 -0.0074871 -0.1539 -0.794856 0.308768 0.425953 0.090857 0.515982 -0.209245
internal_weight=7.70138e+06 4.71282e+06 2.98857e+06 1.32654e+06 3.38628e+06 920164 2.0684e+06 186345 733819 1.10307e+06 1.85824e+06 978350 1.52804e+06 1.09005e+06 223467 50453 923501 988427 135892 450446 283373 1.1295e+06 728750 552931 21667 179568 128433 539608 95034 425419
internal_count=7701384 4712816 2988568 1326536 3386280 920164 2068404 186345 733819 1103069 1858245 978350 1528035 1090054 223467 50453 923501 988427 135892 450446 283373 1129495 728750 552931 21667 179568 128433 539608 95034 425419
is_linear=0
shrinkage=0.05


Tree=16
num_leaves=31
num_cat=0
split_feature=23 23 23 13 23 13 23 23 23 23 23 23 23 23 23 13 23 23 23 23 23 23 23 23 16 23 13 23 23 23
split_gain=6.80617e+07 1.62337e+07 1.24791e+07 3.29312e+06 3.03764e+06 2.93861e+06 1.87698e+06 608240 478304 333536 324197 265881 224342 191412 165098 116809 88452.8 78306.8 74013.5 65996.3 60910.6 49286.4 48153.5 40476.2 39801.5 37798.6 37028.3 30472.1 28199.2 23271.7
threshold=0.64686986804008495 0.73942306637763988 0.55912607908248912 81.020833333333357 0.69124999642372142 47.020833333333336 0.60792675614357006 0.41084934771060949 0.52470868825912487 0.77471512556076061 0.66920122504234325 0.58602210879325878 0.71039602160453807 0.62967428565025341 0.86075130105018627 35.020833333333336 0.76038458943367015 0.72058704495430004 0.44825132191181188 0.5066039264202119 0.54176726937294017 0.68033981323242199 0.65891316533088695 0.57130533456802379 28.500000000000004 0.79225191473960888 88.020833333333357 0.70091050863266002 0.61808258295059215 0.59461584687232982
decision_type=2 2 2 2 2 2 2 2 2 2 2 2 2 2 2 2 2 2 2 2 2 2 2 2 2 2 2 2 2 2
left_child=2 4 5 9 10 7 11 15 19 16 22 23 27 28 -5 24 -3 -14 -9 -7 -10 -12 -2 -4 -1 -11 -16 -6 -8 -13
right_child=1 3 6 14 12 8 13 18 20 25 21 29 17 -15 26 -17 -18 -19 -20 -21 -22 -23 -24 -25 -26 -27 -28 -29 -30 -31
leaf_value=-0.94572208850297457 -0.020140220485929172 0.1931433769513719 -0.2111774839085333 0.39491165115357502 0.073627938579097538 -0.36690392938100053 -0.10649351471071605 -0.50898538297316809 -0.28302458453921886 0.26562795898178954 0.028312615831557187 -0.15621149692714661 0.11695027744978576 -0.050971760572846928 0.4643278418180381 -0.60208335838956173 0.22783503977200892 0.14736057219954232 -0.43311049129973034 -0.32083059591536328 -0.24487836698034129 0.052494162218703046 0.0051554964012841481 -0.18241567384766705 -0.73150544092820624 0.3123750557697893 0.52804008010614945 0.097442646093084812 -0.083722105869954516 -0.13346398430797274
leaf_weight=2450 392881 253120 209442 105644 252156 151266 236635 53783 186645 73783 849240 182871 681313 508717 88371 29051 670381 307114 79895 159895 238227 280255 361014 294100 18952 104490 30747 287452 319557 291937
leaf_count=2450 392881 253120 209442 105644 252156 151266 236635 53783 186645 73783 849240 182871 681313 508717 88371 29051 670381 307114 79895 159895 238227 280255 361014 294100 18952 104490 30747 287452 319557 291937
internal_value=2.1566e-05 0.117576 -0.187926 0.265996 0.0598625 -0.340821 -0.119071 -0.519467 -0.29613 0.230414 0.0173647 -0.169068 0.112244 -0.073137 0.440417 -0.667389 0.218327 0.126399 -0.463638 -0.343229 -0.261636 0.0343126 -0.00802699 -0.194379 -0.756032 0.293028 0.480774 0.0863142 -0.0934103 -0.142225
internal_weight=7.70138e+06 4.73796e+06 2.96342e+06 1.32654e+06 3.41142e+06 920164 2.04326e+06 184131 736033 1.10177e+06 1.88339e+06 978350 1.52804e+06 1.06491e+06 224762 50453 923501 988427 133678 311161 424872 1.1295e+06 753895 503542 21402 178273 119118 539608 556192 474808
internal_count=7701384 4737961 2963423 1326536 3411425 920164 2043259 184131 736033 1101774 1883390 978350 1528035 1064909 224762 50453 923501 988427 133678 311161 424872 1129495 753895 503542 21402 178273 119118 539608 556192 474808
is_linear=0
shrinkage=0.05


Tree=17
num_leaves=31
num_cat=0
split_feature=23 23 23 10 23 23 10 23 23 23 10 23 10 23 23 23 23 23 23 23 10 16 10 23 10 23 23 23 23 23
split_gain=6.14497e+07 1.58398e+07 9.93554e+06 3.32765e+06 2.78076e+06 2.01444e+06 1.98869e+06 440070 392990 316941 311191 301034 300281 208824 182395 107179 72630.3 67551.8 51913.7 51856.4 48642.7 44995.6 44881.2 37715.5 37025.9 31539.3 28026 27711.3 25788.9 25414.5
threshold=0.63935959339141857 0.72947821021080028 0.54176726937294017 79.500000000000014 0.68846952915191661 0.59103864431381237 44.500000000000007 0.65978154540061962 0.49977821111679083 0.75377202033996593 84.500000000000014 0.61264562606811535 36.500000000000007 0.56993085145950328 0.70788720250129711 0.770134598016739 0.52206307649612438 0.6708858609199525 0.88134998083114635 0.62774425745010387 47.500000000000007 41.500000000000007 29.500000000000004 0.55912607908248912 82.500000000000014 0.69888237118721019 0.64923548698425304 0.73942306637763988 0.71903863549232494 0.67927435040473949
decision_type=2 2 2 2 2 2 2 2 2 2 2 2 2 2 2 2 2 2 2 2 2 2 2 2 2 2 2 2 2 2
left_child=2 4 6 9 7 13 12 26 20 27 24 -7 22 23 25 -11 -10 -9 -12 -13 -8 -14 -1 -4 -5 -6 -2 -3 -16 -19
right_child=1 3 5 10 14 11 8 17 16 15 18 19 21 -15 28 -17 -18 29 -20 -21 -22 -23 -24 -25 -26 -27 -28 -29 -30 -31
leaf_value=-0.85173832135140293 -0.036099330288451151 0.14855599261589278 -0.23263445688969925 0.31925308243621742 0.064702469655828002 -0.12490284529568746 -0.40967707789211238 0.0078628231340370624 -0.31405949072807088 0.21355986201536883 0.42546471037336664 -0.086084612331852842 -0.55049819858330895 -0.16980000002008253 0.10915147062450031 0.26020894871685968 -0.27119987375098992 0.02749205636743747 0.48806658656932456 -0.059388600991664188 -0.35707868998676001 -0.47454312913400432 -0.67218404102547735 -0.20245277009048773 0.37524551152399949 0.088945842394956703 -0.015242767470939684 0.17756574001006317 0.13034396379069721 0.046404871133789181
leaf_weight=4130 304743 154472 238227 81108 274250 476423 79506 412138 185044 722342 103179 396791 33145 423457 730454 148434 212219 747027 48781 335901 98329 47383 22181 183051 46433 262624 341646 176259 178668 233039
leaf_count=4130 304743 154472 238227 81108 274250 476423 79506 412138 185044 722342 103179 396791 33145 423457 730454 148434 212219 747027 48781 335901 98329 47383 22181 183051 46433 262624 341646 176259 178668 233039
internal_value=2.04855e-05 0.104854 -0.190258 0.241834 0.0466356 -0.135353 -0.355621 0.00901768 -0.318818 0.205685 0.397227 -0.0939637 -0.553722 -0.194596 0.09967 0.221512 -0.291164 0.024847 0.445561 -0.0738459 -0.380594 -0.505807 -0.700372 -0.21952 0.339638 0.0765617 -0.0250757 0.164016 0.113316 0.0319891
internal_weight=7.70138e+06 4.9656e+06 2.73579e+06 1.48101e+06 3.48459e+06 2.05385e+06 681937 2.03859e+06 575098 1.20151e+06 279501 1.20912e+06 106839 844735 1.446e+06 870776 397263 1.3922e+06 151960 732692 177835 80528 26311 421278 127541 536874 646389 330731 909122 980066
internal_count=7701384 4965597 2735787 1481008 3484589 2053850 681937 2038593 575098 1201507 279501 1209115 106839 844735 1445996 870776 397263 1392204 151960 732692 177835 80528 26311 421278 127541 536874 646389 330731 909122 980066
is_linear=0
shrinkage=0.05


Tree=18
num_leaves=31
num_cat=0
split_feature=23 23 23 10 23 23 15 23 23 10 23 10 23 23 23 23 10 23 23 10 23 10 16 23 23 23 23 23 23 23
split_gain=5.54584e+07 1.42954e+07 8.96683e+06 3.0032e+06 2.50964e+06 1.81803e+06 1.79494e+06 397163 350300 286393 281638 274602 272235 188463 165021 102195 65635.1 61342.8 60110.8 42913.4 42797.4 41976.4 41043.5 34038.2 31081.3 25507.7 24586.9 22694.9 21977.7 21553.3
threshold=0.63935959339141857 0.72947821021080028 0.54176726937294017 79.500000000000014 0.68846952915191661 0.59103864431381237 44.500000000000007 0.65978154540061962 0.49977821111679083 74.500000000000014 0.84335336089134227 36.500000000000007 0.61382699012756359 0.56993085145950328 0.7087531089782716 0.770134598016739 51.500000000000007 0.66970753669738781 0.87313267588615429 47.500000000000007 0.62871307134628307 41.500000000000007 30.500000000000004 0.55912607908248912 0.69888237118721019 0.65078735351562511 0.67927435040473949 0.60206305980682384 0.71903863549232494 0.8240671455860139
decision_type=2 2 2 2 2 2 2 2 2 2 2 2 2 2 2 2 2 2 2 2 2 2 2 2 2 2 2 2 2 2
left_child=2 4 6 9 7 13 11 25 19 -3 29 22 27 23 24 -11 -10 -9 -12 -8 -14 -13 -1 -4 -6 -2 -19 -7 -16 -5
right_child=1 3 5 10 14 12 8 17 16 15 18 21 20 -15 28 -17 -18 26 -20 -21 -22 -23 -24 -25 -26 -27 -28 -29 -30 -31
leaf_value=-0.78463336496350955 -0.032790559115335814 0.15236810170375678 -0.22100273538846307 0.29749780458894476 0.061467345833494481 -0.12847444360503976 -0.38882457180305208 0.0058029044066929929 -0.30065179078365578 0.20184240413044843 0.39216593617359263 -0.52204612696000907 -0.080077119676772848 -0.16131000056351114 0.10419315113848192 0.2471985123234971 -0.25942762287712612 0.025629464878103948 0.4526358131715571 -0.33922476391239414 -0.055268633200308892 -0.44931829759620917 -0.63264276438093647 -0.19233013553671161 0.084981935530822103 -0.012821971675870285 0.044084627833038459 -0.10719372472678812 0.12382677165388541 0.34188409715242968
leaf_weight=5662 356071 292508 238227 65172 274250 241395 78379 359104 165538 760565 94370 34009 399427 423457 704863 148434 231725 800061 72817 98329 307814 47646 20649 183051 288215 290318 233039 260479 178668 47142
leaf_count=5662 356071 292508 238227 65172 274250 241395 78379 359104 165538 760565 94370 34009 399427 423457 704863 148434 231725 800061 72817 98329 307814 47646 20649 183051 288215 290318 233039 260479 178668 47142
internal_value=1.94606e-05 0.0996115 -0.180745 0.229742 0.0443038 -0.128585 -0.33784 0.00856679 -0.302657 0.195401 0.377365 -0.524875 -0.0892655 -0.184866 0.0946865 0.209249 -0.276606 0.0236046 0.418503 -0.361225 -0.0692797 -0.47961 -0.665353 -0.208544 0.0735166 -0.0238219 0.0297924 -0.11743 0.108163 0.316129
internal_weight=7.70138e+06 4.9656e+06 2.73579e+06 1.48101e+06 3.48459e+06 2.05385e+06 681937 2.03859e+06 573971 1.20151e+06 279501 107966 1.20912e+06 844735 1.446e+06 908999 397263 1.3922e+06 167187 176708 707241 81655 26311 421278 562465 646389 1.0331e+06 501874 883531 112314
internal_count=7701384 4965597 2735787 1481008 3484589 2053850 681937 2038593 573971 1201507 279501 107966 1209115 844735 1445996 908999 397263 1392204 167187 176708 707241 81655 26311 421278 562465 646389 1033100 501874 883531 112314
is_linear=0
shrinkage=0.05


Tree=19
num_leaves=31
num_cat=0
split_feature=23 23 23 23 10 23 23 15 23 23 13 23 23 23 13 23 15 23 23 23 23 23 23 10 23 23 10 23 23 23
split_gain=5.00554e+07 1.25725e+07 8.45109e+06 2.5103e+06 2.42388e+06 2.0452e+06 1.26302e+06 438039 330800 319274 250170 176129 165148 145032 122111 79153.6 69216.2 67558.7 56712.9 55298.9 44808.5 43574.6 37840 31074.5 25080.5 22877.9 22330.2 22104.2 20701.9 20010.4
threshold=0.64200851321220409 0.73942306637763988 0.555951088666916 0.69124999642372142 81.500000000000014 0.47766967117786413 0.60206305980682384 39.500000000000007 0.66848108172416698 0.52206307649612438 78.020833333333357 0.58117648959159862 0.71039602160453807 0.62221345305442821 86.020833333333357 0.76038458943367015 32.500000000000007 0.44825132191181188 0.72213184833526622 0.65653845667839061 0.49977821111679083 0.53944709897041332 0.68125599622726452 83.500000000000014 0.63151890039443981 0.56993085145950328 26.500000000000004 0.70091050863266002 0.61154127120971691 0.770134598016739
decision_type=2 2 2 2 2 2 2 2 2 2 2 2 2 2 2 2 2 2 2 2 2 2 2 2 2 2 2 2 2 2
left_child=2 3 5 8 10 7 11 16 19 20 15 25 27 28 23 -3 26 -9 -14 -2 -7 -11 -10 -6 -15 -4 -1 -5 -8 -17
right_child=1 4 6 12 14 9 13 17 22 21 -12 -13 18 24 -16 29 -18 -19 -20 -21 -22 -23 -24 -25 -26 -27 -28 -29 -30 -31
leaf_value=-0.89401473719070634 -0.023591017585905313 0.16531833020927053 -0.1865120411810767 0.063161344005444708 0.31748854842888796 -0.32429633412086123 -0.10488809792463255 -0.44346229350554611 0.024172965456171133 -0.24744779961894917 0.26612059758371837 -0.13139227373122322 0.10079987135561962 -0.066963250922352877 0.42580691515992569 0.19475411263323816 -0.55261537278060713 -0.37291682240608037 0.12733587738931754 0.0015325607172798671 -0.28354612094969184 -0.21433896669511698 0.045992803082811624 0.36694913014867714 -0.045994462330989271 -0.16391170421358894 -0.67329085232552999 0.083444283120529872 -0.083823237818162255 0.2205235790044569
leaf_weight=1308 463490 253120 233464 252156 49017 106174 209834 62510 899411 184186 119174 449643 706878 266931 84231 645481 31113 74264 281549 415257 185044 215847 255038 90219 306171 215209 9305 287452 262614 85294
leaf_count=1308 463490 253120 233464 252156 49017 106174 209834 62510 899411 184186 119174 449643 706878 266931 84231 645481 31113 74264 281549 415257 185044 215847 255038 90219 306171 215209 9305 287452 262614 85294
internal_value=1.84849e-05 0.0967323 -0.167991 0.0477899 0.228123 -0.297539 -0.110027 -0.448421 0.0113976 -0.258577 0.197703 -0.153508 0.0962133 -0.0726689 0.378286 0.189415 -0.590232 -0.405159 0.108359 -0.0117187 -0.298403 -0.229583 0.0289934 0.349537 -0.055761 -0.175672 -0.700502 0.0739662 -0.093179 0.197762
internal_weight=7.70138e+06 4.88777e+06 2.81362e+06 3.56123e+06 1.32654e+06 869751 1.94387e+06 178500 2.0332e+06 691251 1.10307e+06 898316 1.52804e+06 1.04555e+06 223467 983895 41726 136774 988427 878747 291218 400033 1.15445e+06 139236 573102 448673 10613 539608 472448 730775
internal_count=7701384 4887767 2813617 3561231 1326536 869751 1943866 178500 2033196 691251 1103069 898316 1528035 1045550 223467 983895 41726 136774 988427 878747 291218 400033 1154449 139236 573102 448673 10613 539608 472448 730775
is_linear=0
shrinkage=0.05


Tree=20
num_leaves=31
num_cat=0
split_feature=23 23 23 10 10 23 23 23 23 10 23 23 23 23 23 10 23 16 23 10 23 23 10 23 23 10 23 23 23 23
split_gain=4.51798e+07 1.05849e+07 8.48511e+06 2.18783e+06 1.94854e+06 1.92865e+06 1.32227e+06 410280 318058 225910 195624 182679 142838 137788 110257 80155.9 71789.3 53133.7 49347.6 49297.3 36746.8 30140.8 28186.3 27145.5 26568.1 25423.6 23314.3 19183.6 18637.4 15398
threshold=0.64847591519355785 0.73942306637763988 0.55912607908248912 81.500000000000014 47.500000000000007 0.69211795926094066 0.60792675614357006 0.41084934771060949 0.52708333730697643 78.500000000000014 0.66970753669738781 0.58235433697700512 0.63151890039443981 0.71118247509002697 0.86075130105018627 34.500000000000007 0.76038458943367015 50.500000000000007 0.72213184833526622 44.500000000000007 0.68125599622726452 0.54176726937294017 88.500000000000014 0.59220868349075328 0.65891316533088695 26.500000000000004 0.61808258295059215 0.70091050863266002 0.770134598016739 0.56993085145950328
decision_type=2 2 2 2 2 2 2 2 2 2 2 2 2 2 2 2 2 2 2 2 2 2 2 2 2 2 2 2 2 2
left_child=2 5 4 9 7 10 11 15 17 16 24 29 26 27 -5 25 -3 -6 -15 -9 -12 -10 -16 -13 -2 -1 -8 -7 -18 -4
right_child=1 3 6 14 8 13 12 19 21 -11 20 23 -14 18 22 -17 28 -19 -20 -21 -22 -23 -24 -25 -26 -27 -28 -29 -30 -31
leaf_value=-0.84634839226925096 -0.014494799340393339 0.15705563053730875 -0.1733988816918636 0.32185281880850591 -0.29647220773690697 0.060733272917961795 -0.086755107188012395 -0.4125213645839827 -0.22751160488892946 0.25332991450447662 0.023696073929084568 -0.13316244894118534 -0.038519593472450174 0.096098569270642198 0.37810308877967252 -0.49812293714195388 0.18501463077124869 -0.2566169522848058 0.12098931523791275 -0.3514073798223003 0.04457499590273211 -0.19951447529808569 0.43393091638744458 -0.11029497205090225 0.0046440261332124696 -0.61382869228074055 -0.066678282173120829 0.079836064274214691 0.20961074216342857 -0.15418363224964371
leaf_weight=1269 342576 252952 182983 103971 170157 226790 236471 56464 161096 117635 850446 207733 505555 681718 88928 33035 644612 164461 281294 79419 280162 238420 30325 345849 385245 16092 372211 312551 87476 242373
leaf_count=1269 342576 252952 182983 103971 170157 226790 236471 56464 161096 117635 850446 207733 505555 681718 88928 33035 644612 164461 281294 79419 280162 238420 30325 345849 385245 16092 372211 312551 87476 242373
internal_value=-1.0788e-05 0.0971069 -0.151047 0.216738 -0.277569 0.0499099 -0.095412 -0.421993 -0.240923 0.18784 0.0158542 -0.137809 -0.0581629 0.0920371 0.359488 -0.54384 0.180019 -0.276884 0.103369 -0.376803 0.0288698 -0.210804 0.3923 -0.118876 -0.00436437 -0.630829 -0.0744781 0.0718035 0.187954 -0.16245
internal_weight=7.70027e+06 4.68668e+06 3.01359e+06 1.3259e+06 920413 3.36078e+06 2.09318e+06 186279 734134 1.10268e+06 1.85843e+06 978938 1.11424e+06 1.50235e+06 223224 50396 985040 334618 963012 135883 1.13061e+06 399516 119253 553582 727821 17361 608682 539341 732088 425356
internal_count=7700269 4686681 3013588 1325899 920413 3360782 2093175 186279 734134 1102675 1858429 978938 1114237 1502353 223224 50396 985040 334618 963012 135883 1130608 399516 119253 553582 727821 17361 608682 539341 732088 425356
is_linear=0
shrinkage=0.05


Tree=21
num_leaves=31
num_cat=0
split_feature=23 23 23 10 23 23 23 23 23 16 23 23 23 23 23 23 23 23 23 23 10 10 10 23 23 23 23 23 23 10
split_gain=4.07886e+07 1.05151e+07 6.58681e+06 2.21373e+06 1.84062e+06 1.41675e+06 1.21346e+06 281269 257567 249677 211338 208981 185309 133887 122746 71652.6 42938.7 42448.9 41489 37602.1 36157.2 33213 29391.8 24142.2 22598.5 21686.9 19357.8 19209.4 19079.7 13862.4
threshold=0.63935959339141857 0.72947821021080028 0.54603451490402233 79.500000000000014 0.68737804889678966 0.46038834750652319 0.59220868349075328 0.65978154540061962 0.51033937931060802 37.500000000000007 0.75117507576942455 0.85320976376533519 0.61705884337425243 0.70297411084175121 0.56993085145950328 0.77471512556076061 0.49092386662960058 0.6708858609199525 0.43139706552028662 0.53233033418655407 31.500000000000004 88.500000000000014 82.500000000000014 0.60676470398902904 0.71903863549232494 0.63151890039443981 0.5607682764530183 0.65169131755828869 0.58117648959159862 25.500000000000004
decision_type=2 2 2 2 2 2 2 2 2 2 2 2 2 2 2 2 2 2 2 2 2 2 2 2 2 2 2 2 2 2
left_child=2 4 5 10 7 9 14 27 16 20 -3 22 23 -6 26 -12 -7 -9 -11 -10 29 -13 -5 -8 -15 -14 -4 -2 -16 -1
right_child=1 3 6 11 13 8 12 17 19 18 15 21 25 24 28 -17 -18 -19 -20 -21 -22 -23 -24 -25 -26 -27 -28 -29 -30 -31
leaf_value=-0.81594248074606834 -0.027459620412626271 0.13167590913116403 -0.18586423916099026 0.26009903347231011 0.056058277046836372 -0.31647703067812422 -0.10567760460205076 0.006338529749089431 -0.2390661676846087 -0.42932381906361494 0.17416050702246125 0.35334774583505341 -0.064073005034879366 0.086469046070340408 -0.14801593756308154 0.2150881836059545 -0.27330051556618112 0.025545263252952047 -0.3644498178943788 -0.20685818909711232 -0.5278832664440849 0.41223442115887354 0.30771228422090646 -0.084622084854226662 0.10596662709140524 -0.044735890464660949 -0.16273678587076046 -0.0099080124161413582 -0.12740687044092636 -0.62580080032055063
leaf_weight=1126 383194 305529 214401 80930 408151 102641 318766 412463 210545 47063 771239 113899 398133 888101 215147 124157 131196 950837 51755 159112 22507 30325 54075 237632 178483 228049 156553 262804 234959 6497
leaf_count=1126 383194 305529 214401 80930 408151 102641 318766 412463 210545 47063 771239 113899 398133 888101 215147 124157 131196 950837 51755 159112 22507 30325 54075 237632 178483 228049 156553 262804 234959 6497
internal_value=-1.02488e-05 0.085423 -0.155015 0.197068 0.0379917 -0.283327 -0.10811 0.0068569 -0.251183 -0.433766 0.167583 0.323879 -0.0756878 0.0804122 -0.154808 0.179836 -0.292253 0.0197343 -0.395347 -0.225203 -0.559767 0.36573 0.27917 -0.096685 0.0897318 -0.0570306 -0.176104 -0.0203193 -0.137258 -0.653897
internal_weight=7.70027e+06 4.96419e+06 2.73608e+06 1.48015e+06 3.48403e+06 732442 2.00364e+06 2.0093e+06 603494 128948 1.20092e+06 279229 1.18258e+06 1.47474e+06 821060 895396 233837 1.3633e+06 98818 369657 30130 144224 135005 556398 1.06658e+06 626182 370954 645998 450106 7623
internal_count=7700269 4964187 2736082 1480154 3484033 732442 2003640 2009298 603494 128948 1200925 279229 1182580 1474735 821060 895396 233837 1363300 98818 369657 30130 144224 135005 556398 1066584 626182 370954 645998 450106 7623
is_linear=0
shrinkage=0.05


Tree=22
num_leaves=31
num_cat=0
split_feature=23 23 23 23 23 23 23 23 10 23 23 23 23 23 23 10 10 23 23 23 23 23 10 23 23 10 23 23 23 23
split_gain=3.68117e+07 9.49361e+06 5.9463e+06 1.8884e+06 1.80659e+06 1.23615e+06 1.15062e+06 277466 226208 212135 179443 157942 140899 113218 111578 77432.7 44781.8 38752.2 38459.1 34233.7 30609 27521.1 27312.8 25730.4 25480.4 20866.1 19043.9 18427.7 17534.2 16864.4
threshold=0.63935959339141857 0.73445656895637523 0.54388400912284862 0.80000919103622448 0.690381020307541 0.46038834750652319 0.59103864431381237 0.66221755743026745 36.500000000000007 0.51033937931060802 0.61154127120971691 0.85320976376533519 0.76038458943367015 0.71039602160453807 0.56684723496437084 78.500000000000014 41.500000000000007 0.49092386662960058 0.67821946740150463 0.62598383426666271 0.88134998083114635 0.52983984351158153 29.500000000000004 0.65169131755828869 0.71903863549232494 82.500000000000014 0.58117648959159862 0.69888237118721019 0.66970753669738781 0.74288836121559154
decision_type=2 2 2 2 2 2 2 2 2 2 2 2 2 2 2 2 2 2 2 2 2 2 2 2 2 2 2 2 2 2
left_child=2 4 5 12 7 8 14 23 22 17 -8 25 29 27 -4 -14 -10 -7 28 -12 -13 -11 -1 -2 -15 -5 -16 -6 -9 -3
right_child=1 3 6 11 13 9 10 18 16 21 19 20 15 24 26 -17 -18 -19 -20 -21 -22 -23 -24 -25 -26 -27 -28 -29 -30 -31
leaf_value=-0.66293919955860303 -0.02608663971348063 0.12162337339226609 -0.17114685865441367 0.25013816526986921 0.051443492283821037 -0.30065320126992884 -0.097676060688522137 0.0059148259318327519 -0.42548573440631332 -0.22917862072480016 -0.068687365708402559 0.33094994516350107 0.16967313401724013 0.085766168535649986 -0.1426177028784289 0.22191235768028772 -0.35535272882816898 -0.25963550731741952 0.036704331460292304 -0.047422662025475584 0.37961794060001519 -0.2008593844985298 -0.52138091370359174 -0.0071914267394054517 0.10434523283004143 0.29232669126860239 -0.12245436246633606 0.069888984319936717 0.020475028028043185 0.14489303108185381
leaf_weight=4027 383194 126653 344203 64011 225932 102641 451534 282074 34056 183541 371483 95348 732088 655289 266907 78549 68656 131196 306526 385862 48876 161107 22209 340059 256893 54075 208660 337934 774542 202144
leaf_count=4027 383194 126653 344203 64011 225932 102641 451534 282074 34056 183541 371483 95348 732088 655289 266907 78549 68656 131196 306526 385862 48876 161107 22209 340059 256893 54075 208660 337934 774542 202144
internal_value=-9.73816e-06 0.0811518 -0.147265 0.191382 0.0377786 -0.272086 -0.103737 0.0078299 -0.412078 -0.240881 -0.0727276 0.312336 0.163537 0.0801111 -0.149464 0.174735 -0.378607 -0.27764 0.0211115 -0.0578532 0.347443 -0.215941 -0.543111 -0.0172025 0.0909985 0.269458 -0.133771 0.0624982 0.016588 0.13593
internal_weight=7.70027e+06 4.96419e+06 2.73608e+06 1.40174e+06 3.56244e+06 707433 2.02865e+06 2.0864e+06 128948 578485 1.20888e+06 262310 1.13943e+06 1.47605e+06 819770 810637 102712 233837 1.36314e+06 757345 144224 344648 26236 723253 912182 118086 475567 563866 1.05662e+06 328797
internal_count=7700269 4964187 2736082 1401744 3562443 707433 2028649 2086395 128948 578485 1208879 262310 1139434 1476048 819770 810637 102712 233837 1363142 757345 144224 344648 26236 723253 912182 118086 475567 563866 1056616 328797
is_linear=0
shrinkage=0.05


Tree=23
num_leaves=31
num_cat=0
split_feature=23 23 23 13 23 23 23 15 15 23 23 23 23 23 13 15 13 23 23 23 23 23 23 15 23 23 23 23 23 16
split_gain=3.32259e+07 7.9964e+06 6.01341e+06 1.60982e+06 1.50678e+06 1.39662e+06 934140 291001 226263 165680 164463 119431 110936 109765 86521.1 46634.8 44548.2 43976.1 36127.4 34952.9 26966.2 25479.4 24824.4 21987.2 20023.8 17040.7 16338.6 15669.3 15136.4 14635.6
threshold=0.64605578780174266 0.73942306637763988 0.55757284164428722 81.020833333333357 0.69124999642372142 0.47766967117786413 0.60441744327545177 39.500000000000007 51.500000000000007 0.66920122504234325 0.77471512556076061 0.58117648959159862 0.71118247509002697 0.62692841887474071 86.020833333333357 32.500000000000007 43.020833333333336 0.76038458943367015 0.5372087061405183 0.72213184833526622 0.49589791893959051 0.65816503763198864 0.68125599622726452 83.500000000000014 0.79225191473960888 0.58973547816276561 0.61705884337425243 0.70091050863266002 0.63676577806472789 26.500000000000004
decision_type=2 2 2 2 2 2 2 2 2 2 2 2 2 2 2 2 2 2 2 2 2 2 2 2 2 2 2 2 2 2
left_child=2 4 5 10 9 7 11 15 20 21 17 -4 27 26 23 29 -9 -3 -10 -14 -7 -2 -11 -5 -12 -13 -8 -6 -15 -1
right_child=1 3 6 14 12 8 13 16 18 22 24 25 19 28 -16 -17 -18 -19 -20 -21 -22 -23 -24 -25 -26 -27 -28 -29 -30 -31
leaf_value=-0.73278590737125759 -0.015052637199210345 0.13475424015086374 -0.14154806043409865 0.25781570661084702 0.051478021977456524 -0.26884731481002372 -0.078163754662184892 -0.36879171649991183 -0.20464522531992646 0.019933769908241597 0.1850286475605443 -0.11774353621269387 0.082538214236002327 -0.046657478390510078 0.34796725724642064 -0.45034329057164513 -0.30913093556341692 0.1592254241824845 -0.17532135103708377 0.10348641268977371 -0.23454428704834443 0.0030430168854714687 0.037673429568198524 0.29890895568303194 0.21898762213009243 -0.098589569190577542 -0.060983053469455033 0.068229058281571595 -0.030267843378492178 -0.55038753557935916
leaf_weight=1248 391063 252952 424291 51362 252307 81185 288628 48449 173369 874357 74174 182045 681718 286303 84256 31072 88365 669561 266509 281294 194730 387068 254645 88916 104678 320684 265835 312551 277329 9325
leaf_count=1248 391063 252952 424291 51362 252307 81185 288628 48449 173369 874357 74174 182045 681718 286303 84256 31072 88365 669561 266509 281294 194730 387068 254645 88916 104678 320684 265835 312551 277329 9325
internal_value=-9.25248e-06 0.0815997 -0.132192 0.185899 0.0413406 -0.240343 -0.084901 -0.365485 -0.209143 0.0117002 0.161023 -0.122013 0.0783386 -0.0541314 0.307918 -0.481212 -0.330258 0.152515 -0.186879 0.0886572 -0.244638 -0.00605126 0.0239349 0.283863 0.204904 -0.105526 -0.0699266 0.0607468 -0.0385931 -0.571924
internal_weight=7.70027e+06 4.7609e+06 2.93937e+06 1.3259e+06 3.435e+06 894252 2.04512e+06 178459 715793 1.90713e+06 1.10136e+06 927020 1.52787e+06 1.1181e+06 224534 41645 136814 922513 439878 963012 275915 778131 1.129e+06 140278 178852 502729 554463 564858 563632 10573
internal_count=7700269 4760902 2939367 1325899 3435003 894252 2045115 178459 715793 1907133 1101365 927020 1527870 1118095 224534 41645 136814 922513 439878 963012 275915 778131 1129002 140278 178852 502729 554463 564858 563632 10573
is_linear=0
shrinkage=0.05


Tree=24
num_leaves=31
num_cat=0
split_feature=23 23 23 23 13 23 23 23 23 23 23 23 13 23 23 13 23 23 23 23 23 23 13 23 13 16 23 23 23 23
split_gain=2.99887e+07 7.02926e+06 5.64061e+06 1.45369e+06 1.33363e+06 1.27842e+06 836405 271820 229908 128612 125814 115836 96347.4 92261.7 87466.5 55645.2 37363.8 36357.8 32061 31590.2 25130.2 22402.2 21049.2 19775.6 19603.5 19313.6 17409.9 15722.1 13321.9 12265.8
threshold=0.64847591519355785 0.73942306637763988 0.5607682764530183 0.81285843253135692 47.020833333333336 0.69211795926094066 0.60919544100761425 0.41084934771060949 0.52708333730697643 0.66970753669738781 0.770134598016739 0.58847355842590343 85.020833333333357 0.71118247509002697 0.63151890039443981 35.020833333333336 0.75888618826866161 0.5066039264202119 0.44825132191181188 0.72346755862236034 0.68125599622726452 0.54176726937294017 88.020833333333357 0.57577648758888256 78.770833333333357 26.500000000000004 0.65891316533088695 0.83397981524467479 0.62221345305442821 0.70091050863266002
decision_type=2 2 2 2 2 2 2 2 2 2 2 2 2 2 2 2 2 2 2 2 2 2 2 2 2 2 2 2 2 2
left_child=2 5 4 10 7 9 11 15 17 26 16 23 27 29 28 25 -3 -6 -9 -15 -11 -10 -14 -4 -12 -1 -2 -5 -8 -7
right_child=1 3 6 12 8 13 14 18 21 20 24 -13 22 19 -16 -17 -18 -19 -20 -21 -22 -23 -24 -25 -26 -27 -28 -29 -30 -31
leaf_value=-0.69614953404865099 -0.011668213254034939 0.1267175865493958 -0.13585284744537926 0.23427476502211919 -0.24403628748227774 0.049542673024466279 -0.066748448897116952 -0.33741962592856772 -0.18526275768840178 0.019201142988397674 0.17194888598610028 -0.091656214697510563 0.30702353520514508 0.078780855396106242 -0.031394089108970923 -0.39889858309027737 0.15018161861137125 -0.21100732196754715 -0.28749797065884913 0.099290065767095328 0.036467303107807214 -0.16161654895347696 0.3546847835367008 -0.11651129610541514 0.20418718113233952 -0.49338085452611546 0.0038247317584070191 0.27153628692563964 -0.051580961128774465 0.064817605718568608
leaf_weight=1248 342576 227154 264469 49964 151257 226790 316426 53859 161096 850446 88697 449252 92747 707415 505555 29091 670410 185527 79858 255597 280162 264850 30886 264173 100698 20057 385245 65343 266870 312551
leaf_count=1248 342576 227154 264469 49964 151257 226790 316426 53859 161096 850446 88697 449252 92747 707415 505555 29091 670410 185527 79858 255597 280162 264850 30886 264173 100698 20057 385245 65343 266870 312551
internal_value=-8.79124e-06 0.0791147 -0.12306 0.176604 -0.224124 0.0406531 -0.0767596 -0.344903 -0.194969 0.0129262 0.152058 -0.110324 0.288268 0.0749515 -0.0466159 -0.443865 0.144243 -0.225841 -0.307606 0.0842243 0.0234797 -0.17056 0.318931 -0.126188 0.18909 -0.505262 -0.0034676 0.255391 -0.059809 0.0583946
internal_weight=7.70027e+06 4.68668e+06 3.01359e+06 1.3259e+06 946843 3.36078e+06 2.06674e+06 184113 762730 1.85843e+06 1.08696e+06 977894 238940 1.50235e+06 1.08885e+06 50396 897564 336784 133717 963012 1.13061e+06 425946 123633 528642 189395 21305 727821 115307 583296 539341
internal_count=7700269 4686681 3013588 1325899 946843 3360782 2066745 184113 762730 1858429 1086959 977894 238940 1502353 1088851 50396 897564 336784 133717 963012 1130608 425946 123633 528642 189395 21305 727821 115307 583296 539341
is_linear=0
shrinkage=0.05


Tree=25
num_leaves=31
num_cat=0
split_feature=10 10 10 10 10 10 10 16 10 10 10 10 10 10 10 10 10 10 10 10 10 10 13 10 10 10 10 10 10 10
split_gain=2.70613e+07 6.94412e+06 4.41583e+06 1.46168e+06 1.21417e+06 1.0069e+06 748638 203019 193014 160829 138849 136194 108063 76505.5 73571.3 49339.4 34262 33688.4 31794.9 31499.3 25763.5 24430.1 16403.2 15732.9 15380.7 13299.3 12536.7 11264.8 10554.3 10009.1
threshold=63.500000000000007 72.500000000000014 54.500000000000007 79.500000000000014 68.500000000000014 46.500000000000007 59.500000000000007 38.500000000000007 65.500000000000014 50.500000000000007 84.500000000000014 74.500000000000014 57.500000000000007 61.500000000000007 70.500000000000014 76.500000000000014 52.500000000000007 42.500000000000007 31.500000000000004 66.500000000000014 87.500000000000014 55.500000000000007 48.979166666666679 67.500000000000014 82.500000000000014 69.500000000000014 64.500000000000014 62.500000000000007 60.500000000000007 58.500000000000007
decision_type=2 2 2 2 2 2 2 2 2 2 2 2 2 2 2 2 2 2 2 2 2 2 2 2 2 2 2 2 2 2
left_child=2 4 5 11 8 7 12 18 26 22 24 -3 21 28 25 -13 -11 -9 -1 -10 -12 -4 -7 -21 -5 -6 -2 -15 -8 -14
right_child=1 3 6 10 14 9 13 17 19 16 20 15 29 27 -16 -17 -18 -19 -20 23 -22 -23 -24 -25 -26 -27 -28 -29 -30 -31
leaf_value=-0.53705410676087106 -0.023260341688187049 0.10653471663255623 -0.15065964599997628 0.21232042141239657 0.044810976005152825 -0.2527246148036203 -0.079334261674531684 -0.34745232632590051 0.004406262608237386 -0.1964548525659249 0.2812460190637035 0.14107922077043034 -0.10731552623440786 -0.051259868164854588 0.076231368837432145 0.17250660529644185 -0.16780373566293319 -0.29077121119372928 -0.42168012777977576 0.018000598096115972 0.32455743161252371 -0.1266243127094657 -0.22354465267952844 0.032269849898536672 0.24848037502041809 0.060189515497241247 -0.0092122258494735654 -0.037204332107420961 -0.064248946512286922 -0.092011170452616531
leaf_weight=7631 310763 283177 149786 81186 265331 76086 223197 39429 365582 187324 99261 760218 211824 282341 852789 149439 235575 78245 27489 803459 52504 359412 131272 254317 46119 299026 324802 287919 241307 215558
leaf_count=7631 310763 283177 149786 81186 265331 76086 223197 39429 365582 187324 99261 760218 211824 282341 852789 149439 235575 78245 27489 803459 52504 359412 131272 254317 46119 299026 324802 287919 241307 215558
internal_value=-3.56424e-05 0.0698892 -0.125648 0.160916 0.0313449 -0.226098 -0.0857477 -0.341251 0.0068287 -0.198181 0.263928 0.136816 -0.118135 -0.0564336 0.0669636 0.146242 -0.180495 -0.309764 -0.44675 0.0170585 0.29623 -0.133695 -0.234252 0.0214313 0.22542 0.0529593 -0.0160811 -0.0441634 -0.0714975 -0.0995965
internal_weight=7.70237e+06 4.94797e+06 2.7544e+06 1.4719e+06 3.47607e+06 783051 1.97134e+06 152794 2.05892e+06 630257 279070 1.19283e+06 936580 1.03476e+06 1.41715e+06 909657 422899 117674 35120 1.42336e+06 151765 509198 207358 1.05778e+06 127305 564357 635565 570260 464504 427382
internal_count=7702368 4947973 2754395 1471904 3476069 783051 1971344 152794 2058923 630257 279070 1192834 936580 1034764 1417146 909657 422899 117674 35120 1423358 151765 509198 207358 1057776 127305 564357 635565 570260 464504 427382
is_linear=0
shrinkage=0.05


Tree=26
num_leaves=31
num_cat=0
split_feature=23 23 23 13 23 16 23 23 23 23 23 23 23 23 23 23 15 23 23 10 16 23 23 10 23 23 23 23 23 23
split_gain=2.44388e+07 6.35365e+06 3.90257e+06 1.32677e+06 1.11911e+06 824741 741335 176169 152078 142854 127237 126679 98670.8 88713.8 80100.5 41213.6 31890.7 26232.6 25711.8 22074 18801.5 18194 18182.5 17259.6 14281.3 12634.4 11619.2 11315.2 10900.4 10413.2
threshold=0.63859808444976818 0.72947821021080028 0.54388400912284862 79.020833333333357 0.68737804889678966 45.500000000000007 0.59461584687232982 0.65978154540061962 0.36539216339588171 0.51033937931060802 0.85320976376533519 0.75377202033996593 0.57293695211410534 0.61705884337425243 0.70788720250129711 0.770134598016739 41.500000000000007 0.49092386662960058 0.6715412735939027 88.500000000000014 27.500000000000004 0.53233033418655407 0.5607682764530183 82.500000000000014 0.69888237118721019 0.64923548698425304 0.74113664031028759 0.60792675614357006 0.63059458136558544 0.71903863549232494
decision_type=2 2 2 2 2 2 2 2 2 2 2 2 2 2 2 2 2 2 2 2 2 2 2 2 2 2 2 2 2 2
left_child=2 4 5 11 7 8 12 25 20 17 23 26 22 27 24 -13 -10 -7 -9 -12 -1 -11 -4 -5 -6 -2 -3 -8 -15 -16
right_child=1 3 6 10 14 9 13 18 16 21 19 15 -14 28 29 -17 -18 -19 -20 -21 -22 -23 -24 -25 -26 -27 -28 -29 -30 -31
leaf_value=-0.61493428237172876 -0.023041698018811382 0.094698706400353855 -0.14484017303156788 0.20150130983886716 0.040023346512182305 -0.24507544213601862 -0.079611549821997543 0.0053078729596936474 -0.34780408880302643 -0.18510128102499199 0.27314870944542102 0.13473240676599549 -0.10231318316930492 -0.050084253312320838 0.068732109927919824 0.16373986401675691 -0.28985174376137413 -0.21152469903688403 0.020003143159891046 0.32127940105621633 -0.43850622746994844 -0.16154160148843658 -0.12468668395365462 0.23784909149854455 0.055955618241163324 -0.0093044935019619742 0.11352566473944213 -0.064412229898914153 -0.036244165086270728 0.082214465661643643
leaf_weight=1620 328563 179776 239392 82667 303465 104746 292454 439027 37051 210326 113746 722309 450764 373739 730011 147450 66094 131304 924390 30138 22377 134269 210187 54000 262168 341187 150615 210650 229709 178174
leaf_count=1620 328563 179776 239392 82667 303465 104746 292454 439027 37051 210326 113746 722309 450764 373739 730011 147450 66094 131304 924390 30138 22377 134269 210187 54000 262168 341187 150615 210650 229709 178174
internal_value=-3.38621e-05 0.0656725 -0.120756 0.152522 0.0290035 -0.221704 -0.0851542 0.00495571 -0.337046 -0.196448 0.250413 0.129638 -0.118844 -0.0577426 0.0621781 0.13965 -0.310669 -0.226413 0.0152712 0.28323 -0.450419 -0.175921 -0.135418 0.215863 0.0474079 -0.0160436 0.103281 -0.0732476 -0.0448159 0.0713772
internal_weight=7.70237e+06 4.98769e+06 2.71468e+06 1.4807e+06 3.50698e+06 707787 2.0069e+06 2.03317e+06 127142 580645 280551 1.20015e+06 900343 1.10655e+06 1.47382e+06 869759 103145 236050 1.36342e+06 143884 23997 344595 449579 136667 565633 669750 330391 503104 603448 908185
internal_count=7702368 4987686 2714682 1480701 3506985 707787 2006895 2033167 127142 580645 280551 1200150 900343 1106552 1473818 869759 103145 236050 1363417 143884 23997 344595 449579 136667 565633 669750 330391 503104 603448 908185
is_linear=0
shrinkage=0.05


Tree=27
num_leaves=31
num_cat=0
split_feature=23 23 23 10 23 23 23 10 23 23 10 23 23 23 10 23 23 15 23 23 23 23 23 10 23 23 23 23 10 23
split_gain=2.2058e+07 5.54114e+06 3.73225e+06 1.08878e+06 1.07251e+06 880219 590606 166510 158516 145230 116193 76569 69541.5 69229.5 59411.8 44039 28175.4 27133.9 24877.7 21451.7 21170.8 20909 20421.8 13538.8 13412.2 10556.6 10223.6 9648.23 9097.91 8851.83
threshold=0.64200851321220409 0.73783370852470409 0.55421933531761181 81.500000000000014 0.69124999642372142 0.47002477943897253 0.60077652335166942 38.500000000000007 0.51634138822555553 0.66659739613533031 78.500000000000014 0.58117648959159862 0.71118247509002697 0.62221345305442821 86.500000000000014 0.76038458943367015 0.43139706552028662 31.500000000000004 0.53470870852470409 0.49589791893959051 0.67821946740150463 0.71903863549232494 0.65247520804405224 83.500000000000014 0.56530731916427623 0.63323622941970836 0.69888237118721019 0.61154127120971691 25.500000000000004 0.76543691754341137
decision_type=2 2 2 2 2 2 2 2 2 2 2 2 2 2 2 2 2 2 2 2 2 2 2 2 2 2 2 2 2 2
left_child=2 4 5 10 9 7 11 17 19 22 15 24 26 27 23 -3 -9 28 -10 -7 -11 -14 -2 -5 -4 -15 -6 -8 -1 -17
right_child=1 3 6 14 12 8 13 16 18 20 -12 -13 21 25 -16 29 -18 -19 -20 -21 -22 -23 -24 -25 -26 -27 -28 -29 -30 -31
leaf_value=-0.61398293438848228 -0.018447039093248043 0.10795411526786675 -0.12812716174818908 0.21019726683064036 0.040445195155131716 -0.22324667631255785 -0.06971551259291929 -0.31238448500667848 -0.17039264355203618 0.014422080814827334 0.17741371900562786 -0.088282451346024596 0.06645662238484322 -0.043089402545385014 0.28483798931255971 0.12899900782818102 -0.26124963918481736 -0.37954618862291734 -0.14600447277288203 -0.19418550397903223 0.029214963980218334 0.082358899355019111 -0.002242703521473649 0.24281439445642486 -0.11088846997667008 -0.029442509370439934 0.054484571827479095 -0.055826830065793323 -0.46240875688621969 0.14429319194646392
leaf_weight=1163 331912 277946 183449 48877 202045 106652 238629 41682 184935 901173 117595 422180 630157 317649 82903 621145 76184 27629 240638 156974 330592 307615 469419 91179 293146 255850 362022 262715 6698 111615
leaf_count=1163 331912 277946 183449 48877 202045 106652 238629 41682 184935 901173 117595 422180 630157 317649 82903 621145 76184 27629 240638 156974 330592 307615 469419 91179 293146 255850 362022 262715 6698 111615
internal_value=-3.21694e-05 0.0642048 -0.111486 0.150325 0.0312845 -0.199583 -0.0738772 -0.307923 -0.175476 0.00761374 0.130374 -0.103788 0.0633286 -0.0488656 0.25129 0.124901 -0.279333 -0.40287 -0.156603 -0.205943 0.0183923 0.071673 -0.00895455 0.231432 -0.117524 -0.0370012 0.0494558 -0.0624376 -0.484841 0.131329
internal_weight=7.70237e+06 4.8862e+06 2.81617e+06 1.35126e+06 3.53494e+06 842555 1.97362e+06 153356 689199 2.0331e+06 1.1283e+06 898775 1.50184e+06 1.07484e+06 222959 1.01071e+06 117866 35490 425573 263626 1.23176e+06 937772 801331 140056 476595 573499 564067 501344 7861 732760
internal_count=7702368 4886195 2816173 1351260 3534935 842555 1973618 153356 689199 2033096 1128301 898775 1501839 1074843 222959 1010706 117866 35490 425573 263626 1231765 937772 801331 140056 476595 573499 564067 501344 7861 732760
is_linear=0
shrinkage=0.05


Tree=28
num_leaves=31
num_cat=0
split_feature=10 10 13 10 10 10 10 10 13 13 10 10 10 10 10 10 10 10 10 10 13 10 10 10 10 13 10 10 10 13
split_gain=1.98944e+07 5.10737e+06 3.25026e+06 1.07609e+06 892338 690629 634954 142581 120789 104045 102205 102179 100885 65952.2 54186.7 35782.2 23472.1 20465.3 20365.4 19024.7 18838.3 16412 14326.4 13675.1 12133.7 11023.7 9583.92 9123.56 8831.44 7670.95
threshold=63.500000000000007 72.500000000000014 53.937500000000007 79.500000000000014 68.500000000000014 58.500000000000007 44.500000000000007 65.500000000000014 49.979166666666679 61.020833333333336 35.500000000000007 84.500000000000014 74.500000000000014 56.500000000000007 70.500000000000014 76.500000000000014 66.500000000000014 88.500000000000014 51.500000000000007 60.500000000000007 41.020833333333336 47.500000000000007 26.500000000000004 55.500000000000007 67.500000000000014 82.020833333333357 69.500000000000014 64.500000000000014 62.500000000000007 71.020833333333357
decision_type=2 2 2 2 2 2 2 2 2 2 2 2 2 2 2 2 2 2 2 2 2 2 2 2 2 2 2 2 2 2
left_child=2 4 6 12 7 13 10 27 21 19 22 25 -3 23 26 -14 -9 -13 -10 -7 -12 -8 -1 -4 -18 -5 -6 -2 -11 -16
right_child=1 3 5 11 14 9 8 16 18 28 20 17 15 -15 29 -17 24 -19 -20 -21 -22 -23 -24 -25 -26 -27 -28 -29 -30 -31
leaf_value=-0.57436482328340421 -0.019964372816085665 0.091249016587555909 -0.1325884853836356 0.18200053562203136 0.038467608785524479 -0.073122417421891003 -0.23305683232279503 0.0037212031592234146 -0.17988401771187168 -0.044197709732174489 -0.31753440997483778 0.24494594534790148 0.12102717510650916 -0.097493607013173098 0.062919541942189225 0.14779080448102797 0.015404858370524556 0.29097361534432536 -0.1563293442382051 -0.055350773545669398 -0.2702349670292144 -0.20284399240758877 -0.4029549794280059 -0.11450242459672538 0.027936123169612345 0.21243186887312132 0.051522456227101554 -0.0079801922516405666 -0.031881410040693253 0.074583207778252003
leaf_weight=1298 310763 283177 268538 79858 265331 438755 79622 365582 160645 294354 37890 121627 760218 400110 674576 149439 803459 30138 214047 229294 47386 103246 20165 171126 254317 47447 299026 324802 287919 178213
leaf_count=1298 310763 283177 268538 79858 265331 438755 79622 365582 160645 294354 37890 121627 760218 400110 674576 149439 803459 30138 214047 229294 47386 103246 20165 171126 254317 47447 299026 324802 287919 178213
internal_value=-3.05619e-05 0.059924 -0.107732 0.13799 0.026868 -0.0771118 -0.204075 0.00585065 -0.182686 -0.053557 -0.315798 0.226377 0.117311 -0.112182 0.0574034 0.125424 0.014643 0.254086 -0.166428 -0.0670227 -0.291251 -0.215999 -0.413324 -0.125549 0.0184177 0.193343 0.0453848 -0.0138399 -0.0381076 0.065357
internal_weight=7.70237e+06 4.94797e+06 2.7544e+06 1.4719e+06 3.47607e+06 2.0901e+06 664299 2.05892e+06 557560 1.25032e+06 106739 279070 1.19283e+06 839774 1.41715e+06 909657 1.42336e+06 151765 374692 668049 85276 182868 21463 439664 1.05778e+06 127305 564357 635565 582273 852789
internal_count=7702368 4947973 2754395 1471904 3476069 2090096 664299 2058923 557560 1250322 106739 279070 1192834 839774 1417146 909657 1423358 151765 374692 668049 85276 182868 21463 439664 1057776 127305 564357 635565 582273 852789
is_linear=0
shrinkage=0.05


Tree=29
num_leaves=31
num_cat=0
split_feature=23 23 23 23 23 23 23 23 23 23 10 23 23 23 23 23 15 23 23 23 10 10 23 10 23 23 10 23 23 23
split_gain=1.79701e+07 4.67298e+06 2.87309e+06 916497 905723 628633 522036 142292 114793 113793 79086.2 71255.3 60874.7 58945.5 57882.5 36153.4 23715.6 22496.8 19855.6 15031.1 14428.5 14259.5 13557.1 13120.1 13104.9 11129.5 9515.32 8994.14 8738.8 8185.56
threshold=0.63859808444976818 0.73617300391197216 0.54603451490402233 0.690381020307541 0.80000919103622448 0.46038834750652319 0.5958991050720216 0.66221755743026745 0.36539216339588171 0.51323893666267406 85.500000000000014 0.57293695211410534 0.770134598016739 0.61808258295059215 0.71039602160453807 0.74889159202575695 41.500000000000007 0.49092386662960058 0.67821946740150463 0.71903863549232494 28.500000000000004 82.500000000000014 0.65169131755828869 88.500000000000014 0.53233033418655407 0.5607682764530183 78.500000000000014 0.69888237118721019 0.58366993069648754 0.6715412735939027
decision_type=2 2 2 2 2 2 2 2 2 2 2 2 2 2 2 2 2 2 2 2 2 2 2 2 2 2 2 2 2 2
left_child=2 3 5 7 12 8 11 22 20 17 21 25 15 -8 27 -3 -10 -7 29 -16 -1 -6 -2 -12 -11 -4 -14 -5 -13 -9
right_child=1 4 6 14 10 9 13 18 16 24 23 28 26 -15 19 -17 -18 -19 -20 -21 -22 -23 -24 -25 -26 -27 -28 -29 -30 -31
leaf_value=-0.50072108374700686 -0.018507212854339643 0.089688569542723168 -0.12326450204352855 0.035923946215969373 0.17538898818184068 -0.2098614155355441 -0.061340570013181252 0.0054524493096855401 -0.29798410319150997 -0.15694007604268886 0.23839246205985112 -0.094525831247420034 0.13163107492306989 -0.037917345531163937 0.059763590463057362 0.11479978749384304 -0.24823990651313307 -0.1797924851756724 0.026005916012929821 0.073567550828188749 -0.37380822778020401 0.20738185606126247 -0.0049818733361930746 0.2764249804512135 -0.13736531265800361 -0.10707179248444594 0.15561811810756959 0.048813041305094368 -0.080939806466055308 0.014726339888424513
leaf_weight=2501 406833 175981 214332 226113 64238 103003 502130 361746 37051 184555 91653 216404 87447 577514 654989 772726 67837 157075 306524 282167 21496 76093 340198 30138 159329 210187 78432 337190 261268 695218
leaf_count=2501 406833 175981 214332 226113 64238 103003 502130 361746 37051 184555 91653 216404 87447 577514 654989 772726 67837 157075 306524 282167 21496 76093 340198 30138 159329 210187 78432 337190 261268 695218
internal_value=-2.90351e-05 0.0563144 -0.103549 0.0264313 0.134695 -0.188137 -0.0722695 0.00519194 -0.288383 -0.166745 0.218323 -0.100342 0.115028 -0.0488112 0.0563061 0.110142 -0.265812 -0.191701 0.0148016 0.0639198 -0.387037 0.192737 -0.0123478 0.247804 -0.147871 -0.115247 0.142973 0.0436393 -0.0870948 0.0115524
internal_weight=7.70237e+06 4.98769e+06 2.71468e+06 3.61098e+06 1.37671e+06 732847 1.98184e+06 2.11052e+06 128885 603962 262122 902191 1.11459e+06 1.07964e+06 1.50046e+06 948707 104888 260078 1.36349e+06 937156 23997 140331 747031 121791 343884 424519 165879 563303 477672 1.05696e+06
internal_count=7702368 4987686 2714682 3610978 1376708 732847 1981835 2110519 128885 603962 262122 902191 1114586 1079644 1500459 948707 104888 260078 1363488 937156 23997 140331 747031 121791 343884 424519 165879 563303 477672 1056964
is_linear=0
shrinkage=0.05


Tree=30
num_leaves=31
num_cat=0
split_feature=23 23 23 10 23 23 23 10 23 23 10 23 23 23 10 23 16 23 23 23 23 23 23 23 23 23 23 23 10 23
split_gain=1.62229e+07 4.0128e+06 2.82169e+06 788096 777086 630190 488505 124508 107311 96271.5 82609.5 63270.6 57334 53617.4 45543.7 26923.2 21365.7 20710.8 19318.4 17075.7 15424 13413.3 12488.3 9706.08 9139.43 8977.36 8201.48 8016.37 7824.19 7603.16
threshold=0.643567055463791 0.73942306637763988 0.55232957005500805 81.500000000000014 0.69124999642372142 0.47002477943897253 0.60077652335166942 38.500000000000007 0.51323893666267406 0.66848108172416698 78.500000000000014 0.57723164558410656 0.62308496236801159 0.71118247509002697 86.500000000000014 0.76038458943367015 32.500000000000007 0.43139706552028662 0.53233033418655407 0.72499999403953563 0.65742611885070812 0.67821946740150463 0.49092386662960058 0.84335336089134227 0.63323622941970836 0.58973547816276561 0.56220871210098278 0.61154127120971691 25.500000000000004 0.70091050863266002
decision_type=2 2 2 2 2 2 2 2 2 2 2 2 2 2 2 2 2 2 2 2 2 2 2 2 2 2 2 2 2 2
left_child=2 4 5 10 9 7 11 16 22 20 15 26 27 29 23 -3 28 -9 -10 -15 -2 -11 -7 -5 -14 -13 -4 -8 -1 -6
right_child=1 3 6 14 13 8 12 17 18 21 -12 25 24 19 -16 -17 -18 -19 -20 -21 -22 -23 -24 -25 -26 -27 -28 -29 -30 -31
leaf_value=-0.52874717614369393 -0.012187954419732824 0.093793110010104375 -0.11316727660841171 0.18210115242264438 0.03594914576626794 -0.19526489519540133 -0.05969016985551661 -0.26792405176143136 -0.14907839878817228 0.013119327025108131 0.15221679091724799 -0.084306090419701676 -0.036588721362979623 0.058096039042833836 0.24494210171897929 0.11270438655197124 -0.32177844834148955 -0.22403875654512251 -0.12759166040291584 0.073733595634687149 0.0014780326759126258 0.025044877976944747 -0.17083364709398957 0.20891841977831491 -0.024212340534808315 -0.070900429235194587 -0.098786935731635009 -0.047296014186324557 -0.39160834680159573 0.047620089103865587
leaf_weight=1177 441665 253293 157370 56184 252059 78537 238266 41636 184778 823635 117387 260465 292157 733729 82831 732413 25516 75903 241130 229081 387722 330362 156655 84500 304779 239933 268045 288353 8999 312634
leaf_count=1177 441665 253293 157370 56184 252059 78537 238266 41636 184778 823635 117387 260465 292157 733729 82831 732413 25516 75903 241130 229081 387722 330362 156655 84500 304779 239933 268045 288353 8999 312634
internal_value=-4.42667e-06 0.0558308 -0.094324 0.129914 0.027838 -0.173059 -0.0630379 -0.264421 -0.151883 0.00719452 0.112567 -0.0899303 -0.0408784 0.0546426 0.215527 0.107845 -0.346212 -0.239585 -0.136914 0.0618167 -0.00579938 0.0165333 -0.178992 0.198209 -0.0302697 -0.0778783 -0.104107 -0.0529037 -0.407475 0.0424106
internal_weight=7.70119e+06 4.8375e+06 2.8637e+06 1.32661e+06 3.51089e+06 814331 2.04937e+06 153231 661100 1.98338e+06 1.10309e+06 925813 1.12356e+06 1.5275e+06 223515 985706 35692 117539 425908 962810 829387 1.154e+06 235192 140684 596936 500398 425415 526619 10176 564693
internal_count=7701194 4837495 2863699 1326608 3510887 814331 2049368 153231 661100 1983384 1103093 925813 1123555 1527503 223515 985706 35692 117539 425908 962810 829387 1153997 235192 140684 596936 500398 425415 526619 10176 564693
is_linear=0
shrinkage=0.05


Tree=31
num_leaves=31
num_cat=0
split_feature=23 23 23 16 23 16 23 23 23 23 23 23 23 23 23 23 23 23 23 23 23 16 23 23 23 23 23 23 23 23
split_gain=1.46415e+07 3.81091e+06 2.34311e+06 798581 670728 482186 468475 99745 96034.8 76770.9 76497.1 76385.5 67386.1 56685.4 49618.8 23798.6 14844.6 14762.3 14121.2 13737.5 12437 12135.3 11577.8 10071.4 10033.1 9242.7 8612.87 7726.24 4750.24 4736.95
threshold=0.63859808444976818 0.72947821021080028 0.54176726937294017 79.500000000000014 0.68527233600616466 44.500000000000007 0.59103864431381237 0.65978154540061962 0.50297555327415477 0.75615385174751293 0.85320976376533519 0.36539216339588171 0.61154127120971691 0.70196795463562023 0.5638321340084077 0.77471512556076061 0.48495049774646765 0.88134998083114635 0.52470868825912487 0.6715412735939027 0.62493115663528453 29.500000000000004 0.41084934771060949 0.57723164558410656 0.8240671455860139 0.71178066730499279 0.74113664031028759 0.64923548698425304 0.71757391095161449 0.60206305980682384
decision_type=2 2 2 2 2 2 2 2 2 2 2 2 2 2 2 2 2 2 2 2 2 2 2 2 2 2 2 2 2 2
left_child=2 4 5 9 7 11 14 27 16 26 24 21 29 -6 -4 -11 -7 -12 -10 -9 -14 -1 -13 -16 -5 -15 -3 -2 -27 -8
right_child=1 3 6 10 13 8 12 19 18 15 17 22 20 25 23 -17 -18 -19 -20 -21 -22 -23 -24 -25 -26 28 -28 -29 -30 -31
leaf_value=-0.42962244236214864 -0.017934712735112501 0.073145014596587149 -0.11061190930376984 0.15327552145565643 0.031999698047404747 -0.19705559270009435 -0.066263641891450717 0.0040559449593913707 -0.15034009420324379 0.10508018447170664 0.20793820371496424 -0.27596022943185927 -0.043919487557619728 0.046049296403809503 -0.093165741212832942 0.12892909387679116 -0.17005592313872919 0.24174699278530351 -0.13086781276140855 0.01489671861028468 -0.030875591955190424 -0.33415246005932109 -0.23567035433048811 -0.079285124556211173 0.18037835011352821 0.053976301967364741 0.088711741804040165 -0.0071898879334263994 0.062843439424777922 -0.055994825908139201
leaf_weight=3987 327955 179833 318027 66586 431323 99790 241907 439447 185824 722091 95445 26364 342059 307518 239856 122329 103947 48803 186622 872327 392361 20202 55127 287124 70105 583622 175656 341542 203782 209633
leaf_count=3987 327955 179833 318027 66586 431323 99790 241907 439447 185824 722091 95445 26364 342059 307518 239856 122329 103947 48803 186622 872327 392361 20202 55127 287124 70105 583622 175656 341542 203782 209633
internal_value=-4.20726e-06 0.0508369 -0.0934911 0.118096 0.0224407 -0.173688 -0.0665664 0.00325031 -0.155681 0.100329 0.193979 -0.271866 -0.0462962 0.0473524 -0.0950153 0.108535 -0.18328 0.219377 -0.140583 0.011265 -0.0369508 -0.34989 -0.248705 -0.0856029 0.167176 0.0534003 0.0808369 -0.0124533 0.0562711 -0.0614962
internal_weight=7.70119e+06 4.98836e+06 2.71283e+06 1.48085e+06 3.50752e+06 681863 2.03097e+06 1.98127e+06 576183 1.19991e+06 280939 105680 1.18596e+06 1.52624e+06 845007 844420 203737 144248 372446 1.31177e+06 734420 24189 81491 526980 136691 1.09492e+06 355489 669497 787404 451540
internal_count=7701194 4988364 2712830 1480848 3507516 681863 2030967 1981271 576183 1199909 280939 105680 1185960 1526245 845007 844420 203737 144248 372446 1311774 734420 24189 81491 526980 136691 1094922 355489 669497 787404 451540
is_linear=0
shrinkage=0.05


Tree=32
num_leaves=31
num_cat=0
split_feature=23 23 23 23 23 23 23 23 16 23 16 23 23 23 23 23 23 23 23 15 23 23 23 16 23 23 23 23 23 23
split_gain=1.32153e+07 3.24228e+06 2.33126e+06 642316 622435 561392 351562 109545 101797 77289 55888.3 45600 44272.1 41537.7 39779.2 21057.8 19758.5 15789.6 15577 14603.3 14114.1 12370.5 12103.9 10463.7 7468.05 7289.62 5614.68 5200.46 5179.8 5047.69
threshold=0.64438903331756603 0.73942306637763988 0.55757284164428722 0.81285843253135692 0.69211795926094066 0.47002477943897253 0.60309749841690075 0.5190885365009309 37.500000000000007 0.66920122504234325 77.500000000000014 0.86670097708702099 0.58117648959159862 0.62409275770187389 0.71118247509002697 0.43139706552028662 0.76038458943367015 0.5372087061405183 0.49589791893959051 30.500000000000004 0.71903863549232494 0.65742611885070812 0.68125599622726452 83.500000000000014 0.63411813974380504 0.89309459924697887 0.58973547816276561 0.69888237118721019 0.79225191473960888 0.61154127120971691
decision_type=2 2 2 2 2 2 2 2 2 2 2 2 2 2 2 2 2 2 2 2 2 2 2 2 2 2 2 2 2 2
left_child=2 4 5 10 9 8 12 18 19 21 16 23 -4 29 27 -10 -3 -9 -7 -1 -16 -2 -11 -5 -15 -13 -14 -6 -12 -8
right_child=1 3 6 11 14 7 13 17 15 22 28 25 26 24 20 -17 -18 -19 -20 -21 -22 -23 -24 -25 -26 -27 -28 -29 -30 -31
leaf_value=-0.39152036692626324 -0.010653898883360546 0.084578353541659657 -0.08937053189734534 0.1585110480222158 0.031774411928655703 -0.17286124592127083 -0.052616659081864151 -0.12947265520585061 -0.24482795792236878 0.012509579023688218 0.11764354431425045 0.2103063718172547 -0.074062348375583328 -0.032218478992035171 0.051390352688225831 -0.2022628783772131 0.10090259918958691 -0.11046879302220119 -0.14880215979192413 -0.30384063210416978 0.06412132933826091 0.0015495355644960613 0.024451218725905808 0.18563829972561421 -0.020993406328728464 0.24223596662363131 -0.062881124350662371 0.042245408723259131 0.13737216940782568 -0.042204808703470445
leaf_weight=5902 418012 253293 424248 63389 176102 106546 184321 185212 47086 874413 52773 70996 181700 289763 630200 75903 691242 266705 182569 24340 332610 412679 280192 80956 303237 23899 293878 363026 90060 315942
leaf_count=5902 418012 253293 424248 63389 176102 106546 184321 185212 47086 874413 52773 70996 181700 289763 630200 75903 691242 266705 182569 24340 332610 412679 280192 80956 303237 23899 293878 363026 90060 315942
internal_value=-3.99714e-06 0.0507222 -0.0845756 0.117252 0.025413 -0.151648 -0.0544813 -0.133634 -0.238768 0.00703954 0.100933 0.191425 -0.0776281 -0.03543 0.0496993 -0.218559 0.096525 -0.118257 -0.157669 -0.320953 0.0557884 -0.00459135 0.0154075 0.173726 -0.0264784 0.218348 -0.0671531 0.0388251 0.130083 -0.046041
internal_weight=7.70119e+06 4.81384e+06 2.88735e+06 1.32661e+06 3.48723e+06 894263 1.99309e+06 741032 153231 1.9853e+06 1.08737e+06 239240 899826 1.09326e+06 1.50194e+06 122989 944535 451917 289115 30242 962810 830691 1.1546e+06 144345 593000 94895 475578 539128 142833 500263
internal_count=7701194 4813842 2887352 1326608 3487234 894263 1993089 741032 153231 1985296 1087368 239240 899826 1093263 1501938 122989 944535 451917 289115 30242 962810 830691 1154605 144345 593000 94895 475578 539128 142833 500263
is_linear=0
shrinkage=0.05


Tree=33
num_leaves=31
num_cat=0
split_feature=23 23 23 10 23 23 23 15 23 23 13 23 23 10 23 15 23 23 23 23 10 23 23 10 10 23 23 10 23 23
split_gain=1.19281e+07 2.87365e+06 2.16284e+06 580110 538996 507150 337125 108117 82092.5 64010.1 61288.4 42709.3 39955.6 34184.8 33018.3 20387.4 19824.7 16801.8 13042 12213.9 11636.5 10866.7 9132.98 7535.41 7129.05 6447.8 5609.48 5385.57 5130.91 5067.25
threshold=0.64605578780174266 0.73942306637763988 0.55757284164428722 81.500000000000014 0.69302847981452953 0.47766967117786413 0.60309749841690075 39.500000000000007 0.52206307649612438 0.66920122504234325 78.020833333333357 0.62692841887474071 0.58117648959159862 86.500000000000014 0.71118247509002697 33.500000000000007 0.76038458943367015 0.44825132191181188 0.72654128074646007 0.68125599622726452 53.500000000000007 0.50297555327415477 0.65816503763198864 25.500000000000004 83.500000000000014 0.61485221982002269 0.63589897751808178 89.500000000000014 0.76543691754341137 0.58973547816276561
decision_type=2 2 2 2 2 2 2 2 2 2 2 2 2 2 2 2 2 2 2 2 2 2 2 2 2 2 2 2 2 2
left_child=2 4 5 10 9 7 12 15 21 22 16 25 -4 24 -6 23 -3 -9 -16 -11 -10 -7 -2 -1 -5 -8 -13 -15 -18 -14
right_child=1 3 6 13 14 8 11 17 20 19 -12 26 29 27 18 -17 28 -19 -20 -21 -22 -23 -24 -25 -26 -27 -28 -29 -30 -31
leaf_value=-0.46125842234507153 -0.0089793025587751336 0.080349439031127318 -0.084902006884399986 0.15442040285735578 0.037322993408448808 -0.15639977642605307 -0.048146823296613607 -0.21709886583126711 -0.12050158703613321 0.011884100483228556 0.13035979146063476 -0.028442367270830368 -0.070359233032231738 0.20694715391049018 0.049982734951375646 -0.2656950042473975 0.094821792724098672 -0.18190696161870448 0.064226529862762866 0.023527051983824494 -0.1038461331746996 -0.13698157217416251 0.0018509614452322507 -0.32883105017889225 0.17805617438937826 -0.037572015859254237 -0.018430767608143411 0.258449632013527 0.10655522328954466 -0.059737069405887945
leaf_weight=1177 391407 253293 424248 48917 515908 131005 262906 62455 188799 874413 119243 259058 181700 77397 758929 28164 620927 74239 203881 303412 235928 160119 387251 12377 91767 319119 304213 5434 109630 293878
leaf_count=1177 391407 253293 424248 48917 515908 131005 262906 62455 188799 874413 119243 259058 181700 77397 758929 28164 620927 74239 203881 303412 235928 160119 387251 12377 91767 319119 304213 5434 109630 293878
internal_value=-3.79744e-06 0.048886 -0.0792054 0.11139 0.0247483 -0.144066 -0.0508441 -0.219489 -0.125268 0.00752995 0.0965064 -0.0328501 -0.0737467 0.184842 0.0475298 -0.289946 0.0924033 -0.197986 0.052999 0.0148834 -0.11125 -0.14572 -0.00359307 -0.340334 0.169838 -0.0423488 -0.0230353 0.210326 0.0965826 -0.0637954
internal_weight=7.70119e+06 4.76181e+06 2.93938e+06 1.32661e+06 3.4352e+06 894263 2.04512e+06 178412 715851 1.95648e+06 1.10309e+06 1.1453e+06 899826 223515 1.47872e+06 41718 983850 136694 962810 1.17782e+06 424727 291124 778658 13554 140684 582025 563271 82831 730557 475578
internal_count=7701194 4761809 2939385 1326608 3435201 894263 2045122 178412 715851 1956483 1103093 1145296 899826 223515 1478718 41718 983850 136694 962810 1177825 424727 291124 778658 13554 140684 582025 563271 82831 730557 475578
is_linear=0
shrinkage=0.05


Tree=34
num_leaves=31
num_cat=0
split_feature=13 13 13 13 15 13 13 13 13 13 13 15 13 13 13 15 13 15 15 13 13 15 13 13 15 15 15 13 13 15
split_gain=1.07552e+07 2.49615e+06 2.06571e+06 522469 473747 442946 324324 103633 74593.7 55244.6 45367.7 39040.4 38706.1 33414.1 26383.6 22220.8 14430.4 13759.9 13262.7 12386.4 10114.3 9144.27 8603.54 7184.59 6803 5868.96 5217.73 4943.09 4232.68 3775.12
threshold=64.020833333333357 73.020833333333357 55.020833333333336 79.979166666666671 47.500000000000007 68.979166666666671 60.020833333333336 40.020833333333336 52.020833333333336 85.020833333333357 58.020833333333336 70.500000000000014 66.020833333333357 62.020833333333336 76.020833333333357 33.500000000000007 50.020833333333336 75.500000000000014 44.500000000000007 71.020833333333357 82.020833333333357 88.500000000000014 56.979166666666679 67.020833333333357 25.500000000000004 53.500000000000007 69.500000000000014 65.020833333333357 63.020833333333336 78.500000000000014
decision_type=2 2 2 2 2 2 2 2 2 2 2 2 2 2 2 2 2 2 2 2 2 2 2 2 2 2 2 2 2 2
left_child=2 5 4 14 7 12 10 15 16 20 22 26 27 -8 17 24 -6 -3 -9 -13 -5 -11 -4 -14 -1 -10 -7 -2 -15 -16
right_child=1 3 6 9 8 11 13 18 25 21 -12 19 23 28 29 -17 -18 -19 -20 -21 -22 -23 -24 -25 -26 -27 -28 -29 -30 -31
leaf_value=-0.4373683572744706 -0.0060623145253828675 0.076380985250056169 -0.084495586347210438 0.13424958527126449 -0.14444857546195153 0.028550490678080749 -0.036564832603155795 -0.20220310838122765 -0.11098657861002761 0.18414286833728161 -0.054337083093902498 0.046250952136413337 0.01117991198799418 -0.023613107724136762 0.10250089292420282 -0.24794728719178322 -0.12422202283040705 0.090264561729823098 -0.17104229302015109 0.058134542367156899 0.15985822025172955 0.21601584957005052 -0.071429266039335415 0.020554697199240607 -0.31230681294210089 -0.097696318912514665 0.038199912985116616 0.0024033063999831412 -0.015186073679965058 0.11853237738281293
leaf_weight=1193 326491 246568 188339 78003 167733 263889 521869 59217 122130 93920 437307 667088 806418 287366 92193 35128 185946 646186 80678 326651 76258 29600 380543 273747 12361 259776 298637 365433 309482 61044
leaf_count=1193 326491 246568 188339 78003 167733 263889 521869 59217 122130 93920 437307 667088 806418 287366 92193 35128 185946 646186 80678 326651 76258 29600 380543 273747 12361 259776 298637 365433 309482 61044
internal_value=-3.60827e-06 0.0478328 -0.0729902 0.105908 -0.135395 0.024735 -0.0458492 -0.206098 -0.117269 0.166862 -0.0664465 0.0441989 0.00764151 -0.0273237 0.0897201 -0.268932 -0.133815 0.0864301 -0.184233 0.0501572 0.146909 0.191781 -0.0757551 0.0135558 -0.323318 -0.101946 0.0336732 -0.00159128 -0.0192435 0.108887
internal_weight=7.70119e+06 4.65213e+06 3.04907e+06 1.32377e+06 924162 3.32835e+06 2.12491e+06 188577 735585 277781 1.00619e+06 1.55626e+06 1.77209e+06 1.11872e+06 1.04599e+06 48682 353679 892754 139895 993739 154261 123520 568882 1.08016e+06 13554 381906 562526 691924 596848 153237
internal_count=7701194 4652126 3049068 1323772 924162 3328354 2124906 188577 735585 277781 1006189 1556265 1772089 1118717 1045991 48682 353679 892754 139895 993739 154261 123520 568882 1080165 13554 381906 562526 691924 596848 153237
is_linear=0
shrinkage=0.05


Tree=35
num_leaves=31
num_cat=0
split_feature=23 23 23 13 23 23 23 15 23 23 23 23 23 23 23 23 23 23 23 16 23 23 23 23 23 23 13 23 23 15
split_gain=9.72006e+06 2.52909e+06 1.5581e+06 530246 444549 378674 240888 76048.4 66359 64483.2 51642.5 51061.6 38109.2 32756.8 27365.5 18111.5 17608.6 11349.7 10298.2 9493.57 7789.02 7589.88 6805.17 6485.15 5803.07 4262.84 4196.01 4152.53 4116.06 3870.24
threshold=0.63859808444976818 0.72947821021080028 0.55232957005500805 79.020833333333357 0.68527233600616466 0.47002477943897253 0.59829127788543712 36.500000000000007 0.66221755743026745 0.51323893666267406 0.74889159202575695 0.85320976376533519 0.70196795463562023 0.57577648758888256 0.62001636624336254 0.43139706552028662 0.770134598016739 0.53233033418655407 0.87313267588615429 30.500000000000004 0.65169131755828869 0.49092386662960058 0.6715412735939027 0.8240671455860139 0.71616274118423473 0.61040237545967113 89.020833333333357 0.58713051676750194 0.56220871210098278 24.500000000000004
decision_type=2 2 2 2 2 2 2 2 2 2 2 2 2 2 2 2 2 2 2 2 2 2 2 2 2 2 2 2 2 2
left_child=2 4 5 10 8 7 13 19 20 21 -3 23 -6 28 25 -9 -12 -11 -13 29 -2 -7 -10 -5 -14 -8 -20 -15 -4 -1
right_child=1 3 6 11 12 9 14 15 22 17 16 18 24 27 -16 -17 -18 -19 26 -21 -22 -23 -24 -25 -26 -27 -28 -29 -30 -31
leaf_value=-0.43708386001943983 -0.013780396644142762 0.062971747482039056 -0.08759013439899245 0.12504494427582666 0.025965511099762237 -0.15132263337807894 -0.047648754142873812 -0.21174913022262271 0.0040023681773276474 -0.11530156513749329 0.084453233226254559 0.16537417153817255 0.04164530418864066 -0.066482511823703391 -0.026995720339470911 -0.17324524197735292 0.10331198503922741 -0.098833748964494178 0.18852515202971165 -0.26627976965729289 -0.0035326857528392083 -0.13226090146938538 0.012161930798324951 0.14685792335279998 0.050606891794581936 -0.0384171990600932 0.23206458405988123 -0.057115520566165895 -0.077183438130162485 -0.32184735000295661
leaf_weight=862 406530 280620 157189 66541 431282 78284 266620 50955 361361 184986 772114 71038 866725 238202 525452 76248 147410 240883 66759 20891 340929 156906 872532 69853 228214 235521 6036 235109 240262 4742
leaf_count=862 406530 280620 157189 66541 431282 78284 266620 50955 361361 184986 772114 71038 866725 238202 525452 76248 147410 240883 66759 20891 340929 156906 872532 69853 228214 235521 6036 235109 240262 4742
internal_value=-2.58689e-05 0.0414029 -0.076191 0.0962066 0.0182731 -0.134028 -0.0513678 -0.204721 0.00265043 -0.117592 0.0817468 0.158134 0.0385545 -0.0707164 -0.0349721 -0.188669 0.0874765 -0.105987 0.178918 -0.281785 -0.00910624 -0.138606 0.0097723 0.136216 0.0435131 -0.0433189 0.192136 -0.0618296 -0.0812992 -0.33958
internal_weight=7.70106e+06 4.98794e+06 2.71311e+06 1.48037e+06 3.50757e+06 814757 1.89836e+06 153698 1.98135e+06 661059 1.20014e+06 280227 1.52622e+06 870762 1.02759e+06 127203 919524 425869 143833 26495 747459 235190 1.23389e+06 136394 1.09494e+06 502141 72795 473311 397451 5604
internal_count=7701056 4987944 2713112 1480371 3507573 814757 1898355 153698 1981352 661059 1200144 280227 1526221 870762 1027593 127203 919524 425869 143833 26495 747459 235190 1233893 136394 1094939 502141 72795 473311 397451 5604
is_linear=0
shrinkage=0.05


Tree=36
num_leaves=31
num_cat=0
split_feature=23 10 23 23 15 23 23 23 23 23 10 23 23 23 23 10 23 23 23 23 23 10 23 10 16 23 23 23 10 23
split_gain=8.77334e+06 2.07457e+06 1.63171e+06 424214 395522 384369 238476 85166.5 66016.2 42983 39225.1 30075.5 28886.6 26726.5 22859 19151 11085.6 10147.1 9986.75 9843.65 9767.34 7457.69 6843.34 6599.52 6473.03 5725.48 5289.2 4648.58 4482.17 3103.32
threshold=0.64764782786369335 73.500000000000014 0.5607682764530183 0.80000919103622448 47.500000000000007 0.69390764832496654 0.60676470398902904 0.41084934771060949 0.52708333730697643 0.66970753669738781 85.500000000000014 0.58235433697700512 0.63151890039443981 0.770134598016739 0.71757391095161449 34.500000000000007 0.76038458943367015 0.44825132191181188 0.5066039264202119 0.67821946740150463 0.70788720250129711 88.500000000000014 0.83397981524467479 53.500000000000007 25.500000000000004 0.65816503763198864 0.62221345305442821 0.5958991050720216 78.500000000000014 0.57293695211410534
decision_type=2 2 2 2 2 2 2 2 2 2 2 2 2 2 2 2 2 2 2 2 2 2 2 2 2 2 2 2 2 2
left_child=2 5 4 13 7 9 11 15 18 25 22 29 26 16 20 24 -3 -9 -6 -11 -7 -12 -5 -10 -1 -2 -8 -13 -15 -4
right_child=1 3 6 10 8 14 12 17 23 19 21 27 -14 28 -16 -17 -18 -19 -20 -21 -22 -23 -24 -25 -26 -27 -28 -29 -30 -31
leaf_value=-0.39946672242661674 -0.006942032408679891 0.069117691570398362 -0.07514337370749663 0.12410364185154704 -0.13157982003817559 0.031193064017328288 -0.037183263767237178 -0.18266321416474043 -0.10111178515054785 0.0098304692280216863 0.16633605927226033 -0.057041438563353891 -0.017062620396171471 0.092224202572451314 0.051974457720115601 -0.21935849559582313 0.081603605210476562 -0.15490015292794077 -0.11413054328055404 0.019452675882245689 0.041055427906879154 0.19500058874668721 0.14623202258619694 -0.087806394022347176 -0.27612288146981873 0.0018155096557567023 -0.027944523564770098 -0.047597054470769146 0.10869154217722941 -0.066318834972958207
leaf_weight=1139 341764 245371 210655 73392 146935 389931 368867 54014 137772 774571 91631 288440 480806 87180 366155 33132 645306 84263 185570 404652 704847 30166 66698 288088 16188 411163 267099 237640 78570 189051
leaf_count=1139 341764 245371 210655 73392 146935 389931 368867 54014 137772 774571 91631 288440 480806 87180 366155 33132 645306 84263 185570 404652 704847 30166 66698 288088 16188 411163 267099 237640 78570 189051
internal_value=-2.45762e-05 0.0424876 -0.0670194 0.0957165 -0.121266 0.0218066 -0.0418663 -0.186035 -0.105146 0.0071733 0.152683 -0.0606306 -0.0263111 0.0815947 0.0411598 -0.241636 0.0781639 -0.165745 -0.121841 0.0131323 0.0375427 0.173436 0.134639 -0.0921109 -0.284233 -0.00215966 -0.0333031 -0.0527752 0.10003 -0.0709696
internal_weight=7.70106e+06 4.7114e+06 2.98966e+06 1.31831e+06 947101 3.39308e+06 2.04256e+06 188736 758365 1.93215e+06 261887 925786 1.11677e+06 1.05643e+06 1.46093e+06 50459 890677 138277 332505 1.17922e+06 1.09478e+06 121797 140090 425860 17327 752927 635966 526080 165750 399706
internal_count=7701056 4711397 2989659 1318314 947101 3393083 2042558 188736 758365 1932150 261887 925786 1116772 1056427 1460933 50459 890677 138277 332505 1179223 1094778 121797 140090 425860 17327 752927 635966 526080 165750 399706
is_linear=0
shrinkage=0.05


Tree=37
num_leaves=31
num_cat=0
split_feature=23 23 23 13 23 23 23 23 23 23 23 10 23 23 23 23 10 23 10 10 23 23 23 23 23 23 23 23 23 10
split_gain=7.92016e+06 2.06167e+06 1.27018e+06 438882 352897 280700 229401 52983.2 52183.1 49923.5 46353.7 41806.8 32016.9 32001 26269.9 14217 10620.9 9829.91 7977.45 7305.46 6752.06 6312.23 5408.42 5130.84 4461.12 4453.97 3960.57 3692.09 3107.43 2662.2
threshold=0.63859808444976818 0.7281077802181245 0.54603451490402233 79.020833333333357 0.68433254957199108 0.46038834750652319 0.5958991050720216 0.36539216339588171 0.66221755743026745 0.51323893666267406 0.74889159202575695 85.500000000000014 0.57293695211410534 0.70196795463562023 0.61705884337425243 0.770134598016739 41.500000000000007 0.49092386662960058 82.500000000000014 28.500000000000004 0.89309459924697887 0.65169131755828869 0.53233033418655407 0.6715412735939027 0.5607682764530183 0.71178066730499279 0.63151890039443981 0.58602210879325878 0.60544714331626903 78.500000000000014
decision_type=2 2 2 2 2 2 2 2 2 2 2 2 2 2 2 2 2 2 2 2 2 2 2 2 2 2 2 2 2 2
left_child=2 4 5 10 8 7 12 19 21 17 -3 18 24 -6 28 -12 -9 -7 -5 -1 -13 -2 -11 -10 -4 -15 -16 -14 -8 -17
right_child=1 3 6 11 13 9 14 16 23 22 15 20 27 25 26 29 -18 -19 -20 -21 -22 -23 -24 -25 -26 -27 -28 -29 -30 -31
leaf_value=-0.33934360578255796 -0.012400042837105395 0.056461454663649616 -0.081637400526056766 0.11502676047384784 0.023169597745334034 -0.13926081982748542 -0.045678460292140351 -0.19845130404275799 0.0036234800598353985 -0.10401518779774588 0.076252922200887266 0.15894802130088648 -0.061581357177223031 0.033904907507279668 -0.028358491576381942 0.087612996665417275 -0.16502572166612592 -0.11936478187527294 0.13748534024414422 -0.24937150489495458 0.18859808637716813 -0.0031748229097124021 -0.091446508792031367 0.010738369166495879 -0.07138620737298601 0.041033556066934519 -0.019795302435372225 -0.05272526359225891 -0.037545450759294559 0.10128294497116322
leaf_weight=2521 406530 304491 213909 82403 455741 102735 212251 36287 361361 184986 772114 97907 267082 307266 398402 87180 68894 156906 76027 21545 23890 340929 159318 848073 210655 763802 204259 210409 262953 60230
leaf_count=2521 406530 304491 213909 82403 455741 102735 212251 36287 361361 184986 772114 97907 267082 307266 398402 87180 68894 156906 76027 21545 23890 340929 159318 848073 210655 763802 204259 210409 262953 60230
internal_value=-2.3348e-05 0.0373735 -0.0687759 0.0862928 0.0162504 -0.124995 -0.0479572 -0.191871 0.00219375 -0.110683 0.0733703 0.142738 -0.0665613 0.0342667 -0.0323876 0.0789695 -0.176558 -0.127237 0.125804 -0.258798 0.164764 -0.00819226 -0.0981994 0.00861255 -0.0765511 0.0389885 -0.0254562 -0.0576789 -0.0411781 0.0931984
internal_weight=7.70106e+06 4.98794e+06 2.71311e+06 1.50424e+06 3.4837e+06 733192 1.97992e+06 129247 1.95689e+06 603945 1.22402e+06 280227 902055 1.52681e+06 1.07786e+06 919524 105181 259641 158430 24066 121797 747459 344304 1.20943e+06 424564 1.07107e+06 602661 477491 475204 147410
internal_count=7701056 4987944 2713112 1504242 3483702 733192 1979920 129247 1956893 603945 1224015 280227 902055 1526809 1077865 919524 105181 259641 158430 24066 121797 747459 344304 1209434 424564 1071068 602661 477491 475204 147410
is_linear=0
shrinkage=0.05


Tree=38
num_leaves=31
num_cat=0
split_feature=23 23 23 23 10 23 23 10 23 23 23 23 23 23 10 23 23 10 23 23 23 23 23 23 23 10 23 10 23 23
split_gain=7.14858e+06 1.78196e+06 1.23041e+06 350296 347905 279133 208383 56437.4 47346.4 44827.6 36708.1 27879.7 24153.1 23404.1 21417.7 11887.6 11654.3 8832.5 7905.56 7882.96 7250.93 6579.59 5421.8 4228.58 4160.14 3799.16 3627.72 3558.27 3557.66 3437.45
threshold=0.64275074005126964 0.73942306637763988 0.55232957005500805 0.69124999642372142 81.500000000000014 0.47002477943897253 0.60077652335166942 37.500000000000007 0.51634138822555553 0.66530331969261181 0.78756210207939159 0.57723164558410656 0.62221345305442821 0.71118247509002697 86.500000000000014 0.76038458943367015 0.43139706552028662 31.500000000000004 0.72654128074646007 0.67706304788589489 0.49589791893959051 0.53470870852470409 0.65330976247787487 0.84335336089134227 0.63237956166267406 89.500000000000014 0.697888344526291 24.500000000000004 0.58847355842590343 0.5638321340084077
decision_type=2 2 2 2 2 2 2 2 2 2 2 2 2 2 2 2 2 2 2 2 2 2 2 2 2 2 2 2 2 2
left_child=2 3 5 9 10 7 11 17 20 22 15 29 -8 26 23 -3 -9 27 -15 -11 -7 -10 -2 -6 -14 -16 -5 -1 -13 -4
right_child=1 4 6 13 14 8 12 16 21 19 -12 28 24 18 25 -17 -18 -19 -20 -21 -22 -23 -24 -25 -26 -27 -28 -29 -30 -31
leaf_value=-0.38108243261474778 -0.010095653286523266 0.062043030932389248 -0.074168665145460944 0.022293229741234578 0.12062243708971443 -0.12736495445859389 -0.035542192572455666 -0.18017614956775141 -0.096849495842231181 0.0076994154305217131 0.09961219791657426 -0.056116418599529719 -0.024900669451828158 0.038682490570684916 0.16049709473484239 0.074639884771235052 -0.14850785291880436 -0.22093825649888021 0.049767350715537742 0.0164275858577996 -0.1104591311155935 -0.083953626254563318 -0.0014234757935355519 0.13836717970013782 -0.016547662445168962 0.2039210561526224 0.030925255912174245 -0.27112331374333354 -0.047667495041664933 -0.065109885211555613
leaf_weight=825 333232 253172 185386 177600 56054 106378 500810 46942 184989 924189 130402 235473 292846 759017 77624 719728 76248 22834 204100 359251 157109 212583 392533 83747 303592 5388 386827 6849 264622 240706
leaf_count=825 333232 253172 185386 177600 56054 106378 500810 46942 184989 924189 130402 235473 292846 759017 77624 719728 76248 22834 204100 359251 157109 212583 392533 83747 303592 5388 386827 6849 264622 240706
internal_value=-2.21813e-05 0.0367805 -0.0630787 0.0182469 0.0862097 -0.114959 -0.0421885 -0.175653 -0.100848 0.00452636 0.0747009 -0.0596531 -0.0274466 0.0362937 0.143198 0.0713619 -0.160575 -0.236537 0.0410316 0.0101425 -0.117285 -0.0899541 -0.00540527 0.131252 -0.0206489 0.163316 0.0282091 -0.282949 -0.0516457 -0.0690512
internal_weight=7.70106e+06 4.86286e+06 2.83819e+06 3.53675e+06 1.32612e+06 814757 2.02344e+06 153698 661059 2.0092e+06 1.1033e+06 926187 1.09725e+06 1.52754e+06 222813 972900 123190 30508 963117 1.28344e+06 263487 397572 725765 139801 596438 83012 564427 7674 500095 426092
internal_count=7701056 4862864 2838192 3536749 1326115 814757 2023435 153698 661059 2009205 1103302 926187 1097248 1527544 222813 972900 123190 30508 963117 1283440 263487 397572 725765 139801 596438 83012 564427 7674 500095 426092
is_linear=0
shrinkage=0.05


Tree=39
num_leaves=31
num_cat=0
split_feature=23 23 23 13 23 16 23 23 23 23 23 10 23 23 23 23 15 23 23 10 10 23 23 23 23 23 23 23 23 23
split_gain=6.4522e+06 1.67935e+06 1.03502e+06 352561 295174 229162 186813 46675.8 42820.7 41335.1 34408.6 34021.4 25848.6 22070.4 21302.3 11835.4 8497.28 7004.4 6421.13 6096.38 5764.46 5614.93 5598.97 4926.5 3600.99 3237.11 3035.09 3011.53 2888.71 2676.16
threshold=0.63859808444976818 0.72947821021080028 0.54603451490402233 79.020833333333357 0.68737804889678966 45.500000000000007 0.59331706166267406 0.66300764679908764 0.36539216339588171 0.51033937931060802 0.74889159202575695 85.500000000000014 0.61607232689857494 0.57130533456802379 0.70557337999343883 0.76543691754341137 41.500000000000007 0.48495049774646765 0.83397981524467479 27.500000000000004 88.500000000000014 0.52708333730697643 0.65169131755828869 0.67706304788589489 0.62774425745010387 0.71757391095161449 0.60441744327545177 0.5607682764530183 0.697888344526291 0.58235433697700512
decision_type=2 2 2 2 2 2 2 2 2 2 2 2 2 2 2 2 2 2 2 2 2 2 2 2 2 2 2 2 2 2
left_child=2 4 5 10 7 8 13 22 19 17 -3 18 26 27 28 -12 -10 -7 -5 -1 -13 -11 -2 -9 -14 -16 -8 -4 -6 -15
right_child=1 3 6 11 14 9 12 23 16 21 15 20 24 29 25 -17 -18 -19 -20 -21 -22 -23 -24 -25 -26 -27 -28 -29 -30 -31
leaf_value=-0.32514361166056643 -0.011176001528488686 0.051274457317747338 -0.073660547443571409 0.10502810685972681 0.020062474071559297 -0.12860073926542023 -0.042484386387757103 0.0068823574897892764 -0.17891603128281827 -0.096707411979934765 0.068559607486140234 0.14251537784437707 -0.026997484011844958 -0.057465747325340981 0.034694910281093741 0.083119497296759104 -0.14904330370996643 -0.11029247405196546 0.12541704917128801 -0.2268843568581044 0.16771652497285153 -0.084255222891010104 -0.0026571699808636794 0.014628812770633182 -0.019432400505970317 0.041768324174876303 -0.034713213737073555 -0.064926936487591166 0.027806911912287742 -0.049748973225783158
leaf_weight=1699 406530 280620 213909 91732 278701 78174 241676 1001493 37152 158044 747923 91631 316971 216410 779581 171601 66285 157520 66698 22367 30166 211951 367011 258150 312276 204098 261702 183296 212009 233680
leaf_count=1699 406530 280620 213909 91732 278701 78174 241676 1001493 37152 158044 747923 91631 316971 216410 779581 171601 66285 157520 66698 22367 30166 211951 367011 258150 312276 204098 261702 183296 212009 233680
internal_value=-2.10725e-05 0.0337327 -0.0620759 0.0783905 0.0148848 -0.112825 -0.0432829 0.0025332 -0.17375 -0.0999994 0.0665998 0.128887 -0.0299991 -0.0610402 0.0319177 0.0712768 -0.159773 -0.116365 0.113612 -0.233823 0.148757 -0.0895742 -0.00713419 0.00846991 -0.0232432 0.0361625 -0.0384442 -0.0696303 0.0234084 -0.0534593
internal_weight=7.70106e+06 4.98794e+06 2.71311e+06 1.48037e+06 3.50757e+06 733192 1.97992e+06 2.03318e+06 127503 605689 1.20014e+06 280227 1.13262e+06 847295 1.47439e+06 919524 103437 235694 158430 24066 121797 369995 773541 1.25964e+06 629247 983679 503378 397205 490710 450090
internal_count=7701056 4987944 2713112 1480371 3507573 733192 1979920 2033184 127503 605689 1200144 280227 1132625 847295 1474389 919524 103437 235694 158430 24066 121797 369995 773541 1259643 629247 983679 503378 397205 490710 450090
is_linear=0
shrinkage=0.05


Tree=40
num_leaves=31
num_cat=0
split_feature=23 23 23 15 23 23 23 16 23 13 23 23 23 15 23 15 23 23 23 23 23 23 23 15 23 13 23 23 23 23
split_gain=5.82094e+06 1.36637e+06 1.09777e+06 278412 255253 242100 186746 46399.4 45568 29599.2 28282.7 24640.7 21440.3 17339.6 15856.3 8812.74 7952.21 7817.33 7283.56 7221.97 6128.29 5564.33 4019.21 3331.65 3306.35 3223.37 3200.19 2931.07 2654.04 2481.32
threshold=0.64847591519355785 0.74113664031028759 0.555951088666916 81.500000000000014 0.69498762488365184 0.47002477943897253 0.60309749841690075 38.500000000000007 0.5190885365009309 78.020833333333357 0.66970753669738781 0.62871307134628307 0.58117648959159862 86.500000000000014 0.71757391095161449 32.500000000000007 0.43139706552028662 0.76038458943367015 0.68226605653762828 0.49589791893959051 0.5372087061405183 0.7087531089782716 0.61485221982002269 24.500000000000004 0.84335336089134227 89.020833333333357 0.65816503763198864 0.56993085145950328 0.63676577806472789 0.76543691754341137
decision_type=2 2 2 2 2 2 2 2 2 2 2 2 2 2 2 2 2 2 2 2 2 2 2 2 2 2 2 2 2 2
left_child=2 4 5 9 10 7 12 15 19 17 26 22 27 24 21 23 -9 -3 -12 -7 -10 -6 -8 -1 -5 -15 -2 -4 -13 -19
right_child=1 3 6 13 14 8 11 16 20 -11 18 28 -14 25 -16 -17 -18 29 -20 -21 -22 -23 -24 -25 -26 -27 -28 -29 -30 -31
leaf_value=-0.34161283685868687 -0.0053289198481161195 0.056903794958815236 -0.063666341872928064 0.10918539210530027 0.026057050721331507 -0.11504910975518859 -0.03370723166050648 -0.16101643106500585 -0.085865446251682881 0.091280888837897908 0.0085343209192167615 -0.018882242332029987 -0.044550498340844971 0.14500925904180659 0.042666779422515899 -0.19254480070981503 -0.13394684324547429 0.06629456107258884 0.017246468756362456 -0.098673547771153933 -0.073774992239396694 0.033557100738599605 -0.025628710383593475 -0.23875809548859681 0.12494719718840555 0.18306365925438348 0.0013555759915718005 -0.055579059467821892 -0.012004246613659801 0.074456297018821477
leaf_weight=857 317240 227467 233582 54529 388941 106683 262886 42157 184833 120608 874630 233382 475387 75517 384520 24579 76140 621441 330575 182550 242096 679090 371599 9758 85386 6009 411051 215330 351502 109547
leaf_count=857 317240 227467 233582 54529 388941 106683 262886 42157 184833 120608 874630 233382 475387 75517 384520 24579 76140 621441 330575 182550 242096 679090 371599 9758 85386 6009 411051 215330 351502 109547
internal_value=-6.05385e-06 0.0348534 -0.0542222 0.0784164 0.0181219 -0.101604 -0.0350003 -0.158588 -0.0893905 0.0679363 0.00622307 -0.0221517 -0.0519506 0.129485 0.0339604 -0.20899 -0.143594 0.0649987 0.010924 -0.104714 -0.0790094 0.0308258 -0.0289759 -0.247065 0.118804 0.147814 -0.00155616 -0.0597871 -0.0147487 0.0675177
internal_weight=7.69987e+06 4.68655e+06 3.01332e+06 1.3005e+06 3.38605e+06 869653 2.14367e+06 153491 716162 1.07906e+06 1.9335e+06 1.21937e+06 924299 221441 1.45255e+06 35194 118297 958455 1.2052e+06 289233 426929 1.06803e+06 634485 10615 139915 81526 728291 448912 584884 730988
internal_count=7699872 4686551 3013321 1300504 3386047 869653 2143668 153491 716162 1079063 1933496 1219369 924299 221441 1452551 35194 118297 958455 1205205 289233 426929 1068031 634485 10615 139915 81526 728291 448912 584884 730988
is_linear=0
shrinkage=0.05


Tree=41
num_leaves=31
num_cat=0
split_feature=23 23 23 23 23 23 23 23 10 23 23 23 23 23 23 10 13 23 10 23 23 23 10 23 23 23 23 23 23 23
split_gain=5.25385e+06 1.32238e+06 894070 271948 241992 205272 148806 42773.7 35644.1 35007.9 23728.4 20829.7 18908.3 18297.7 14639.5 11233 7957.42 6586.3 6030.3 6008.09 5334.36 4992.56 4534.14 3721.95 3399.76 2852.46 2790.2 2725.42 2699.72 2446.06
threshold=0.64200851321220409 0.73445656895637523 0.55232957005500805 0.80000919103622448 0.69124999642372142 0.46038834750652319 0.59950739145278942 0.51323893666267406 35.500000000000007 0.66724312305450451 0.86670097708702099 0.76038458943367015 0.57577648758888256 0.62221345305442821 0.71039602160453807 78.500000000000014 41.020833333333336 0.49092386662960058 83.500000000000014 0.53470870852470409 0.65330976247787487 0.67706304788589489 28.500000000000004 0.71903863549232494 0.89309459924697887 0.74481257796287548 0.58847355842590343 0.61040237545967113 0.63237956166267406 0.69888237118721019
decision_type=2 2 2 2 2 2 2 2 2 2 2 2 2 2 2 2 2 2 2 2 2 2 2 2 2 2 2 2 2 2
left_child=2 4 5 11 9 8 12 17 22 20 18 25 -4 27 29 -13 -10 -7 -5 -9 -2 -11 -1 -16 -12 -3 -14 -8 -15 -6
right_child=1 3 6 10 14 7 13 19 16 21 24 15 26 28 23 -17 -18 -19 -20 -21 -22 -23 -24 -25 -26 -27 -28 -29 -30 -31
leaf_value=-0.27793853429808529 -0.0088328397260379454 0.046117875991861339 -0.05970843327105349 0.097903647420465131 0.019540705877186131 -0.11350256472382586 -0.034791253661453643 -0.083884874308831736 -0.1631101568840026 0.0070360998010478891 0.13275652939722624 0.06416412820682299 -0.048632112137451652 -0.021299641918612666 0.032283646717210505 0.084106250750559289 -0.13463921741034701 -0.097232687021469311 0.1169183547848166 -0.071997794487400166 -0.00072623056312574093 0.014073161194097848 -0.20676316391844363 0.039380848125770918 0.15457132060329873 0.055457629515293476 -0.041152292479394073 -0.027582735039847889 -0.0144321461080196 0.026498312860065345
leaf_weight=2537 357043 151023 397239 87764 201850 103161 239332 212661 37937 846023 70930 732872 263802 293121 654930 78145 69527 156698 79448 212549 470134 358999 19018 257309 23878 178239 236426 290024 279628 337625
leaf_count=2537 357043 151023 397239 87764 201850 103161 239332 212661 37937 846023 70930 732872 263802 293121 654930 78145 69527 156698 79448 212549 470134 358999 19018 257309 23878 178239 236426 290024 279628 337625
internal_value=-5.75171e-06 0.0313355 -0.0544331 0.0723347 0.0148331 -0.0986057 -0.0364491 -0.0877099 -0.156461 0.00369542 0.118268 0.0617798 -0.0515643 -0.0241405 0.0304243 0.0660856 -0.14469 -0.103692 0.106938 -0.0779429 -0.00422537 0.00913258 -0.215142 0.0342855 0.138251 0.0511738 -0.0450969 -0.0308419 -0.0179468 0.0238951
internal_weight=7.69987e+06 4.88621e+06 2.81366e+06 1.4023e+06 3.48391e+06 814088 1.99957e+06 685069 129019 2.0322e+06 262020 1.14028e+06 897467 1.1021e+06 1.45171e+06 811017 107464 259859 167212 425210 827177 1.20502e+06 21555 912239 94808 329262 500228 529356 572749 539475
internal_count=7699872 4886212 2813660 1402299 3483913 814088 1999572 685069 129019 2032199 262020 1140279 897467 1102105 1451714 811017 107464 259859 167212 425210 827177 1205022 21555 912239 94808 329262 500228 529356 572749 539475
is_linear=0
shrinkage=0.05


Tree=42
num_leaves=31
num_cat=0
split_feature=23 10 23 10 23 23 23 10 23 23 23 23 23 23 10 16 23 23 23 23 23 23 23 23 10 23 23 23 10 23
split_gain=4.74217e+06 1.15345e+06 850501 230324 221013 191412 143236 38005.2 34213.7 26366.8 24206.3 18013 17434.7 14713.7 14381.8 7446.25 6756.96 6442.21 5658.22 5153.64 4885.34 4619.55 3767.22 3262.56 2860.66 2679.59 2535.14 2518.16 2367.68 2239.3
threshold=0.64521846175193798 73.500000000000014 0.55421933531761181 81.500000000000014 0.69211795926094066 0.47002477943897253 0.60206305980682384 38.500000000000007 0.51634138822555553 0.66848108172416698 0.78044295310974132 0.57847285270690929 0.62308496236801159 0.71118247509002697 86.500000000000014 31.500000000000004 0.76038458943367015 0.43139706552028662 0.7281077802181245 0.5372087061405183 0.49589791893959051 0.67821946740150463 0.65500000119209301 0.63411813974380504 89.500000000000014 0.84335336089134227 0.58973547816276561 0.79565498232841503 24.500000000000004 0.56530731916427623
decision_type=2 2 2 2 2 2 2 2 2 2 2 2 2 2 2 2 2 2 2 2 2 2 2 2 2 2 2 2 2 2
left_child=2 4 5 10 9 7 11 15 20 22 16 29 -8 -6 25 28 -3 -9 -15 -10 -7 -11 -2 -14 -16 -5 -13 -12 -1 -4
right_child=1 3 6 14 13 8 12 17 19 21 27 26 23 18 24 -17 -18 -19 -20 -21 -22 -23 -24 -25 -26 -27 -28 -29 -30 -31
leaf_value=-0.31301998213365329 -0.0069956763840881347 0.050828863739400321 -0.059444863212630143 0.098497671714005169 0.023218012907782012 -0.10383499967082369 -0.028281596811065304 -0.14529075257092336 -0.078207478906948333 0.0070515828482893119 0.072738458301946987 -0.045092273341547036 -0.019441249534361982 0.031660276638176721 0.13080689912080665 -0.17671169422966962 0.060480534082796036 -0.1208572332175154 0.041353473750101705 -0.067191663830668796 -0.089967666292603166 0.013872332575832581 9.5737843799108e-05 -0.012334174228497698 0.16849328934038793 0.11261719115120064 -0.037975279659136552 0.085475791928639883 -0.22301228014626173 -0.052110728134274413
leaf_weight=822 312103 245383 183651 55980 538993 106683 497665 41788 210411 823183 75701 234537 317787 784869 77430 28119 694818 76140 186286 214341 156972 355426 468279 328303 5387 84095 268240 79626 6622 240232
leaf_count=822 312103 245383 183651 55980 538993 106683 497665 41788 210411 823183 75701 234537 317787 784869 77430 28119 694818 76140 186286 214341 156972 355426 468279 328303 5387 84095 268240 79626 6622 240232
internal_value=-5.46443e-06 0.0305986 -0.0503155 0.0704089 0.0154689 -0.0926883 -0.0330853 -0.143178 -0.0814308 0.00438838 0.0609825 -0.0476961 -0.0212478 0.0298428 0.116741 -0.188485 0.0579616 -0.129515 0.0335196 -0.0726486 -0.0955789 0.00910848 -0.00274038 -0.0158299 0.133258 0.106974 -0.0412952 0.0792681 -0.232955 -0.0552883
internal_weight=7.69987e+06 4.78756e+06 2.91231e+06 1.31842e+06 3.46914e+06 841898 2.07042e+06 153491 688407 1.95899e+06 1.09553e+06 926660 1.14376e+06 1.51015e+06 222892 35563 940201 117928 971155 424752 263655 1.17861e+06 780382 646090 82817 140075 502777 155327 7444 423883
internal_count=7699872 4787559 2912313 1318420 3469139 841898 2070415 153491 688407 1958991 1095528 926660 1143755 1510148 222892 35563 940201 117928 971155 424752 263655 1178609 780382 646090 82817 140075 502777 155327 7444 423883
is_linear=0
shrinkage=0.05


Tree=43
num_leaves=31
num_cat=0
split_feature=23 23 23 23 23 15 23 23 23 23 23 23 15 23 23 16 23 23 23 23 16 23 23 16 23 23 16 23 23 23
split_gain=4.28051e+06 1.00466e+06 807866 205097 187791 183880 131852 42341 27703.4 21833.2 20293.7 17650.2 15454.3 12454.7 11223.9 10289.7 5288.21 5276.96 4890.13 4729.81 3829.44 3464.83 3069.33 2833.39 2627.63 2526.23 2517.47 2430.4 2393 2126.4
threshold=0.64847591519355785 0.74113664031028759 0.55757284164428722 0.81285843253135692 0.69585964083671581 47.500000000000007 0.60919544100761425 0.41084934771060949 0.52708333730697643 0.6715412735939027 0.58366993069648754 0.77471512556076061 86.500000000000014 0.63237956166267406 0.71757391095161449 33.500000000000007 0.44825132191181188 0.68226605653762828 0.5066039264202119 0.76038458943367015 83.500000000000014 0.71039602160453807 0.65978154540061962 25.500000000000004 0.57293695211410534 0.59703248739242565 89.500000000000014 0.79565498232841503 0.54176726937294017 0.62221345305442821
decision_type=2 2 2 2 2 2 2 2 2 2 2 2 2 2 2 2 2 2 2 2 2 2 2 2 2 2 2 2 2 2
left_child=2 4 5 11 9 7 10 15 18 22 24 19 20 29 21 23 -9 -11 -7 -3 -5 -6 -2 -1 -4 -12 -14 -13 -10 -8
right_child=1 3 6 12 14 8 13 16 28 17 25 27 26 -15 -16 -17 -18 -19 -20 -21 -22 -23 -24 -25 -26 -27 -28 -29 -30 -31
leaf_value=-0.2827441000687782 -0.0041740962184473205 0.048846261802572948 -0.053392799617414992 0.090431912196315634 0.023085378974257661 -0.09193843502752784 -0.02513373305283614 -0.12814535730397333 -0.069876479682787512 0.0076469656120852735 -0.03921627055039742 0.068044709093306122 0.12432255923254475 -0.011522215701552123 0.036635668470954195 -0.15612854729776818 -0.10809270774355924 0.014973705345194691 -0.079725884497641716 0.057190306338403357 0.10636329434267877 0.028977184108942507 0.0020133131531659214 -0.20051210497305047 -0.045948808751870573 -0.032441566992693606 0.15795271083908727 0.080520766275702926 -0.061789239374006155 -0.019224428747480413
leaf_weight=1150 368901 227467 262930 63021 413402 146978 316736 53847 160790 795131 286820 100112 75517 479289 384520 37422 84450 355690 185345 670407 93977 629514 438889 11826 215898 264512 6009 63994 212207 293121
leaf_count=1150 368901 227467 262930 63021 413402 146978 316736 53847 160790 795131 286820 100112 75517 479289 384520 37422 84450 355690 185345 670407 93977 629514 438889 11826 215898 264512 6009 63994 212207 293121
internal_value=-5.19148e-06 0.029888 -0.0464974 0.0672425 0.0155409 -0.0863577 -0.0296825 -0.130198 -0.074629 0.00548865 -0.042506 0.0578322 0.10914 -0.0175535 0.0293339 -0.169433 -0.1159 0.00991148 -0.0851272 0.0550764 0.0999683 0.0266417 -0.000812349 -0.207802 -0.0500364 -0.035966 0.126802 0.0729099 -0.0652755 -0.0222935
internal_weight=7.69987e+06 4.68655e+06 3.01332e+06 1.3005e+06 3.38605e+06 894015 2.11931e+06 188695 705320 1.95861e+06 1.03016e+06 1.06198e+06 238524 1.08915e+06 1.42744e+06 50398 138297 1.15082e+06 332323 897874 156998 1.04292e+06 807790 12976 478828 551332 81526 164106 372997 609857
internal_count=7699872 4686551 3013321 1300504 3386047 894015 2119306 188695 705320 1958611 1030160 1061980 238524 1089146 1427436 50398 138297 1150821 332323 897874 156998 1042916 807790 12976 478828 551332 81526 164106 372997 609857
is_linear=0
shrinkage=0.05


Tree=44
num_leaves=31
num_cat=0
split_feature=23 23 23 16 23 10 23 23 23 23 10 23 23 23 23 23 23 23 10 10 23 23 16 23 23 23 23 23 10 23
split_gain=3.86408e+06 1.01694e+06 612506 214919 175470 138657 108593 29668.1 26051 22516.9 22055.7 20653.5 17079.3 14469.2 13044.5 7385.42 4910.62 4396.28 4067.12 3717.77 3531.35 3493.24 3438.39 2273.19 2011.23 1983.61 1909.99 1533.97 1456.11 1449.46
threshold=0.63765090703964245 0.7281077802181245 0.54603451490402233 79.500000000000014 0.68336468935012828 44.500000000000007 0.59331706166267406 0.5066039264202119 0.65978154540061962 0.74889159202575695 35.500000000000007 0.86075130105018627 0.70196795463562023 0.61485221982002269 0.57130533456802379 0.76543691754341137 0.48495049774646765 0.52708333730697643 82.500000000000014 88.500000000000014 0.41084934771060949 0.67272245883941661 29.500000000000004 0.64923548698425304 0.71178066730499279 0.62598383426666271 0.5607682764530183 0.58235433697700512 78.500000000000014 0.60544714331626903
decision_type=2 2 2 2 2 2 2 2 2 2 2 2 2 2 2 2 2 2 2 2 2 2 2 2 2 2 2 2 2 2
left_child=2 4 5 9 8 10 14 16 23 -3 22 18 -6 29 26 -11 -7 -9 -5 -13 -12 -10 -1 -2 -14 -15 -4 -16 -17 -8
right_child=1 3 6 11 12 7 13 17 21 15 20 19 24 25 27 28 -18 -19 -20 -21 -22 -23 -24 -25 -26 -27 -28 -29 -30 -31
leaf_value=-0.22707148568316132 -0.0093680066265386993 0.039489338210244813 -0.057057648172356749 0.080386741843881504 0.015904608111753083 -0.10111989489426182 -0.032476973048050237 -0.07573959250747464 0.0022198023734517308 0.05303319309176039 -0.14283513593343727 0.11047262128943713 0.023833312366923955 -0.02150255557332871 -0.044454169650145155 0.061163492658066414 -0.086334646720506794 -0.065190876237643455 0.096265650321480642 0.13080503048685313 -0.12132447706764289 0.0076119135840076943 -0.17568407730071395 -0.0036471132816873575 0.028622894266216409 -0.015880177040215281 -0.050100693044040571 -0.038609340699215136 0.070833112781904892 -0.02692840586858123
leaf_weight=3998 353237 304478 214076 82394 480723 98888 267011 185345 493474 748632 28843 88818 307403 293125 215970 111431 129990 211474 78994 30108 56397 767566 17557 341517 763778 337505 183010 233782 59851 210497
leaf_count=3998 353237 304478 214076 82394 480723 98888 267011 185345 493474 748632 28843 88818 307403 293125 215970 111431 129990 211474 78994 30108 56397 767566 17557 341517 763778 337505 183010 233782 59851 210497
internal_value=-4.93211e-06 0.0259309 -0.0483779 0.0603168 0.0111803 -0.0873741 -0.0337668 -0.0783867 0.00121863 0.0512752 -0.14003 0.0998097 0.0237345 -0.0234652 -0.047247 0.0551761 -0.0927227 -0.070118 0.088159 0.11562 -0.128603 0.00550186 -0.185216 -0.00655581 0.0272484 -0.0184935 -0.0538513 -0.041416 0.0645424 -0.030031
internal_weight=7.69987e+06 5.0124e+06 2.68747e+06 1.50471e+06 3.5077e+06 732492 1.95498e+06 625697 1.95579e+06 1.22439e+06 106795 280314 1.5519e+06 1.10814e+06 846838 919914 228878 396819 161388 118926 85240 1.26104e+06 21555 694754 1.07118e+06 630630 397086 449752 171282 477508
internal_count=7699872 5012404 2687468 1504706 3507698 732492 1954976 625697 1955794 1224392 106795 280314 1551904 1108138 846838 919914 228878 396819 161388 118926 85240 1261040 21555 694754 1071181 630630 397086 449752 171282 477508
is_linear=0
shrinkage=0.05


Tree=45
num_leaves=31
num_cat=0
split_feature=23 23 23 13 23 10 23 23 23 23 10 23 23 23 23 23 23 23 10 23 23 15 23 23 23 23 23 10 23 10
split_gain=3.48823e+06 917710 552710 193867 158454 117399 108332 23565.8 23039.8 20377.1 19769.7 18745.4 15545 15456 12237.6 6721.58 4549.37 4221.75 3250.68 3197.17 3150.5 2581.13 2522.27 2457.04 2054.85 1802.25 1677.38 1596.38 1322.69 1311.9
threshold=0.63765090703964245 0.7281077802181245 0.54176726937294017 79.020833333333357 0.68336468935012828 44.500000000000007 0.59103864431381237 0.65978154540061962 0.49977821111679083 0.74889159202575695 35.500000000000007 0.85320976376533519 0.61154127120971691 0.70196795463562023 0.56684723496437084 0.76543691754341137 0.88134998083114635 0.5190885365009309 26.500000000000004 0.41084934771060949 0.6715412735939027 47.500000000000007 0.62493115663528453 0.8240671455860139 0.65169131755828869 0.71178066730499279 0.57847285270690929 89.500000000000014 0.55421933531761181 78.500000000000014
decision_type=2 2 2 2 2 2 2 2 2 2 2 2 2 2 2 2 2 2 2 2 2 2 2 2 2 2 2 2 2 2
left_child=2 4 5 9 7 10 14 24 21 -3 18 23 -8 -6 28 -11 -13 -10 -1 -12 -9 -7 -14 -5 -2 -15 -16 -18 -4 -17
right_child=1 3 6 11 13 8 12 20 17 15 19 16 22 25 26 29 27 -19 -20 -21 -22 -23 -24 -25 -26 -27 -28 -29 -30 -31
leaf_value=-0.25303824500511046 -0.0083523021871676328 0.03749937548585279 -0.056611360362784718 0.074668725709743422 0.015107189875748481 -0.09738577054576722 -0.030080773153395496 0.0018138722208388179 -0.075558109537561369 0.050382013619398716 -0.135639925085071 0.10100460510020699 -0.021309834700166102 0.022662223675815888 -0.044338886338530482 0.058150679058431937 0.11660488409768593 -0.065016036991202272 -0.17086713838482914 -0.11522161559485525 0.0070613356229127684 -0.085301078562385224 -0.015339984831135956 0.088081932782589259 -0.0027476863818359982 0.027193613696623466 -0.038371471039864775 0.14557243084367952 -0.050574820738653249 0.067326186517096417
leaf_weight=1280 431596 304279 160169 66879 481102 81847 451772 438360 157580 747473 29038 95275 341021 307725 214479 111139 43501 239044 20264 56458 823159 96051 367713 69764 263320 764773 261164 5342 209400 59992
leaf_count=1280 431596 304279 160169 66879 481102 81847 451772 438360 157580 747473 29038 95275 341021 307725 214479 111139 43501 239044 20264 56458 823159 96051 367713 69764 263320 764773 261164 5342 209400 59992
internal_value=-3.52562e-06 0.0246329 -0.0459679 0.0573163 0.0106319 -0.0848675 -0.0327495 0.00116507 -0.0759103 0.0487138 -0.132944 0.0947854 -0.0228327 0.0225533 -0.0463656 0.0524285 0.107366 -0.0692045 -0.17575 -0.122157 0.00523792 -0.090861 -0.0182125 0.081517 -0.00622858 0.0258935 -0.0410623 0.119773 -0.053191 0.0613673
internal_weight=7.70096e+06 5.01368e+06 2.68728e+06 1.50364e+06 3.51004e+06 681562 2.00572e+06 1.95644e+06 574522 1.22288e+06 107040 280761 1.16051e+06 1.5536e+06 845212 918604 144118 396624 21544 85496 1.26152e+06 177898 708734 136643 694916 1.0725e+06 475643 48843 369569 171131
internal_count=7700959 5013679 2687280 1503644 3510035 681562 2005718 1956435 574522 1222883 107040 280761 1160506 1553600 845212 918604 144118 396624 21544 85496 1261519 177898 708734 136643 694916 1072498 475643 48843 369569 171131
is_linear=0
shrinkage=0.05


Tree=46
num_leaves=31
num_cat=0
split_feature=23 23 23 23 23 23 23 23 23 23 23 23 23 23 23 13 23 23 23 10 16 23 23 23 23 23 23 23 16 23
split_gain=3.1486e+06 786542 542694 162758 142472 123721 92212.9 25793.3 21770.4 19958.8 14593.1 12618.6 12184.6 10504.8 8468.76 6785.43 4383.91 3992.7 3732.59 3627.75 3355.29 3031.69 2891.08 2606.43 2251.16 2210.64 1824.76 1718.13 1503.03 1419.74
threshold=0.64275074005126964 0.73445656895637523 0.55232957005500805 0.80000919103622448 0.69124999642372142 0.46038834750652319 0.60077652335166942 0.51323893666267406 0.36539216339588171 0.66724312305450451 0.86670097708702099 0.76038458943367015 0.57426106929779064 0.62221345305442821 0.7087531089782716 77.020833333333357 0.43139706552028662 0.49092386662960058 0.53233033418655407 83.500000000000014 30.500000000000004 0.67706304788589489 0.65330976247787487 0.71757391095161449 0.89309459924697887 0.58847355842590343 0.63323622941970836 0.74481257796287548 23.500000000000004 0.697888344526291
decision_type=2 2 2 2 2 2 2 2 2 2 2 2 2 2 2 2 2 2 2 2 2 2 2 2 2 2 2 2 2 2
left_child=2 4 5 11 9 8 12 17 20 22 19 27 -4 -8 29 -13 -10 -7 -9 -5 28 -11 -2 -16 -12 -14 -15 -3 -1 -6
right_child=1 3 6 10 14 7 13 18 16 21 24 15 25 26 23 -17 -18 -19 -20 -21 -22 -23 -24 -25 -26 -27 -28 -29 -30 -31
leaf_value=-0.29852153967387157 -0.0066749956847583086 0.035654226788853917 -0.046646652118740597 0.075659746867111383 0.014631829129776756 -0.087935148217053519 -0.023528197258625774 -0.065639216013305079 -0.12144502977337601 0.0054311915700503326 0.10271946250225439 0.049296584465571655 -0.037940804962372371 -0.016299732560742811 0.024598480956638854 0.062203521315336942 -0.10102265257376759 -0.07525919050313877 -0.056184714144341202 0.090400274866172858 -0.15382382745606113 0.010912531250141204 -0.00058427654038930687 0.030312220302336802 0.12045407786205464 -0.031630722471535373 -0.010759448695759793 0.042907812194334698 -0.19132549398862972 0.020229546388840836
leaf_weight=349 333020 150583 369665 88031 177639 102959 500675 184321 53385 846961 71004 690517 291466 317640 680616 119445 51763 156648 240763 79387 18468 359267 469535 282415 23929 265003 279311 178318 5252 312624
leaf_count=349 333020 150583 369665 88031 177639 102959 500675 184321 53385 846961 71004 690517 291466 317640 680616 119445 51763 156648 240763 79387 18468 359267 469535 282415 23929 265003 279311 178318 5252 312624
internal_value=-3.34977e-06 0.0244181 -0.0418577 0.0560251 0.0116258 -0.076337 -0.027991 -0.0678683 -0.121211 0.00299847 0.0915296 0.0478461 -0.0396102 -0.0181871 0.0235508 0.0512 -0.111391 -0.0802865 -0.0602843 0.0826495 -0.164107 0.00706377 -0.00311162 0.0262741 0.10719 -0.0349358 -0.0137075 0.0395869 -0.19801 0.0182013
internal_weight=7.70096e+06 4.86329e+06 2.83767e+06 1.40121e+06 3.46208e+06 813908 2.02376e+06 684691 129217 2.00878e+06 262351 1.13886e+06 926134 1.09763e+06 1.45329e+06 809962 105148 259607 425084 167418 24069 1.20623e+06 802555 963031 94933 556469 596951 328901 5601 490263
internal_count=7700959 4863291 2837668 1401214 3462077 813908 2023760 684691 129217 2008783 262351 1138863 926134 1097626 1453294 809962 105148 259607 425084 167418 24069 1206228 802555 963031 94933 556469 596951 328901 5601 490263
is_linear=0
shrinkage=0.05


Tree=47
num_leaves=31
num_cat=0
split_feature=16 10 10 10 15 13 10 15 15 10 10 10 15 15 10 15 15 15 10 10 10 13 10 10 10 10 10 10 13 16
split_gain=2.83659e+06 660330 547500 138182 127648 117786 85163.6 28340.5 20171.2 14511.1 11713.9 10507.6 10338.4 8916.75 8255.13 5793.51 4848.23 4603.66 3742.53 3542.32 2087.41 2053.37 1915.76 1886.56 1804.39 1597.57 1434.94 1321.54 1289.05 999.919
threshold=64.500000000000014 73.500000000000014 55.500000000000007 81.500000000000014 47.500000000000007 68.979166666666671 60.500000000000007 39.500000000000007 51.500000000000007 78.500000000000014 58.500000000000007 66.500000000000014 70.500000000000014 86.500000000000014 62.500000000000007 32.500000000000007 43.500000000000007 75.500000000000014 53.500000000000007 71.500000000000014 56.500000000000007 49.979166666666679 24.500000000000004 89.500000000000014 67.500000000000014 83.500000000000014 69.500000000000014 65.500000000000014 76.020833333333357 63.500000000000007
decision_type=2 2 2 2 2 2 2 2 2 2 2 2 2 2 2 2 2 2 2 2 2 2 2 2 2 2 2 2 2 2
left_child=2 5 4 9 7 11 10 15 21 17 20 27 26 25 -8 22 -9 -3 -10 -14 -4 -6 -1 -15 -13 -5 -7 -2 -19 -16
right_child=1 3 6 13 8 12 14 16 18 -11 -12 24 19 23 29 -17 -18 28 -20 -21 -22 -23 -24 -25 -26 -27 -28 -29 -30 -31
leaf_value=-0.24837099094625398 -0.0030953844114251206 0.039229895334627715 -0.043273549138460828 0.075472541881878769 -0.07676398049925226 0.014533574625488495 -0.018415554050498713 -0.10831073155453337 -0.059081679662356605 0.063809068167198821 -0.027787649213453697 0.0058434680288636546 0.023710633740877795 0.10153267228658687 -0.011962720991252602 -0.13163818487383225 -0.089225792142957255 0.04640557492605607 -0.050130624216451293 0.030063133403973315 -0.036675091307349139 -0.067702206485657571 -0.16833442967425846 0.13227135622502043 0.0106090455357064 0.086651365084080945 0.019604772950421082 0.0012403008289304286 0.052796374472130703 -0.0078180586119541429
leaf_weight=810 339054 241476 171188 48807 100681 255254 523102 50836 203611 117626 438556 803868 674853 76341 274788 31099 96361 645580 273841 325205 399754 164952 9781 5342 263814 92637 307589 364912 89898 309343
leaf_count=810 339054 241476 171188 48807 100681 255254 523102 50836 203611 117626 438556 803868 674853 76341 274788 31099 96361 645580 273841 325205 399754 164952 9781 5342 263814 92637 307589 364912 89898 309343
internal_value=-3.1829e-06 0.0245621 -0.0374893 0.054528 -0.069422 0.0127205 -0.0234296 -0.106124 -0.0600925 0.0472177 -0.0339331 0.00389428 0.0227256 0.09039 -0.0138534 -0.142517 -0.095817 0.04522 -0.0539478 0.0257764 -0.0386535 -0.0711369 -0.174458 0.103543 0.007021 0.082794 0.0173049 -0.000847913 0.0471867 -0.0097678
internal_weight=7.70096e+06 4.65226e+06 3.0487e+06 1.31771e+06 931972 3.33455e+06 2.11673e+06 188887 743085 1.09458e+06 1.0095e+06 1.77165e+06 1.5629e+06 223127 1.10723e+06 41690 147197 976954 477452 1.00006e+06 570942 265633 10591 81683 1.06768e+06 141444 562843 703966 735478 584131
internal_count=7700959 4652256 3048703 1317707 931972 3334549 2116731 188887 743085 1094580 1009498 1771648 1562901 223127 1107233 41690 147197 976954 477452 1000058 570942 265633 10591 81683 1067682 141444 562843 703966 735478 584131
is_linear=0
shrinkage=0.05


Tree=48
num_leaves=31
num_cat=0
split_feature=23 23 23 16 23 15 23 23 23 23 15 23 23 23 23 23 23 23 23 17 15 23 23 23 23 23 23 23 23 23
split_gain=2.56522e+06 675362 406811 142799 116481 95265.2 68548.5 21464.1 20304.6 14994 14906.7 13896.7 9832.56 7493.16 7349.13 4412.35 3957.36 2794.35 2705.26 2614.65 2493.44 2414.09 2357.67 2300.32 1612.8 1529.91 1173.57 1112.48 1052.09 955.396
threshold=0.63765090703964245 0.7281077802181245 0.54824754595756542 79.500000000000014 0.68846952915191661 44.500000000000007 0.59703248739242565 0.51033937931060802 0.66300764679908764 0.75615385174751293 35.500000000000007 0.86075130105018627 0.57426106929779064 0.61808258295059215 0.70396336913108837 0.76543691754341137 0.48495049774646765 0.52983984351158153 0.8240671455860139 88.003472222222243 28.500000000000004 0.41084934771060949 0.67513644695281994 0.65169131755828869 0.74288836121559154 0.56220871210098278 0.58602210879325878 0.71616274118423473 0.60919544100761425 0.67272245883941661
decision_type=2 2 2 2 2 2 2 2 2 2 2 2 2 2 2 2 2 2 2 2 2 2 2 2 2 2 2 2 2 2
left_child=2 4 5 9 8 10 12 16 23 24 20 18 25 28 -6 -11 -7 -9 -5 -13 -1 -12 29 -2 -3 -4 -14 -16 -8 -10
right_child=1 3 6 11 14 7 13 17 22 15 21 19 26 -15 27 -17 -18 -19 -20 -21 -22 -23 -24 -25 -26 -27 -28 -29 -30 -31
leaf_value=-0.19638780896807853 -0.0071513438156534026 0.030882128443209429 -0.045857340802254398 0.064067090108503463 0.014501143649330726 -0.082397404255420997 -0.02506472498134504 -0.060456719716631385 0.0022995126413470654 0.043667292518086397 -0.1163263275884958 0.08969292069058285 -0.03481377466041357 -0.0144007285357549 0.021596928667525599 0.052659847381943209 -0.069583157732740347 -0.052053492713628795 0.077202832180298844 0.1062513389857902 -0.14449800949177968 -0.098586631689041332 0.0090712796001153461 -0.0017641141887885425 0.037547445890729246 -0.039837305530646711 -0.029850224599534687 0.025728457003892532 -0.020331284854111731 0.0055196626671693873
leaf_weight=2634 431596 229057 209875 66879 410891 97699 264605 183033 390139 672374 28772 86214 239949 551700 808484 171131 157208 215323 94709 32959 19176 57544 336150 366347 150321 212309 236442 204061 211011 562367
leaf_count=2634 431596 229057 209875 66879 410891 97699 264605 183033 390139 672374 28772 86214 239949 551700 808484 171131 157208 215323 94709 32959 19176 57544 336150 366347 150321 212309 236442 204061 211011 562367
internal_value=-3.02396e-06 0.021124 -0.0394198 0.0491617 0.00911304 -0.07036 -0.0271878 -0.0631646 0.00159003 0.0417787 -0.113832 0.0813193 -0.037274 -0.0183656 0.0201409 0.0454917 -0.0744945 -0.0559145 0.0717662 0.0942725 -0.150766 -0.1045 0.00547122 -0.00467799 0.0335231 -0.04283 -0.0323503 0.0224296 -0.0229647 0.00420071
internal_weight=7.70096e+06 5.01368e+06 2.68728e+06 1.50364e+06 3.51004e+06 761389 1.92589e+06 653263 2.0866e+06 1.22288e+06 108126 280761 898575 1.02732e+06 1.42344e+06 843505 254907 398356 161588 119173 21810 86316 1.28866e+06 797943 379378 422184 476391 1.01254e+06 475616 952506
internal_count=7700959 5013679 2687280 1503644 3510035 761389 1925891 653263 2086599 1222883 108126 280761 898575 1027316 1423436 843505 254907 398356 161588 119173 21810 86316 1288656 797943 379378 422184 476391 1012545 475616 952506
is_linear=0
shrinkage=0.05


Tree=49
num_leaves=31
num_cat=0
split_feature=23 23 23 23 23 23 23 16 23 23 23 23 23 23 23 23 23 10 23 23 23 23 23 23 10 23 23 15 23 30
split_gain=2.31552e+06 573368 404757 122119 99692.9 91428.9 70089.3 19069.9 15465.7 15084.9 13854 8965.61 8875.87 8337.92 5884.11 4535.2 4060.19 2815.75 2748.22 2591.44 2230.29 1952.34 1885.57 1508.03 1502.84 1397.33 1365.56 1275.67 1270.25 1224.62
threshold=0.643567055463791 0.73279127478599559 0.55232957005500805 0.79565498232841503 0.69124999642372142 0.47002477943897253 0.60077652335166942 36.500000000000007 0.51323893666267406 0.84335336089134227 0.66724312305450451 0.57577648758888256 0.75615385174751293 0.62221345305442821 0.71039602160453807 0.43139706552028662 0.87313267588615429 30.500000000000004 0.53233033418655407 0.76543691754341137 0.67706304788589489 0.65500000119209301 0.49589791893959051 0.63237956166267406 89.500000000000014 0.71757391095161449 0.58713051676750194 23.500000000000004 0.697888344526291 0.44652553885537005
decision_type=2 2 2 2 2 2 2 2 2 2 2 2 2 2 2 2 2 2 2 2 2 2 2 2 2 2 2 2 2 2
left_child=2 4 5 12 10 7 11 17 22 29 21 -4 -3 -8 28 -9 -11 27 -10 -14 -12 -2 -7 -15 -18 -16 -13 -1 -6 -5
right_child=1 3 6 9 14 8 13 15 18 16 20 26 19 23 25 -17 24 -19 -20 -21 -22 -23 -24 -25 -26 -27 -28 -29 -30 -31
leaf_value=-0.2574160574830659 -0.005194808305135583 0.032791410338725298 -0.039656098964660935 0.068440140934733967 0.012452560880171985 -0.072597648340616924 -0.020200965860119404 -0.10372876209412354 -0.05628845701432527 0.079093660130671331 0.004656353953743639 -0.032522029365324001 0.041483929834433331 -0.014143975421866906 0.021270499854461895 -0.084523431466866694 0.092791259669741166 -0.13051351078251641 -0.048175877117913102 0.048773186605158933 0.0093577298688734042 -0.0001692276291685953 -0.063602162620791436 -0.0092140457476752469 0.12034545052254833 0.02564721061727146 -0.027416595357456604 -0.16382792365483889 0.017614062253747325 0.058938448903662878
leaf_weight=391 361023 302844 396982 65276 177639 106448 500675 51521 184321 94346 846961 238246 672374 293033 630893 76221 67388 20195 240763 148946 359267 415851 128701 329599 5342 256519 290906 5347 362347 70594
leaf_count=391 361023 302844 396982 65276 177639 106448 500675 51521 184321 94346 846961 238246 672374 293033 630893 76221 67388 20195 240763 148946 359267 415851 128701 329599 5342 256519 290906 5347 362347 70594
internal_value=-2.87299e-06 0.0210904 -0.0356398 0.0477008 0.00995535 -0.0654703 -0.023793 -0.100206 -0.0573853 0.0758759 0.00270276 -0.0339764 0.040108 -0.0153971 0.0200315 -0.0922694 0.0859375 -0.139297 -0.0516936 0.0428058 0.00605663 -0.00250468 -0.0676743 -0.0115342 0.0948153 0.0225357 -0.0297153 -0.17021 0.0159161 0.0635034
internal_weight=7.70096e+06 4.83761e+06 2.86335e+06 1.42711e+06 3.4105e+06 813908 2.04944e+06 153675 660233 302946 1.9831e+06 926134 1.12416e+06 1.12331e+06 1.4274e+06 127742 167076 25933 425084 821320 1.20623e+06 776874 235149 622632 72730 887412 529152 5738 539986 135870
internal_count=7700959 4837610 2863349 1427110 3410500 813908 2049441 153675 660233 302946 1983102 926134 1124164 1123307 1427398 127742 167076 25933 425084 821320 1206228 776874 235149 622632 72730 887412 529152 5738 539986 135870
is_linear=0
shrinkage=0.05


Tree=50
num_leaves=31
num_cat=0
split_feature=16 10 10 10 15 15 10 15 15 10 10 10 15 15 16 16 15 15 10 10 10 10 10 15 10 10 10 10 16 16
split_gain=2.08482e+06 485495 402525 101724 93412.4 86376.3 62590.8 21209.8 14835.1 10694 8399.34 7770.45 7679.1 6603.77 6118.85 4400.67 3527.62 3325.26 2776.19 2533.14 1553.63 1525.1 1493.39 1487.53 1322.89 1151.77 1067.4 965.929 879.997 750.795
threshold=64.500000000000014 73.500000000000014 55.500000000000007 81.500000000000014 47.500000000000007 68.500000000000014 60.500000000000007 39.500000000000007 51.500000000000007 78.500000000000014 58.500000000000007 66.500000000000014 70.500000000000014 86.500000000000014 62.500000000000007 33.500000000000007 43.500000000000007 75.500000000000014 53.500000000000007 71.500000000000014 24.500000000000004 56.500000000000007 89.500000000000014 49.500000000000007 67.500000000000014 83.500000000000014 69.500000000000014 65.500000000000014 76.500000000000014 63.500000000000007
decision_type=2 2 2 2 2 2 2 2 2 2 2 2 2 2 2 2 2 2 2 2 2 2 2 2 2 2 2 2 2 2
left_child=2 5 4 9 7 11 10 15 23 17 21 27 26 25 -8 20 -9 -3 -10 -14 -1 -4 -15 -6 -13 -5 -7 -2 -19 -16
right_child=1 3 6 13 8 12 14 16 18 -11 -12 24 19 22 29 -17 -18 28 -20 -21 -22 -23 -24 -25 -26 -27 -28 -29 -30 -31
leaf_value=-0.2151858403737486 -0.0026590095522213385 0.033686016711801263 -0.037033353135416877 0.064791770932202772 -0.06581405287530584 0.012411257185573385 -0.015890445064350663 -0.092749967130614341 -0.05069682874365266 0.05473052722890151 -0.02387942229040738 0.005023723141263539 0.020352374398807146 0.087088359219216357 -0.010271856642277222 -0.11156949101627245 -0.076437234520887479 0.039797476884003501 -0.042990510508537319 0.025721450063496704 -0.14233242830006934 -0.031391844673029731 0.11428641811950487 -0.058100210991945234 0.0091005179773253533 0.074292728070208883 0.016785490487591627 0.0010495263933145535 0.045073007994603412 -0.006723141864876059
leaf_weight=779 338436 241916 171021 48705 100504 255374 510429 50527 203927 117596 438339 803837 674148 76036 287830 28556 96337 646486 273770 325883 12163 400012 5407 165313 264451 92489 307275 364887 90067 309113
leaf_count=779 338436 241916 171021 48705 100504 255374 510429 50527 203927 117596 438339 803837 674148 76036 287830 28556 96337 646486 273770 325883 12163 400012 5407 165313 264451 92489 307275 364887 90067 309113
internal_value=4.18769e-06 0.0210613 -0.0321345 0.0467431 -0.0595168 0.0109042 -0.0200797 -0.0909683 -0.0515488 0.0404843 -0.0290853 0.00334608 0.0194729 0.0775557 -0.0118711 -0.122532 -0.0820495 0.0387721 -0.0462803 0.022102 -0.146719 -0.0330814 0.0888942 -0.0610168 0.00603292 0.0710154 0.0148001 -0.000735005 0.0404426 -0.00843424
internal_weight=7.70161e+06 4.65299e+06 3.04862e+06 1.3187e+06 931876 3.33429e+06 2.11674e+06 188362 743514 1.09606e+06 1.00937e+06 1.77161e+06 1.56268e+06 222637 1.10737e+06 41498 146864 978469 477697 1.00003e+06 12942 571033 81443 265817 1.06829e+06 141194 562649 703323 736553 596943
internal_count=7701613 4652993 3048620 1318702 931876 3334291 2116744 188362 743514 1096065 1009372 1771611 1562680 222637 1107372 41498 146864 978469 477697 1000031 12942 571033 81443 265817 1068288 141194 562649 703323 736553 596943
is_linear=0
shrinkage=0.05


Tree=51
num_leaves=31
num_cat=0
split_feature=23 23 23 10 23 23 23 23 23 23 10 23 23 23 23 10 23 23 23 15 23 23 23 10 23 23 23 23 23 15
split_gain=1.88606e+06 454874 342951 90541.1 87870 78837.1 56185.7 15814.8 14745.9 10921.8 9394.37 6909.35 6850.11 6116.41 5126.17 3926.67 2555.47 2308.81 2104.85 2094.52 2010.28 1762.64 1640.59 1233.75 1195.35 1069.58 1043.15 997.394 890.43 884.899
threshold=0.64605578780174266 0.74113664031028759 0.555951088666916 81.500000000000014 0.69498762488365184 0.47002477943897253 0.60309749841690075 0.36539216339588171 0.5190885365009309 0.6708858609199525 78.500000000000014 0.58117648959159862 0.62598383426666271 0.87313267588615429 0.71616274118423473 42.500000000000007 0.76153963804245006 0.49589791893959051 0.68226605653762828 29.500000000000004 0.5372087061405183 0.65816503763198864 0.70634964108467113 89.500000000000014 0.84335336089134227 0.61154127120971691 0.63589897751808178 0.56530731916427623 0.76543691754341137 23.500000000000004
decision_type=2 2 2 2 2 2 2 2 2 2 2 2 2 2 2 2 2 2 2 2 2 2 2 2 2 2 2 2 2 2
left_child=2 4 5 10 9 7 11 19 17 21 16 27 25 24 22 -9 -3 -7 -11 29 -10 -2 -6 -15 -5 -8 -14 -4 -18 -1
right_child=1 3 6 13 14 8 12 15 20 18 -12 -13 26 23 -16 -17 28 -19 -20 -21 -22 -23 -24 -25 -26 -27 -28 -29 -30 -31
leaf_value=-0.23475992459017686 -0.0035676674632343936 0.032698478254548094 -0.037277604743933802 0.062129111655623973 0.014454032341088722 -0.065465538708955745 -0.020109602869569743 -0.094376328515259345 -0.048902950024157343 0.005010122405134613 0.051994003038079453 -0.025395348471186838 -0.011439177631036308 0.083743138484679069 0.02408233283882005 -0.076506678766327774 0.037794371415883543 -0.056196486337446429 0.009731887078235071 -0.12093654729841229 -0.041981435645050316 0.00099120330119044082 0.018774659173917109 0.10857220266484002 0.071357119945865341 -0.015455318794002993 -0.0072283597555912798 -0.032325850287773884 0.042663402532617245 -0.15288462114796653
leaf_weight=362 390710 252106 155783 55996 314113 106279 184828 50404 185158 822835 117596 475583 284829 67187 408395 78822 597091 182660 330953 19857 242055 463613 731053 5407 94047 371648 304125 292917 111428 3773
leaf_count=362 390710 252106 155783 55996 314113 106279 184828 50404 185158 822835 117596 475583 284829 67187 408395 78822 597091 182660 330953 19857 242055 463613 731053 5407 94047 371648 304125 292917 111428 3773
internal_value=3.97798e-06 0.0194416 -0.031493 0.0446488 0.00996902 -0.0578462 -0.0204236 -0.0903984 -0.0508818 0.00319151 0.0386547 -0.0295944 -0.0130233 0.0736779 0.0193322 -0.0834767 0.0370218 -0.0596059 0.00636452 -0.12768 -0.0449813 -0.00109372 0.0174761 0.0855926 0.0679133 -0.0170012 -0.00926479 -0.034045 0.0385601 -0.160058
internal_weight=7.70161e+06 4.76253e+06 2.93908e+06 1.30086e+06 3.46167e+06 869370 2.06971e+06 153218 716152 2.00811e+06 1.07822e+06 924283 1.14543e+06 222637 1.45356e+06 129226 960625 288939 1.15379e+06 23992 427213 854323 1.04517e+06 72594 150043 556476 588954 448700 708519 4135
internal_count=7701613 4762530 2939083 1300858 3461672 869370 2069713 153218 716152 2008111 1078221 924283 1145430 222637 1453561 129226 960625 288939 1153788 23992 427213 854323 1045166 72594 150043 556476 588954 448700 708519 4135
is_linear=0
shrinkage=0.05


Tree=52
num_leaves=31
num_cat=0
split_feature=23 23 23 10 23 23 23 10 23 23 10 23 23 23 23 13 16 23 23 23 23 23 16 10 23 23 23 23 23 23
split_gain=1.70237e+06 403471 317528 81713.4 77308 76316.2 46588.9 16567.2 13768.9 9535.08 8478.42 5743.13 5520.07 5454.46 4128.07 3160.05 3043.62 2306.31 2293.42 2027.43 1535.13 1259.63 1140.15 1113.47 1078.81 1014.56 851.712 803.614 793.076 719.626
threshold=0.64764782786369335 0.74113664031028759 0.5607682764530183 81.500000000000014 0.47766967117786413 0.69692483544349682 0.60676470398902904 38.500000000000007 0.52708333730697643 0.67272245883941661 78.500000000000014 0.58476763963699352 0.87313267588615429 0.62871307134628307 0.71616274118423473 43.020833333333336 32.500000000000007 0.76153963804245006 0.50297555327415477 0.68226605653762828 0.65891316533088695 0.54176726937294017 24.500000000000004 89.500000000000014 0.84335336089134227 0.71118247509002697 0.61607232689857494 0.76543691754341137 0.57426106929779064 0.7281077802181245
decision_type=2 2 2 2 2 2 2 2 2 2 2 2 2 2 2 2 2 2 2 2 2 2 2 2 2 2 2 2 2 2
left_child=2 5 4 10 7 9 11 16 18 20 17 28 24 26 25 -9 22 -3 -6 -11 -2 -10 -1 -14 -5 -7 -8 -19 -4 -16
right_child=1 3 6 12 8 14 13 15 21 19 -12 -13 23 -15 29 -17 -18 27 -20 -21 -22 -23 -24 -25 -26 -27 -28 -29 -30 -31
leaf_value=-0.19646193646021254 -0.002908085265203527 0.031063554546196227 -0.032744578218271078 0.059022661233908397 -0.059246546512201896 0.015007922732737784 -0.017554169021691064 -0.085020166486015 -0.04405970474260127 0.0049773180531593663 0.049394304459543986 -0.022873403201176822 0.079555986334855486 -0.0080661496505392335 0.020780889098321452 -0.069696821832636258 -0.10444424917471296 0.035904651181817404 -0.050823560159573157 0.0094567202698344673 0.0013175800220084214 -0.038449966579149918 -0.1321427303473075 0.10314369207061623 0.067789269498576124 0.018251715564003505 -0.013524358848724369 0.040530233937712219 -0.028549088600165664 0.024978667571554602
leaf_weight=744 366981 252106 237310 55996 130757 411863 211380 54313 160918 741941 117596 473766 67187 560184 204350 88435 25354 597091 211615 383011 518732 264668 9388 5407 94047 581245 345328 111428 214427 204045
leaf_count=744 366981 252106 237310 55996 130757 411863 211380 54313 160918 741941 117596 473766 67187 560184 204350 88435 25354 597091 211615 383011 518732 264668 9388 5407 94047 581245 345328 111428 214427 204045
internal_value=3.77854e-06 0.018723 -0.0295166 0.0424164 -0.0534613 0.00969016 -0.0184237 -0.0831278 -0.046576 0.0034472 0.036722 -0.0267195 0.069994 -0.0115494 0.0186466 -0.0755271 -0.113702 0.0351707 -0.0540404 0.00650242 -0.000433257 -0.0405711 -0.136868 0.081313 0.0645176 0.0169064 -0.0150545 0.0366321 -0.0307531 0.0228782
internal_weight=7.70161e+06 4.71303e+06 2.98859e+06 1.30086e+06 946192 3.41217e+06 2.0424e+06 178234 767958 2.01066e+06 1.07822e+06 925503 222637 1.11689e+06 1.4015e+06 142748 35486 960625 342372 1.12495e+06 885713 425586 10132 72594 150043 993108 556708 708519 451737 408395
internal_count=7701613 4713026 2988587 1300858 946192 3412168 2042395 178234 767958 2010665 1078221 925503 222637 1116892 1401503 142748 35486 960625 342372 1124952 885713 425586 10132 72594 150043 993108 556708 708519 451737 408395
is_linear=0
shrinkage=0.05


Tree=53
num_leaves=31
num_cat=0
split_feature=23 23 23 23 23 10 23 23 23 23 15 23 23 23 23 23 23 15 23 23 23 15 23 23 23 15 23 12 23 23
split_gain=1.53709e+06 404757 243624 85819.1 69443.4 53796.3 45765.9 11727 10926.8 9988.34 9223.51 8393.52 6591.22 4961.14 4912.71 2273.19 1911.59 1905.84 1846.02 1468.77 1394.16 1353.95 1345.19 1278.59 1110.01 780.068 779.792 674.274 659.234 656.91
threshold=0.63765090703964245 0.7281077802181245 0.54388400912284862 0.79565498232841503 0.68737804889678966 44.500000000000007 0.5958991050720216 0.66300764679908764 0.5066039264202119 0.85320976376533519 34.500000000000007 0.74889159202575695 0.57293695211410534 0.70196795463562023 0.61607232689857494 0.88134998083114635 0.48495049774646765 40.500000000000007 0.76543691754341137 0.52708333730697643 0.65247520804405224 25.500000000000004 0.8240671455860139 0.67353153228759777 0.56220871210098278 89.500000000000014 0.71178066730499279 63.500000000000007 0.58602210879325878 0.64112070202827465
decision_type=2 2 2 2 2 2 2 2 2 2 2 2 2 2 2 2 2 2 2 2 2 2 2 2 2 2 2 2 2 2
left_child=2 4 5 11 7 10 12 20 16 22 21 -3 24 -6 -8 -11 -7 -12 -13 -10 27 -1 -5 -9 -4 -17 -15 -2 -14 -29
right_child=1 3 6 9 13 8 14 23 19 15 17 18 28 26 -16 25 -18 -19 -20 -21 -22 -23 -24 -25 -26 -27 -28 29 -30 -31
leaf_value=-0.17395367327274824 -0.0014389566772751697 0.024892349455398675 -0.036047265847226263 0.049132726665337467 0.010514927118733038 -0.063744361390840262 -0.018344069278503707 0.0019798848793215521 -0.047757266599592681 0.066905114264374357 -0.091566897701584132 0.033483427676351596 -0.027174585877595227 0.015040563221963919 -0.011441345715672138 0.078107210192215323 -0.054510282566725979 -0.076362900322935121 0.039572542288603338 -0.041474250397262817 -0.0011721391633747543 -0.11786903741224025 0.05840899898052257 0.0053177795105371801 -0.030999464480949337 0.099418919088109167 0.018021312249860366 -0.011485588137636817 -0.023430713472209735 -0.0054711698891189084
leaf_weight=1152 86990 304740 263984 88881 379690 98753 449498 441752 185679 94979 32445 748502 267137 307753 604292 43974 129621 56534 149303 186405 339396 16422 69764 818436 185407 4760 764449 52964 210038 317913
leaf_count=1152 86990 304740 263984 88881 379690 98753 449498 441752 185679 94979 32445 748502 267137 307753 604292 43974 129621 56534 149303 186405 339396 16422 69764 818436 185407 4760 764449 52964 210038 317913
internal_value=3.58938e-06 0.0163563 -0.0305083 0.0380495 0.00705368 -0.0557039 -0.0215131 0.00114521 -0.0498939 0.0618616 -0.0884449 0.0320623 -0.0296192 0.0154265 -0.0143857 0.0714098 -0.0585033 -0.0819069 0.034496 -0.0446096 -0.00360066 -0.121546 0.053212 0.0041477 -0.0339647 0.080189 0.0171658 -0.00540081 -0.0255267 -0.00633008
internal_weight=7.70161e+06 5.01425e+06 2.68737e+06 1.5049e+06 3.50934e+06 707011 1.98036e+06 2.05745e+06 600458 302358 106553 1.20254e+06 926566 1.45189e+06 1.05379e+06 143713 228374 88979 897805 372084 797263 17574 158645 1.26019e+06 449391 48734 1.0722e+06 457867 477175 370877
internal_count=7701613 5014246 2687367 1504903 3509343 707011 1980356 2057451 600458 302358 106553 1202545 926566 1451892 1053790 143713 228374 88979 897805 372084 797263 17574 158645 1260188 449391 48734 1072202 457867 477175 370877
is_linear=0
shrinkage=0.05


Tree=54
num_leaves=31
num_cat=0
split_feature=13 10 10 10 15 13 10 15 15 10 10 13 10 15 10 15 20 15 10 10 10 17 13 10 10 15 15 10 10 15
split_gain=1.38347e+06 322349 267176 67502.1 62223.9 57285.8 41557.2 14260.5 9889.56 5685.62 5555.05 5501.99 5166.97 5098.82 4108.43 2831.68 2587.78 2013.97 1844.37 1709.21 1325.98 1001.64 988.519 985.696 903.984 825.886 727.768 709.434 618.154 582.924
threshold=64.020833333333357 73.500000000000014 55.500000000000007 80.500000000000014 47.500000000000007 68.979166666666671 60.500000000000007 38.500000000000007 51.500000000000007 58.500000000000007 86.500000000000014 77.020833333333357 66.500000000000014 70.500000000000014 62.500000000000007 43.500000000000007 31.500000000000004 75.500000000000014 53.500000000000007 71.500000000000014 83.500000000000014 89.003472222222243 49.979166666666679 56.500000000000007 67.500000000000014 23.500000000000004 34.500000000000007 69.500000000000014 65.500000000000014 61.500000000000007
decision_type=2 2 2 2 2 2 2 2 2 2 2 2 2 2 2 2 2 2 2 2 2 2 2 2 2 2 2 2 2 2
left_child=2 5 4 11 7 12 9 16 22 23 20 17 28 27 29 -9 25 -3 -10 -15 -5 -12 -6 -4 -14 -1 -18 -7 -2 -8
right_child=1 3 6 10 8 13 14 15 18 -11 21 -13 24 19 -16 -17 26 -19 -20 -21 -22 -23 -24 -25 -26 -27 -28 -29 -30 -31
leaf_value=-0.20450950080404884 -0.0021419197348070598 0.027403281084150657 -0.030158877574070143 0.05122665039072638 -0.053623692686339999 0.010103404056259882 -0.014607458390200301 -0.076407115141709309 -0.041280718093454405 -0.019410859252875667 0.070523316878966458 0.042013360122892265 0.0040819208528197681 0.016563710734802489 -0.0067836495544440767 -0.062280334610098131 -0.10632062608304432 0.032699829156692221 -0.0349994619787437 0.020973999233032985 0.060411256527649039 0.088468143570483618 -0.047335388698328512 -0.02562346187073318 0.0074519845764545378 -0.12676482926781951 -0.090083209756665936 0.013669511663372864 0.0008248361150434675 -0.011268706710957074
leaf_weight=362 338425 241916 171021 69051 100500 255374 253224 56153 203927 438339 74025 138383 803837 674148 583892 96337 11088 695420 273770 325883 91216 8691 165317 400012 264451 6124 18298 307275 364887 270267
leaf_count=362 338425 241916 171021 69051 100500 255374 253224 56153 203927 438339 74025 138383 803837 674148 583892 96337 11088 695420 273770 325883 91216 8691 165317 400012 264451 6124 18298 307275 364887 270267
internal_value=3.40991e-06 0.0171568 -0.026177 0.0380833 -0.0484857 0.00888045 -0.0163559 -0.0741552 -0.0419825 -0.023694 0.0618854 0.0327068 0.00272521 0.0158586 -0.00966733 -0.0674824 -0.10252 0.0313329 -0.0376809 0.0180009 0.0564541 0.0724089 -0.0497129 -0.0269818 0.00491617 -0.131107 -0.0962103 0.0120509 -0.00060273 -0.0128837
internal_weight=7.70161e+06 4.65298e+06 3.04863e+06 1.3187e+06 931876 3.33428e+06 2.11676e+06 188362 743514 1.00937e+06 242983 1.07572e+06 1.7716e+06 1.56268e+06 1.10738e+06 152490 35872 937336 477697 1.00003e+06 160267 82716 265817 571033 1.06829e+06 6486 29386 562649 703312 523491
internal_count=7701613 4652982 3048631 1318702 931876 3334280 2116755 188362 743514 1009372 242983 1075719 1771600 1562680 1107383 152490 35872 937336 477697 1000031 160267 82716 265817 571033 1068288 6486 29386 562649 703312 523491
is_linear=0
shrinkage=0.05


Tree=55
num_leaves=31
num_cat=0
split_feature=23 23 23 23 23 16 23 23 10 10 23 23 23 23 23 15 23 23 23 23 10 23 23 23 23 23 12 23 23 23
split_gain=1.25223e+06 329542 198706 69971.8 56443.1 47121.7 33854.6 8887.89 8837.76 8134.22 8013.85 6877.31 5920.37 4991.41 3276.62 1908.71 1587.7 1585.56 1548.52 1548.29 1365.33 1107.42 1049.38 736.21 720.486 716.882 629.818 598.344 581.333 528.885
threshold=0.63765090703964245 0.7281077802181245 0.54824754595756542 0.79565498232841503 0.68226605653762828 45.500000000000007 0.59829127788543712 0.51323893666267406 35.500000000000007 85.500000000000014 0.66300764679908764 0.74683254957199108 0.70091050863266002 0.57426106929779064 0.62001636624336254 41.500000000000007 0.89309459924697887 0.76543691754341137 0.8240671455860139 0.49092386662960058 27.500000000000004 0.65247520804405224 0.53233033418655407 0.67272245883941661 0.56220871210098278 0.71178066730499279 63.500000000000007 0.58602210879325878 0.64112070202827465 0.61040237545967113
decision_type=2 2 2 2 2 2 2 2 2 2 2 2 2 2 2 2 2 2 2 2 2 2 2 2 2 2 2 2 2 2
left_child=2 4 5 11 10 8 13 19 20 18 21 -3 -6 24 29 -10 -11 -13 -5 -7 -1 26 -9 -12 -4 -14 -2 -15 -28 -8
right_child=1 3 6 9 12 7 14 22 15 16 23 17 25 27 -16 -17 -18 -19 -20 -21 -22 -23 -24 -25 -26 -27 28 -29 -30 -31
leaf_value=-0.14920727796617647 -0.0009843096760952495 0.022059057458504422 -0.031985406925329217 0.044400128692266762 0.0087612738335377943 -0.055382594433334702 -0.017012115493215681 -0.0413244014745675 -0.079693157318765168 0.063032067857067053 0.0015810166720857111 0.030107226258645911 0.013471318312047143 -0.024330848675406802 -0.0097727034889836823 -0.065803580162449846 0.077442026062878033 0.035737130387078798 0.053665226103445873 -0.047527000368317592 -0.10249493272734581 -0.0010432452011372695 -0.036018715630072161 0.004264057587365983 -0.027854384833450388 0.016250722593074259 -0.010574032202539885 -0.020871965062951484 -0.0049029072735652379 -0.013762396798723498
leaf_weight=1699 87143 279020 210009 88573 482522 104622 266892 184614 39583 97941 390428 773006 333157 240066 500517 65955 23754 149203 91891 156651 19796 340056 188219 740777 212216 764095 52664 260947 318340 235841
leaf_count=1699 87143 279020 210009 88573 482522 104622 266892 184614 39583 97941 390428 773006 333157 240066 500517 65955 23754 149203 91891 156651 19796 340056 188219 740777 212216 764095 52664 260947 318340 235841
internal_value=-4.00508e-06 0.0147604 -0.0275404 0.0343471 0.00636914 -0.0491697 -0.0189949 -0.0436013 -0.076965 0.0558547 0.000631172 0.0289371 0.013377 -0.0259043 -0.0126365 -0.0710131 0.0658449 0.0310181 0.0491179 -0.0506726 -0.106188 -0.00320495 -0.0386459 0.00333802 -0.0299091 0.0154068 -0.00480946 -0.0225293 -0.00570793 -0.0154876
internal_weight=7.7002e+06 5.01257e+06 2.68763e+06 1.50339e+06 3.50918e+06 761139 1.92649e+06 634106 127033 302159 1.92941e+06 1.20123e+06 1.57977e+06 923238 1.00325e+06 105538 121695 922209 180464 261273 21495 798203 372833 1.1312e+06 422225 1.09725e+06 458147 501013 371004 502733
internal_count=7700197 5012570 2687627 1503388 3509182 761139 1926488 634106 127033 302159 1929408 1201229 1579774 923238 1003250 105538 121695 922209 180464 261273 21495 798203 372833 1131205 422225 1097252 458147 501013 371004 502733
is_linear=0
shrinkage=0.05


Tree=56
num_leaves=31
num_cat=0
split_feature=23 23 23 23 23 16 23 23 10 10 23 23 23 23 23 15 23 10 23 23 16 23 23 30 23 23 23 15 12 23
split_gain=1.13014e+06 297411 179332 63149.6 50939.9 42527.4 30553.8 8021.32 7976.1 7341.14 7232.5 6223.27 5343.14 4504.75 2957.15 1722.61 1432.9 1399.95 1397.55 1363.17 1279.58 999.445 947.064 749.758 664.429 650.239 646.986 588.374 568.411 540.006
threshold=0.63765090703964245 0.7281077802181245 0.54824754595756542 0.79565498232841503 0.68226605653762828 45.500000000000007 0.59829127788543712 0.51323893666267406 35.500000000000007 85.500000000000014 0.66300764679908764 0.74889159202575695 0.70091050863266002 0.57426106929779064 0.62001636624336254 41.500000000000007 0.89309459924697887 82.500000000000014 0.48495049774646765 0.76543691754341137 29.500000000000004 0.65247520804405224 0.53233033418655407 0.47241142842277789 0.67272245883941661 0.56220871210098278 0.71178066730499279 23.500000000000004 63.500000000000007 0.58602210879325878
decision_type=2 2 2 2 2 2 2 2 2 2 2 2 2 2 2 2 2 2 2 2 2 2 2 2 2 2 2 2 2 2
left_child=2 4 5 11 10 8 13 18 20 17 21 -3 -6 25 -8 -10 -11 23 -7 -13 27 28 -9 -5 -12 -4 -14 -1 -2 -15
right_child=1 3 6 9 12 7 14 22 15 16 24 19 26 29 -16 -17 -18 -19 -20 -21 -22 -23 -24 -25 -26 -27 -28 -29 -30 -31
leaf_value=-0.1852246460844367 -0.0009350942522849473 0.021311944263172952 -0.030386137539462371 0.047017078716949531 0.0083232101520559348 -0.05373590538379841 -0.014713237076220629 -0.039258181822002948 -0.075708510134336479 0.05988046652010888 0.0015019658980504813 0.028715822984894925 0.012797752610628745 -0.023114306642812592 -0.009284068512384544 -0.062513406376920863 0.073569940100199835 0.051822419156015077 -0.045749578246643642 0.033950274654993784 -0.095081519595320754 -0.00099108292509118628 -0.034217780239064299 0.038539224564682679 0.0040508547597491998 -0.02646166599934879 0.015438187372643684 -0.12021612748347253 -0.0054225298854441032 -0.019828367445926066
leaf_weight=386 87143 304328 210009 53753 482522 78170 502733 184614 39583 97941 390428 747698 333157 240066 500517 65955 23754 76047 183103 149203 17537 340056 188219 50664 740777 212216 764095 3572 371004 260947
leaf_count=386 87143 304328 210009 53753 482522 78170 502733 184614 39583 97941 390428 747698 333157 240066 500517 65955 23754 76047 183103 149203 17537 340056 188219 50664 740777 212216 764095 3572 371004 260947
internal_value=-3.80512e-06 0.0140224 -0.0261634 0.0326298 0.00605068 -0.0467112 -0.0180451 -0.0414213 -0.0731168 0.053062 0.000599613 0.0274902 0.0127082 -0.0246091 -0.0120047 -0.0674624 0.0625526 0.046662 -0.048139 0.0295866 -0.100878 -0.0030447 -0.0367136 0.0429036 0.00317112 -0.0284137 0.0146365 -0.126561 -0.00456899 -0.0214029
internal_weight=7.7002e+06 5.01257e+06 2.68763e+06 1.50339e+06 3.50918e+06 761139 1.92649e+06 634106 127033 302159 1.92941e+06 1.20123e+06 1.57977e+06 923238 1.00325e+06 105538 121695 180464 261273 896901 21495 798203 372833 104417 1.1312e+06 422225 1.09725e+06 3958 458147 501013
internal_count=7700197 5012570 2687627 1503388 3509182 761139 1926488 634106 127033 302159 1929408 1201229 1579774 923238 1003250 105538 121695 180464 261273 896901 21495 798203 372833 104417 1131205 422225 1097252 3958 458147 501013
is_linear=0
shrinkage=0.05


Tree=57
num_leaves=31
num_cat=0
split_feature=23 23 23 13 23 23 23 23 10 23 23 23 23 23 23 15 23 23 23 23 23 15 23 23 23 23 23 16 23 12
split_gain=1.02008e+06 252574 178475 51923.4 46358.2 41900.8 29611.5 8969.97 7292.7 6399.94 5578.82 3852.73 3413.14 3338.6 2352.43 1604.14 1569.6 1409.44 1384.47 1249.73 1220.58 1156.32 934.008 897.207 867.278 651.987 571.796 541.771 484.868 614.135
threshold=0.643567055463791 0.73617300391197216 0.55421933531761181 79.979166666666671 0.69302847981452953 0.46038834750652319 0.60206305980682384 0.51323893666267406 35.500000000000007 0.66789564490318309 0.86670097708702099 0.57847285270690929 0.76153963804245006 0.62308496236801159 0.71178066730499279 41.500000000000007 0.77471512556076061 0.83397981524467479 0.53470870852470409 0.49092386662960058 0.67610982060432445 29.500000000000004 0.89309459924697887 0.65500000119209301 0.71903863549232494 0.63323622941970836 0.74481257796287548 23.500000000000004 0.59220868349075328 59.500000000000007
decision_type=2 2 2 2 2 2 2 2 2 2 2 2 2 2 2 2 2 2 2 2 2 2 2 2 2 2 2 2 2 2
left_child=2 4 5 12 9 8 11 19 21 23 17 -4 26 -8 -6 -10 -14 -5 -9 -7 -11 27 -12 -2 -16 -15 -3 -1 -13 -30
right_child=1 3 6 10 14 7 13 18 15 20 22 28 16 25 24 -17 -18 -19 -20 -21 -22 -23 -24 -25 -26 -27 -28 -29 29 -31
leaf_value=-0.17958167548529816 -0.0033734983118265493 0.02031541817773155 -0.025689270574355435 0.041829419675860263 0.011082576669671645 -0.04995692321191162 -0.013058549704348743 -0.036953062937132963 -0.07192309436270572 0.0030508830781486689 0.058437691501045587 -0.020565447372739964 0.02806983567321595 -0.0092024157718565147 0.014209874204863603 -0.059252013686124899 0.034185371520419415 0.050628515901908068 -0.031415129976379498 -0.042863174435929997 0.0063491062590564223 -0.090166686270258367 0.069891460408162895 -1.5290390100470137e-05 0.017560557213868962 -0.0058971860872547559 0.024613727693108628 -0.11411513798183051 -0.015575479852564526 -0.021261346744354766
leaf_weight=345 361094 125126 423925 88553 536698 102863 497786 212880 39583 795145 71042 287326 645299 292021 609271 67714 125295 93642 240210 156651 433403 17352 23754 442774 282748 305076 202753 3798 145585 70485
leaf_count=345 361094 125126 423925 88553 536698 102863 497786 212880 39583 795145 71042 287326 645299 292021 609271 67714 125295 93642 240210 156651 433403 17352 23754 442774 282748 305076 202753 3798 145585 70485
internal_value=-3.61505e-06 0.0139994 -0.0236546 0.0321245 0.0067965 -0.0430061 -0.0156029 -0.0382626 -0.069252 0.00194483 0.0514704 -0.0221773 0.0272462 -0.0100346 0.0136982 -0.0639266 0.0290642 0.0463519 -0.0340171 -0.0456749 0.00421442 -0.0958347 0.0613078 -0.00152378 0.015272 -0.00751367 0.0229734 -0.119571 -0.0192198 -0.0174303
internal_weight=7.7002e+06 4.8366e+06 2.8636e+06 1.37546e+06 3.46113e+06 841396 2.0222e+06 712604 128792 2.03242e+06 276991 927321 1.09847e+06 1.09488e+06 1.42872e+06 107297 770594 182195 453090 259514 1.22855e+06 21495 94796 803868 892019 597097 327879 4143 503396 216070
internal_count=7700197 4836597 2863600 1375464 3461133 841396 2022204 712604 128792 2032416 276991 927321 1098473 1094883 1428717 107297 770594 182195 453090 259514 1228548 21495 94796 803868 892019 597097 327879 4143 503396 216070
is_linear=0
shrinkage=0.05


Tree=58
num_leaves=31
num_cat=0
split_feature=23 23 23 23 23 15 23 23 23 23 16 23 23 23 23 23 15 23 30 23 10 23 23 23 17 23 23 23 15 23
split_gain=920743 244510 144069 51509.8 42341.7 32683 26619.7 6494.42 6191.11 6001.16 5561.54 5050.86 4416 3431.54 3346.07 1511.74 1224.02 1166.94 1143.47 1111.49 891 845.52 818.986 631.862 633.503 613.73 590.773 581.216 562.647 528.592
threshold=0.63676577806472789 0.7281077802181245 0.54388400912284862 0.79565498232841503 0.68226605653762828 44.500000000000007 0.59331706166267406 0.50297555327415477 0.66221755743026745 0.85320976376533519 34.500000000000007 0.74683254957199108 0.69888237118721019 0.56844824552536022 0.61154127120971691 0.88134998083114635 40.500000000000007 0.76543691754341137 0.44652553885537005 0.52470868825912487 24.500000000000004 0.48495049774646765 0.64923548698425304 0.71178066730499279 69.288194444444471 0.67272245883941661 0.62598383426666271 0.70091050863266002 89.500000000000014 0.58117648959159862
decision_type=2 2 2 2 2 2 2 2 2 2 2 2 2 2 2 2 2 2 2 2 2 2 2 2 2 2 2 2 2 2
left_child=2 4 5 11 8 10 13 21 22 18 20 -3 -6 -4 -8 -11 -12 -13 -5 -9 -1 -7 -2 24 -14 -10 -16 -26 -17 -15
right_child=1 3 6 9 12 7 14 19 25 15 16 17 23 29 26 28 -18 -19 -20 -21 -22 -23 -24 -25 27 -27 -28 -29 -30 -31
leaf_value=-0.1457935628409078 -0.004611363544394907 0.018917886160337453 -0.026949524518989444 0.045539158150606079 0.0071606310094773614 -0.049234489972549977 -0.015194469065203551 -0.037694149743990643 0.0012621761248249016 0.051640734901519075 -0.071242576240959407 0.02581422183451167 0.018996822120526995 -0.022290670123660917 -0.010782012565314704 0.060718379207937503 -0.05917100948311043 0.030644066179397828 0.037041881416285893 -0.032394593091452671 -0.092146449488191132 -0.042753834609323443 -0.0014035795119364146 0.013921837932924466 0.0044050086593790819 0.0036613906491648088 -0.0078303649431969279 0.011515068001369651 0.078905815579694241 -0.019043201162598736
leaf_weight=813 378871 279020 370187 77479 432178 97481 399693 185665 416371 95110 33036 773006 25829 241283 371478 43885 57654 149203 80975 211828 16219 104074 419068 764095 31521 740777 311830 326151 4710 260707
leaf_count=813 378871 279020 370187 77479 432178 97481 399693 185665 416371 95110 33036 773006 25829 241283 371478 43885 57654 149203 80975 211828 16219 104074 419068 764095 31521 740777 311830 326151 4710 260707
internal_value=-3.43462e-06 0.012564 -0.0237898 0.029454 0.00538068 -0.0431366 -0.0167962 -0.0385772 0.000461616 0.0479074 -0.068492 0.0248123 0.0114684 -0.0232974 -0.0115606 0.0553066 -0.0635684 0.0265956 0.0411968 -0.03487 -0.0947081 -0.0458882 -0.00292667 0.0130907 0.0114346 0.00279809 -0.00943502 0.0108885 0.0624813 -0.0206041
internal_weight=7.7002e+06 5.03825e+06 2.66195e+06 1.50339e+06 3.53486e+06 706770 1.95518e+06 599048 1.95509e+06 302159 107722 1.20123e+06 1.57977e+06 872177 1.083e+06 143705 90690 922209 158454 397493 17032 201555 797939 1.1476e+06 383501 1.15715e+06 683308 357672 48595 501990
internal_count=7700197 5038249 2661948 1503388 3534861 706770 1955178 599048 1955087 302159 107722 1201229 1579774 872177 1083001 143705 90690 922209 158454 397493 17032 201555 797939 1147596 383501 1157148 683308 357672 48595 501990
is_linear=0
shrinkage=0.05


Tree=59
num_leaves=31
num_cat=0
split_feature=23 23 23 15 23 15 23 10 23 16 23 23 23 23 23 10 23 23 15 23 23 10 23 23 23 17 23 12 23 12
split_gain=831031 216875 133929 43974.8 39972.8 31375.8 23324.7 6967.4 6157.03 5019.31 4585.09 3657.59 3307.12 2769.84 2372.02 1310.61 1193.4 1181.17 1104.68 910.945 815.912 812.871 798.284 770.885 698.656 695.792 617.084 478.112 466.576 478.059
threshold=0.63859808444976818 0.73279127478599559 0.54824754595756542 79.500000000000014 0.68846952915191661 44.500000000000007 0.59829127788543712 50.500000000000007 0.66453662514686596 34.500000000000007 0.86670097708702099 0.76153963804245006 0.57293695211410534 0.70557337999343883 0.6191176474094392 78.500000000000014 0.83397981524467479 0.48495049774646765 40.500000000000007 0.52983984351158153 0.65247520804405224 26.500000000000004 0.67513644695281994 0.89309459924697887 0.71616274118423473 63.128472222222229 0.74481257796287548 67.500000000000014 0.58235433697700512 57.500000000000007
decision_type=2 2 2 2 2 2 2 2 2 2 2 2 2 2 2 2 2 2 2 2 2 2 2 2 2 2 2 2 2 2
left_child=2 4 5 11 8 9 12 17 20 21 16 26 -4 -6 -8 -13 -5 -7 -11 -9 25 -1 -10 -12 -15 -2 -3 -24 29 -14
right_child=1 3 6 10 13 7 14 19 22 18 23 15 28 24 -16 -17 -18 -19 -20 -21 -22 -23 27 -25 -26 -27 -28 -29 -30 -31
leaf_value=-0.12816804248106151 0.0044885848224144294 0.018094459640826316 -0.024566179869286837 0.037662449978223822 0.0085061680049383793 -0.046772767672184051 -0.012736623817660657 -0.034413924227011276 0.0024469811433371347 -0.067680458373522351 0.052775070850711994 0.025636270298097358 -0.018561666968920615 0.012369121807576704 -0.0079216902161881094 0.033169471064665577 0.045759132139812038 -0.039742124389835036 -0.056212463121014702 -0.029638927583602509 -0.0006993874612406932 -0.086847218238761847 0.0077962392066798641 0.063180683442536453 0.015290616719966402 -0.0043316378356502514 0.022136498020432091 0.0038776544807555494 -0.017407782563061299 -0.023754648685339733
leaf_weight=1288 23651 176737 395110 88553 462266 97481 477638 186396 901263 33036 71042 707727 118286 755488 550701 62867 93642 154323 57654 215217 391082 15744 122230 23754 280670 409407 202753 214349 338965 70877
leaf_count=1288 23651 176737 395110 88553 462266 97481 477638 186396 901263 33036 71042 707727 118286 755488 550701 62867 93642 154323 57654 215217 391082 15744 122230 23754 280670 409407 202753 214349 338965 70877
internal_value=-3.26318e-06 0.0121108 -0.0222756 0.0285795 0.00550981 -0.0400652 -0.0153374 -0.0359434 0.000993568 -0.0650674 0.0464642 0.0242721 -0.0211064 0.0117246 -0.0101581 0.0262509 0.0418239 -0.0424639 -0.06039 -0.0318551 -0.00235489 -0.0899727 0.00322293 0.0553826 0.0131605 -0.00384993 0.020254 0.00530071 -0.018518 -0.0205074
internal_weight=7.7002e+06 4.98748e+06 2.71272e+06 1.42708e+06 3.56041e+06 761139 1.95158e+06 653417 2.06198e+06 107722 276991 1.15008e+06 923238 1.49842e+06 1.02834e+06 770594 182195 251804 90690 401613 824140 17032 1.23784e+06 94796 1.03616e+06 433058 379490 336579 528128 189163
internal_count=7700197 4987481 2712716 1427075 3560406 761139 1951577 653417 2061982 107722 276991 1150084 923238 1498424 1028339 770594 182195 251804 90690 401613 824140 17032 1237842 94796 1036158 433058 379490 336579 528128 189163
is_linear=0
shrinkage=0.05


Tree=60
num_leaves=31
num_cat=0
split_feature=23 23 23 23 23 23 23 16 23 23 23 23 23 23 23 23 16 23 30 23 23 23 23 23 23 15 23 15 20 19
split_gain=751024 189494 128161 39997.8 33444.8 30791.9 20341.3 6494.35 5440.06 5205.43 4932.02 2992.08 2619.44 2338.74 1514.68 1486.26 1345.95 1326.79 885.597 879.473 832.978 815.627 794.526 769.066 576.045 557.485 501.302 495.634 459.1 445.863
threshold=0.64200851321220409 0.73279127478599559 0.55421933531761181 0.79565498232841503 0.69302847981452953 0.47002477943897253 0.59950739145278942 37.500000000000007 0.51634138822555553 0.66789564490318309 0.84335336089134227 0.75615385174751293 0.62118539214134227 0.57723164558410656 0.88134998083114635 0.7070213556289674 31.500000000000004 0.43139706552028662 0.44652553885537005 0.67610982060432445 0.5372087061405183 0.76543691754341137 0.49589791893959051 0.65577518939971935 0.71616274118423473 23.500000000000004 0.63237956166267406 89.500000000000014 55.500000000000007 64.500000000000014
decision_type=2 2 2 2 2 2 2 2 2 2 2 2 2 2 2 2 2 2 2 2 2 2 2 2 2 2 2 2 2 2
left_child=2 4 5 11 9 7 13 16 22 23 18 -3 -8 -4 -12 -6 25 -9 -5 -11 -10 -13 -7 -2 -17 -1 -14 -16 -22 -25
right_child=1 3 6 10 15 8 12 17 20 19 14 21 26 -15 27 24 -18 -19 -20 -21 28 -23 -24 29 -26 -27 -28 -29 -30 -31
leaf_value=-0.15486985027284753 -0.0029388199537420138 0.018577481627741272 -0.022147029592698379 0.04039767801694108 0.0089668885973897116 -0.041378109277630359 -0.011750621511418107 -0.058669798894553676 -0.031129121765597258 0.0026229142280628608 0.045967254385524021 0.023647116443590886 -0.0082146944764870111 -0.016941562598739898 0.054780406368477468 0.011845208030664217 -0.071942597400420735 -0.047993093969414688 0.032325937760252339 0.0054235661470861509 -0.026285200398035242 0.027725463705288729 -0.035777752170874151 0.0093073070867192072 0.01452522409172459 -0.093278765693897536 -0.0053156040755259768 0.071834353882100507 -0.03958138532871637 -0.00022528987040219313
leaf_weight=388 437024 302890 397497 65474 391801 106446 503996 47061 210392 794905 118526 672808 318909 471994 44210 704657 22849 76252 70657 433009 207730 149912 156385 12651 280248 6975 280065 4716 6702 403444
leaf_count=388 437024 302890 397497 65474 391801 106446 503996 47061 210392 794905 118526 672808 318909 471994 44210 704657 22849 76252 70657 433009 207730 149912 156385 12651 280248 6975 280065 4716 6702 403444
internal_value=7.51336e-06 0.0118557 -0.0205712 0.0271701 0.00552577 -0.036912 -0.0136025 -0.0571581 -0.0323919 0.00152614 0.0432765 0.0228261 -0.00909428 -0.0193213 0.0490226 0.0115716 -0.0779342 -0.0520678 0.0362082 0.00361053 -0.0288939 0.0243903 -0.0380459 -0.00147398 0.0126078 -0.0965264 -0.00685915 0.0564244 -0.0267008 6.45425e-05
internal_weight=7.70057e+06 4.88693e+06 2.81364e+06 1.42919e+06 3.45774e+06 841180 1.97246e+06 153525 687655 2.08103e+06 303583 1.12561e+06 1.10297e+06 869491 167452 1.37671e+06 30212 123313 136131 1.22791e+06 424824 822720 262831 853119 984905 7363 598974 48926 214432 416095
internal_count=7700573 4886932 2813641 1429193 3457739 841180 1972461 153525 687655 2081033 303583 1125610 1102970 869491 167452 1376706 30212 123313 136131 1227914 424824 822720 262831 853119 984905 7363 598974 48926 214432 416095
is_linear=0
shrinkage=0.05


Tree=61
num_leaves=31
num_cat=0
split_feature=23 23 23 23 23 15 23 13 23 23 15 23 23 23 23 20 23 23 23 23 23 15 23 30 15 30 23 19 19 30
split_gain=677881 165501 122037 32983.5 32229.5 28628.1 19668.3 5892.91 5272.59 4384.18 3809.09 2791.07 2160.83 1989.02 1632.73 1221.65 1216.3 1008.45 986.238 833.954 712.34 551.76 538.533 481.901 479.548 448.969 382.552 429.567 378.98 371.309
threshold=0.64521846175193798 0.74113664031028759 0.555951088666916 0.8240671455860139 0.69692483544349682 46.500000000000007 0.60544714331626903 37.020833333333336 0.52206307649612438 0.6715412735939027 78.500000000000014 0.58117648959159862 0.87313267588615429 0.62774425745010387 0.71616274118423473 31.500000000000004 0.43139706552028662 0.76153963804245006 0.49977821111679083 0.67706304788589489 0.65742611885070812 89.500000000000014 0.5372087061405183 0.44652553885537005 23.500000000000004 0.43584438833132982 0.56530731916427623 55.500000000000007 64.500000000000014 0.031989530961966599
decision_type=2 2 2 2 2 2 2 2 2 2 2 2 2 2 2 2 2 2 2 2 2 2 2 2 2 2 2 2 2 2
left_child=2 4 5 10 9 7 11 15 18 20 17 26 23 -8 -6 24 -9 -3 -7 -11 -2 -14 -10 -5 -1 -12 -4 -28 -22 -16
right_child=1 3 6 12 14 8 13 16 22 19 25 -13 21 -15 29 -17 -18 -19 -20 -21 28 -23 -24 -25 -26 -27 27 -29 -30 -31
leaf_value=-0.14712834611623379 -0.0022563863325936336 0.019467548710415436 -0.022371132236108246 0.044004236728984444 0.010671668989894913 -0.038666130670748811 -0.0097233186207133972 -0.055744019002591211 -0.028952104737561563 0.0028045190692897902 0.035235641028488092 -0.015005262486455296 0.050557257453037754 -0.005401948456577199 0.025497069919597243 -0.068753569125870287 -0.045548855706804732 0.023151055186163234 -0.032979581829001105 0.0054875316504810244 0.011332051982071481 0.0682427088651303 -0.025198038451668216 0.038170017060777398 -0.089792407758590612 0.029083700868203874 -0.0094509473761549209 -0.019675775110735386 0.00039965888685628432 0.014224472963005805
leaf_weight=388 392561 251603 155698 71277 992085 130079 553917 47051 157770 666061 48399 528642 68196 512786 7441 23716 77360 710637 184266 512461 8053 4716 242200 70326 6118 76605 10661 281785 507474 400241
leaf_count=388 392561 251603 155698 71277 992085 130079 553917 47051 157770 666061 48399 528642 68196 512786 7441 23716 77360 710637 184266 512461 8053 4716 242200 70326 6118 76605 10661 281785 507474 400241
internal_value=7.13749e-06 0.0115771 -0.0190142 0.0267898 0.00589683 -0.0347097 -0.01234 -0.0542155 -0.0304871 0.00195937 0.0232546 -0.0174661 0.0447078 -0.00764595 0.0117663 -0.0740195 -0.0494046 0.0221879 -0.0353327 0.00397118 -0.000651583 0.0517013 -0.0266789 0.0411067 -0.093214 0.0314656 -0.020369 -0.019303 0.000570435 0.0144302
internal_weight=7.70057e+06 4.78814e+06 2.91244e+06 1.30176e+06 3.48638e+06 868948 2.04349e+06 154633 714315 2.08661e+06 1.08724e+06 976786 214515 1.0667e+06 1.39977e+06 30222 124411 962240 314345 1.17852e+06 908088 72912 399970 141603 6506 125004 448144 292446 515527 407682
internal_count=7700573 4788136 2912437 1301759 3486377 868948 2043489 154633 714315 2086610 1087244 976786 214515 1066703 1399767 30222 124411 962240 314345 1178522 908088 72912 399970 141603 6506 125004 448144 292446 515527 407682
is_linear=0
shrinkage=0.05


Tree=62
num_leaves=31
num_cat=0
split_feature=23 23 15 23 23 23 23 23 23 23 15 23 23 23 23 30 23 17 23 23 15 23 17 23 20 15 13 23 17 23
split_gain=611992 164381 94459.1 34421.8 28693.2 20562.8 18470.6 4319.37 4102.63 3915.25 3675.65 3372.52 2950.28 2727.78 2107.21 956.271 834.167 787.562 757.542 670.969 661.234 591.582 699.261 472.994 463.179 443.887 433.707 429.579 590.524 504.696
threshold=0.63589897751808178 0.7281077802181245 53.500000000000007 0.79565498232841503 0.68226605653762828 0.44825132191181188 0.59331706166267406 0.65891316533088695 0.86075130105018627 0.49977821111679083 34.500000000000007 0.74683254957199108 0.69888237118721019 0.5638321340084077 0.61264562606811535 0.47241142842277789 0.76543691754341137 88.003472222222243 0.41084934771060949 0.52206307649612438 25.500000000000004 0.67272245883941661 65.121527777777786 0.57847285270690929 61.500000000000007 47.500000000000007 82.020833333333357 0.71178066730499279 69.288194444444471 0.70091050863266002
decision_type=2 2 2 2 2 2 2 2 2 2 2 2 2 2 2 2 2 2 2 2 2 2 2 2 2 2 2 2 2 2
left_child=2 4 5 11 7 10 13 -2 15 25 20 -3 -6 -4 24 26 -13 -10 -12 -11 -1 22 -9 -15 -8 -7 -5 28 -14 -30
right_child=1 3 6 8 12 9 14 21 17 19 18 16 27 23 -16 -17 -18 -19 -20 -21 -22 -23 -24 -25 -26 -27 -28 -29 29 -31
leaf_value=-0.11328042187945256 -0.0027771164767790013 0.015402725247980018 -0.022836549861463024 0.034718218444017408 0.0058198803996801782 -0.040761731216424901 -0.012081576352047617 0.0097737753104313995 0.043782685960756851 -0.031330603735183857 -0.057989655380254718 0.021016825863094626 0.016610936976325045 -0.018722442225727977 -0.0077107633576192092 0.03054589629451613 0.025092146742231116 0.052869869151374628 -0.048358603699710366 -0.027120058481793687 -0.074491930326889735 0.0029814101543657475 0.00040599296175187192 -0.015855638037808876 -0.027111964635447596 -0.03579128652219906 0.04138780084241437 0.01135562820970625 0.002728651492745887 0.0093613668108967919
leaf_weight=1178 721280 278688 335310 53388 431636 84457 419582 20750 86262 184266 32915 773255 25804 265763 631598 86114 149912 32956 53793 194494 16395 741057 498420 313742 5189 95974 44863 763204 31439 326889
leaf_count=1178 721280 278688 335310 53388 431636 84457 419582 20750 86262 184266 32915 773255 25804 265763 631598 86114 149912 32956 53793 194494 16395 741057 498420 313742 5189 95974 44863 763204 31439 326889
internal_value=6.78049e-06 0.0101719 -0.0195388 0.0240232 0.00431536 -0.0358574 -0.0140462 0.000308592 0.0390665 -0.0320561 -0.0562408 0.0202234 0.0093436 -0.0192472 -0.00954212 0.0343924 0.0216786 0.0462947 -0.0520147 -0.0291685 -0.0770927 0.00207467 0.000780403 -0.0171704 -0.0122652 -0.0381179 0.0377637 0.0106692 0.00930551 0.00877943
internal_weight=7.70057e+06 5.06592e+06 2.63466e+06 1.50544e+06 3.56048e+06 663472 1.97118e+06 1.98151e+06 303583 559191 104281 1.20186e+06 1.57897e+06 914815 1.05637e+06 184365 923167 119218 86708 378760 17573 1.26023e+06 519170 579505 424771 180431 98251 1.14734e+06 384132 358328
internal_count=7700573 5065917 2634656 1505438 3560479 663472 1971184 1981507 303583 559191 104281 1201855 1578972 914815 1056369 184365 923167 119218 86708 378760 17573 1260227 519170 579505 424771 180431 98251 1147336 384132 358328
is_linear=0
shrinkage=0.05


Tree=63
num_leaves=31
num_cat=0
split_feature=23 23 23 23 23 23 23 10 23 23 23 23 23 23 16 23 23 15 23 23 23 10 16 12 12 23 23 12 23 12
split_gain=552556 133563 100851 26973.4 25681 23957.1 15826.8 5570.74 3850.28 3355.23 3088.04 2204.58 1773.91 1619.68 1383.66 1348.87 884.322 873.681 816.058 539.613 495.407 485.777 478.977 420.136 414.689 505.192 378.971 517.652 479.972 395.778
threshold=0.64605578780174266 0.74113664031028759 0.55757284164428722 0.8240671455860139 0.69692483544349682 0.47766967117786413 0.60676470398902904 39.500000000000007 0.52206307649612438 0.66920122504234325 0.79225191473960888 0.58235433697700512 0.87313267588615429 0.63151890039443981 32.500000000000007 0.71616274118423473 0.76285651326179515 43.500000000000007 0.67610982060432445 0.49977821111679083 0.5372087061405183 89.500000000000014 23.500000000000004 53.500000000000007 67.500000000000014 0.68125599622726452 0.65577518939971935 65.500000000000014 0.66138610243797313 64.500000000000014
decision_type=2 2 2 2 2 2 2 2 2 2 2 2 2 2 2 2 2 2 2 2 2 2 2 2 2 2 2 2 2 2
left_child=2 4 5 10 9 7 11 14 19 26 16 -4 -5 -8 22 -6 -3 -9 -11 -7 -10 -14 -1 -22 -20 -26 29 -28 -29 -2
right_child=1 3 6 12 15 8 13 17 20 18 -12 -13 21 -15 -16 -17 -18 -19 24 -21 23 -23 -24 -25 25 -27 27 28 -30 -31
leaf_value=-0.13736300164841481 8.9996035433517405e-05 0.017683098603220704 -0.018082424544683357 0.037122460846204026 0.0096235958334060026 -0.034239909290280188 -0.0083157590045387295 -0.047779281147044751 -0.026148534512829381 0.0023417291396377019 0.028716445214943116 -0.013320121908360787 0.045568558189035858 -0.0043478368288328486 -0.058333610146991635 0.013039837067952496 0.021020941438331109 -0.039525589492783897 0.0077108823575030641 -0.029764074212180108 -0.017977456046563957 0.061169228873124842 -0.077575110293621879 -0.023463422316059079 -0.00028895732894628428 0.0048619176254563207 0.0026698182582000568 -0.0045039745059926046 9.1051195860737872e-05 -0.0035508929421600912
leaf_weight=347 124100 277917 450930 141603 992085 106135 636386 51044 157770 744525 115434 527056 67523 431612 31200 407682 693893 86239 105367 184266 41301 5389 9747 225247 54471 377544 142048 73467 250960 187285
leaf_count=347 124100 277917 450930 141603 992085 106135 636386 51044 157770 744525 115434 527056 67523 431612 31200 407682 693893 86239 105367 184266 41301 5389 9747 225247 54471 377544 142048 73467 250960 187285
internal_value=6.4413e-06 0.0105298 -0.0170402 0.0241817 0.00539283 -0.0310568 -0.0109204 -0.0474379 -0.0269639 0.00184154 0.0209848 -0.0155159 0.0403852 -0.0067122 -0.06354 0.0106186 0.0200664 -0.0425945 0.00341351 -0.0313999 -0.0239278 0.0467217 -0.0796318 -0.0226134 0.00489842 0.00421247 -0.000749057 0.000152632 -0.000949501 -0.00209985
internal_weight=7.70057e+06 4.76129e+06 2.93928e+06 1.30176e+06 3.45953e+06 893296 2.04598e+06 178577 714719 2.05977e+06 1.08724e+06 977986 214515 1.068e+06 41294 1.39977e+06 971810 137283 1.28191e+06 290401 424318 72912 10094 266548 537382 432015 777860 466475 324427 311385
internal_count=7700573 4761293 2939280 1301759 3459534 893296 2045984 178577 714719 2059767 1087244 977986 214515 1067998 41294 1399767 971810 137283 1281907 290401 424318 72912 10094 266548 537382 432015 777860 466475 324427 311385
is_linear=0
shrinkage=0.05


Tree=64
num_leaves=31
num_cat=0
split_feature=23 23 23 23 23 23 23 15 23 23 23 23 23 23 23 16 13 23 23 23 12 30 30 23 10 12 23 23 12 30
split_gain=498781 116307 95936.3 24343.5 23399.3 21393.7 13945.2 5047.04 4278 2797.39 2382.33 1692.85 1600.96 1598.12 1224.95 1112.36 948.171 736.309 691.524 563.501 649.845 522.569 488.109 470.491 438.417 424.373 441.601 399.606 449.949 392.004
threshold=0.64923548698425304 0.74113664031028759 0.56220871210098278 0.8240671455860139 0.47766967117786413 0.69692483544349682 0.60919544100761425 38.500000000000007 0.52708333730697643 0.78756210207939159 0.67272245883941661 0.58602210879325878 0.87313267588615429 0.63237956166267406 0.71903863549232494 31.500000000000004 43.020833333333336 0.76153963804245006 0.5066039264202119 0.67821946740150463 67.500000000000014 0.43584438833132982 0.45261964089942369 0.68125599622726452 89.500000000000014 71.500000000000014 0.72058704495430004 0.54603451490402233 54.500000000000007 0.44652553885537005
decision_type=2 2 2 2 2 2 2 2 2 2 2 2 2 2 2 2 2 2 2 2 2 2 2 2 2 2 2 2 2 2
left_child=2 5 4 9 7 10 11 15 18 17 22 -4 29 -8 -7 -1 -9 -3 -6 -12 -21 -11 -2 -22 -14 -16 -27 -10 -29 -5
right_child=1 3 6 12 8 14 13 16 27 21 19 -13 24 -15 25 -17 -18 -19 -20 20 23 -23 -24 -25 -26 26 -28 28 -30 -31
leaf_value=-0.079127668937956669 0.0011713309632476025 0.016642861100407715 -0.016328173422978303 0.037879614315943326 -0.031694103559046845 0.0092203402914169397 -0.0075990933821838752 -0.046059371713000619 -0.023414744300100779 0.030401535820879729 0.0025233843094092899 -0.01210760676281717 0.043290134018030904 -0.0038005878058928171 0.017640294075462547 -0.057336758358565658 -0.037655105675849281 0.019799152504777963 -0.02717875595207386 0.0094548311756978368 -0.001006406521838655 0.024119902520864215 -0.0012473183752946748 0.0046188218035796711 0.058110826879463812 0.0031440537381127419 0.01240913061975946 -0.016572596933956723 -0.021650466101951767 0.032617674932590109
leaf_weight=7363 419710 251603 451761 71277 156750 1041627 609971 54063 211530 53792 640623 501140 67523 507106 37536 28640 88511 695732 184736 64543 41231 86117 414714 377544 5389 13423 307181 57412 181699 70326
leaf_count=7363 419710 251603 451761 71277 156750 1041627 609971 54063 211530 53792 640623 501140 67523 507106 37536 28640 88511 695732 184736 64543 41231 86117 414714 377544 5389 13423 307181 57412 181699 70326
internal_value=6.11903e-06 0.0102854 -0.015747 0.0229727 -0.0287162 0.00536721 -0.00966511 -0.045066 -0.0250303 0.0199355 0.00199321 -0.0141085 0.0383659 -0.00587473 0.0100876 -0.0617934 -0.040842 0.0189609 -0.0292514 0.00349582 0.00478475 0.0265351 -3.0753e-05 0.00406498 0.0443856 0.0126102 0.0120212 -0.0218317 -0.0204312 0.0352663
internal_weight=7.70057e+06 4.65989e+06 3.04068e+06 1.30176e+06 970704 3.35813e+06 2.06998e+06 178577 792127 1.08724e+06 1.95836e+06 952901 214515 1.11708e+06 1.39977e+06 36003 142574 947335 341486 1.12394e+06 483318 139909 834424 418775 72912 358140 320604 450641 239111 141603
internal_count=7700573 4659891 3040682 1301759 970704 3358132 2069978 178577 792127 1087244 1958365 952901 214515 1117077 1399767 36003 142574 947335 341486 1123941 483318 139909 834424 418775 72912 358140 320604 450641 239111 141603
is_linear=0
shrinkage=0.05


Tree=65
num_leaves=31
num_cat=0
split_feature=23 23 23 15 23 23 23 15 23 10 23 23 23 23 23 10 23 23 23 23 12 30 30 23 12 23 10 12 23 10
split_gain=449881 105666 85309.9 21893.4 20671.8 19788.7 12724.3 4534.31 3577.61 2290.97 2137.45 1671.02 1576.75 1343.75 1247.72 1000.5 841.906 687.516 516.25 469.367 495.448 444.571 429.498 428.667 423.147 580.04 417.164 466.818 434.343 399.295
threshold=0.64847591519355785 0.74113664031028759 0.5607682764530183 81.500000000000014 0.47766967117786413 0.69498762488365184 0.60919544100761425 38.500000000000007 0.52470868825912487 78.500000000000014 0.6715412735939027 0.58847355842590343 0.87313267588615429 0.63237956166267406 0.71616274118423473 30.500000000000004 0.43139706552028662 0.76285651326179515 0.49977821111679083 0.67706304788589489 67.500000000000014 0.56729592288954722 0.51553460969920795 0.70634964108467113 58.500000000000007 0.59103864431381237 53.500000000000007 55.500000000000007 0.55912607908248912 89.500000000000014
decision_type=2 2 2 2 2 2 2 2 2 2 2 2 2 2 2 2 2 2 2 2 2 2 2 2 2 2 2 2 2 2
left_child=2 5 4 9 7 10 11 15 18 17 21 -4 22 -8 23 -1 -9 -3 -6 -12 -21 -2 -5 -7 -13 -26 -10 28 -28 -14
right_child=1 3 6 12 8 14 13 16 26 -11 19 24 29 -15 -16 -17 -18 -19 -20 20 -22 -23 -24 -25 25 -27 27 -29 -30 -31
leaf_value=-0.077708935147509373 0.00054328254041737499 0.015956901535950852 -0.015431513125784025 0.03512442461357547 -0.030869605240704281 0.0069846923791458048 -0.0072282742348841276 -0.044857154327691315 -0.023113078235802581 0.025415488030921696 0.0022821712995372656 -0.007240591084911107 0.041126691286704403 -0.0036901989372561395 0.01179041815082788 -0.05503510966550771 -0.036383404107236179 0.018907547957729615 -0.026590967278516384 0.007822050262348031 0.0035813803824779216 -0.0019964182521039295 0.02946527230417147 0.0091935452897995359 -0.018705448591825078 -0.011327764801219243 -0.019545311512757679 -0.024689234448527629 -0.0092989866112215668 0.05532458930367723
leaf_weight=5800 559202 277835 528884 97680 106046 314118 609347 41227 162598 118749 666297 56528 67191 479575 407820 30213 101452 682119 210364 84328 375894 249056 51057 730353 28743 364409 233223 43943 10823 5347
leaf_count=5800 559202 277835 528884 97680 106046 314118 609347 41227 162598 118749 666297 56528 67191 479575 407820 30213 101452 682119 210364 84328 375894 249056 51057 730353 28743 364409 233223 43943 10823 5347
internal_value=-5.32437e-06 0.00968481 -0.0150785 0.0218028 -0.027518 0.00503384 -0.00938852 -0.0428335 -0.0239499 0.018864 0.00172269 -0.0135263 0.0361294 -0.00567006 0.00944502 -0.058687 -0.0388319 0.0180536 -0.028025 0.00313039 0.00435841 -0.000239299 0.0331818 0.00852925 -0.0112856 -0.0118671 -0.0210883 -0.0199451 -0.0190909 0.0421733
internal_weight=7.70022e+06 4.68705e+06 3.01318e+06 1.29998e+06 945689 3.38707e+06 2.06749e+06 178692 766997 1.0787e+06 1.93478e+06 978564 221275 1.08892e+06 1.45229e+06 36013 142679 959954 316410 1.12652e+06 460222 808258 148737 1.04447e+06 449680 393152 450587 287989 244046 72538
internal_count=7700221 4687046 3013175 1299978 945689 3387068 2067486 178692 766997 1078703 1934777 978564 221275 1088922 1452291 36013 142679 959954 316410 1126519 460222 808258 148737 1044471 449680 393152 450587 287989 244046 72538
is_linear=0
shrinkage=0.05


Tree=66
num_leaves=31
num_cat=0
split_feature=23 23 23 23 23 16 23 23 15 10 23 23 23 23 23 15 16 30 23 23 20 19 23 19 20 23 20 30 20 17
split_gain=406140 102495 69479.8 22353 17060.9 16312.1 11708.2 3353.69 3070.85 2904.59 2508.99 2007.14 1470.32 1406.95 1262.28 743.73 733.287 654.841 524.995 516.446 497.26 479.518 432.478 443.901 419.052 395.774 380.461 355.799 355.796 354.947
threshold=0.64200851321220409 0.72947821021080028 0.55232957005500805 0.79565498232841503 0.68846952915191661 45.500000000000007 0.59950739145278942 0.51323893666267406 34.500000000000007 84.500000000000014 0.66530331969261181 0.75377202033996593 0.62118539214134227 0.57426106929779064 0.70396336913108837 88.500000000000014 41.500000000000007 0.49074908672118039 0.76543691754341137 0.49092386662960058 25.500000000000004 65.500000000000014 0.53233033418655407 50.500000000000007 66.500000000000014 0.65330976247787487 76.500000000000014 0.50115785300816829 55.500000000000007 68.274305555555557
decision_type=2 2 2 2 2 2 2 2 2 2 2 2 2 2 2 2 2 2 2 2 2 2 2 2 2 2 2 2 2 2
left_child=2 4 5 11 10 8 13 19 20 17 24 -3 -8 -4 27 -11 -10 -5 26 -7 -1 -12 23 -9 25 -2 -13 29 -24 -6
right_child=1 3 6 9 14 7 12 22 16 15 21 18 -14 -15 -16 -17 -18 -19 -20 -21 -22 -23 28 -25 -26 -27 -28 -29 -30 -31
leaf_value=-0.096678549526647742 -0.0024406613196405564 0.01327651399431494 -0.016734678359111365 0.029862056391209063 0.012720772665724529 -0.031583216228202267 -0.008666692319349429 -0.012643488392925015 -0.045986085358235285 0.034991361340361224 0.011347349395085353 0.01738329920612669 -0.0050020676648965291 -0.012712113328779473 0.0089869948999218904 0.043845027435877343 -0.037565475763471572 0.023235159728171903 0.020564231944799977 -0.027048087754057034 -0.061118412370185532 0.0021948639506121589 -0.020009945690690145 -0.02404554693398734 -0.011770407846745786 -0.00012643168263303735 0.0017821479391811675 0.0037031795042115098 -0.034549624445013145 0.0062296746964570797
leaf_weight=1045 356638 330496 369537 83742 23049 104685 504207 8974 41787 122033 14484 693916 598741 527927 1035164 29445 67822 67192 149079 156827 16661 1196814 236145 175071 9573 383306 3930 143535 4284 244112
leaf_count=1045 356638 330496 369537 83742 23049 104685 504207 8974 41787 122033 14484 693916 598741 527927 1035164 29445 67822 67192 149079 156827 16661 1196814 236145 175071 9573 383306 3930 143535 4284 244112
internal_value=-5.05828e-06 0.00870852 -0.0151377 0.0196956 0.00393584 -0.0274601 -0.0101279 -0.0244095 -0.0438969 0.031821 0.000897395 0.0165812 -0.00667733 -0.0143684 0.00805644 0.0367124 -0.0407758 0.0269119 0.0178708 -0.0288635 -0.0632177 0.0023043 -0.0216654 -0.0234896 -0.00137632 -0.00124184 0.0172954 0.00571098 -0.020269 0.00678969
internal_weight=7.70022e+06 4.88651e+06 2.81371e+06 1.47983e+06 3.40668e+06 813301 2.00041e+06 685986 127315 302412 1.96082e+06 1.17742e+06 1.10295e+06 897464 1.44586e+06 151478 109609 150934 846925 261512 17706 1.2113e+06 424474 184045 749517 739944 697846 410696 240429 267161
internal_count=7700221 4886508 2813713 1479833 3406675 813301 2000412 685986 127315 302412 1960815 1177421 1102948 897464 1445860 151478 109609 150934 846925 261512 17706 1211298 424474 184045 749517 739944 697846 410696 240429 267161
is_linear=0
shrinkage=0.05


Tree=67
num_leaves=31
num_cat=0
split_feature=23 23 23 23 23 10 23 23 23 23 10 23 23 23 23 30 15 23 23 21 15 10 30 17 23 20 20 20 30 20
split_gain=366641 98458 56575.6 20507.8 17248.3 13116.2 10240.3 2745.79 2629.9 2626.74 2366.26 2001.41 1632.08 1628.77 1040.7 642.879 629.75 547.241 538.448 495.057 461.132 441.506 424.723 391.176 508.026 349.388 333.607 317.168 304.537 296.097
threshold=0.63589897751808178 0.7281077802181245 0.54388400912284862 0.79565498232841503 0.68336468935012828 44.500000000000007 0.5958991050720216 0.66138610243797313 0.85320976376533519 0.51033937931060802 34.500000000000007 0.74683254957199108 0.70297411084175121 0.56844824552536022 0.61607232689857494 0.43833120951552501 88.500000000000014 0.48495049774646765 0.76543691754341137 -0.0030857324600219722 23.500000000000004 40.500000000000007 0.56453429149337797 56.322916666666671 0.57130533456802379 63.500000000000007 76.500000000000014 59.500000000000007 0.50115785300816829 61.500000000000007
decision_type=2 2 2 2 2 2 2 2 2 2 2 2 2 2 2 2 2 2 2 2 2 2 2 2 2 2 2 2 2 2
left_child=2 4 5 11 7 10 13 22 15 17 20 -3 28 -4 29 -5 -10 -7 26 -12 -1 -21 -2 -15 -25 -16 -13 -26 -6 -8
right_child=1 3 6 8 12 9 14 -9 16 -11 19 18 -14 23 25 -17 -18 -19 -20 21 -22 -23 -24 24 27 -27 -28 -29 -30 -31
leaf_value=-0.11469124806803824 -0.0011349589709539326 0.011950786577513937 -0.017060055973438772 0.029162800897250804 0.005915805199451468 -0.031108873692626268 -0.0087432886890324614 0.0017800485859611294 0.033451390662720619 -0.021503435344324424 -0.020894647323890653 0.016329047771411094 0.0084268402991076134 -0.0066943801602103118 -0.0055250871763037673 0.022789654619078285 0.041652784295103731 -0.026359980002983466 0.019536021165860552 -0.045609642582925242 -0.059000157844651284 -0.038139807924698628 -0.0035374437515616054 -0.018947829103957464 -0.012441506329951309 -0.013203651344883631 0.001846421211799958 -0.019932834345506273 0.0033868720559048272 -0.016006655047325739
leaf_weight=380 513671 278882 369317 74897 319514 98796 435048 1209387 114172 343923 3240 769389 1042782 25226 536737 83898 29445 157200 149079 30752 17064 55472 286600 34349 482980 15235 3997 14555 189735 14499
leaf_count=380 513671 278882 369317 74897 319514 98796 435048 1209387 114172 343923 3240 769389 1042782 25226 536737 83898 29445 157200 149079 30752 17064 55472 286600 34349 482980 15235 3997 14555 189735 14499
internal_value=-4.8055e-06 0.00786387 -0.0151326 0.018592 0.0033344 -0.0272331 -0.0106963 0.000276634 0.03023 -0.0243579 -0.0433678 0.0156625 0.00729376 -0.0144851 -0.00719159 0.0257956 0.0351329 -0.0281927 0.0167846 -0.040083 -0.060214 -0.040804 -0.00199536 -0.0127782 -0.0130667 -0.00573703 0.0162542 -0.0126607 0.00497358 -0.00897755
internal_weight=7.70022e+06 5.06545e+06 2.63477e+06 1.50376e+06 3.56169e+06 706827 1.92795e+06 2.00966e+06 302412 599919 106908 1.20135e+06 1.55203e+06 926427 1.00152e+06 158795 143617 255996 922465 89464 17444 86224 800271 557110 531884 551972 773386 497535 509249 449547
internal_count=7700221 5065448 2634773 1503759 3561689 706827 1927946 2009658 302412 599919 106908 1201347 1552031 926427 1001519 158795 143617 255996 922465 89464 17444 86224 800271 557110 531884 551972 773386 497535 509249 449547
is_linear=0
shrinkage=0.05


Tree=68
num_leaves=31
num_cat=0
split_feature=16 10 10 10 10 13 13 10 10 13 10 13 10 10 13 10 16 10 12 10 10 13 12 13 21 12 21 14 12 12
split_gain=329526 76950.4 64161.9 16447.6 15038.2 13649.8 9905.54 3021.14 2962.22 1683.68 1354.08 1327.93 1275.83 1180.36 928.199 659.712 591.779 533.544 473.821 435.066 423.755 413.435 372.915 361.763 342.679 337.925 321.012 370.271 299.526 296.134
threshold=64.500000000000014 73.500000000000014 55.500000000000007 81.500000000000014 46.500000000000007 68.979166666666671 60.979166666666679 51.500000000000007 36.500000000000007 77.020833333333357 58.500000000000007 70.020833333333357 66.500000000000014 86.500000000000014 62.020833333333336 42.500000000000007 29.500000000000004 75.500000000000014 60.500000000000007 53.500000000000007 71.500000000000014 49.020833333333336 53.500000000000007 89.020833333333357 -0.0035084784030914302 55.500000000000007 0.0021731853485107426 0.20412414523745956 75.500000000000014 62.500000000000007
decision_type=2 2 2 2 2 2 2 2 2 2 2 2 2 2 2 2 2 2 2 2 2 2 2 2 2 2 2 2 2 2
left_child=2 5 4 9 8 12 10 21 16 17 -4 -7 -2 26 -8 -10 -1 -3 -12 22 -13 -6 -9 -15 -11 -21 -5 -28 -19 -16
right_child=1 3 6 13 7 11 14 19 15 24 18 20 -14 23 29 -17 -18 28 -20 25 -22 -23 -24 -25 -26 -27 27 -29 -30 -31
leaf_value=-0.071009227355269169 -0.00032781535822374734 0.013226924365397711 -0.013130978050675283 0.028823522980570816 -0.02698559663806447 0.0057490770607822855 -0.0062616411311421693 -0.019397483401203369 -0.039476974306575575 0.031983356398484576 -0.0088964245555591421 0.0081031011198167014 0.0024131457935642514 0.034795873536025125 4.4623510692905719e-05 -0.032046849656956249 -0.050138756127181883 0.022649606629853072 -0.014116774860842621 -0.016481263013181629 0.010292265110090563 -0.023224886749739292 -0.025926799914300792 0.047531954599856749 0.02035642854884619 -0.021802609447800186 0.023433033465189171 -0.0043796722126824006 0.015807703176387692 -0.003706744520882608
leaf_weight=4008 704846 237998 570946 130879 129525 546926 499266 182637 48274 6613 400877 688742 1067576 76620 58296 78396 22288 16381 48753 239694 325539 167728 24844 6014 152081 34077 7815 1413 682026 539143
leaf_count=4008 704846 237998 570946 130879 129525 546926 499266 182637 48274 6613 400877 688742 1067576 76620 58296 78396 22288 16381 48753 239694 325539 167728 24844 6014 152081 34077 7815 1413 682026 539143
internal_value=-4.56543e-06 0.00836936 -0.0127806 0.0185978 -0.0237165 0.0043259 -0.00796955 -0.0209004 -0.0380488 0.0160786 -0.0115148 0.00773491 0.00132314 0.0309833 -0.00467043 -0.0348785 -0.0533201 0.0152715 -0.00946247 -0.0184524 0.00880573 -0.0248636 -0.0201793 0.0357228 0.020841 -0.0171436 0.028188 0.0191743 0.0159682 -0.0033407
internal_weight=7.70022e+06 4.65147e+06 3.04875e+06 1.31784e+06 931471 3.33363e+06 2.11728e+06 778505 152966 1.0951e+06 1.02058e+06 1.56121e+06 1.77242e+06 222741 1.0967e+06 126670 26296 936405 449630 481252 1.01428e+06 297253 207481 82634 158694 273771 140107 9228 698407 597439
internal_count=7700221 4651469 3048752 1317840 931471 3333629 2117281 778505 152966 1095099 1020576 1561207 1772422 222741 1096705 126670 26296 936405 449630 481252 1014281 297253 207481 82634 158694 273771 140107 9228 698407 597439
is_linear=0
shrinkage=0.05


Tree=69
num_leaves=31
num_cat=0
split_feature=23 23 23 23 23 23 23 23 10 23 23 23 23 23 23 23 12 23 30 10 10 23 12 23 12 12 23 23 17 19
split_gain=299021 74005.1 52539.6 16011 12833.2 12010.2 9142.5 2422.76 2311.45 2006.52 1917.11 1147.86 1117.02 989.159 862.6 665.297 631.939 698.951 479.701 474.1 468.335 408.401 381.322 371.486 351.773 350.005 577.68 354.675 345.152 343.254
threshold=0.643567055463791 0.73279127478599559 0.55232957005500805 0.8240671455860139 0.69302847981452953 0.46038834750652319 0.60077652335166942 0.51323893666267406 35.500000000000007 0.76543691754341137 0.66659739613533031 0.57723164558410656 0.62308496236801159 0.87313267588615429 0.74683254957199108 0.71178066730499279 59.500000000000007 0.59829127788543712 0.43584438833132982 42.500000000000007 28.500000000000004 0.67513644695281994 66.500000000000014 0.49092386662960058 67.500000000000014 61.500000000000007 0.61808258295059215 0.61382699012756359 65.996527777777786 50.500000000000007
decision_type=2 2 2 2 2 2 2 2 2 2 2 2 2 2 2 2 2 2 2 2 2 2 2 2 2 2 2 2 2 2
left_child=2 4 5 9 10 8 11 23 20 14 -2 -4 25 -5 -3 -6 17 -13 -11 -10 -1 24 -23 -7 28 26 -8 -27 -12 -9
right_child=1 3 6 13 15 7 12 29 19 18 21 16 -14 -15 -16 -17 -18 -19 -20 -21 -22 22 -24 -25 -26 27 -28 -29 -30 -31
leaf_value=-0.07267989265837109 -0.00095410088831765862 0.011004724420570738 -0.014133363520569439 0.027318805118486496 0.0059270588374764829 -0.027061960090250067 -0.0072301273830204255 -0.0090765492229090781 -0.037920866185950849 0.021714368229962571 0.012311005185930325 -0.010464636531963056 -0.0040338178265791093 0.034503802103372665 0.014670654320614332 0.0081803938740671652 -0.01554710556068214 -0.0021118765790123458 0.017152375056650914 -0.031276621513269952 -0.049785395005135485 0.012249960352501961 0.0031879495293827224 -0.023196043250146809 -0.0092752541061973618 -0.021378847154107341 -0.0015482271116029963 -0.0090306687028489287 0.0015600713818090326 -0.018809524854301839
leaf_weight=2530 751841 202478 425358 141056 536940 102934 368613 9261 52931 97976 7535 416693 597299 72538 773386 840077 57193 26647 139921 54496 19109 11919 445766 156827 7422 6170 50913 101118 808061 415213
leaf_count=2530 751841 202478 425358 141056 536940 102934 368613 9261 52931 97976 7535 416693 597299 72538 773386 840077 57193 26647 139921 54496 19109 11919 445766 156827 7422 6170 50913 101118 808061 415213
internal_value=-4.33714e-06 0.00757653 -0.0128105 0.0171353 0.00357493 -0.0235636 -0.00854445 -0.0209247 -0.0375535 0.0149138 0.00105007 -0.0122236 -0.00551405 0.0297589 0.01391 0.00730175 -0.0106007 -0.00996259 0.0190312 -0.0345504 -0.0524625 0.00222662 0.00342394 -0.024728 0.00156079 -0.00719233 -0.00654058 -0.00974082 0.0016594 -0.0185972
internal_weight=7.70022e+06 4.83692e+06 2.8633e+06 1.42736e+06 3.40956e+06 813301 2.05e+06 684235 129066 1.21376e+06 2.03254e+06 925891 1.12411e+06 213594 975864 1.37702e+06 500533 443340 237897 107427 21639 1.2807e+06 457685 259761 823018 526814 419526 107288 815596 424474
internal_count=7700221 4836916 2863305 1427355 3409561 813301 2050004 684235 129066 1213761 2032544 925891 1124113 213594 975864 1377017 500533 443340 237897 107427 21639 1280703 457685 259761 823018 526814 419526 107288 815596 424474
is_linear=0
shrinkage=0.05


Tree=70
num_leaves=31
num_cat=0
split_feature=23 23 23 23 23 23 23 23 16 23 23 23 23 23 23 10 12 23 12 23 30 23 20 15 12 23 23 12 12 19
split_gain=270526 62726.9 52317.7 13056.4 11953.4 11603.1 9036.38 2576.18 2110.48 1478.86 1381.08 1136.96 1031.94 911.149 752.875 541.832 506.893 746.701 434.395 569.393 405.403 401.668 396.71 393.304 377.069 659.649 369.51 383.168 354.563 351.137
threshold=0.64923548698425304 0.74288836121559154 0.555951088666916 0.8240671455860139 0.697888344526291 0.46038834750652319 0.60441744327545177 0.51634138822555553 34.500000000000007 0.79225191473960888 0.67353153228759777 0.62692841887474071 0.58117648959159862 0.88134998083114635 0.72499999403953563 40.500000000000007 69.500000000000014 0.70091050863266002 57.500000000000007 0.57847285270690929 0.45557139690883769 0.49589791893959051 60.500000000000007 23.500000000000004 62.500000000000007 0.63151890039443981 0.76399549841880809 75.500000000000014 71.500000000000014 50.500000000000007
decision_type=2 2 2 2 2 2 2 2 2 2 2 2 2 2 2 2 2 2 2 2 2 2 2 2 2 2 2 2 2 2
left_child=2 4 5 9 10 8 12 21 23 26 20 -8 18 -5 16 -10 -6 -18 19 -4 -2 -7 -14 -1 -13 -26 -3 -28 -16 -9
right_child=1 3 6 13 14 7 11 29 15 -11 -12 24 22 -15 28 -17 17 -19 -20 -21 -22 -23 -24 -25 25 -27 27 -29 -30 -31
leaf_value=-0.10236124350772893 0.0010716387906502475 0.012563267729646136 -0.012729793017345637 0.026518507019152107 0.011115373240943902 -0.025288187018470035 -0.0062747535922111925 -0.0048391550169124293 -0.038743772934835309 0.020103166930243416 0.0026972799119229507 -0.00051372980223318178 -0.0093493027845374804 0.034298700640445469 0.021158936910029121 -0.031082174679675906 -0.00028741987925919201 0.0069464103342509274 -0.016906672777384824 -0.0046622491641777212 -0.0010676651053358741 -0.021540770614994407 -0.019525139108492042 -0.051046551237736895 -0.0085870183749975695 -0.0031246762392230145 0.026201185647067061 0.014609644178442245 0.0095829971944232581 -0.017352046252902147
leaf_weight=382 460800 277125 368296 165098 69019 130951 554829 5678 32463 115006 1095920 108547 492299 48743 6779 79829 36974 1014501 57447 23252 426350 157539 9768 16620 62225 494543 7207 661804 273171 446624
leaf_count=382 460800 277125 368296 165098 69019 130951 554829 5678 32463 115006 1095920 108547 492299 48743 6779 79829 36974 1014501 57447 23252 426350 157539 9768 16620 62225 494543 7207 661804 273171 446624
internal_value=-3.42303e-06 0.00756911 -0.0116026 0.0170207 0.00400753 -0.021962 -0.00745123 -0.0195498 -0.0357829 0.0147493 0.00151009 -0.00460339 -0.0111048 0.0282919 0.00754398 -0.0332971 0.00696451 0.00669204 -0.0128464 -0.0122507 4.35238e-05 -0.0232418 -0.00954728 -0.0522001 -0.00320958 -0.00373515 0.0140986 0.0147345 0.00986332 -0.017195
internal_weight=7.69979e+06 4.6585e+06 3.04129e+06 1.27498e+06 3.38351e+06 870086 2.17121e+06 740792 129294 1.06114e+06 1.98307e+06 1.22014e+06 951062 213841 1.40044e+06 112292 1.12049e+06 1.05148e+06 448995 391548 887150 288490 502067 17002 665315 556768 946136 669011 279950 452302
internal_count=7699789 4658497 3041292 1274983 3383514 870086 2171206 740792 129294 1061142 1983070 1220144 951062 213841 1400444 112292 1120494 1051475 448995 391548 887150 288490 502067 17002 665315 556768 946136 669011 279950 452302
is_linear=0
shrinkage=0.05


Tree=71
num_leaves=31
num_cat=0
split_feature=23 23 23 23 23 10 23 10 23 16 23 23 23 23 23 23 21 30 17 17 23 10 30 17 23 20 16 20 19 23
split_gain=244285 65411.3 38114 13731.5 11497 7924.65 7906.65 1811.63 1787.46 1644.08 1320.41 1302.2 1276.15 1133.03 833.262 568.105 506.363 406.807 403.238 402.673 536.611 396.27 394.765 375.759 540.07 340.102 320.86 306.561 305.411 300.826
threshold=0.63589897751808178 0.7281077802181245 0.5372087061405183 0.79565498232841503 0.68226605653762828 44.500000000000007 0.59331706166267406 83.500000000000014 0.65816503763198864 33.500000000000007 0.75615385174751293 0.49589791893959051 0.56530731916427623 0.69888237118721019 0.61154127120971691 0.88134998083114635 -0.0050742030143737784 0.50674164078898409 65.211805555555557 69.288194444444471 0.70091050863266002 39.500000000000007 0.47241142842277789 60.378472222222229 0.60792675614357006 59.500000000000007 23.500000000000004 63.500000000000007 55.500000000000007 0.76543691754341137
decision_type=2 2 2 2 2 2 2 2 2 2 2 2 2 2 2 2 2 2 2 2 2 2 2 2 2 2 2 2 2 2
left_child=2 4 5 10 8 9 12 22 -2 26 -3 -7 -4 -6 23 -9 -11 18 -10 -15 -21 -18 -5 24 -8 28 -1 -16 -14 -12
right_child=1 3 6 7 13 11 14 15 17 16 29 -13 25 19 27 -17 21 -19 -20 20 -22 -23 -24 -25 -26 -27 -28 -29 -30 -31
leaf_value=-0.099602508599731715 -0.0018505113721814588 0.010325464279066561 -0.014449745974648549 0.02285359542929663 0.0037281970311800715 -0.02442491969957699 -0.0078147363156786092 0.026223949860921345 0.0076947682965690274 -0.009064838573321533 0.013442031158738058 -0.018937146531055018 -0.0023378292617344089 0.012916941515033165 -0.0047439131920516148 0.032583768881763411 -0.038737022741808971 -0.00022595835632732751 0.0016369852827583466 0.0001490358015087984 0.0067761755829739718 -0.031593164974747033 0.017303607507981902 -0.01146642669005671 -0.0010451232036895841 -0.02121669650374922 -0.050927464808911749 -0.011902600929847594 -0.010760440694471783 0.015923086521027415
leaf_weight=348 695425 379042 397928 66370 432039 153061 306609 125605 28307 2126 672792 368025 10984 25729 641566 48743 27792 327222 930059 31426 1090215 64401 61948 59685 32594 7636 12517 15312 534994 149289
leaf_count=348 695425 379042 397928 66370 432039 153061 306609 125605 28307 2126 672792 368025 10984 25729 641566 48743 27792 327222 930059 31426 1090215 64401 61948 59685 32594 7636 12517 15312 534994 149289
internal_value=-3.25198e-06 0.00642156 -0.0123484 0.0151653 0.00272853 -0.0230959 -0.00898453 0.0246834 0.000191558 -0.0354775 0.0127669 -0.0205491 -0.01229 0.00591059 -0.0060054 0.028002 -0.0331904 0.00129619 0.00181591 0.00673236 0.0065905 -0.0337468 0.0201742 -0.00780798 -0.00716425 -0.0107376 -0.0522449 -0.00491079 -0.010591 0.0138926
internal_weight=7.69979e+06 5.06421e+06 2.63558e+06 1.50379e+06 3.56042e+06 628270 2.00731e+06 302666 1.98101e+06 107184 1.20112e+06 521086 951542 1.57941e+06 1.05577e+06 174348 94319 1.28559e+06 958366 1.14737e+06 1.12164e+06 92193 128318 398888 339203 553614 12865 656878 545978 822081
internal_count=7699789 5064211 2635578 1503789 3560422 628270 2007308 302666 1981013 107184 1201123 521086 951542 1579409 1055766 174348 94319 1285588 958366 1147370 1121641 92193 128318 398888 339203 553614 12865 656878 545978 822081
is_linear=0
shrinkage=0.05


Tree=72
num_leaves=31
num_cat=0
split_feature=23 23 23 23 15 23 23 10 23 23 23 23 23 15 23 23 12 23 12 23 15 30 23 12 23 12 23 23 20 30
split_gain=220502 51143.6 42698.5 10648.5 10526 9709.51 6117.1 2406.03 1888.16 1201.51 1100.69 889.803 753.879 673.498 657.361 595.473 479.323 657.002 426.416 483.527 392.094 362.019 361.896 361.132 488.614 359.039 427.886 354.938 352.734 351.214
threshold=0.64923548698425304 0.74288836121559154 0.56220871210098278 0.8240671455860139 47.500000000000007 0.69692483544349682 0.61154127120971691 39.500000000000007 0.52708333730697643 0.79225191473960888 0.67353153228759777 0.58602210879325878 0.87313267588615429 32.500000000000007 0.71616274118423473 0.63237956166267406 60.500000000000007 0.60792675614357006 62.500000000000007 0.62871307134628307 43.500000000000007 0.5588483455615233 0.76543691754341137 64.500000000000014 0.65078735351562511 63.500000000000007 0.63859808444976818 0.64112070202827465 67.500000000000014 0.67152717688412322
decision_type=2 2 2 2 2 2 2 2 2 2 2 2 2 2 2 2 2 2 2 2 2 2 2 2 2 2 2 2 2 2
left_child=2 5 4 9 7 10 11 13 -6 21 23 -4 -5 -1 -7 18 17 -13 19 -8 -9 22 -3 -2 -25 26 -17 -27 -26 -16
right_child=1 3 6 12 8 14 15 20 -10 -11 -12 16 -14 -15 29 25 -18 -19 -20 -21 -22 -23 -24 24 28 27 -28 -29 -30 -31
leaf_value=-0.051305615691190735 0.0035768329884062521 0.012750967047655755 -0.010853942801776314 0.023415293370448925 -0.01941979838800582 0.0060479438711894748 -0.004784753642966124 -0.030252518370286963 -0.014452723154393186 0.018142457173111588 0.0024114369808952373 -0.0078220267511412405 0.029681685344215 -0.036648315073580608 0.008955423421953124 -0.0025096914745852722 -0.011722140454359386 -0.00074324786862293264 -0.0078702621422150013 0.00072752416536902848 -0.024847226003164202 0.010066109790039104 0.016297471707872237 -0.0064984476518040639 7.2739218425890503e-05 -0.0067145542891913438 0.0022430297181144985 -0.0026706354404659629 -0.012266203228708311 0.0048419893086178549
leaf_weight=10527 66401 754239 452121 141098 332625 992079 412626 51490 450403 115006 1071237 448835 72743 30685 372763 149125 70341 35361 99185 44028 96312 112380 79517 30201 784713 72494 69394 215740 5835 60285
leaf_count=10527 66401 754239 452121 141098 332625 992079 412626 51490 450403 115006 1071237 448835 72743 30685 372763 149125 70341 35361 99185 44028 96312 112380 79517 30201 784713 72494 69394 215740 5835 60285
internal_value=-3.08953e-06 0.00683355 -0.0104751 0.015368 -0.019119 0.00361759 -0.00641457 -0.0297092 -0.0165627 0.0133167 0.00133271 -0.00920762 0.025547 -0.0403924 0.00675743 -0.00376855 -0.00786535 -0.00730506 -0.00489871 -0.00425329 -0.0267303 0.0127301 0.0130892 3.0153e-05 -0.000256784 -0.00252891 -0.00100039 -0.00368773 -1.83355e-05 0.00838279
internal_weight=7.69979e+06 4.6585e+06 3.04129e+06 1.27498e+06 972042 3.38351e+06 2.06925e+06 189014 783028 1.06114e+06 1.95839e+06 1.00666e+06 213841 41212 1.42513e+06 1.06259e+06 554537 484196 555839 456654 147802 946136 833756 887150 820749 506753 218519 288234 790548 433048
internal_count=7699789 4658497 3041292 1274983 972042 3383514 2069250 189014 783028 1061142 1958387 1006658 213841 41212 1425127 1062592 554537 484196 555839 456654 147802 946136 833756 887150 820749 506753 218519 288234 790548 433048
is_linear=0
shrinkage=0.05


Tree=73
num_leaves=31
num_cat=0
split_feature=23 23 23 23 23 23 15 10 23 15 23 23 23 23 23 12 12 23 30 20 23 19 30 15 12 23 10 12 15 22
split_gain=199006 53343.1 31123.9 11381.7 9173.36 6459.31 6456.54 1517.1 1472.36 1364.63 1194.45 1077.73 966.847 875.892 743.509 617.37 559.003 698.254 523.758 450.57 426.335 425.897 381.168 373.991 337.721 478.007 332.856 329.783 342.584 318.356
threshold=0.63589897751808178 0.72654128074646007 0.5372087061405183 0.79565498232841503 0.68226605653762828 0.59220868349075328 44.500000000000007 85.500000000000014 0.65816503763198864 33.500000000000007 0.76153963804245006 0.50297555327415477 0.56844824552536022 0.70557337999343883 0.61382699012756359 56.500000000000007 65.500000000000014 0.66138610243797313 0.43584438833132982 61.500000000000007 0.57130533456802379 69.500000000000014 0.33022737984194706 89.500000000000014 58.500000000000007 0.58847355842590343 40.500000000000007 53.500000000000007 53.500000000000007 0.0039066065986786214
decision_type=2 2 2 2 2 2 2 2 2 2 2 2 2 2 2 2 2 2 2 2 2 2 2 2 2 2 2 2 2 2
left_child=2 4 6 10 8 12 9 18 -2 -1 22 -8 27 -6 19 -14 -10 -18 -5 -7 -17 -15 29 -9 25 -22 -11 -4 -29 -3
right_child=1 3 5 7 13 14 11 23 16 26 -12 -13 15 21 -16 20 17 -19 -20 -21 24 -23 -24 -25 -26 -27 -28 28 -30 -31
leaf_value=-0.046875567850277973 -0.0016889200123334361 0.010476896655889894 -0.008614036126068975 0.022250465455582694 0.0038387905667178063 -0.0067753524309193992 -0.021403967240427493 0.026032415215711358 0.0050734429549877825 -0.033636766722038379 0.012707109622729957 -0.0167323691358113 -0.004398536962596537 0.0170030255631607 -0.0043214126861128542 -0.015950705375206837 -0.0045630052617890715 0.0011555311133854341 0.016855101156542648 -0.019641296599443869 -0.0097175913789384945 0.0061572811463293095 0.0082382529477677269 0.040336993016699074 -0.012808672945407351 -0.0032269745432924666 -0.027533539565474642 -0.020396047870113895 -0.012974919060981003 0.017292730509800406
leaf_weight=13440 695425 197703 41951 84339 619535 468875 201693 117178 85488 36025 745989 318289 50912 9141 606190 30201 55993 1144107 96394 6905 288299 924895 264511 4755 74915 31462 58823 16195 391403 18758
leaf_count=13440 695425 197703 41951 84339 619535 468875 201693 117178 85488 36025 745989 318289 50912 9141 606190 30201 55993 1144107 96394 6905 288299 924895 264511 4755 74915 31462 58823 16195 391403 18758
internal_value=-2.93509e-06 0.00579597 -0.0111454 0.0135966 0.00242017 -0.00810561 -0.0208575 0.0222805 0.000164439 -0.0319646 0.0114545 -0.0185444 -0.0111726 0.00529653 -0.00548261 -0.00960159 0.00116699 0.000888721 0.0193729 -0.00696208 -0.0102251 0.00626343 0.00951158 0.0265903 -0.00978692 -0.00907897 -0.0298517 -0.0128353 -0.0132698 0.0110675
internal_weight=7.69979e+06 5.06421e+06 2.63558e+06 1.52963e+06 3.53458e+06 2.00731e+06 628270 302666 1.98101e+06 108288 1.22696e+06 519982 925338 1.55357e+06 1.08197e+06 475789 1.28559e+06 1.2001e+06 180733 475780 424877 934036 480972 121933 394676 319761 94848 449549 407598 216461
internal_count=7699789 5064211 2635578 1529627 3534584 2007308 628270 302666 1981013 108288 1226961 519982 925338 1553571 1081970 475789 1285588 1200100 180733 475780 424877 934036 480972 121933 394676 319761 94848 449549 407598 216461
is_linear=0
shrinkage=0.05


Tree=74
num_leaves=31
num_cat=0
split_feature=23 23 23 23 23 15 23 23 23 23 23 23 23 23 23 12 23 12 23 20 23 16 12 3 12 23 12 12 20 30
split_gain=179728 41728.4 34882.5 8725.04 7908.09 7769.11 5994.7 1678.44 1453.68 987.01 951.375 826.754 640.473 633.04 503.431 466.315 565.198 418.477 483.12 410.088 386.821 383.217 371.004 343.55 333.04 430.385 324.309 323.033 320.481 319.462
threshold=0.64923548698425304 0.74288836121559154 0.555951088666916 0.8240671455860139 0.697888344526291 46.500000000000007 0.60309749841690075 0.36539216339588171 0.5190885365009309 0.77471512556076061 0.6738228201866151 0.62409275770187389 0.58117648959159862 0.88134998083114635 0.71616274118423473 69.500000000000014 0.70091050863266002 57.500000000000007 0.57847285270690929 60.500000000000007 0.43139706552028662 27.500000000000004 66.500000000000014 9.5000000000000018 64.500000000000014 0.65078735351562511 62.500000000000007 70.500000000000014 67.500000000000014 0.5588483455615233
decision_type=2 2 2 2 2 2 2 2 2 2 2 2 2 2 2 2 2 2 2 2 2 2 2 2 2 2 2 2 2 2
left_child=2 4 5 9 10 7 12 21 -7 29 24 26 17 -5 15 -6 -17 18 -4 -14 -9 -1 -12 -11 -2 -26 -8 -16 -27 -3
right_child=1 3 6 13 14 8 11 20 -10 23 22 -13 19 -15 27 16 -18 -19 -20 -21 -22 -23 -24 -25 25 28 -28 -29 -30 -31
leaf_value=-0.063791861889306439 0.0034497464191449688 0.011625659031619006 -0.010330310732240035 0.021614097580171892 0.0094874229120396978 -0.018458639451618589 -0.0052136309561425578 -0.029107423062582117 -0.013863887348543351 0.018436537961603588 0.0097362003570526778 -0.0027524795462051982 -0.0076594633329070032 0.028099111415684521 0.018377883840423742 -0.00084940648670250537 0.0054636726243874646 -0.014458863504356923 -0.0028990519434383723 -0.019803906489490493 -0.023576738253639273 -0.03852188115476303 0.0021240001373159369 0.013850084045273449 -0.00608908062274698 7.8314421713193686e-05 -0.015178336498784887 0.0073855890989187132 -0.011185355199752443 0.0083973608519766138
leaf_weight=1608 66401 787051 368296 165098 68372 288565 491957 53491 426670 59617 16252 746950 467945 48743 6790 36974 862050 57447 23252 7056 77317 22435 1059501 129574 30201 804350 8303 426258 6365 84900
leaf_count=1608 66401 787051 368296 165098 68372 288565 491957 53491 426670 59617 16252 746950 467945 48743 6790 36974 862050 57447 23252 7056 77317 22435 1059501 129574 30201 804350 8303 426258 6365 84900
internal_value=-2.78841e-06 0.00616948 -0.00945716 0.0138784 0.00326458 -0.0179161 -0.00606735 -0.0280702 -0.0157177 0.0120216 0.00123323 -0.00380599 -0.00911972 0.0230923 0.00614104 0.00550677 0.00520404 -0.0104737 -0.00988901 -0.00783987 -0.0258384 -0.0402122 0.002239 0.0152954 4.07425e-05 -0.000228442 -0.00537902 0.00755795 -1.01191e-05 0.0113113
internal_weight=7.69979e+06 4.6585e+06 3.04129e+06 1.27498e+06 3.38351e+06 870086 2.17121e+06 154851 715235 1.06114e+06 1.98307e+06 1.24721e+06 923996 213841 1.40044e+06 967396 899024 448995 391548 475001 130808 24043 1.07575e+06 189191 907317 840916 500260 433048 810715 871951
internal_count=7699789 4658497 3041292 1274983 3383514 870086 2171206 154851 715235 1061142 1983070 1247210 923996 213841 1400444 967396 899024 448995 391548 475001 130808 24043 1075753 189191 907317 840916 500260 433048 810715 871951
is_linear=0
shrinkage=0.05


Tree=75
num_leaves=31
num_cat=0
split_feature=23 23 23 23 23 15 23 10 23 23 16 23 23 23 23 23 12 23 12 21 12 12 12 23 30 21 12 12 35 12
split_gain=162251 43205.9 25692.7 9193.62 7552.28 6220.28 4249.76 1405.73 1149.68 1134.24 1120.11 774.193 742.522 621.154 507.247 456.407 477.774 549.017 437.882 436.331 425.856 419.898 398.65 441.837 375.835 362.062 348.329 341.114 332.323 325.756
threshold=0.63676577806472789 0.7281077802181245 0.54824754595756542 0.81285843253135692 0.68226605653762828 44.500000000000007 0.59703248739242565 50.500000000000007 0.65978154540061962 0.76285651326179515 33.500000000000007 0.86670097708702099 0.70634964108467113 0.57426106929779064 0.79225191473960888 0.62001636624336254 59.500000000000007 0.60077652335166942 54.500000000000007 -0.0042029619216918937 61.500000000000007 65.500000000000014 63.500000000000007 0.64112070202827465 0.33022737984194706 0.0046232342720031747 61.500000000000007 56.500000000000007 19.500000000000004 69.500000000000014
decision_type=2 2 2 2 2 2 2 2 2 2 2 2 2 2 2 2 2 2 2 2 2 2 2 2 2 2 2 2 2 2
left_child=2 4 5 9 8 10 13 -7 22 24 -1 -5 -6 18 -11 16 -8 -18 -4 -12 -19 -10 -2 -24 -3 -21 -17 -15 -13 -14
right_child=1 3 6 11 12 7 15 -9 21 14 19 28 29 27 -16 26 17 20 -20 25 -22 -23 23 -25 -26 -27 -28 -29 -30 -31
leaf_value=-0.042663788833780567 0.0013828460816231207 0.010268947946573261 -0.005716439875197721 0.019054349386334768 0.0035189697729299213 -0.018836403254746253 -0.0020284040779033805 -0.0140730655254813 0.0052994757205876639 0.01138642605820879 -0.0063686092334930763 0.023332296690979939 0.016363809808677288 -0.00044616003841299135 0.015374162900586068 0.00054874267766687722 -0.012066339801573976 -0.0051335606115007204 -0.011283201857773185 -0.027073037952130504 -0.0099554650200756184 0.00089956469701929205 -0.0060194887608043569 -0.0014675457408588064 0.0074685287361995478 -0.048414862826144836 -0.0039636652686086725 -0.0083682224996115152 0.030563192284670939 0.0056429528990317177
leaf_weight=12944 108443 222729 38914 144124 644486 252021 77681 401884 56841 693738 2499 74696 7140 14000 90104 47528 37508 359504 383141 90448 52473 1177955 58997 553031 259285 2032 426970 461999 20185 927777
leaf_count=12944 108443 222729 38914 144124 644486 252021 77681 401884 56841 693738 2499 74696 7140 14000 90104 47528 37508 359504 383141 90448 52473 1177955 58997 553031 259285 2032 426970 461999 20185 927777
internal_value=-2.64426e-07 0.00527397 -0.00998683 0.0123693 0.00225319 -0.0177444 -0.00687588 -0.0159089 0.000175988 0.0106712 -0.0288654 0.0213633 0.00482471 -0.00937345 0.0118448 -0.00463665 -0.00564923 -0.00627499 -0.0107699 -0.0269849 -0.00574772 0.0011021 -0.00141126 -0.00190634 0.00876255 -0.027542 -0.00351168 -0.00813522 0.0248706 0.00572483
internal_weight=7.70108e+06 5.03953e+06 2.66155e+06 1.50486e+06 3.53467e+06 761828 1.89972e+06 653905 1.95527e+06 1.26586e+06 107923 239005 1.5794e+06 898054 783842 1.00166e+06 527166 449485 422055 94979 411977 1.2348e+06 720471 612028 482014 92480 474498 475999 94881 934917
internal_count=7701077 5039531 2661546 1504861 3534670 761828 1899718 653905 1955267 1265856 107923 239005 1579403 898054 783842 1001664 527166 449485 422055 94979 411977 1234796 720471 612028 482014 92480 474498 475999 94881 934917
is_linear=0
shrinkage=0.05


Tree=76
num_leaves=31
num_cat=0
split_feature=15 13 13 13 15 13 15 16 16 13 15 15 15 19 13 21 30 12 12 3 35 15 15 12 30 12 30 12 13 12
split_gain=145529 33762 28970.2 7401.56 6789.73 5880 4556.41 1632.23 1059.14 996.944 635.991 615.577 582.071 479.069 424.237 390.468 390.343 388.567 385.854 383.951 517.792 379.112 369.824 357.151 298.647 296.786 278.644 276.42 258.898 300.084
threshold=64.500000000000014 73.020833333333357 55.020833333333336 82.020833333333357 47.500000000000007 68.979166666666671 60.500000000000007 37.500000000000007 52.500000000000007 78.020833333333357 70.500000000000014 58.500000000000007 66.500000000000014 88.500000000000014 62.020833333333336 -0.003686517477035522 0.5303175576831618 64.500000000000014 60.500000000000007 9.5000000000000018 11.500000000000002 29.500000000000004 43.500000000000007 66.500000000000014 0.32756724066908122 55.500000000000007 0.39974867301785028 52.500000000000007 56.979166666666679 58.500000000000007
decision_type=2 2 2 2 2 2 2 2 2 2 2 2 2 2 2 2 2 2 2 2 2 2 2 2 2 2 2 2 2 2
left_child=2 5 4 9 7 12 11 21 26 16 -7 25 23 19 -8 -9 -3 -16 -13 -5 -21 -1 -17 -2 -23 -4 -6 -10 -27 -30
right_child=1 3 6 13 8 10 14 15 27 -11 -12 18 -14 -15 17 22 -18 -19 -20 20 -22 24 -24 -25 -26 28 -28 -29 29 -31
leaf_value=-0.049001382142611107 0.00011791088108207853 0.010614711393946406 -0.0044161854597137848 0.025413097844382889 -0.013598065597628051 0.0037896422168858372 -0.0041348772847056422 -0.0081249168917238452 -0.0065189546211880571 0.014676169401868217 0.005893815943078062 -0.0057151804686934003 0.0016447740771384776 0.02741851020343989 -0.0017692120790842665 -0.02576077732199307 0.0077612370780375086 -0.0059667373062851047 -0.010439020669268276 0.016650203038140028 0.022767628161644599 -0.019233290734407701 -0.020734673961613152 -0.0040186462801198334 -0.034837392191213686 -0.010755696334588538 -0.016600371711916525 -0.012175567075947396 -0.007842417179946614 -0.012164221738028568
leaf_weight=4140 632029 841288 37659 29859 114040 562004 499214 4737 22982 143057 994717 390821 1055583 27010 563612 60101 139762 61112 48605 83715 58950 3550 93608 56877 22526 152563 239791 358504 353344 45317
leaf_count=4140 632029 841288 37659 29859 114040 562004 499214 4737 22982 143057 994717 390821 1055583 27010 563612 60101 139762 61112 48605 83715 58950 3550 93608 56877 22526 152563 239791 358504 353344 45317
internal_value=-2.51256e-07 0.00560544 -0.00842794 0.0123521 -0.0158334 0.00290034 -0.00524872 -0.0242952 -0.0136623 0.0107768 0.00513417 -0.00765388 0.000906942 0.0212265 -0.00304819 -0.0222642 0.0102082 -0.00217982 -0.00623769 0.0202571 0.019178 -0.034945 -0.0226999 -0.000223609 -0.0327131 -0.00871064 -0.0156327 -0.0118348 -0.00900404 -0.00833369
internal_weight=7.70108e+06 4.62485e+06 3.07623e+06 1.32364e+06 923979 3.30121e+06 2.15225e+06 188662 735317 1.12411e+06 1.55672e+06 1.02831e+06 1.74449e+06 199534 1.12394e+06 158446 981050 624724 439426 172524 142665 30216 153709 688906 26076 588883 353831 381486 551224 398661
internal_count=7701077 4624851 3076226 1323641 923979 3301210 2152247 188662 735317 1124107 1556721 1028309 1744489 199534 1123938 158446 981050 624724 439426 172524 142665 30216 153709 688906 26076 588883 353831 381486 551224 398661
is_linear=0
shrinkage=0.05


Tree=77
num_leaves=31
num_cat=0
split_feature=23 23 23 27 23 23 23 16 23 23 23 23 23 23 23 19 21 16 19 17 21 19 20 15 19 19 14 20 21 14
split_gain=132350 31930.6 24351.5 6923.22 5659.05 5364.82 4404.23 1246.32 939.629 830.674 721.26 557.447 536.792 506.645 438.033 347.793 344.936 328.413 327.532 324.324 312.695 311.259 301.383 295.81 292.02 286.99 271.57 271.199 271.076 376.808
threshold=0.64605578780174266 0.73617300391197216 0.55232957005500805 12.854795112138982 0.69124999642372142 0.47002477943897253 0.60206305980682384 36.500000000000007 0.51634138822555553 0.86075130105018627 0.66724312305450451 0.57577648758888256 0.62308496236801159 0.76399549841880809 0.71178066730499279 50.500000000000007 0.0046232342720031747 23.500000000000004 65.500000000000014 76.003472222222243 0.0032467246055603032 56.500000000000007 55.500000000000007 89.500000000000014 75.500000000000014 72.500000000000014 0.20412414523745956 62.500000000000007 -0.002411335706710815 0.20412414523745956
decision_type=2 2 2 2 2 2 2 2 2 2 2 2 2 2 2 2 2 2 2 2 2 2 2 2 2 2 2 2 2 2
left_child=2 4 5 13 10 7 11 17 -7 20 -2 -4 27 19 -6 -10 -9 -1 -12 25 28 -13 -17 -11 -15 -3 -22 -8 29 -5
right_child=1 3 6 9 14 8 12 16 15 23 18 21 -14 24 -16 22 -18 -19 -20 -21 26 -23 -24 -25 -26 -27 -28 -29 -30 -31
leaf_value=-0.083949547787635317 -0.00053614055828526573 0.020129779883906206 -0.009479478877930117 0.019912316687632485 0.0037981454620722391 -0.016053838047930726 -0.0045820186186978033 -0.021699535342707351 0.00011709123593190525 0.021359596594884459 0.011131480718491566 0.0014479035684872451 -0.002549403621506941 0.020513972129991311 0.0055584660986757817 -0.012233792972048668 -0.039822846183697164 -0.033451991137934983 0.0014098577445777383 -0.011241544950851621 0.011113042969294972 -0.0071923379528107878 -0.025390870691986058 0.034062309378919915 0.010483010841264252 0.0082705181582398736 -0.012312779323287164 -0.014951688762218427 0.01624341828650103 0.044212883285688766
leaf_weight=326 701393 5173 396933 7899 585259 263763 491739 124640 5646 114169 8727 10626 672446 7329 892040 387106 2682 25727 1197577 2106 6929 546645 4402 4775 723689 368452 1506 6387 132987 1999
leaf_count=326 701393 5173 396933 7899 585259 263763 491739 124640 5646 114169 8727 10626 672446 7329 892040 387106 2682 25727 1197577 2106 6929 546645 4402 4775 723689 368452 1506 6387 132987 1999
internal_value=-2.38772e-07 0.00514927 -0.00834371 0.0115686 0.0025379 -0.0156955 -0.00552622 -0.0241202 -0.0137404 0.018743 0.000738856 -0.00804753 -0.00347095 0.00981662 0.00486108 -0.012204 -0.0220813 -0.0340842 0.00148019 0.00832443 0.0162853 -0.00702759 -0.0123817 0.0218696 0.0105836 0.00843472 0.00693046 -0.00471498 0.0168376 0.0248205
internal_weight=7.70108e+06 4.76201e+06 2.93907e+06 1.37701e+06 3.385e+06 814292 2.12478e+06 153375 660917 270264 1.9077e+06 954204 1.17057e+06 1.10675e+06 1.4773e+06 397154 127322 26053 1.2063e+06 375731 151320 557271 391508 118944 731018 373625 8435 498126 142885 9898
internal_count=7701077 4762009 2939068 1377013 3384996 814292 2124776 153375 660917 270264 1907697 954204 1170572 1106749 1477299 397154 127322 26053 1206304 375731 151320 557271 391508 118944 731018 373625 8435 498126 142885 9898
is_linear=0
shrinkage=0.05


Tree=78
num_leaves=31
num_cat=0
split_feature=15 10 10 10 15 13 15 15 13 13 15 15 15 10 35 3 30 12 30 21 12 12 21 15 12 35 3 30 21 21
split_gain=118551 27536.7 23629.9 6058.95 5606.03 4800.99 3658.67 1354.4 898.743 856.033 522.786 493.859 480.621 417.753 413.094 381.733 371.685 358.817 353.059 352.558 330.643 296.642 292.927 270.628 273.411 268.01 302.294 263.193 253.888 250.5
threshold=64.500000000000014 73.500000000000014 55.500000000000007 82.500000000000014 47.500000000000007 68.979166666666671 60.500000000000007 39.500000000000007 52.020833333333336 76.020833333333357 70.500000000000014 58.500000000000007 66.500000000000014 30.500000000000004 19.500000000000004 9.5000000000000018 0.31933444143212325 60.500000000000007 0.5588483455615233 -0.0034242272377014156 66.500000000000014 55.500000000000007 -0.0030857324600219722 62.500000000000007 64.500000000000014 11.500000000000002 10.500000000000002 0.50674164078898409 0.0048165321350097665 -0.0034242272377014156
decision_type=2 2 2 2 2 2 2 2 2 2 2 2 2 2 2 2 2 2 2 2 2 2 2 2 2 2 2 2 2 2
left_child=2 5 4 9 7 12 11 13 -6 18 -7 -4 20 -1 15 -5 -8 -13 -3 -11 -2 -10 -9 -18 -25 26 -17 -21 -24 -15
right_child=1 3 6 14 8 10 16 22 21 19 -12 17 -14 29 -16 25 23 -19 -20 27 -22 -23 28 24 -26 -27 -28 -29 -30 -31
leaf_value=-0.042423358983674747 0.00012114471058666094 0.0093627206060682682 -0.0078423699710370477 0.023287691856414845 -0.014123496087928584 0.0034163354406846823 -0.0012178443182255547 -0.007851869494935014 -0.01021123835042448 0.021445742187314702 0.00532238675474814 -0.005116720378984238 0.0014903141194366988 -0.0043423656542247412 0.02445044998236575 0.018184135076852119 -0.0042587207606503748 -0.0096720554353902678 0.0060034186693776201 0.013653840841649134 -0.0038589437453753332 -0.01505048390847788 -0.019817262376696964 -0.0020102130985659261 -0.0059439096449620862 0.020332880306626402 0.012442525604681629 0.010211113909590496 -0.035205887789783466 -0.028640931681915532
leaf_weight=5744 632029 800864 580572 30468 353872 562004 292923 5044 354986 10383 999607 390821 1055583 1094 31780 50408 385689 48605 86681 116967 56877 34770 139175 395601 49725 43481 42049 105670 2733 34872
leaf_count=5744 632029 800864 580572 30468 353872 562004 292923 5044 354986 10383 999607 390821 1055583 1094 31780 50408 385689 48605 86681 116967 56877 34770 139175 395601 49725 43481 42049 105670 2733 34872
internal_value=-2.26894e-07 0.00505928 -0.00760677 0.011168 -0.0142522 0.00262258 -0.00471701 -0.0219498 -0.0122992 0.00974275 0.00463642 -0.0068852 0.000819857 -0.0299017 0.0192268 0.0182292 -0.00274933 -0.00562059 0.00903464 0.0124398 -0.000207457 -0.0106429 -0.0196928 -0.00328917 -0.00244945 0.0170954 0.0155729 0.0120198 -0.0201137 -0.0279018
internal_weight=7.70108e+06 4.62485e+06 3.07623e+06 1.31875e+06 932290 3.3061e+06 2.14394e+06 188662 743628 1.12056e+06 1.56161e+06 1.02e+06 1.74449e+06 41710 198186 166406 1.12394e+06 439426 887545 233020 688906 389756 146952 831015 445326 135938 92457 222637 141908 35966
internal_count=7701077 4624851 3076226 1318751 932290 3306100 2143936 188662 743628 1120565 1561611 1019998 1744489 41710 198186 166406 1123938 439426 887545 233020 688906 389756 146952 831015 445326 135938 92457 222637 141908 35966
is_linear=0
shrinkage=0.05


Tree=79
num_leaves=31
num_cat=0
split_feature=23 23 23 27 23 23 10 23 23 30 23 23 16 23 12 23 23 12 12 12 23 12 12 12 23 23 23 12 23 21
split_gain=108053 29087.8 16962 6227.12 5011.57 3631.95 3453.96 734.054 717.895 715.165 700.325 687.001 683.149 578.689 414.599 487.857 394.565 392.427 376.042 359.613 482.786 476.039 353.255 321.577 387.877 313.432 309.874 308.964 304.003 294.628
threshold=0.63589897751808178 0.72654128074646007 0.53470870852470409 12.854795112138982 0.67821946740150463 0.58602210879325878 43.500000000000007 0.75377202033996593 0.86670097708702099 0.49848238706471609 0.6637515425682069 0.49589791893959051 33.500000000000007 0.61154127120971691 60.500000000000007 0.60792675614357006 0.5638321340084077 66.500000000000014 72.500000000000014 67.500000000000014 0.697888344526291 69.500000000000014 56.500000000000007 58.500000000000007 0.59103864431381237 0.73115593194961559 0.57130533456802379 63.500000000000007 0.56844824552536022 -0.0061723291873931876
decision_type=2 2 2 2 2 2 2 2 2 2 2 2 2 2 2 2 2 2 2 2 2 2 2 2 2 2 2 2 2 2
left_child=2 4 6 7 10 16 12 18 -5 19 17 -8 -1 14 15 23 -4 -2 -3 -6 -21 -22 28 -7 -25 -20 -24 -15 -18 -14
right_child=1 3 5 8 9 13 11 -9 -10 -11 -12 -13 29 27 -16 -17 22 -19 25 20 21 -23 26 24 -26 -27 -28 -29 -30 -31
leaf_value=-0.035191502869955087 -0.00092952486162355217 0.01015636514196948 -0.0097263271418798324 0.015013454034361129 0.0086721396823742896 -0.0027657325089847115 -0.016597156358968388 0.0093384216832220444 0.020407074519367623 0.0019840576349906078 0.00091359091698904767 -0.012697704310743846 -0.00049369100578112383 -0.003122357227239424 -0.0090652671452410277 0.00070214095371535579 -0.0075041867629810329 -0.01336176930082196 0.001196629178151306 0.002287122400941209 0.0094227011308788619 0.0044697954662813481 -0.012066656466960125 -0.010478609771394549 -0.0054637521921043382 0.0065071361559936262 -0.0077168114659495555 -0.010545876672123103 -0.0022151939891552255 -0.023213141962734305
leaf_weight=12944 870053 65257 398040 176386 47071 91976 168738 881824 94881 413278 1005050 341653 1454 641802 70342 35303 59483 6394 30826 254977 51319 887428 48385 43971 313235 281666 266201 14329 50012 76799
leaf_count=12944 870053 65257 398040 176386 47071 91976 168738 881824 94881 413278 1005050 341653 1454 641802 70342 35303 59483 6394 30826 254977 51319 887428 48385 43971 313235 281666 266201 14329 50012 76799
internal_value=-2.15582e-07 0.00427074 -0.00821317 0.0100283 0.00177781 -0.00603085 -0.0155884 0.00854841 0.0169 0.00378552 1.27729e-05 -0.0139869 -0.0245511 -0.00428958 -0.00547821 -0.0049574 -0.00859569 -0.00102022 0.00670419 0.00438554 0.00421651 0.00474056 -0.00753448 -0.00540221 -0.00608107 0.00598328 -0.00838584 -0.00328448 -0.00508844 -0.022791
internal_weight=7.70108e+06 5.06641e+06 2.63467e+06 1.53084e+06 3.53557e+06 2.03308e+06 601588 1.25957e+06 271267 1.65407e+06 1.8815e+06 510391 91197 1.21096e+06 554827 484485 822121 876447 377749 1.2408e+06 1.19372e+06 938747 424081 449182 357206 312492 314586 656131 109495 78253
internal_count=7701077 5066410 2634667 1530840 3535570 2033079 601588 1259573 271267 1654073 1881497 510391 91197 1210958 554827 484485 822121 876447 377749 1240795 1193724 938747 424081 449182 357206 312492 314586 656131 109495 78253
is_linear=0
shrinkage=0.05


Tree=80
num_leaves=31
num_cat=0
split_feature=23 23 23 23 23 16 23 23 15 23 23 23 12 23 12 23 23 12 23 23 23 12 21 14 30 12 12 10 3 12
split_gain=97697.3 23779 17750.2 4863.14 4740.76 4018.85 3144.97 854.157 802.689 712.274 624.932 460.347 486.77 408.06 384.816 440.131 379.251 365.247 368.123 358.568 323.213 317.642 302.411 300.141 296.663 290.84 281.126 395.341 270.298 270.257
threshold=0.64521846175193798 0.74481257796287548 0.55232957005500805 0.69498762488365184 0.83397981524467479 45.500000000000007 0.59829127788543712 0.51033937931060802 33.500000000000007 0.79225191473960888 0.66920122504234325 0.62221345305442821 59.500000000000007 0.60077652335166942 61.500000000000007 0.61808258295059215 0.71465814113616954 66.500000000000014 0.67029699683189403 0.89309459924697887 0.57577648758888256 68.500000000000014 0.0024194121360778813 1.0000000180025095e-35 0.023010296375251423 56.500000000000007 54.500000000000007 53.500000000000007 9.5000000000000018 71.500000000000014
decision_type=2 2 2 2 2 2 2 2 2 2 2 2 2 2 2 2 2 2 2 2 2 2 2 2 2 2 2 2 2 2
left_child=2 3 5 10 9 8 20 -7 -1 -3 -2 12 -8 -14 15 -15 21 -12 -19 28 -4 -5 -10 -24 -18 -22 27 -9 -6 -23
right_child=1 4 6 16 19 7 11 26 22 -11 17 -13 13 14 -16 -17 24 18 -20 -21 25 29 23 -25 -26 -27 -28 -29 -30 -31
leaf_value=-0.033153659268296685 -0.00037820045175995445 0.0085140503775870593 -0.0081429803005161061 0.012910989000041742 0.021328585462974128 -0.014411656728694301 -4.9139322783074715e-05 -0.01121468069618266 -0.019695792655753053 0.01233809928351305 0.0048827435368516518 -0.0022779352818050667 -0.010497763018815123 -0.0043158960986862923 -0.0073636790252663287 0.00098896957864103127 0.015478296845378971 -0.0048223064192395686 0.0013312702523713875 0.023341102325441912 0.0022571861968277928 0.0038797139172326678 -0.025288375006820366 -0.053081564235965301 0.0054533490858020058 -0.0063888694291191154 -0.014249683563955035 -0.0076830103287114553 0.015885093001520408 -0.0076739615980617104
leaf_weight=13525 805356 922698 396202 9704 27341 235714 62077 292845 108614 140284 71454 671389 29030 333192 88078 44298 7496 24836 1134367 23903 9935 1004892 4143 1269 475411 463437 49583 108639 137485 5087
leaf_count=13525 805356 922698 396202 9704 27341 235714 62077 292845 108614 140284 71454 671389 29030 333192 88078 44298 7496 24836 1134367 23903 9935 1004892 4143 1269 475411 463437 49583 108639 137485 5087
internal_value=1.70884e-06 0.0043922 -0.00722083 0.00229702 0.0103153 -0.0134861 -0.00478855 -0.0119724 -0.0216367 0.00901872 0.000704656 -0.00315942 -0.00422256 -0.00474636 -0.00438774 -0.00369338 0.00445468 0.00141329 0.00119943 0.017618 -0.00708931 0.00390802 -0.0202706 -0.0318062 0.00560897 -0.00620741 -0.0106977 -0.010259 0.0167881 0.00382152
internal_weight=7.70228e+06 4.79031e+06 2.91197e+06 3.5386e+06 1.25171e+06 814332 2.09764e+06 686781 127551 1.06298e+06 2.03601e+06 1.22806e+06 556675 494598 465568 377490 1.50259e+06 1.23066e+06 1.1592e+06 188729 869574 1.01968e+06 114026 5412 482907 473372 451067 401484 164826 1.00998e+06
internal_count=7702284 4790314 2911970 3538603 1251711 814332 2097638 686781 127551 1062982 2036013 1228064 556675 494598 465568 377490 1502590 1230657 1159203 188729 869574 1019683 114026 5412 482907 473372 451067 401484 164826 1009979
is_linear=0
shrinkage=0.05


Tree=81
num_leaves=31
num_cat=0
split_feature=23 23 23 23 23 23 23 10 23 15 30 30 30 30 23 12 23 23 30 30 24 20 23 12 23 21 23 12 12 22
split_gain=88194.3 22074.6 15446.2 5054.09 3586.17 3324.43 3023.77 867.919 740.38 628.815 496.647 477.82 451.606 447.84 365.67 352.056 339.074 333.186 320.57 309.345 295.331 282.438 271.527 285.649 378.412 260.462 253.333 567.222 253.077 251.733
threshold=0.64275074005126964 0.7281077802181245 0.54603451490402233 0.79225191473960888 0.68336468935012828 0.44825132191181188 0.59703248739242565 84.500000000000014 0.5066039264202119 32.500000000000007 0.67152717688412322 0.57294329147435363 0.50115785300816829 0.33022737984194706 0.57293695211410534 54.500000000000007 0.76543691754341137 0.62118539214134227 0.43833120951552501 0.48264142223040346 63.073835467049356 89.500000000000014 0.55232957005500805 56.500000000000007 0.56844824552536022 -0.0050742030143737784 0.65891316533088695 65.500000000000014 59.500000000000007 0.0085506137893796453
decision_type=2 2 2 2 2 2 2 2 2 2 2 2 2 2 2 2 2 2 2 2 2 2 2 2 2 2 2 2 2 2
left_child=2 4 5 10 11 9 14 18 -7 19 16 26 29 -8 15 -4 -3 -15 -5 -1 -21 -9 -17 24 -24 -11 -2 -28 -16 -6
right_child=1 3 6 7 12 8 13 21 -10 25 -12 -13 -14 17 28 22 -18 -19 -20 20 -22 -23 23 -25 -26 -27 27 -29 -30 -31
leaf_value=-0.025188679959010536 -0.00041302005638944742 0.0076098248395195314 -0.0044755341617912642 0.014622046424311114 0.0039806444406294038 -0.014131556981915913 -0.0015591274803814835 0.01684012790597773 -0.010572214286679465 -0.0016653224473734242 0.0040868557067374875 -0.0011834386003877148 0.0020390575046516863 -0.0047868200796666862 -0.0058250924793850217 -0.012502593138697511 0.010690513383810593 -0.0028106445236882605 0.010336180287736266 -0.061207045802337857 -0.034289761202387824 0.026121315456158808 -0.0080635764764175801 -0.010902497180995771 -0.0020896233910926154 -0.020583875509627196 0.0060572894699535253 0.00087096311390568435 -0.011581439479737879 0.010529659676993776
leaf_weight=5738 346640 984248 59366 77853 1180179 231324 322454 143208 396580 1856 93269 409341 358665 404813 482979 40221 98233 450835 99257 1453 3414 8695 221342 72918 30115 92094 55670 994786 19880 14858
leaf_count=5738 346640 984248 59366 77853 1180179 231324 322454 143208 396580 1856 93269 409341 358665 404813 482979 40221 98233 450835 99257 1453 3414 8695 221342 72918 30115 92094 55670 994786 19880 14858
internal_value=1.62336e-06 0.00408766 -0.00700419 0.00912062 0.00183376 -0.0132581 -0.00482801 0.0145984 -0.0118835 -0.0215129 0.00758775 0.000318878 0.00359507 -0.00314714 -0.00696459 -0.00804622 0.00788939 -0.00374559 0.0122201 -0.0330543 -0.0423268 0.0173714 -0.00862762 -0.00814713 -0.00734812 -0.0202101 0.000759048 0.00114582 -0.00605267 0.00406207
internal_weight=7.70228e+06 4.8649e+06 2.83738e+06 1.50476e+06 3.36014e+06 732459 2.10492e+06 329013 627904 104555 1.17575e+06 1.80644e+06 1.5537e+06 1.1781e+06 926821 423962 1.08248e+06 855648 177110 10605 4867 151903 364596 324375 251457 93950 1.3971e+06 1.05046e+06 502859 1.19504e+06
internal_count=7702284 4864902 2837382 1504763 3360139 732459 2104923 329013 627904 104555 1175750 1806437 1553702 1178102 926821 423962 1082481 855648 177110 10605 4867 151903 364596 324375 251457 93950 1397096 1050456 502859 1195037
is_linear=0
shrinkage=0.05


Tree=82
num_leaves=31
num_cat=0
split_feature=23 23 23 23 23 23 10 23 23 30 30 23 23 10 12 12 12 23 12 30 35 12 15 3 23 12 12 23 18 35
split_gain=79646.4 21592.4 12330.8 4641.48 3830.5 2623.01 2602.87 785.227 624.341 580.284 563.765 475.912 444.403 437.581 421.491 383.502 382.978 433.439 365.422 323.314 296.78 281.049 280.73 275.177 270.145 496.804 389.063 343.691 265.145 260.972
threshold=0.63501238822937023 0.72654128074646007 0.53470870852470409 0.79225191473960888 0.67610982060432445 0.58366993069648754 42.500000000000007 0.84335336089134227 0.49092386662960058 0.59636655999222921 0.57016479076870585 0.74889159202575695 0.61154127120971691 30.500000000000004 74.500000000000014 72.500000000000014 60.500000000000007 0.60792675614357006 63.500000000000007 0.5274898310703845 19.500000000000004 53.500000000000007 74.500000000000014 9.5000000000000018 0.69888237118721019 69.500000000000014 67.500000000000014 0.70091050863266002 1.0000000180025095e-35 6.5000000000000009
decision_type=2 2 2 2 2 2 2 2 2 2 2 2 2 2 2 2 2 2 2 2 2 2 2 2 2 2 2 2 2 2
left_child=2 4 6 11 10 19 13 23 -8 24 -2 15 16 -1 -13 28 17 -7 -14 -4 -9 -10 -16 -5 26 -26 -6 -27 -3 -25
right_child=1 3 5 7 9 12 8 20 21 -11 -12 14 18 -15 22 -17 -18 -19 -20 -21 -22 -23 -24 29 25 27 -28 -29 -30 -31
leaf_value=-0.03535887391299785 0.00041746237947652188 0.0058485044924333277 -0.0066423107819910693 0.01439693609258081 0.0055791358927781039 -0.0046810530394817721 -0.014777275277500916 0.015314521005840277 -0.010847632986399311 0.0011107443288928983 -0.0016343134813222799 0.014070550885831682 -0.0027068405019374389 -0.021000996805104231 -0.0032810796192931455 0.0047025213856456468 -0.0082222574391461051 0.0010664841294568636 -0.01206118081046223 -0.0087191089736571355 0.020905369393421167 -0.022206878093918539 0.007662780571388278 0.0070531764973528607 0.0090363837979947209 -0.0026121818151050727 0.0018163652603181383 0.0039570481294092484 0.01221182904638966 0.012000981251561616
leaf_weight=5748 1415339 33314 447817 51700 85849 500474 157471 138435 364043 275234 438527 25828 619665 69133 5901 264813 70596 35103 10619 322267 28650 5528 839672 45121 47880 20343 343866 936054 32187 65107
leaf_count=5748 1415339 33314 447817 51700 85849 500474 157471 138435 364043 275234 438527 25828 619665 69133 5901 264813 70596 35103 10619 322267 28650 5528 839672 45121 47880 20343 343866 936054 32187 65107
internal_value=1.54209e-06 0.00363997 -0.0071036 0.00860662 0.00150626 -0.00522073 -0.0133802 0.0138685 -0.0121409 0.00321362 -6.78797e-05 0.00716598 -0.00379405 -0.0221032 0.0077786 0.00554984 -0.00476063 -0.00430435 -0.00286444 -0.00751142 0.0162732 -0.0110175 0.00758641 0.0113873 0.00361723 0.00406614 0.0025681 0.00381732 0.00897544 0.00997564
internal_weight=7.70228e+06 5.09382e+06 2.60846e+06 1.53073e+06 3.56309e+06 2.00654e+06 601923 329013 527042 1.70923e+06 1.85387e+06 1.20172e+06 1.23646e+06 74881 871401 330314 606173 535577 630284 770084 167085 369571 845573 161928 1.43399e+06 1.00428e+06 429715 956397 65501 110228
internal_count=7702284 5093820 2608464 1530728 3563092 2006541 601923 329013 527042 1709226 1853866 1201715 1236457 74881 871401 330314 606173 535577 630284 770084 167085 369571 845573 161928 1433992 1004277 429715 956397 65501 110228
is_linear=0
shrinkage=0.05


Tree=83
num_leaves=31
num_cat=0
split_feature=23 23 23 23 23 23 23 15 21 23 15 23 15 21 14 23 35 14 3 21 14 19 17 23 17 23 17 21 17 17
split_gain=72051.4 16181.5 14692.5 3553.98 3497.64 2978.99 2160.98 962.134 551.292 547.847 405.339 348.495 312.085 310.758 400.173 307.17 305.483 294.789 292.836 283.248 402.625 272.175 249.238 379.535 248.884 246.445 244.602 236.958 223.176 220.274
threshold=0.65247520804405224 0.74481257796287548 0.56220871210098278 0.48495049774646765 0.83397981524467479 0.697888344526291 0.61154127120971691 40.500000000000007 -0.0044633746147155753 0.52708333730697643 78.500000000000014 0.67513644695281994 28.500000000000004 -0.0026652216911315914 1.0000000180025095e-35 0.58366993069648754 19.500000000000004 1.0000000180025095e-35 9.5000000000000018 -0.00247657299041748 1.0000000180025095e-35 66.500000000000014 55.510416666666671 0.55912607908248912 67.003472222222243 0.63323622941970836 63.003472222222229 -0.0030857324600219722 60.836805555555564 64.392361111111128
decision_type=2 2 2 2 2 2 2 2 2 2 2 2 2 2 2 2 2 2 2 2 2 2 2 2 2 2 2 2 2 2
left_child=2 5 3 7 8 11 15 12 17 -5 -10 24 -1 14 -8 -4 18 -3 -6 20 -7 -13 23 -11 -2 26 -15 -9 -17 -27
right_child=1 4 6 9 16 19 13 27 10 22 -12 21 -14 25 -16 28 -18 -19 -20 -21 -22 -23 -24 -25 -26 29 -28 -29 -30 -31
leaf_value=-0.039470110725069181 0.00047327465603076707 0.013103142247489701 -0.0063070111312280774 -0.01096220551881321 0.018834539670372859 0.0057793638854603761 -0.00062371693011722528 -0.0039061644757221294 0.0072153648541575834 -0.0081711490159956986 0.010072640456758455 0.0090797886018315656 -0.021846636442806364 -0.0028785657965187828 0.010326114769862477 -0.0043025195867257829 0.019659356061816881 0.028976519801225571 0.013228050351031074 0.0037928147035806584 0.01928941288275815 0.0017273180790601883 -0.011702958648026746 -0.00064951663955712172 -0.0085352418146076945 -0.0010314815031682537 -0.013453422216499806 -0.015169356493453462 -0.0087048219774522855 -0.0035871293434343535
leaf_weight=2652 1285373 11628 400531 315269 28414 30916 35861 4819 903555 386079 143891 12869 47633 551064 10874 575869 31127 3908 129188 1388095 6712 574198 46693 17533 7713 459956 5523 150798 30304 103239
leaf_count=2652 1285373 11628 400531 315269 28414 30916 35861 4819 903555 386079 143891 12869 47633 551064 10874 575869 31127 3908 129188 1388095 6712 574198 46693 17533 7713 459956 5523 150798 30304 103239
internal_value=1.465e-06 0.00401848 -0.00582037 -0.0109321 0.00886024 0.00218523 -0.00353533 -0.0167635 0.00774656 -0.00936368 0.00760788 0.000878212 -0.0227762 -0.00207063 0.00192404 -0.00523255 0.0151329 0.0170962 0.0142389 0.00390885 0.0081893 0.00188849 -0.00824451 -0.00784441 0.00041954 -0.00223735 -0.0029835 -0.0148206 -0.0045226 -0.00149996
internal_weight=7.70228e+06 4.55759e+06 3.1447e+06 971476 1.25171e+06 3.30588e+06 2.17322e+06 205902 1.06298e+06 765574 1.04745e+06 1.88015e+06 50285 1.16652e+06 46735 1.0067e+06 188729 15536 157602 1.42572e+06 37628 587067 450305 403612 1.29309e+06 1.11978e+06 556587 155617 606173 563195
internal_count=7702284 4557587 3144697 971476 1251711 3305876 2173221 205902 1062982 765574 1047446 1880153 50285 1166517 46735 1006704 188729 15536 157602 1425723 37628 587067 450305 403612 1293086 1119782 556587 155617 606173 563195
is_linear=0
shrinkage=0.05


Tree=84
num_leaves=31
num_cat=0
split_feature=23 23 23 13 23 13 23 23 15 21 23 30 12 23 23 23 12 23 23 30 21 30 12 17 14 31 30 12 21 14
split_gain=65063 15427.5 12301.3 3158.18 3048.2 2779.26 2124.17 612.195 575.303 489.04 415.18 394.532 359.17 428.063 357.939 347.521 308.895 505.499 306.692 292.395 289.723 267.588 266.884 253.013 252.441 251.681 250.709 249.118 247.157 256.018
threshold=0.64764782786369335 0.74481257796287548 0.55421933531761181 82.979166666666671 0.697888344526291 45.020833333333336 0.59829127788543712 0.51033937931060802 35.500000000000007 -0.0072341859340667716 0.67353153228759777 0.23662649585292114 64.500000000000014 0.65078735351562511 0.62221345305442821 0.76543691754341137 69.500000000000014 0.70196795463562023 0.89309459924697887 0.52454319561889895 0.0046232342720031747 0.37919291286421369 55.500000000000007 76.003472222222243 1.0000000180025095e-35 54.350000381469734 0.43304472621959422 66.500000000000014 0.002095580101013184 1.0000000180025095e-35
decision_type=2 2 2 2 2 2 2 2 2 2 2 2 2 2 2 2 2 2 2 2 2 2 2 2 2 2 2 2 2 2
left_child=2 4 5 9 10 8 -4 -7 19 -3 12 -8 -2 -14 -13 23 -6 -18 -5 -1 21 -17 26 -11 -22 -21 -9 -12 -10 -30
right_child=1 3 6 18 16 7 11 22 28 15 27 14 13 -15 -16 20 17 -19 -20 25 24 -23 -24 -25 -26 -27 -28 -29 29 -31
leaf_value=-0.020032317373357783 0.0028064151334018105 0.017519358737645874 -0.0057191182565668082 0.013501141985584612 0.0069711172226984064 -0.011764581469781004 -0.00047395793916204062 -0.0070542170991673694 -0.015585798578800587 0.0067699201724160801 0.0072794258227937662 -0.0039151723436966256 -0.0048101362106986109 -0.00011591750136402798 -0.00209249500206205 0.011685936596750669 -0.0011612649174959615 0.0037450051761150219 0.019544155871889929 -0.052965348078976383 0.00463899179283561 0.0080655370637459384 -0.018582510396582878 -0.006845024482590752 -0.015130625644064597 -0.028568585287426642 -0.0094224832168692992 0.0012638369229390452 -0.020673892835904824 -0.046297363978952649
leaf_weight=12435 97154 11653 841884 172670 69232 235689 203349 181637 100005 793086 17489 470245 51742 790845 630526 74186 54706 1301785 23903 1213 7123 163575 6671 3427 2088 8232 290449 1079594 4442 1249
leaf_count=12435 97154 11653 841884 172670 69232 235689 203349 181637 100005 793086 17489 470245 51742 790845 630526 74186 54706 1301785 23903 1213 7123 163575 6671 3427 2088 8232 290449 1079594 4442 1249
internal_value=1.39175e-06 0.00365997 -0.00577082 0.00841723 0.00194023 -0.0108924 -0.00376126 -0.00967856 -0.0176903 0.00733319 0.000699048 -0.00249735 -7.22588e-05 -0.000404183 -0.00287114 0.00721944 0.00371341 0.00354714 0.014236 -0.0250701 0.00885811 0.00919518 -0.00865162 0.00671134 0.000157391 -0.0317023 -0.00851128 0.00135973 -0.0161626 -0.0262982
internal_weight=7.70228e+06 4.71426e+06 2.98803e+06 1.25171e+06 3.46255e+06 842022 2.146e+06 714446 127576 1.05514e+06 2.03682e+06 1.30412e+06 939741 842587 1.10077e+06 1.04348e+06 1.42572e+06 1.35649e+06 196573 21880 246972 237761 478757 796513 9211 9445 472086 1.09708e+06 105696 5691
internal_count=7702284 4714258 2988026 1251711 3462547 842022 2146004 714446 127576 1055138 2036824 1304120 939741 842587 1100771 1043485 1425723 1356491 196573 21880 246972 237761 478757 796513 9211 9445 472086 1097083 105696 5691
is_linear=0
shrinkage=0.05


Tree=85
num_leaves=31
num_cat=0
split_feature=23 23 23 23 23 23 23 10 23 23 30 30 23 12 23 30 12 20 35 3 23 12 20 23 12 3 16 20 30 23
split_gain=58572.6 12888.8 12307.9 2973.51 2870.32 2330.37 1770.02 790.597 480.346 436.884 328.341 293.79 318.11 368.555 310.035 291.607 276.564 275.47 271.523 270.978 265.909 320.792 282.007 260.486 285.234 259.105 253.329 252.565 249.828 248.049
threshold=0.65412151813507091 0.74481257796287548 0.5638321340084077 0.48495049774646765 0.83397981524467479 0.697888344526291 0.61382699012756359 40.500000000000007 0.52470868825912487 0.770134598016739 0.20994209397029401 0.66727443839682332 0.71616274118423473 69.500000000000014 0.70091050863266002 0.61879805127083276 70.500000000000014 61.500000000000007 19.500000000000004 9.5000000000000018 0.67513644695281994 67.500000000000014 67.500000000000014 0.59220868349075328 58.500000000000007 11.500000000000002 23.500000000000004 52.500000000000007 0.40240348731308856 0.68125599622726452
decision_type=2 2 2 2 2 2 2 2 2 2 2 2 2 2 2 2 2 2 2 2 2 2 2 2 2 2 2 2 2 2
left_child=2 5 3 7 9 20 10 26 27 -3 -4 12 13 -7 -15 -8 -14 23 19 -6 22 -22 -2 24 -12 -11 -1 -5 -10 -23
right_child=1 4 6 8 18 11 15 -9 28 25 17 -13 16 14 -16 -17 -18 -19 -20 -21 21 29 -24 -25 -26 -27 -28 -29 -30 -31
leaf_value=-0.063473604112098819 0.00048466875584761811 0.0064348690158328743 -0.0022514100171269515 -0.009807584657389028 0.017261293305347907 0.0069299086897576653 -0.0012859643895096152 -0.013393262742155701 -0.0059111857452801763 0.0098142819356584494 -0.0051453191667550809 0.001181702562066162 0.015007557757628583 -0.0020054259908088199 0.0031500768102683875 -0.003096825321393981 0.0047679384159734278 -0.015049132447210326 0.017945905857415796 0.011861089018949285 0.0039399550265203625 -0.0019681449528970575 -0.0084697159500926184 -0.003934445043759234 -0.0086010014369928816 0.0060193269581816601 -0.020358008995184845 -0.020831862267973525 -0.008256849714135225 0.0015386722615725679
leaf_weight=343 1230724 823192 130796 284335 28326 63007 869952 156020 172576 179250 410327 121513 6709 30238 818995 298628 385445 6679 31087 129146 126750 57656 8856 411925 69884 60046 48932 5292 331691 402094
leaf_count=343 1230724 823192 130796 284335 28326 63007 869952 156020 172576 179250 410327 121513 6709 30238 818995 298628 385445 6679 31087 129146 126750 57656 8856 411925 69884 60046 48932 5292 331691 402094
internal_value=3.06741e-06 0.00367762 -0.005172 -0.00977322 0.00799045 0.00201847 -0.00308051 -0.015137 -0.00838618 0.00698152 -0.00459205 0.00353315 0.00375221 0.00324026 0.00296651 -0.00174873 0.00494312 -0.00493266 0.0136755 0.0128325 0.000835719 0.00171288 0.000420695 -0.00485692 -0.00564822 0.00886203 -0.0206583 -0.010009 -0.00745409 0.00109889
internal_weight=7.70041e+06 4.50303e+06 3.19738e+06 999189 1.25105e+06 3.25199e+06 2.19819e+06 205295 793894 1.06249e+06 1.02961e+06 1.42591e+06 1.30439e+06 912240 849233 1.16858e+06 392154 898815 188559 157472 1.82608e+06 586500 1.23958e+06 892136 480211 239296 49275 289627 504267 459750
internal_count=7700414 4503034 3197380 999189 1251047 3251987 2198191 205295 793894 1062488 1029611 1425907 1304394 912240 849233 1168580 392154 898815 188559 157472 1826080 586500 1239580 892136 480211 239296 49275 289627 504267 459750
is_linear=0
shrinkage=0.05


Tree=86
num_leaves=31
num_cat=0
split_feature=23 23 23 23 23 10 23 23 23 17 23 30 30 15 21 14 30 30 17 30 21 21 30 17 21 14 21 21 23 23
split_gain=52938.3 13909.4 8688.13 3148.1 2251.32 2114.66 1460.7 575.983 537.658 481.46 479.697 448.916 410.393 375.602 291.138 376.34 283.322 271.961 268.3 256.923 245.567 238.923 231.927 231.571 225.732 354.851 223.007 213.382 206.833 206.624
threshold=0.63859808444976818 0.72499999403953563 0.54824754595756542 0.79225191473960888 0.67927435040473949 43.500000000000007 0.5958991050720216 0.86670097708702099 0.50297555327415477 63.128472222222229 0.65653845667839061 0.49848238706471609 0.59295273499344581 32.500000000000007 -0.0023401677608489986 1.0000000180025095e-35 0.31407607690960943 0.23150011893918906 67.621527777777786 0.32756724066908122 -0.0027155876159667964 -0.0080335736274719221 0.48264142223040346 64.961805555555557 0.0012657046318054201 1.0000000180025095e-35 0.0049036741256713876 -0.0023401677608489986 0.68033981323242199 0.76543691754341137
decision_type=2 2 2 2 2 2 2 2 2 2 2 2 2 2 2 2 2 2 2 2 2 2 2 2 2 2 2 2 2 2
left_child=2 4 5 12 9 13 17 14 26 -2 -11 18 21 22 15 -5 -8 -4 -6 -16 -15 -3 -1 -12 29 -26 -7 -19 -20 -23
right_child=1 3 6 7 11 8 16 -9 -10 10 23 -13 -14 20 19 -17 -18 27 28 -21 -22 24 -24 -25 25 -27 -28 -29 -30 -31
leaf_value=-0.019303884708922588 0.0071766151873762715 0.014462950663781411 -0.0032696784711405791 0.013081719306327606 0.0081340188453398864 -0.011022143663824454 -0.001224549125911362 0.014615196925141398 -0.0081928457647954239 -0.0012564554494990865 0.0090869307580555732 0.0011848127636425291 0.0033700823409932371 -0.0026283482221085 0.012609832896582643 0.034141702907828392 -0.0030913388848698383 -0.0014671544268645927 -0.0070320965648013063 0.0085925080709470733 -0.016689268641208847 0.006011077415655857 -0.034123167335814684 0.00046976227584362537 0.0037482448055737947 -0.01350708709760777 -0.024441852348912507 -0.0059122195320079462 0.0030597578794401472 0.0086674435149444277
leaf_weight=5737 23611 8594 130631 11581 26176 214976 271637 94807 452069 540541 7845 394544 150268 3235 52202 2597 807310 28061 5099 167510 77383 959914 4892 1256199 25418 3375 3141 713198 1178613 79250
leaf_count=5737 23611 8594 130631 11581 26176 214976 271637 94807 452069 540541 7845 394544 150268 3235 52202 2597 807310 28061 5099 167510 77383 959914 4892 1256199 25418 3375 3141 713198 1178613 79250
internal_value=2.914e-06 0.00305991 -0.00561922 0.00698212 0.00128254 -0.0101488 -0.00385126 0.0113277 -0.00917656 8.29697e-05 -9.84325e-06 0.00264941 0.00581782 -0.0172899 0.00999513 0.0169395 -0.00262135 -0.00537324 0.00312701 0.009547 -0.016125 0.00615948 -0.0261247 0.000523243 0.00609266 0.0017256 -0.0112154 -0.00574395 0.00301629 0.00621366
internal_weight=7.70041e+06 4.98814e+06 2.71227e+06 1.55552e+06 3.43263e+06 761433 1.95084e+06 328697 670186 1.8282e+06 1.80458e+06 1.60443e+06 1.22682e+06 91247 233890 14178 1.07895e+06 871890 1.20989e+06 219712 80618 1.07655e+06 10629 1.26404e+06 1.06796e+06 28793 218117 741259 1.18371e+06 1.03916e+06
internal_count=7700414 4988144 2712270 1555516 3432628 761433 1950837 328697 670186 1828196 1804585 1604432 1226819 91247 233890 14178 1078947 871890 1209888 219712 80618 1076551 10629 1264044 1067957 28793 218117 741259 1183712 1039164
is_linear=0
shrinkage=0.05


Tree=87
num_leaves=31
num_cat=0
split_feature=23 23 23 23 23 27 23 30 23 23 30 35 3 12 30 17 30 23 12 12 12 21 23 17 23 12 12 23 20 21
split_gain=47813.1 13119 7334.23 2797.19 2308.25 1595.7 1540.53 486.27 460.71 441.068 323.483 312.882 524.294 312.106 305.911 266.196 264.123 262.911 298.16 277.153 261.364 257.261 252.995 539.365 249.648 249.572 246.196 234.127 232.566 227.954
threshold=0.63411813974380504 0.72654128074646007 0.53470870852470409 0.8240671455860139 0.68226605653762828 -25.849974924698802 0.58235433697700512 0.61879805127083276 0.76399549841880809 0.49092386662960058 0.18129182991969833 11.500000000000002 10.500000000000002 71.500000000000014 0.61879805127083276 76.003472222222243 0.56165156391700499 0.61154127120971691 62.500000000000007 60.500000000000007 53.500000000000007 -0.0034242272377014156 0.65891316533088695 65.211805555555557 0.62774425745010387 63.500000000000007 75.500000000000014 0.64200851321220409 31.500000000000004 0.0020163655281066899
decision_type=2 2 2 2 2 2 2 2 2 2 2 2 2 2 2 2 2 2 2 2 2 2 2 2 2 2 2 2 2 2
left_child=2 4 5 8 7 28 16 22 13 29 -8 12 -5 -3 -6 -15 -4 19 24 -12 -11 -10 25 -24 -19 -2 -23 -27 -1 -7
right_child=1 3 6 11 14 9 10 -9 21 20 17 -13 -14 15 -16 -17 -18 18 -20 -21 -22 26 23 -25 -26 27 -28 -29 -30 -31
leaf_value=-0.026988251622140347 0.0013845713420157395 0.017338950178923004 -0.0051737036573582043 0.012793897652626611 0.0028733385224090956 -0.011158076777656281 -0.00052467261205103963 -0.0015748739894596989 0.014477620380046513 -0.0083874313070596892 -0.0036043437633996749 0.01447750209740788 0.0062396930629791273 0.0046365990402370341 0.00080639320255228894 -0.013229913197667229 -0.0071421298713783016 -0.0023330230489048056 -0.0045748996506382259 -0.0070098922452047603 -0.019342604332777964 0.016521229320909894 0.008511387118753988 0.00069507699895695056 0.0011140203485005447 -0.0041018151448937844 0.0064044240427715811 -0.00059768415056637688 -0.017041550355382868 -0.018850926497678444
leaf_weight=6610 140318 4826 478821 87804 1348237 161858 119705 379438 10197 364024 506162 79184 46763 525239 206417 2093 264583 354645 128845 67738 5527 6061 22539 1062421 61658 54655 767919 372900 52988 10239
leaf_count=6610 140318 4826 478821 87804 1348237 161858 119705 379438 10197 364024 506162 79184 46763 525239 206417 2093 264583 354645 128845 67738 5527 6061 22539 1062421 61658 54655 767919 372900 52988 10239
internal_value=2.7683e-06 0.00280223 -0.00554219 0.00667851 0.00114871 -0.0103794 -0.00407493 3.93427e-05 0.00581703 -0.00952496 -0.0029951 0.0119837 0.0105163 0.00468152 0.0025989 0.00456568 -0.00587428 -0.00325936 -0.00247302 -0.00400631 -0.00855128 0.0065876 0.000409916 0.000857454 -0.00182249 -0.000445137 0.00648365 -0.00104562 -0.0181448 -0.0116158
internal_weight=7.70041e+06 5.11701e+06 2.5834e+06 1.53009e+06 3.58692e+06 601246 1.98216e+06 2.03227e+06 1.31634e+06 541648 1.23875e+06 213751 134567 532158 1.55465e+06 527332 743404 1.11905e+06 545148 573900 369551 784177 1.65283e+06 1.08496e+06 416303 567873 773980 427555 59598 172097
internal_count=7700414 5117011 2583403 1530086 3586925 601246 1982157 2032271 1316335 541648 1238753 213751 134567 532158 1554654 527332 743404 1119048 545148 573900 369551 784177 1652833 1084960 416303 567873 773980 427555 59598 172097
is_linear=0
shrinkage=0.05


Tree=88
num_leaves=31
num_cat=0
split_feature=23 23 23 23 23 23 23 10 10 30 30 30 30 21 14 20 3 35 12 12 30 15 21 24 12 23 12 23 21 14
split_gain=43191.2 10733.6 7692.82 2470.66 2132.47 1757.26 966.59 599.146 479.754 434.323 328.806 308.875 302.475 280.68 291.485 249.39 246.267 260.034 238.66 236.119 229.384 298.836 228.549 226.018 219.74 260.823 307.743 216.007 206.834 283.485
threshold=0.643567055463791 0.72947821021080028 0.56220871210098278 0.79225191473960888 0.48495049774646765 0.68625617027282726 0.60544714331626903 40.500000000000007 85.500000000000014 0.47780084935314138 0.59295273499344581 0.50674164078898409 0.67152717688412322 0.0032467246055603032 1.0000000180025095e-35 64.500000000000014 9.5000000000000018 11.500000000000002 59.500000000000007 67.500000000000014 0.45557139690883769 28.500000000000004 -0.0033519566059112544 63.454586910833477 72.500000000000014 0.74889159202575695 74.500000000000014 0.51323893666267406 -0.0030857324600219722 1.0000000180025095e-35
decision_type=2 2 2 2 2 2 2 2 2 2 2 2 2 2 2 2 2 2 2 2 2 2 2 2 2 2 2 2 2 2
left_child=2 5 4 10 7 11 -4 20 13 -6 24 -2 19 16 -15 18 -5 -18 -8 -7 23 -22 -9 -1 -3 -26 -27 -11 29 -20
right_child=1 3 6 8 9 12 15 22 -10 27 -12 -13 -14 14 -16 -17 17 -19 28 -21 21 -23 -24 -25 25 26 -28 -29 -30 -31
leaf_value=-0.00048792020532381218 0.00072752442254054076 0.0099311954336165301 -0.0042262920490460636 0.011914126059914818 -0.0059551305915600409 0.011044554327278772 0.0056640705703635942 -0.00027312408300055751 0.012744304277893454 -0.010273051787069262 0.0030099231663091148 -0.00066137445922404686 0.00031889646247749639 0.0044181259173139897 -0.018591896538934168 -0.011285131414834636 0.0063276975406540929 0.010776328603609074 -0.00078044985985264894 0.002759373555732168 -0.04286034676245009 -0.019631346715523017 -0.011816251505761228 -0.01591384037456799 0.0038578781200817231 0.011529130868355246 0.0057446684868342713 -0.0076810708121701392 -0.0021087031340036827 0.0096605333979226313
leaf_weight=2708 1269621 29055 875066 58672 345260 8654 10338 4413 121743 108241 133914 584621 133555 8147 1656 7119 84899 53580 26159 1360549 1463 25820 151607 19284 190629 23697 774349 312281 964663 8651
leaf_count=2708 1269621 29055 875066 58672 345260 8654 10338 4413 121743 108241 133914 584621 133555 8147 1656 7119 84899 53580 26159 1360549 1463 25820 151607 19284 190629 23697 774349 312281 964663 8651
internal_value=2.62984e-06 0.0028835 -0.00486478 0.00643028 -0.00848246 0.00131947 -0.00300799 -0.0130078 0.0102537 -0.00726929 0.005339 0.000289621 0.00259019 0.00878864 0.000530942 -0.00195964 0.00919924 0.00804896 -0.00189389 0.00281174 -0.0178142 -0.0208771 -0.0114898 -0.0140144 0.00564547 0.00551952 0.00591643 -0.00834824 -0.00197207 0.00181437
internal_weight=7.70041e+06 4.83734e+06 2.86307e+06 1.48034e+06 971077 3.357e+06 1.892e+06 205295 328697 765782 1.15164e+06 1.85424e+06 1.50276e+06 206954 9803 1.01693e+06 197151 138479 1.00981e+06 1.3692e+06 49275 27283 156020 21992 1.01773e+06 988675 798046 420522 999473 34810
internal_count=7700414 4837341 2863073 1480341 971077 3357000 1891996 205295 328697 765782 1151644 1854242 1502758 206954 9803 1016930 197151 138479 1009811 1369203 49275 27283 156020 21992 1017730 988675 798046 420522 999473 34810
is_linear=0
shrinkage=0.05


Tree=89
num_leaves=31
num_cat=0
split_feature=23 23 23 23 23 23 10 23 23 12 21 21 14 23 21 23 12 21 14 12 21 15 23 17 21 14 21 14 23 17
split_gain=39042.7 10803.6 5930.64 2540.89 1656.24 1288.87 1280.52 445.636 360.908 339.386 326.878 315.571 377.638 308.722 308.232 305.723 340.602 270.206 411.358 270.08 258.657 259.612 254.926 248.679 241.461 394.562 234.681 251.691 226.956 271.889
threshold=0.63323622941970836 0.71757391095161449 0.53233033418655407 0.79225191473960888 0.67513644695281994 0.58476763963699352 42.500000000000007 0.87313267588615429 0.76153963804245006 71.500000000000014 -0.0033519566059112544 0.0032467246055603032 1.0000000180025095e-35 0.72058704495430004 0.0053887963294982919 0.6637515425682069 66.500000000000014 -0.0023401677608489986 1.0000000180025095e-35 63.500000000000007 -0.0020436346530914302 32.500000000000007 0.49589791893959051 65.996527777777786 -0.00247657299041748 1.0000000180025095e-35 -0.0023401677608489986 1.0000000180025095e-35 0.70634964108467113 69.927083333333357
decision_type=2 2 2 2 2 2 2 2 2 2 2 2 2 2 2 2 2 2 2 2 2 2 2 2 2 2 2 2 2 2
left_child=2 4 6 8 15 26 20 11 9 -3 -8 17 -13 -11 22 16 -2 18 -5 24 -1 -22 -12 -17 25 -7 27 -4 -6 -30
right_child=1 3 5 7 28 19 10 -9 -10 13 14 12 -14 -15 -16 23 -18 -19 -20 -21 21 -23 -24 -25 -26 -27 -28 -29 29 -31
leaf_value=-0.0021997115887488553 -0.00064041630339672386 0.0077746948190815365 -0.0037380481362321639 0.011678439986875325 0.0015339665347093761 -0.0016327851466007182 -0.00055026912332682557 0.013194806634477797 0.0056076201058023441 -0.0021016149791889508 -0.010183771203363607 0.005061263968416805 -0.017527418596792878 0.0038535350895018933 -0.020306109923483931 0.0063127388906758499 -0.012240936302653984 0.008723310115999151 0.032561367965237085 -0.012555526178109134 -0.023669150357905941 -0.015046738021891354 -0.0077965518217843728 0.00044108999361589841 -0.0027720697602187008 0.0090296458416744621 -0.0054370286713922023 0.006156576908901896 0.014027386185942119 0.0026542702152913978
leaf_weight=3418 946334 53740 24583 12974 824120 37859 12264 72732 719921 22644 177251 10632 2240 559420 5767 18398 6370 227237 2882 6880 10188 61009 303023 907859 1104790 11256 791009 8702 5292 749620
leaf_count=3418 946334 53740 24583 12974 824120 37859 12264 72732 719921 22644 177251 10632 2240 559420 5767 18398 6370 227237 2882 6880 10188 61009 303023 907859 1104790 11256 791009 8702 5292 749620
internal_value=2.49832e-06 0.00251351 -0.00504547 0.00579716 0.000914018 -0.00375208 -0.00952685 0.00974106 0.00484096 0.00397287 -0.00861215 0.00875967 0.00113025 0.00362186 -0.00881557 -8.91098e-05 -0.000717981 0.00916366 0.0154743 -0.00267846 -0.0156356 -0.0162806 -0.00867759 0.000557718 -0.00261957 0.000810806 -0.00526397 -0.0011512 0.00210768 0.002734
internal_weight=7.70041e+06 5.14242e+06 2.558e+06 1.68442e+06 3.45799e+06 1.98508e+06 572920 328697 1.35572e+06 635804 498305 255965 12872 582064 486041 1.87896e+06 952704 243093 15856 1.16078e+06 74615 71197 480274 926257 1.1539e+06 49115 824294 33285 1.57903e+06 754912
internal_count=7700414 5142415 2557999 1684422 3457993 1985079 572920 328697 1355725 635804 498305 255965 12872 582064 486041 1878961 952704 243093 15856 1160785 74615 71197 480274 926257 1153905 49115 824294 33285 1579032 754912
is_linear=0
shrinkage=0.05


Tree=90
num_leaves=31
num_cat=0
split_feature=23 23 10 27 23 10 23 30 30 21 23 30 21 14 23 17 22 12 14 30 21 22 14 12 21 14 14 21 10 12
split_gain=35203.3 9845.31 5293.53 2179.04 1638.95 1302.8 916.612 397.564 358.808 349.818 337.273 336.411 329.352 405.027 314.61 304.145 271.628 269.652 260.384 239.167 234.369 231.21 223.798 218.148 210.157 312.045 225.297 586.385 209.43 201.514
threshold=0.63237956166267406 0.72213184833526622 53.500000000000007 12.854795112138982 0.67513644695281994 42.500000000000007 0.58713051676750194 0.34551306686016697 0.62509385211072466 -0.0023401677608489986 0.76285651326179515 0.23662649585292114 0.0021731853485107426 0.20412414523745956 0.49589791893959051 88.003472222222243 0.0064001790892669755 53.500000000000007 1.0000000180025095e-35 0.27374277701479527 0.0016269087791442873 0.0042499899865282419 0.20412414523181696 53.500000000000007 -0.00043526291847228998 1.0000000180025095e-35 1.0000000180025095e-35 0.00021880865097045901 28.500000000000004 75.500000000000014
decision_type=2 2 2 2 2 2 2 2 2 2 2 2 2 2 2 2 2 2 2 2 2 2 2 2 2 2 2 2 2 2
left_child=2 4 5 10 8 20 23 16 -2 18 19 -8 15 -14 -11 -5 -6 -16 -7 21 28 -3 -22 -4 25 -13 -26 -28 -1 -12
right_child=1 3 6 12 7 9 11 -9 -10 14 29 24 13 -15 17 -17 -18 -19 -20 -21 22 -23 -24 -25 26 -27 27 -29 -30 -31
leaf_value=-0.028724077782250425 0.00021599387265076758 0.0047836225413948668 -0.00021072233001284972 0.0094853824090821784 0.0026675168211889129 -0.0053474322682969047 -0.00047788060924253281 0.0012282654115520215 -0.0015977156869803587 -0.0098579399246055445 0.01325988852970213 -0.0016722578084724879 0.0059896109480199597 -0.016755116688457968 -0.0069710902370596281 0.014749397798555648 0.0095960604146707231 -0.012378598239488796 0.0066310578054384704 0.0031422095010913507 -0.019942642466154018 0.011128139265163992 -0.046582211957548858 -0.0049189451474907766 -0.0028269802939830152 0.0083886223965024629 -0.0038856745639969542 -0.016099490601303782 -0.013682125751891098 0.0053977363302567223
leaf_weight=2396 1573433 185746 25420 224938 864958 14281 168806 776392 329855 178751 8240 40359 13333 2294 359082 31253 14381 24636 6649 379661 3496 15563 1018 764899 784300 9526 71098 11403 67641 746543
leaf_count=2396 1573433 185746 25420 224938 864958 14281 168806 776392 329855 178751 8240 40359 13333 2294 359082 31253 14381 24636 6649 379661 3496 15563 1018 764899 784300 9526 71098 11403 67641 746543
internal_value=1.84626e-06 0.00236933 -0.00482569 0.00561693 0.000902424 -0.00868454 -0.00347218 0.00205281 -9.83365e-05 -0.00788919 0.00478652 -0.00252908 0.0096977 0.00265066 -0.00812537 0.0101276 0.00278083 -0.00731827 -0.00154212 0.00388093 -0.0149085 0.00527412 -0.0259513 -0.00476751 -0.00290681 0.000248973 -0.00308842 -0.00557384 -0.0141968 0.00548357
internal_weight=7.70035e+06 5.16659e+06 2.53376e+06 1.60757e+06 3.55902e+06 657950 1.87581e+06 1.65573e+06 1.90329e+06 583399 1.33575e+06 1.08549e+06 271818 15627 562469 256191 879339 383718 20930 580970 74551 201309 4514 790319 916686 49885 866801 82501 70037 754783
internal_count=7700351 5166590 2533761 1607571 3559019 657950 1875811 1655731 1903288 583399 1335753 1085492 271818 15627 562469 256191 879339 383718 20930 580970 74551 201309 4514 790319 916686 49885 866801 82501 70037 754783
is_linear=0
shrinkage=0.05


Tree=91
num_leaves=31
num_cat=0
split_feature=23 23 23 23 23 23 23 16 30 12 23 21 12 23 23 21 14 19 23 30 12 17 30 21 12 30 12 24 14 3
split_gain=31867 7025.5 6749.21 1669.46 1612.25 1290.94 937.306 416.334 390.466 372.656 438.092 338.52 328.699 393.259 290.728 267.377 311.36 250.711 249.04 226.37 224.22 218.81 205.184 202.268 200.209 197.404 196.303 192.936 181.063 180.537
threshold=0.65412151813507091 0.74481257796287548 0.56530731916427623 0.47766967117786413 0.83397981524467479 0.69888237118721019 0.61705884337425243 36.500000000000007 0.40240348731308856 61.500000000000007 0.62118539214134227 -0.0072341859340667716 69.500000000000014 0.70091050863266002 0.52206307649612438 0.0031948685646057133 1.0000000180025095e-35 55.500000000000007 0.77471512556076061 0.56729592288954722 65.500000000000014 89.003472222222243 0.52454319561889895 0.0046232342720031747 51.500000000000007 0.50674164078898409 73.500000000000014 63.073835467049356 1.0000000180025095e-35 11.500000000000002
decision_type=2 2 2 2 2 2 2 2 2 2 2 2 2 2 2 2 2 2 2 2 2 2 2 2 2 2 2 2 2 2
left_child=2 5 3 7 11 25 17 22 -5 -8 -11 28 -7 -14 24 18 -17 -4 26 -19 -12 -6 -1 -9 -10 -2 -13 -24 -3 -20
right_child=1 4 6 8 21 12 9 23 14 10 20 15 13 -15 -16 16 -18 19 29 -21 -22 -23 27 -25 -26 -27 -28 -29 -30 -31
leaf_value=-0.013450478235432887 0.00095633467525730882 0.0095314925767561749 0.0042631670782612117 -0.0047266645760957963 0.0097809739072753053 0.0064539976881431357 0.0018452147700168441 -0.010297793842568896 -0.007942793556189898 -0.0059617305665005758 -0.0011679277807916195 0.014455503607556836 -0.0034268819456930114 0.0026021620469801401 -0.0061644387764503688 0.0022186546451755298 -0.014374459899846086 -0.0028453647486458792 0.007625249699663746 -0.0043897095288084756 -0.0098533578741847195 0.017881346668059999 -0.036282831600477156 -0.023331743245881519 -0.012744591700471184 -0.0001733374077150927 0.0047132092838153916 -0.01937153249636317 0.023074760364198497 0.0041446656688565783
leaf_weight=14507 1299965 8307 10910 285142 179872 54084 91911 149493 171307 51745 937301 5203 27613 1319671 364898 14883 3490 719343 147804 354086 7490 8742 2054 3037 24858 550470 829410 9431 3511 49813
leaf_count=14507 1299965 8307 10910 285142 179872 54084 91911 149493 171307 51745 937301 5203 27613 1319671 364898 14883 3490 719343 147804 354086 7490 8742 2054 3037 24858 550470 829410 9431 3511 49813
internal_value=1.75389e-06 0.00271225 -0.00381525 -0.00716024 0.00589639 0.00148724 -0.00223769 -0.0115541 -0.00623327 -0.00120116 -0.00148213 0.0051401 0.00263202 0.00247859 -0.00699895 0.00504544 -0.000933312 -0.00327814 0.00515185 -0.00335479 -0.00123678 0.0101564 -0.0174034 -0.0105573 -0.00855128 0.000620278 0.00477394 -0.0223963 0.0135552 0.00674791
internal_weight=7.70035e+06 4.50284e+06 3.19751e+06 1.02473e+06 1.25104e+06 3.2518e+06 2.17279e+06 178522 846205 1.08845e+06 996536 1.06242e+06 1.40137e+06 1.34728e+06 561063 1.0506e+06 18373 1.08434e+06 1.03223e+06 1.07343e+06 944791 188614 25992 152530 196165 1.85044e+06 834613 11485 11818 197617
internal_count=7700351 4502838 3197513 1024727 1251035 3251803 2172786 178522 846205 1088447 996536 1062421 1401368 1347284 561063 1050603 18373 1084339 1032230 1073429 944791 188614 25992 152530 196165 1850435 834613 11485 11818 197617
is_linear=0
shrinkage=0.05


Tree=92
num_leaves=31
num_cat=0
split_feature=23 23 23 23 13 23 23 21 30 21 15 30 21 14 23 16 30 21 21 14 22 13 30 14 21 17 17 21 14 20
split_gain=28791.5 6855.04 5532.36 1598.01 1186.82 1150.01 1093.89 350.5 306.116 295.652 303.932 283.709 281.799 391.356 278.281 225.076 218.977 215.521 211.394 295.171 209.586 209.171 206.791 202.911 194.533 192.425 187.796 183.018 275.543 181.598
threshold=0.64764782786369335 0.73445656895637523 0.54824754595756542 0.83397981524467479 43.020833333333336 0.69692483544349682 0.60206305980682384 -0.0080335736274719221 0.22645525928374383 -0.0044633746147155753 50.500000000000007 0.3354154715874676 0.002308130264282227 1.0000000180025095e-35 0.76543691754341137 32.500000000000007 0.0066036370189105102 -0.0023401677608489986 0.0021731853485107426 0.20412414523745956 0.0024053882698590007 89.020833333333357 0.37919291286421369 1.0000000180025095e-35 -0.0026652216911315914 68.996527777777786 76.003472222222243 0.0011898875236511233 1.0000000180025095e-35 60.500000000000007
decision_type=2 2 2 2 2 2 2 2 2 2 2 2 2 2 2 2 2 2 2 2 2 2 2 2 2 2 2 2 2 2
left_child=2 5 4 7 15 11 8 -3 -4 -6 27 20 14 -14 26 -1 -8 23 21 -20 -2 -5 -16 -10 -13 -7 -9 -11 -29 -19
right_child=1 3 6 18 9 25 16 12 17 10 -12 24 13 -15 22 -17 -18 29 19 -21 -22 -23 -24 -25 -26 -27 -28 28 -30 -31
leaf_value=-0.019914714179678772 0.0009183046661408803 0.012950800092790746 -0.0016676750977601637 0.0097491180828352744 0.00036456762103845536 0.012112208447857263 0.0089462276986841619 0.0043835051182279728 -0.0025496124801779444 -0.007887233180003601 -0.0060583075371375104 0.0037345507509339571 0.0022870707885066922 -0.013363254507586573 0.0083999272279923938 -0.012013499596621265 -0.0016159256529789407 -0.0042537877164046901 0.0063306606121906238 -0.016722310991516165 0.0043331466814192556 0.019296791070603947 0.0052552765484235207 0.0063264338428911278 -0.00021379500557650876 0.0023167316959082254 -0.0087065585634037868 -0.010067662465911193 -0.025472498205673946 -0.013397512058821516
leaf_weight=10158 869848 12741 144234 171515 14121 5033 4927 924795 24291 247921 390158 32141 26262 4711 76434 79995 1215449 824035 9539 1625 47380 5935 165429 8761 1061340 1294520 2748 15254 3585 5466
leaf_count=10158 869848 12741 144234 171515 14121 5033 4927 924795 24291 247921 390158 32141 26262 4711 76434 79995 1215449 824035 9539 1625 47380 5935 165429 8761 1061340 1294520 2748 15254 3585 5466
internal_value=1.66616e-06 0.00243645 -0.00383747 0.00536715 -0.00751738 0.00119544 -0.00257976 0.00470147 -0.00379976 -0.00679373 -0.0069476 0.000446218 0.00461391 -9.33825e-05 0.00473859 -0.0129038 -0.00157328 -0.00415628 0.0096486 0.00297502 0.0010947 0.0100685 0.00624906 -0.000196852 -9.77398e-05 0.00235467 0.00434472 -0.00824826 -0.0129993 -0.00431404
internal_weight=7.70035e+06 4.712e+06 2.98836e+06 1.40173e+06 761192 3.31026e+06 2.22716e+06 1.21312e+06 1.00679e+06 671039 656918 2.01071e+06 1.20038e+06 30973 1.16941e+06 90153 1.22038e+06 862553 188614 11164 917228 177450 241863 33052 1.09348e+06 1.29955e+06 927543 266760 18839 829501
internal_count=7700351 4711996 2988355 1401734 761192 3310262 2227163 1213120 1006787 671039 656918 2010709 1200379 30973 1169406 90153 1220376 862553 188614 11164 917228 177450 241863 33052 1093481 1299553 927543 266760 18839 829501
is_linear=0
shrinkage=0.05


Tree=93
num_leaves=31
num_cat=0
split_feature=23 23 23 23 10 23 23 30 23 12 30 21 10 30 12 12 23 23 12 23 21 12 21 30 21 12 23 12 23 21
split_gain=26017.8 6984.83 4215.53 1742.68 1081.5 963.513 669.562 383.792 316.214 308.268 308.164 302.89 291.229 289.142 286.82 252.099 450.273 251.731 360.801 261.167 247.874 247.562 243.925 224.698 223.296 213.337 247.843 234.559 206.259 200.343
threshold=0.63676577806472789 0.71465814113616954 0.54824754595756542 0.79225191473960888 42.500000000000007 0.67412567138671886 0.5958991050720216 0.67152717688412322 0.87313267588615429 54.500000000000007 0.56453429149337797 0.0053887963294982919 50.500000000000007 0.44379770467181773 50.500000000000007 59.500000000000007 0.60077652335166942 0.56684723496437084 56.500000000000007 0.57130533456802379 -0.0023401677608489986 59.500000000000007 0.0011064410209655764 0.352950782804279 -0.0020436346530914302 63.500000000000007 0.64847591519355785 64.500000000000014 0.76543691754341137 -0.006576359272003173
decision_type=2 2 2 2 2 2 2 2 2 2 2 2 2 2 2 2 2 2 2 2 2 2 2 2 2 2 2 2 2 2
left_child=2 5 4 7 24 10 9 22 20 -4 25 12 29 -7 -14 -8 -17 -11 -19 -20 -5 -21 28 -22 -1 -2 -27 -28 -3 -6
right_child=1 3 6 8 11 13 15 -9 -10 17 -12 -13 14 -15 -16 16 -18 18 19 21 23 -23 -24 -25 -26 26 27 -29 -30 -31
leaf_value=-0.00025947838093578227 0.0028202888562644099 0.0041188005981445119 0.00058422466345281064 0.013195329032743187 0.0027101606414243352 0.002138344755650438 0.00053995091010867709 0.0012536199538669777 0.010868727937208771 -0.0052842021331354939 -0.0012271800881340912 -0.016067809583529036 0.0011887420689688025 0.00067503406571177633 -0.005800425576888063 -0.0070653561495319043 -0.0018827823631377095 8.9693066889572884e-05 -0.0077038208291523042 -0.0033126857486019514 0.009219375617779137 -0.010166517715010846 0.00046847177702569426 0.0057934506292097784 -0.013455424630734989 -0.0018053491610903545 0.0034425143437156296 0.00024656368311159804 0.0065753213167309994 -0.0078049747867861806
leaf_weight=3357 80882 1146497 39054 15824 4605 1058373 97873 123374 72785 251067 415977 8208 15267 495686 381165 43990 886638 66042 40229 461884 65990 13562 42936 174223 71194 140833 60723 1052385 92332 277396
leaf_count=3357 80882 1146497 39054 15824 4605 1058373 97873 123374 72785 251067 415977 8208 15267 495686 381165 43990 886638 66042 40229 461884 65990 13562 42936 174223 71194 140833 60723 1052385 92332 277396
internal_value=1.58283e-06 0.00211386 -0.0039974 0.00468391 -0.00714151 0.00076544 -0.002738 0.00391711 0.00796061 -0.00375738 -3.88969e-05 -0.0065205 -0.00640499 0.0016716 -0.00553127 -0.0018739 -0.00212776 -0.00396098 -0.00338988 -0.0038355 0.00713391 -0.00350819 0.00417348 0.00673461 -0.0128612 0.000331413 0.000170875 0.000420912 0.00430189 -0.00763326
internal_weight=7.70035e+06 5.03882e+06 2.66153e+06 1.73396e+06 761192 3.30486e+06 1.90034e+06 1.40514e+06 328822 871838 1.7508e+06 686641 678433 1.55406e+06 396432 1.0285e+06 930628 832784 581717 515675 256037 475446 1.28176e+06 240213 74551 1.33482e+06 1.25394e+06 1.11311e+06 1.23883e+06 282001
internal_count=7700351 5038820 2661531 1733961 761192 3304859 1900339 1405139 328822 871838 1750800 686641 678433 1554059 396432 1028501 930628 832784 581717 515675 256037 475446 1281765 240213 74551 1334823 1253941 1113108 1238829 282001
is_linear=0
shrinkage=0.05


Tree=94
num_leaves=31
num_cat=0
split_feature=23 23 23 15 13 23 23 30 15 12 23 21 12 14 21 14 12 21 14 30 23 30 35 3 21 23 17 18 30 21
split_gain=23538.1 5148.58 5043.33 1228.66 1193.82 917.021 746.484 336.544 297.375 278.155 404.864 265.779 227.053 222.417 213.497 254.654 210.966 208.92 377.619 209.82 205.53 203.309 194.355 313.748 193.363 193.338 181.076 178.091 176.155 173.554
threshold=0.65500000119209301 0.74481257796287548 0.5638321340084077 46.500000000000007 83.020833333333357 0.70396336913108837 0.61607232689857494 0.47780084935314138 34.500000000000007 61.500000000000007 0.62118539214134227 -0.0043153464794158927 64.500000000000014 1.0000000180025095e-35 0.0031948685646057133 1.0000000180025095e-35 65.500000000000014 -0.00247657299041748 1.0000000180025095e-35 0.50115785300816829 0.62598383426666271 0.56729592288954722 12.500000000000002 10.500000000000002 0.0025131702423095707 0.77471512556076061 73.947916666666671 1.0000000180025095e-35 0.52454319561889895 0.00073361396789550792
decision_type=2 2 2 2 2 2 2 2 2 2 2 2 2 2 2 2 2 2 2 2 2 2 2 2 2 2 2 2 2 2
left_child=2 5 3 8 11 12 21 29 28 20 -11 13 -2 -3 25 -16 -12 18 -14 -19 -8 -4 23 -6 -10 26 -13 -21 -1 -5
right_child=1 4 6 7 22 -7 9 -9 24 10 16 14 17 -15 15 -17 -18 19 -20 27 -22 -23 -24 -25 -26 -27 -28 -29 -30 -31
leaf_value=-0.012115609473485197 0.0068302550045655211 0.0075024608627863205 -0.0023926693286617394 -0.0040607932996625119 0.0095419235495903636 0.0023409262587920517 0.00064658537273303647 -0.0063540967997604185 -0.009104841985880489 -0.0053846334236561447 -0.00098396256912413184 0.014645351380444717 0.0016265420009310989 0.021073842355024887 0.0018418237705501901 -0.013110773648844885 -0.0085300625972926907 0.00082716254901261856 0.012357426190229285 0.00032427948806353698 0.0081111017340352223 -0.0038518021363672518 0.011132098423250235 0.003970789209278648 -0.01803561340452868 0.0058083546133604778 0.0040511700665005722 -0.0015276230973138294 -0.022224813341495522 -0.008377173628911383
leaf_weight=10123 14581 12904 728430 352206 74684 1265065 102943 467224 130539 57218 961882 4053 43670 3941 15464 3490 9352 1319276 10093 373766 10129 355113 62506 38197 6356 207600 828196 198909 7504 24937
leaf_count=10123 14581 12904 728430 352206 74684 1265065 102943 467224 130539 57218 961882 4053 43670 3941 15464 3490 9352 1319276 10093 373766 10129 355113 62506 38197 6356 207600 828196 198909 7504 24937
internal_value=1.50367e-06 0.00234752 -0.00325589 -0.00620742 0.00507025 0.00129144 -0.00193088 -0.00545725 -0.0103066 -0.00103862 -0.00129741 0.00444655 0.000614168 0.0106777 0.00434742 -0.000911453 -0.00105662 0.000567585 0.00364108 0.000480246 0.00131526 -0.00287088 0.00889533 0.00765675 -0.00951951 0.00444328 0.00410276 -0.000318948 -0.0164193 -0.0043462
internal_weight=7.70035e+06 4.4764e+06 3.22396e+06 998889 1.25104e+06 3.22536e+06 2.22507e+06 844367 154522 1.14152e+06 1.02845e+06 1.07565e+06 1.9603e+06 16845 1.0588e+06 18954 971234 1.94571e+06 53763 1.89195e+06 113072 1.08354e+06 175387 112881 136895 1.03985e+06 832249 572675 17627 377143
internal_count=7700351 4476395 3223956 998889 1251035 3225360 2225067 844367 154522 1141524 1028452 1075648 1960295 16845 1058803 18954 971234 1945714 53763 1891951 113072 1083543 175387 112881 136895 1039849 832249 572675 17627 377143
is_linear=0
shrinkage=0.05


Tree=95
num_leaves=31
num_cat=0
split_feature=23 23 23 23 23 23 27 30 12 23 30 30 30 30 12 23 22 12 35 20 27 12 12 23 30 30 18 2 29 18
split_gain=21383.5 5965.33 3244.22 1417.68 875.13 779.533 694.793 341.923 339.677 372.435 278.312 269.951 267.349 254.352 246.463 208.485 197.422 196.162 194.565 193.1 189.037 188.907 183.488 180.685 180.426 173.352 172.893 167.821 161.449 159.972
threshold=0.63237956166267406 0.71465814113616954 0.52708333730697643 0.79225191473960888 0.67412567138671886 0.58117648959159862 -25.849974924698802 0.70052558483611838 57.500000000000007 0.57847285270690929 0.51553460969920795 0.49848238706471609 0.62509385211072466 0.34551306686016697 52.500000000000007 0.54176726937294017 0.0064001790892669755 54.500000000000007 10.500000000000002 23.500000000000004 5.199897392464444 71.500000000000014 70.500000000000014 0.89309459924697887 0.0066036370189105102 0.49349278204999963 1.0000000180025095e-35 20.500000000000004 63.452536560443015 1.0000000180025095e-35
decision_type=2 2 2 2 2 2 2 2 2 2 2 2 2 2 2 2 2 2 2 2 2 2 2 2 2 2 2 2 2 2
left_child=2 4 6 7 12 8 19 20 9 14 23 24 -2 16 -4 17 -6 -16 -12 -1 22 -15 -3 -5 -7 -8 -14 -21 -29 -9
right_child=1 3 5 10 13 11 25 29 -10 -11 18 -13 26 21 15 -17 -18 -19 -20 27 -22 -23 -24 -25 -26 -27 -28 28 -30 -31
leaf_value=-0.055429174095702784 0.0001841649845754048 0.010629534379884384 3.5598750269647781e-05 0.007883922317141882 0.0020106944497373844 0.0083712228092049298 -0.0055412762914682249 0.0021874334889178796 -0.0077671532253971616 0.0024451705224112215 0.0038599488281454725 -0.0028724359558178654 -0.00057308966165757469 0.0008864611678479486 -0.0056848453317607786 -0.0037771041049514038 0.008313874791378139 -0.017384688490705048 0.0079901605878927948 -0.010363534273889018 0.0041420654570685951 -0.0094222052579910273 0.0026310322932927388 0.013357676890241831 -0.0014455436363573293 -0.007491720876956565 -0.0030175749335870877 -0.03392780986391325 -0.014875404346547695 -0.0019141677460752253
leaf_weight=259 1555251 7319 36248 188365 827348 4714 205375 72024 57559 23274 80395 552011 215382 709921 122975 553727 12612 3690 44186 40627 936917 4472 352465 16388 658619 255830 108911 1187 17577 35485
leaf_count=259 1555251 7319 36248 188365 827348 4714 205375 72024 57559 23274 80395 552011 215382 709921 122975 553727 12612 3690 44186 40627 936917 4472 352465 16388 658619 255830 108911 1187 17577 35485
internal_value=-1.05016e-07 0.00184478 -0.00376276 0.00423576 0.000637737 -0.00285263 -0.00727994 0.0035433 -0.00406735 -0.00377953 0.00718826 -0.00205556 -8.81373e-05 0.00151547 -0.00398169 -0.00419571 0.00210534 -0.0060257 0.00532484 -0.0123578 0.00376796 0.000821929 0.00279375 0.00832204 -0.00137578 -0.00662319 -0.00139405 -0.0121699 -0.0160808 0.000833636
internal_weight=7.70111e+06 5.16744e+06 2.53367e+06 1.73354e+06 3.4339e+06 2.01282e+06 520855 1.40421e+06 797473 739914 329334 1.21534e+06 1.87954e+06 1.55435e+06 716640 680392 839960 126665 124581 59650 1.2967e+06 714393 359784 204753 663333 461205 324293 59391 18764 107509
internal_count=7701113 5167441 2533672 1733544 3433897 2012817 520855 1404210 797473 739914 329334 1215344 1879544 1554353 716640 680392 839960 126665 124581 59650 1296701 714393 359784 204753 663333 461205 324293 59391 18764 107509
is_linear=0
shrinkage=0.05


Tree=96
num_leaves=31
num_cat=0
split_feature=23 23 23 10 23 23 27 17 21 30 12 21 30 23 14 23 17 21 12 30 21 14 30 21 30 14 22 10 20 21
split_gain=19319.5 5016.39 3254.9 1221.04 786.318 756.332 670.147 442.333 314.642 273.808 270.858 256.678 248.854 246.132 241.654 230.279 218.97 207.265 200.794 199.241 197.602 303.68 195.823 192.346 189.727 175.776 175.705 174.675 170.644 166.558
threshold=0.63935959339141857 0.72213184833526622 0.53233033418655407 82.500000000000014 0.58366993069648754 0.67706304788589489 -25.849974924698802 63.128472222222229 -0.0080335736274719221 0.59636655999222921 67.500000000000014 -0.0013619959354400633 0.23662649585292114 0.76399549841880809 1.0000000180025095e-35 0.68033981323242199 76.003472222222243 0.0058994293212890634 75.500000000000014 0.38798000883457501 0.0021731853485107426 0.20412414523745956 0.27620033212380696 -0.0061723291873931876 0.56165156391700499 1.0000000180025095e-35 0.0042499899865282419 89.500000000000014 23.500000000000004 0.0016269087791442873
decision_type=2 2 2 2 2 2 2 2 2 2 2 2 2 2 2 2 2 2 2 2 2 2 2 2 2 2 2 2 2 2
left_child=2 5 6 8 24 7 23 -2 25 10 -7 14 -6 16 -8 -12 22 -13 -15 -9 27 -22 26 -1 -4 -3 -10 -5 -25 -30
right_child=1 3 4 20 12 9 11 19 13 -11 15 17 -14 18 -16 -17 -18 -19 -20 -21 21 -23 -24 28 -26 -27 -28 -29 29 -31
leaf_value=0.011382169517877745 0.0088147117884114692 0.0071211948767895897 -0.0031572775002623767 0.0079719804401858583 -0.00017916249340497615 0.0048329012937086318 -0.004027034215818447 0.0004691007976918734 0.0036724676777477464 3.1103955524225035e-05 -0.0036582102127126329 -0.0062684165326967649 -0.0020453139361205834 0.013015267138128018 0.0079382322561643362 0.0017430138615724998 -0.013422336522709917 -0.016407562577353752 0.0040694179400945323 -0.00060414185482521104 0.0050148662585511481 -0.016905949118517533 0.0021733381989149773 -0.053056002575764309 -0.004765234478932831 0.018738421480725739 0.0093702066906366198 0.017243302418519658 -0.01121558313929092 -0.02214057733613909
leaf_weight=886 14248 10110 514134 180970 211445 70918 15473 927793 203577 252401 20047 487280 1151622 6323 5802 1262683 2073 5093 785495 809948 10334 1865 382080 253 285225 4803 14494 5227 54785 3726
leaf_count=886 14248 10110 514134 180970 211445 70918 15473 927793 203577 252401 20047 487280 1151622 6323 5802 1262683 2073 5093 785495 809948 10334 1865 382080 253 285225 4803 14494 5227 54785 3726
internal_value=-9.98227e-08 0.00185878 -0.003374 0.00415586 -0.00248598 0.000759261 -0.00672352 4.08095e-05 0.00363873 0.001543 0.0018249 -0.00614096 -0.00175583 0.00356145 -0.000763911 0.0016586 0.00279963 -0.0063733 0.00414086 -3.11295e-05 0.00782836 0.00166347 0.00285567 -0.0117399 -0.00373102 0.0108628 0.00405117 0.00823226 -0.0120886 -0.0119113
internal_weight=7.70111e+06 4.96539e+06 2.73572e+06 1.60735e+06 2.16243e+06 3.35804e+06 573298 1.75199e+06 1.40896e+06 1.60605e+06 1.35365e+06 513648 1.36307e+06 1.39404e+06 21275 1.28273e+06 602224 492373 791818 1.73774e+06 198396 12199 600151 59650 799359 14913 218071 186197 58764 58511
internal_count=7701113 4965389 2735724 1607351 2162426 3358038 573298 1751989 1408955 1606049 1353648 513648 1363067 1394042 21275 1282730 602224 492373 791818 1737741 198396 12199 600151 59650 799359 14913 218071 186197 58764 58511
is_linear=0
shrinkage=0.05


Tree=97
num_leaves=31
num_cat=0
split_feature=23 28 23 23 10 23 23 12 23 28 21 14 12 23 21 14 12 21 21 14 21 14 12 23 23 21 12 23 23 12
split_gain=17479 3852.27 3696.89 949.144 947.434 637.073 556.093 325.318 316.436 312.365 284.438 345.338 269.058 304.753 255.725 258.537 232.876 219.606 204.249 266.856 199.298 518.176 191.699 292.992 225.493 181.117 175.276 315.396 304.419 167.306
threshold=0.65412151813507091 0.64350059634240042 0.5638321340084077 0.48495049774646765 83.500000000000014 0.69888237118721019 0.60676470398902904 69.500000000000014 0.70091050863266002 -3.4551257773507946 -0.0029317736625671382 1.0000000180025095e-35 60.500000000000007 0.61154127120971691 -0.0023401677608489986 1.0000000180025095e-35 56.500000000000007 0.0056040883064270028 -0.0030857324600219722 1.0000000180025095e-35 0.0011898875236511233 1.0000000180025095e-35 56.500000000000007 0.57130533456802379 0.56844824552536022 -0.0021185576915740962 59.500000000000007 0.59703248739242565 0.60077652335166942 64.500000000000014
decision_type=2 2 2 2 2 2 2 2 2 2 2 2 2 2 2 2 2 2 2 2 2 2 2 2 2 2 2 2 2 2
left_child=2 5 3 9 10 29 22 -7 -9 -1 11 -3 -8 -14 15 -5 20 -12 19 -15 -16 -22 24 -24 -4 -11 27 -25 -28 -2
right_child=1 4 6 14 -6 7 12 8 -10 25 17 -13 13 18 16 -17 -18 -19 -20 -21 21 -23 23 26 -26 -27 28 -29 -30 -31
leaf_value=-0.014008103530170193 0.0052585782104895076 0.0057228658921636413 -0.0028114929134584674 -0.0028816883915325966 0.0077102157590758329 0.0057246652224489502 0.0016621620342620166 -0.0035572206831260959 0.0018506107928527066 -0.00023703928401816785 0.003721370307673548 0.019487989976571259 -0.0049168136703264982 0.00017023501033131366 -0.0044297799750111777 0.0077384146023373058 -0.014232693892362105 -0.0022523921413684952 -0.0011787846420419682 0.0097975754345608901 -0.0054992374982931929 -0.018966538438690759 -0.0067169880598436475 -0.0027222836901855509 0.0017190091402502817 -0.0080330813017390618 -0.0070635880401130604 0.00085790238584053347 -0.0025264459150376173 0.0004135525999475802
leaf_weight=21995 17994 18908 59344 20461 174559 53196 86414 27642 1264439 7780 1104145 6003 53444 30019 704107 7960 6403 15602 1146326 9468 47110 8419 48187 481255 51127 175602 57330 70531 104099 1821244
leaf_count=21995 17994 18908 59344 20461 174559 53196 86414 27642 1264439 7780 1104145 6003 53444 30019 704107 7960 6403 15602 1146326 9468 47110 8419 48187 481255 51127 175602 57330 70531 104099 1821244
internal_value=-9.48631e-08 0.00200697 -0.00282719 -0.00534774 0.00427896 0.00106578 -0.00168039 0.00189268 0.00173492 -0.00837766 0.0037557 0.00904002 -0.00103535 -0.00122345 -0.00456447 9.27494e-05 -0.00473726 0.00363813 -0.00105699 0.00247865 -0.00465722 -0.00754111 -0.00266116 -0.00294356 -0.000714735 -0.00770233 -0.00268862 -0.00226465 -0.00413777 0.000460954
internal_weight=7.70111e+06 4.50373e+06 3.19738e+06 999837 1.31922e+06 3.18452e+06 2.19754e+06 1.34528e+06 1.29208e+06 205377 1.14466e+06 24911 1.32567e+06 1.23926e+06 794460 28421 766039 1.11975e+06 1.18581e+06 39487 759636 55529 871873 761402 110471 183382 713215 551786 161429 1.83924e+06
internal_count=7701113 4503732 3197381 999837 1319217 3184515 2197544 1345277 1292081 205377 1144658 24911 1325671 1239257 794460 28421 766039 1119747 1185813 39487 759636 55529 871873 761402 110471 183382 713215 551786 161429 1839238
is_linear=0
shrinkage=0.05


Tree=98
num_leaves=31
num_cat=0
split_feature=23 23 23 10 23 27 23 20 20 23 3 35 20 35 19 27 19 23 20 19 19 16 25 20 32 19 23 19 2 32
split_gain=15804.5 4413.69 2425.15 1076.98 642.304 534.73 531.118 236.707 229.317 227.746 220.472 296.047 196.4 183.235 173.31 207.576 170.318 165.069 257.098 191.114 161.944 158.266 156.414 142.03 131.252 130.162 126.436 181.498 125.486 145.038
threshold=0.63237956166267406 0.71465814113616954 0.52983984351158153 78.500000000000014 0.67412567138671886 -25.849974924698802 0.58117648959159862 67.500000000000014 63.500000000000007 0.88134998083114635 9.5000000000000018 11.500000000000002 71.500000000000014 14.500000000000002 70.500000000000014 5.2965368882326525 66.500000000000014 0.6637515425682069 66.500000000000014 65.500000000000014 62.500000000000007 23.500000000000004 7.5831547984375627 58.500000000000007 7.8489205837249765 52.500000000000007 0.7070213556289674 69.500000000000014 18.500000000000004 12.403628349304201
decision_type=2 2 2 2 2 2 2 2 2 2 2 2 2 2 2 2 2 2 2 2 2 2 2 2 2 2 2 2 2 2
left_child=2 4 5 14 7 21 23 17 -8 10 13 -12 16 -5 -3 -16 -6 18 20 -19 -2 -1 -23 25 -7 -4 -18 -28 29 -24
right_child=1 3 6 9 12 24 8 -9 -10 -11 11 -13 -14 -15 15 -17 26 19 -20 -21 -22 22 28 -25 -26 -27 27 -29 -30 -31
leaf_value=-0.043518404868466948 0.0030100772749882508 0.0094064242304679278 -1.3836207575202667e-06 0.0093958084460944585 0.0063454719930227501 -0.0048650080425051909 -0.0017248400329344965 -0.0092415615965234909 -0.011684601608243929 0.0093274948251895386 0.0033759052958333615 0.0071532243427902611 -0.0082943320378029914 0.003540216079006322 0.0020186465743413005 0.0033689178754516148 0.00087448633161974821 0.005348138619784587 -0.010804864967978755 0.00034155755202389625 -0.00054689739192942811 -0.019751593495147254 -0.0058667401914425758 -0.013454253693127105 -0.0065104355189488641 -0.0035278886363013166 0.010905504398000653 0.0017156053183410075 -0.012828094097137213 -0.013079126289151817
leaf_weight=364 33130 10562 27123 56073 16761 258040 1209537 7015 5807 48682 134095 84597 5316 17539 400955 981041 856784 19485 6003 876145 937766 4201 24766 3531 228536 741448 5416 670076 20618 9701
leaf_count=364 33130 10562 27123 56073 16761 258040 1209537 7015 5807 48682 134095 84597 5316 17539 400955 981041 856784 19485 6003 876145 937766 4201 24766 3531 228536 741448 5416 670076 20618 9701
internal_value=-9.01292e-08 0.00158598 -0.00323488 0.00364262 0.000547714 -0.00618559 -0.00242392 -7.41498e-05 -0.00177243 0.00616113 0.00563379 0.00483709 0.00129968 0.00800065 0.00302593 0.00297717 0.0013326 -3.98057e-05 -0.000489304 0.000450479 -0.000425522 -0.0106537 -0.0104518 -0.0034494 -0.00563784 -0.00340344 0.00127777 0.00178929 -0.00974255 -0.00789675
internal_weight=7.70111e+06 5.16744e+06 2.53367e+06 1.73354e+06 3.4339e+06 546226 1.98745e+06 1.87954e+06 1.21534e+06 340986 292304 218692 1.55435e+06 73612 1.39256e+06 1.382e+06 1.54904e+06 1.87253e+06 976899 895630 970896 59650 59286 772102 486576 768571 1.53228e+06 675492 55085 34467
internal_count=7701113 5167441 2533672 1733544 3433897 546226 1987446 1879544 1215344 340986 292304 218692 1554353 73612 1392558 1381996 1549037 1872529 976899 895630 970896 59650 59286 772102 486576 768571 1532276 675492 55085 34467
is_linear=0
shrinkage=0.05


Tree=99
num_leaves=31
num_cat=0
split_feature=23 23 23 10 23 23 15 12 23 30 22 12 23 21 14 12 15 30 21 14 21 30 23 12 21 12 25 23 30 30
split_gain=14278.8 4205.69 2012.69 971.971 659.819 486.909 409.322 333.853 328.419 273.619 281.067 264.281 298.402 263.822 377.059 258.04 229.639 226.849 208.93 546.847 197.046 187.37 187.944 368.596 183.1 174.642 173.308 173.097 162.482 160.987
threshold=0.62692841887474071 0.71465814113616954 0.5190885365009309 78.500000000000014 0.66789564490318309 0.57723164558410656 41.500000000000007 62.500000000000007 0.63151890039443981 0.3329573035005729 0.0035078462120882682 57.500000000000007 0.58117648959159862 0.0038189291954040532 1.0000000180025095e-35 51.500000000000007 51.500000000000007 0.5303175576831618 0.0013028979301452639 1.0000000180025095e-35 -0.0063644051551818839 0.59295273499344581 0.67821946740150463 67.500000000000014 0.0049036741256713876 66.500000000000014 7.5831547984375627 0.68033981323242199 0.5531604614399932 0.52454319561889895
decision_type=2 2 2 2 2 2 2 2 2 2 2 2 2 2 2 2 2 2 2 2 2 2 2 2 2 2 2 2 2 2
left_child=2 4 6 9 7 15 20 -2 -9 10 -3 -7 -13 17 -15 -4 -17 -5 21 -20 -1 22 25 -24 -8 -6 -22 -25 -18 -28
right_child=1 3 5 13 18 11 24 8 -10 -11 -12 12 -14 14 -16 16 28 -19 19 -21 26 -23 23 27 -26 -27 29 -29 -30 -31
leaf_value=0.011769134865668789 0.0022145758721751805 0.0032533576759194039 0.0017044204552871161 0.0071185224376647737 0.0027246906292594164 0.0011062466829111432 -0.0055303001296750686 -0.0042266485216481695 -0.00048994989063442802 0.0020482935840299725 0.0074907462865527637 -0.0063438582618638552 -0.0018952132386677982 0.0032220579509093491 -0.016490135962205121 -0.014777519905975832 -0.0029864022144997266 0.0043316248081007478 4.2942760466337664e-05 -0.012396133853797047 -0.019957493563140943 -0.00015048696876577967 0.0056431757382240559 -0.0044526880063787038 -0.015114615054877859 0.00034090636768031976 -0.0073291640327090403 0.0014968480691178879 -0.0044779174363273862 -0.012757073858379115
leaf_weight=1016 108287 768688 23347 213623 86841 70317 376180 62057 1121042 582637 41233 39132 1026598 13464 2959 4593 471319 110940 68263 10149 4426 279877 54457 12360 5050 666769 31575 1121762 298074 24078
leaf_count=1016 108287 768688 23347 213623 86841 70317 376180 62057 1121042 582637 41233 39132 1026598 13464 2959 4593 471319 110940 68263 10149 4426 279877 54457 12360 5050 666769 31575 1121762 298074 24078
internal_value=-8.56939e-08 0.00143791 -0.00322352 0.00346049 0.000461757 -0.00252742 -0.00626616 -0.000442732 -0.000685951 0.00287463 0.00346908 -0.00186267 -0.00205856 0.00585308 -0.000329649 -0.00347456 -0.00363078 0.00616592 0.000969497 -0.00156708 -0.0100656 0.00105901 0.0012333 0.00162495 -0.00565726 0.000615598 -0.0104349 0.00143201 -0.00356424 -0.00967754
internal_weight=7.70111e+06 5.32541e+06 2.3757e+06 1.73354e+06 3.59186e+06 1.93338e+06 442325 1.29139e+06 1.1831e+06 1.39256e+06 809921 1.13605e+06 1.06573e+06 340986 16423 797333 773986 324563 2.30048e+06 78412 61095 2.22207e+06 1.94219e+06 1.18858e+06 381230 753610 60079 1.13412e+06 769393 55653
internal_count=7701113 5325408 2375705 1733544 3591864 1933380 442325 1291386 1183099 1392558 809921 1136047 1065730 340986 16423 797333 773986 324563 2300478 78412 61095 2222066 1942189 1188579 381230 753610 60079 1134122 769393 55653
is_linear=0
shrinkage=0.05


Tree=100
num_leaves=31
num_cat=0
split_feature=23 23 23 10 10 23 23 12 23 20 12 23 21 21 21 12 21 28 30 23 21 19 21 30 21 30 35 3 18 21
split_gain=12848.7 2864.37 2780.17 684.791 626.896 579.181 486.473 274.968 470.846 261.659 250.053 259.932 229.302 227.012 220.766 208.287 190.787 183.474 182.365 177.59 176.372 165.612 164.476 159.319 155.592 150.581 144.739 256.833 144.276 149.71
threshold=0.65653845667839061 0.55421933531761181 0.74683254957199108 83.500000000000014 46.500000000000007 0.60676470398902904 0.7070213556289674 65.500000000000014 0.66138610243797313 55.500000000000007 60.500000000000007 0.61154127120971691 -0.0033519566059112544 -0.0013020932674407957 0.0015977025032043459 54.500000000000007 -0.010559082031249998 -3.4551257773507946 0.43304472621959422 0.66530331969261181 -0.0030857324600219722 69.500000000000014 0.0054980516433715829 0.23150011893918906 -0.0020436346530914302 0.0066036370189105102 12.500000000000002 10.500000000000002 1.0000000180025095e-35 1.0000000180025095e-35
decision_type=2 2 2 2 2 2 2 2 2 2 2 2 2 2 2 2 2 2 2 2 2 2 2 2 2 2 2 2 2 2
left_child=1 4 6 12 14 15 7 19 -9 13 -7 -12 -4 -6 16 -3 -1 -18 -15 -2 -13 -8 -14 -17 -23 -22 27 -5 -20 -30
right_child=2 5 3 26 9 10 21 8 -10 -11 11 20 22 18 -16 23 17 -19 28 -21 25 24 -24 -25 -26 -27 -28 -29 29 -31
leaf_value=0.011676921012467849 0.0021237195749915874 0.004282241678096114 0.0088455610070344425 0.007321879942982723 0.00018384505269301355 0.0017682204342921481 0.009824877063999142 -0.0036636234885945675 0.0005157002348240014 -0.013846560932741123 -0.0044319912833950207 0.0023154628027812238 0.0032774235043434028 -0.0032307794915086801 -0.015089912858106451 -0.00098300240414073647 -0.011839793036459467 -0.006723828160858843 -0.0041248311406200102 0.0081847725801106729 0.0090545789899024835 0.0052391578698373822 -0.0024359992709859432 -0.0027382437316058146 0.0016496542855989459 -0.0010068338390575074 0.0086246845130299472 0.0022537760748785507 -0.0055079221622310586 -0.010085848218986868
leaf_weight=1314 111808 11528 18350 74278 29030 86248 6374 69990 1815334 7018 53272 42097 1019595 237805 9678 151939 20484 121326 228539 13550 3730 31002 12754 866917 1151936 1219108 62189 37678 166685 20002
leaf_count=1314 111808 11528 18350 74278 29030 86248 6374 69990 1815334 7018 53272 42097 1019595 237805 9678 151939 20484 121326 228539 13550 3730 31002 12754 866917 1151936 1219108 62189 37678 166685 20002
internal_value=3.40493e-06 -0.00236983 0.00176085 0.00378663 -0.00488388 -0.00150055 0.000985455 0.000511321 0.000360549 -0.00424138 -0.000840031 -0.00101068 0.00330532 -0.00414255 -0.00778131 -0.00240087 -0.00728709 -0.00746282 -0.00433487 0.00277887 -0.000866598 0.00178704 0.00320684 -0.00247649 0.00174373 -0.000976143 0.0066906 0.00561625 -0.0049672 -0.00599842
internal_weight=7.70156e+06 3.27672e+06 4.42484e+06 1.22484e+06 841881 2.43484e+06 3.19999e+06 2.01068e+06 1.88532e+06 689079 1.40446e+06 1.31821e+06 1.0507e+06 682061 152802 1.03038e+06 143124 141810 653031 125358 1.26494e+06 1.18931e+06 1.03235e+06 1.01886e+06 1.18294e+06 1.22284e+06 174145 111956 415226 186687
internal_count=7701558 3276720 4424838 1224844 841881 2434839 3199994 2010682 1885324 689079 1404455 1318207 1050699 682061 152802 1030384 143124 141810 653031 125358 1264935 1189312 1032349 1018856 1182938 1222838 174145 111956 415226 186687
is_linear=0
shrinkage=0.05


Tree=101
num_leaves=31
num_cat=0
split_feature=10 10 10 15 10 15 15 21 18 18 21 15 21 30 30 18 17 30 21 30 30 21 21 17 21 17 21 21 10 18
split_gain=11412 2705.26 2434.7 631.647 603.952 491.868 442.42 236.551 293.882 274.159 232.541 243.359 224.829 217.738 210.985 223.149 209.295 191.899 183.984 180.194 168.534 168.345 168.32 166.291 159.569 157.927 151.267 135.114 141.051 134.021
threshold=65.500000000000014 55.500000000000007 74.500000000000014 47.500000000000007 83.500000000000014 61.500000000000007 70.500000000000014 0.00038200616836547857 1.0000000180025095e-35 0.20052378963083781 -0.0044633746147155753 34.500000000000007 -0.0023401677608489986 0.2447841950599034 0.023010296375251423 1.0000000180025095e-35 65.517361111111128 0.0066036370189105102 -0.012233704328536986 0.5274898310703845 0.66727443839682332 -0.00247657299041748 -0.0026652216911315914 74.8576388888889 0.0070963501930236825 70.753472222222243 0.0031948685646057133 0.0021731853485107426 89.500000000000014 1.0000000180025095e-35
decision_type=2 2 2 2 2 2 2 2 2 2 2 2 2 2 2 2 2 2 2 2 2 2 2 2 2 2 2 2 2 2
left_child=1 3 6 10 18 7 14 13 -9 -10 -1 -12 -5 -3 15 -2 17 -7 -4 -14 -8 -16 -19 -20 -13 -23 -25 28 -6 -22
right_child=2 5 4 12 27 16 20 8 9 -11 11 24 19 -15 21 -17 -18 22 23 -21 29 25 -24 26 -26 -27 -28 -29 -30 -31
leaf_value=0.0039509397557783033 0.0017172943320430294 -0.00025938259278286615 0.010874544398725795 0.00057691852261181347 0.0064461076196997416 0.010181872419251371 0.0019467177982441964 -0.0017464521268098561 -0.014521920276402513 -0.0051969786500861911 -0.013004849864619212 -0.0066160675346524896 -0.0032266008855627013 -0.0020873164931707591 0.0032737205631821783 0.010713603965483917 -0.0049952026047754561 0.002419272136327962 0.0081034379152000232 -0.0048156291242820127 0.0010573370348757607 0.000419024495086314 -0.00063325517445553389 0.0031098110493807765 -0.025410708568162767 -0.006133201340621992 -0.0015852026625132127 0.00088304101286997656 0.01486614120190885 -0.0030338332107564935
leaf_weight=4687 21773 196324 7687 28146 158419 4212 1040230 57039 9717 41745 17116 165579 376854 957246 51888 10086 26137 47065 16399 338808 59961 1903021 1115802 971999 1137 9241 17464 10591 5135 30050
leaf_count=4687 21773 196324 7687 28146 158419 4212 1040230 57039 9717 41745 17116 165579 376854 957246 51888 10086 26137 47065 16399 338808 59961 1903021 1115802 971999 1137 9241 17464 10591 5135 30050
internal_value=3.23469e-06 -0.00216873 0.00170881 -0.00446168 0.00363596 -0.00129804 0.000976671 -0.00198616 -0.00421816 -0.00695773 -0.00704677 -0.00732717 -0.00380648 -0.00177622 0.000529081 0.00456539 -0.000570221 -0.000471122 0.0031686 -0.00397888 0.00176712 0.000463611 -0.000509709 0.00310971 -0.00674426 0.000387361 0.00302694 0.00635607 0.00671047 -0.000308494
internal_weight=7.70156e+06 3.38761e+06 4.31394e+06 932327 1.18769e+06 2.45529e+06 3.12625e+06 1.26207e+06 108501 51462 188519 183832 743808 1.15357e+06 1.99601e+06 31859 1.19322e+06 1.16708e+06 1.01355e+06 715662 1.13024e+06 1.96415e+06 1.16287e+06 1.00586e+06 166716 1.91226e+06 989463 174145 163554 90011
internal_count=7701558 3387614 4313944 932327 1187694 2455287 3126250 1262071 108501 51462 188519 183832 743808 1153570 1996009 31859 1193216 1167079 1013549 715662 1130241 1964150 1162867 1005862 166716 1912262 989463 174145 163554 90011
is_linear=0
shrinkage=0.05


Tree=102
num_leaves=31
num_cat=0
split_feature=23 23 23 27 23 27 27 12 23 12 23 12 21 20 30 30 30 12 21 21 30 30 30 21 21 18 21 18 22 21
split_gain=10504.6 3074.93 1573.26 725.652 511.862 372.127 310.721 278.704 336.348 238.044 304.687 217.278 209.349 204.816 187.065 175.618 167.982 163.951 160.678 153.467 153.244 150.771 150.684 150.487 150.094 147.692 142.935 152.687 141.391 139.412
threshold=0.62774425745010387 0.71757391095161449 0.52708333730697643 10.864598388430752 0.67412567138671886 -25.849974924698802 -10.089042934421725 62.500000000000007 0.63151890039443981 71.500000000000014 0.72213184833526622 52.500000000000007 0.0022770762443542485 67.500000000000014 0.40240348731308856 0.50115785300816829 0.62509385211072466 66.500000000000014 -0.0055955350399017325 0.0024194121360778813 0.59295273499344581 0.0066036370189105102 0.31933444143212325 0.0058994293212890634 -0.00011646747589111327 1.0000000180025095e-35 0.0011653304100036623 1.0000000180025095e-35 0.0057100843564293772 0.00018614530563354495
decision_type=2 2 2 2 2 2 2 2 2 2 2 2 2 2 2 2 2 2 2 2 2 2 2 2 2 2 2 2 2 2
left_child=2 4 5 9 7 19 11 -2 -9 -3 -11 -4 14 16 -5 21 29 -6 -7 -1 -12 -8 28 -20 -16 -18 -13 -28 -19 -10
right_child=1 3 6 12 17 18 15 8 13 10 20 26 -14 -15 24 -17 25 22 23 -21 -22 -23 -24 -25 -26 -27 27 -29 -30 -31
leaf_value=-0.0083141678408319049 0.0026013979737452989 0.0057862144275573832 0.0010164652514516564 0.0068284002267608064 0.0062222304616690541 0.0024446413817933543 0.0082446085210471937 -0.0040763109957085561 0.00024329431607689918 -0.0020364781009044029 0.0027133642765929424 -0.0028032434964449628 5.3564846217692426e-06 -0.0086275950066092913 0.009971600901440043 -0.002234964291866768 -0.00038744507976184181 0.0014479803450311826 -0.0047222298654742614 -0.020081456574963324 0.001104457277456436 -0.001021549687612371 0.00055916006949307498 -0.013839489413117946 0.0039892644327572226 -0.002671346569862754 -0.0027396383990290997 -0.0079426937872202497 0.0068112869040785791 -0.0018675514354967162
leaf_weight=56742 90712 52797 35274 133508 15414 7754 4422 55337 1453384 38225 1088979 701653 19006 7049 11177 478012 219877 772383 448864 2913 171278 603714 803212 4572 169299 104392 27387 29064 12487 82671
leaf_count=56742 90712 52797 35274 133508 15414 7754 4422 55337 1453384 38225 1088979 701653 19006 7049 11177 478012 219877 772383 448864 2913 171278 603714 803212 4572 169299 104392 27387 29064 12487 82671
internal_value=3.07295e-06 0.00124565 -0.00274114 0.00301033 0.000423903 -0.00517279 -0.00206729 -0.000106912 -0.000234689 0.00249513 0.00236131 -0.0028195 0.005101 -0.000120847 0.00540944 -0.00151785 -8.86137e-05 0.00109042 -0.00469212 -0.00888881 0.0024947 -0.00095417 0.00104061 -0.00481416 0.00435976 -0.0011227 -0.00299798 -0.00541846 0.00153331 0.000129688
internal_weight=7.70156e+06 5.30119e+06 2.40037e+06 1.68427e+06 3.61692e+06 520845 1.87953e+06 2.01342e+06 1.92271e+06 1.35128e+06 1.29848e+06 793378 332990 1.86737e+06 313984 1.08615e+06 1.86032e+06 1.6035e+06 461190 59655 1.26026e+06 608136 1.58808e+06 453436 180476 324269 758104 56451 784870 1.53606e+06
internal_count=7701558 5301187 2400371 1684269 3616918 520845 1879526 2013422 1922710 1351279 1298482 793378 332990 1867373 313984 1086148 1860324 1603496 461190 59655 1260257 608136 1588082 453436 180476 324269 758104 56451 784870 1536055
is_linear=0
shrinkage=0.05


Tree=103
num_leaves=31
num_cat=0
split_feature=28 28 10 10 13 27 10 21 21 14 30 12 12 12 10 12 21 30 30 30 14 25 21 14 10 3 12 16 22 21
split_gain=9333.05 2350.41 1899.22 549.753 426.135 422.982 394.845 239.074 211.708 374.617 207.955 206.385 202.303 200.965 178.22 197.745 177.38 172.704 169.634 165.876 164.667 158.868 152.665 410.138 151.654 164.495 151.071 148.43 142.149 140.923
threshold=-0.40574082315584031 0.64350059634240042 53.500000000000007 84.500000000000014 68.979166666666671 -9.2086290381567419 42.500000000000007 -0.0089977085590362531 -0.0027710497379302974 1.0000000180025095e-35 0.0066036370189105102 53.500000000000007 68.500000000000014 53.500000000000007 51.500000000000007 51.500000000000007 0.011286020278930666 0.56165156391700499 0.3354154715874676 0.72067610217231126 1.0000000180025095e-35 7.5831547984375627 0.00087821483612060558 1.0000000180025095e-35 76.500000000000014 11.500000000000002 51.500000000000007 23.500000000000004 0.0024053882698590007 0.0066796541213989266
decision_type=2 2 2 2 2 2 2 2 2 2 2 2 2 2 2 2 2 2 2 2 2 2 2 2 2 2 2 2 2 2
left_child=2 4 6 7 8 13 21 20 9 -2 -7 14 18 -4 15 -8 19 22 28 24 -3 -1 -12 -24 -9 -26 -16 -23 -10 -15
right_child=1 3 5 -5 -6 10 11 16 12 -11 17 -13 -14 29 26 -17 -18 -19 -20 -21 -22 27 23 -25 25 -27 -28 -29 -30 -31
leaf_value=-0.016306553528946159 0.00090412464692388454 0.0054754120556830422 0.0020367357935088138 0.0060004345089537539 0.0012968961024655984 0.0089883749432359758 -0.0042967370654924232 0.0026191129751081503 0.00053582370251303228 0.010794312522475608 -0.00047620650895939396 -0.0085620153045827194 -0.0032992860612616271 -0.0024874060673497713 0.0016632427307514475 -0.0096573446723752406 -0.0051519274834715741 -0.0017919413788138724 -0.00030554284650221772 0.00045304856405027649 0.017025452107492997 -0.040500365953578796 -0.0013998065890384469 -0.012839110735190154 0.0047647296887858171 0.0014986508271981126 -0.0031302035000000585 -0.0071917250236092217 0.0036678414099414686 -0.0091273049928195567
leaf_weight=5337 39027 9265 24567 151827 1557504 5182 357184 846237 816589 12687 887442 25138 43082 804866 18255 18074 7105 506308 912555 72223 4627 336 57488 9072 180671 49009 165050 68871 37909 8071
leaf_count=5337 39027 9265 24567 151827 1557504 5182 357184 846237 816589 12687 887442 25138 43082 804866 18255 18074 7105 506308 912555 72223 4627 336 57488 9072 180671 49009 165050 68871 37909 8071
internal_value=2.91928e-06 0.00137863 -0.00219929 0.00316991 0.000686616 -0.00152233 -0.00456779 0.00280233 0.000176095 0.0033305 -0.00101007 -0.00413017 8.59756e-05 -0.00241869 -0.00393071 -0.00455493 0.00272393 -0.00104555 0.000168511 0.00277266 0.00932247 -0.00799451 -0.000649428 -0.00295898 0.00292837 0.00406782 -0.00265283 -0.0073535 0.000674773 -0.00255333
internal_weight=7.70156e+06 4.74032e+06 2.96124e+06 1.32096e+06 3.41935e+06 2.303e+06 658245 1.16914e+06 1.86185e+06 51714 1.46549e+06 583701 1.81014e+06 837504 558563 375258 1.15524e+06 1.46031e+06 1.76705e+06 1.14814e+06 13892 74544 954002 66560 1.07592e+06 229680 183305 69207 854498 812937
internal_count=7701558 4740317 2961241 1320964 3419353 2302996 658245 1169137 1861849 51714 1465492 583701 1810135 837504 558563 375258 1155245 1460310 1767053 1148140 13892 74544 954002 66560 1075917 229680 183305 69207 854498 812937
is_linear=0
shrinkage=0.05


Tree=104
num_leaves=31
num_cat=0
split_feature=10 10 10 10 28 13 13 12 12 12 12 12 21 10 3 21 14 30 12 13 12 30 30 13 12 35 35 22 21 14
split_gain=8464.41 2011.03 1805.57 482.776 462.56 353.111 325.31 262.056 244.576 223.051 221.112 207.482 204.17 196.514 196.244 191.425 503.416 186.071 179.115 192.482 260.929 179.001 160.831 156.317 154.36 151.507 145.251 142.433 141.788 276.705
threshold=65.500000000000014 55.500000000000007 74.500000000000014 47.500000000000007 1.5720280234566839 61.937500000000007 70.020833333333357 61.500000000000007 74.500000000000014 65.500000000000014 70.500000000000014 55.500000000000007 -0.0031489729881286617 34.500000000000007 11.500000000000002 1.0000000180025095e-35 1.0000000180025095e-35 0.5531604614399932 55.500000000000007 59.979166666666679 59.500000000000007 0.0066036370189105102 0.014720244552075977 76.020833333333357 65.500000000000014 5.5000000000000009 19.500000000000004 0.0013327678087102981 -0.0028328597545623775 1.0000000180025095e-35
decision_type=2 2 2 2 2 2 2 2 2 2 2 2 2 2 2 2 2 2 2 2 2 2 2 2 2 2 2 2 2 2
left_child=1 3 6 12 8 7 21 18 -4 22 -8 15 -1 -14 23 17 -17 27 -3 20 -20 -2 -7 -10 -23 -16 -6 -5 29 -12
right_child=2 5 4 11 26 9 10 -9 14 -11 28 -13 13 -15 25 16 -18 -19 19 -21 -22 24 -24 -25 -26 -27 -28 -29 -30 -31
leaf_value=0.0027404729329630079 0.0057766837888805012 0.0019812383644481693 0.0084582593984553062 -0.002405737547713636 0.0045918370147038515 0.0075247211160590632 0.0053250566392885612 -0.0051686206131510383 0.0024366120932754875 -0.0036353076821513753 0.0027332848366293746 -0.0070476806038898242 -0.011586939928783535 -0.0059015077968911714 -0.0028330530874836682 -0.0040892130696058779 -0.01800380950762483 -0.0038394909374261221 -0.00189047984665638 -0.00078617980496505373 -0.0057487246357631229 0.0031053195699339395 -0.00039672340952116099 0.0041992888338762682 0.00033791029990261475 0.0018018537149667073 0.0080229634694143678 0.0012028855642993769 0.001304724877218502 0.0173242748078874
leaf_weight=6280 15666 34859 17756 348967 195541 6444 36794 52216 709076 54184 18082 34767 16759 163249 27903 54466 7381 270789 714557 412729 46684 51751 1133614 152899 1913133 47897 36622 29669 1086863 3961
leaf_count=6280 15666 34859 17756 348967 195541 6444 36794 52216 709076 54184 18082 34767 16759 163249 27903 54466 7381 270789 714557 412729 46684 51751 1133614 152899 1913133 47897 36622 29669 1086863 3961
internal_value=2.77328e-06 -0.00186778 0.00147166 -0.00384474 0.00313124 -0.00111708 0.000841169 -0.0017006 0.00264486 -0.000500918 0.00151177 -0.00327619 -0.00612166 -0.00643084 0.00253479 -0.00309184 -0.00574985 -0.00283871 -0.00155079 -0.00165567 -0.00212709 0.000453242 -0.000351948 0.00274928 0.000410798 9.56807e-05 0.00513308 -0.00212297 0.00138524 0.00535527
internal_weight=7.70156e+06 3.38761e+06 4.31394e+06 932327 1.18769e+06 2.45529e+06 3.12625e+06 1.26104e+06 955531 1.19424e+06 1.1457e+06 746039 186288 180008 937775 711272 61847 649425 1.20883e+06 1.17397e+06 761241 1.98055e+06 1.14006e+06 861975 1.96488e+06 75800 232163 378636 1.10891e+06 22043
internal_count=7701558 3387614 4313944 932327 1187694 2455287 3126250 1261045 955531 1194242 1145700 746039 186288 180008 937775 711272 61847 649425 1208829 1173970 761241 1980550 1140058 861975 1964884 75800 232163 378636 1108906 22043
is_linear=0
shrinkage=0.05


Tree=105
num_leaves=31
num_cat=0
split_feature=23 27 23 13 23 23 28 12 23 12 23 12 17 12 19 12 15 23 35 3 32 12 23 23 35 31 17 2 31 25
split_gain=7901.49 1960.57 1442.16 465.293 363.633 329.9 295.059 290.646 250.361 234.403 289.314 224.008 212.974 186.232 179.818 179.698 196.496 157.791 142.269 213.542 142.148 138.678 385.303 188.315 118.023 157.494 115.784 112.478 152.509 110.986
threshold=0.64275074005126964 5.2965368882326525 0.53470870852470409 82.020833333333357 0.67821946740150463 0.59461584687232982 -2.657172160610449 67.500000000000014 0.68125599622726452 63.500000000000007 0.63859808444976818 59.500000000000007 63.128472222222229 53.500000000000007 58.500000000000007 53.500000000000007 53.500000000000007 0.63323622941970836 15.500000000000002 9.5000000000000018 11.208627223968508 64.500000000000014 0.65078735351562511 0.64847591519355785 10.500000000000002 66.649997711181655 64.003472222222243 20.500000000000004 64.633331298828139 7.3852495561802085
decision_type=2 2 2 2 2 2 2 2 2 2 2 2 2 2 2 2 2 2 2 2 2 2 2 2 2 2 2 2 2 2
left_child=2 4 6 -3 21 11 20 -6 -9 10 14 15 -12 -8 -7 -4 -17 -11 19 -5 24 23 -23 -2 25 27 -19 -1 -29 -26
right_child=1 3 5 18 7 9 13 8 -10 17 12 -13 -14 -15 -16 16 -18 26 -20 -21 -22 22 -24 -25 29 -27 -28 28 -30 -31
leaf_value=-0.0016970610582302281 0.00013320702054718338 0.0024373931230778395 0.00048246754477716651 0.0080423252793724153 0.0043881428310494994 0.0044673361225927993 -0.0037605974284772407 -0.0028987420579031885 0.0010530350796532615 -0.010460099329252409 0.0069308237198852695 -0.0097138434560341963 0.00012167519552272516 -0.013064852452110294 -0.00098986878329078583 -0.0069891292426961628 -0.0021728803725216913 -0.0023327927239716775 0.0074516500939064926 0.0033666303155982487 -0.010017302626111875 -0.0037230474680769962 6.2524165685886614e-05 0.0031299522879445689 -0.02643620734294639 -0.026119757133245398 -0.01110391785263656 -0.0067339115380599269 -0.03565371394556658 -0.0083620155509152323
leaf_weight=24145 146774 1186271 62602 30557 64097 15314 522347 41049 1696672 6889 20474 9783 26152 5434 1055089 21681 911796 103044 47057 121572 28253 70668 1376425 81551 919 784 3905 8092 483 11198
leaf_count=24145 146774 1186271 62602 30557 64097 15314 522347 41049 1696672 6889 20474 9783 26152 5434 1055089 21681 911796 103044 47057 121572 28253 70668 1376425 81551 919 784 3905 8092 483 11198
internal_value=-1.29284e-06 0.00122233 -0.00209758 0.00281286 0.000588598 -0.00151305 -0.00427065 0.00108165 0.000959685 -0.000964121 -0.00074385 -0.00218478 0.00311166 -0.0038564 -0.000911793 -0.00211083 -0.00228474 -0.00312552 0.005049 0.00430581 -0.00723025 5.83505e-05 -0.000122342 0.00120356 -0.00550421 -0.0039748 -0.00265306 -0.00344411 -0.00836326 -0.00973304
internal_weight=7.70108e+06 4.86269e+06 2.83838e+06 1.38546e+06 3.47724e+06 2.23673e+06 601655 1.80182e+06 1.73772e+06 1.23087e+06 1.11703e+06 1.00586e+06 46626 527781 1.0704e+06 996079 933477 113838 199186 152129 73874 1.67542e+06 1.44709e+06 228325 45621 33504 106949 32720 8575 12117
internal_count=7701077 4862693 2838384 1385457 3477236 2236729 601655 1801818 1737721 1230867 1117029 1005862 46626 527781 1070403 996079 933477 113838 199186 152129 73874 1675418 1447093 228325 45621 33504 106949 32720 8575 12117
is_linear=0
shrinkage=0.05


Tree=106
num_leaves=31
num_cat=0
split_feature=23 23 23 28 23 10 30 23 20 12 23 12 12 17 19 20 3 12 23 12 30 23 2 12 30 3 12 12 17 12
split_gain=7132.79 1732.57 1352.9 398.851 352.473 317.394 286.965 251.348 228.195 184.501 343.817 183.901 180.841 179.271 170.477 169.708 167.309 166.323 182.33 203.818 157.007 154.934 141.937 139.189 138.732 176.759 134.592 133.388 129.782 123.869
threshold=0.64521846175193798 0.74481257796287548 0.54603451490402233 1.5720280234566839 0.69302847981452953 44.500000000000007 0.1767224142664641 0.60309749841690075 60.500000000000007 68.500000000000014 0.68846952915191661 63.500000000000007 54.500000000000007 73.947916666666671 68.500000000000014 64.500000000000014 11.500000000000002 54.500000000000007 0.56220871210098278 55.500000000000007 0.43584438833132982 0.76543691754341137 19.500000000000004 44.500000000000007 0.0066036370189105102 7.5000000000000009 75.500000000000014 59.500000000000007 89.003472222222243 74.500000000000014
decision_type=2 2 2 2 2 2 2 2 2 2 2 2 2 2 2 2 2 2 2 2 2 2 2 2 2 2 2 2 2 2
left_child=2 4 5 13 9 -1 24 8 17 10 11 -2 20 -3 -6 -9 21 -8 19 -19 -7 -15 -18 -22 25 -4 -23 -20 -5 -16
right_child=1 3 6 28 14 12 7 15 -10 -11 -12 -13 -14 16 29 -17 22 18 27 -21 23 26 -24 -25 -26 -27 -28 -29 -30 -31
leaf_value=-0.0063307936267076939 0.0059580661952500988 0.011886872788436623 -0.00060304092477990218 0.0044170032128136158 0.0060505429558860247 -0.00221923259193515 0.00069318108095168987 -0.00089255589642002042 -0.011069591495341683 -0.0019063777004176446 0.0045857290683476446 0.00013979426336500694 -0.010304126236172068 0.0022015206112496527 0.0011481980161859417 -0.0071084573403025824 0.0017409022084369551 -0.0024543100059532426 -0.0016010434824352015 -0.0061685105218513558 0.0063795959547781559 0.011964091322535847 -0.0025006837931177495 -0.0039650510293404882 0.00019862488087333516 0.013534469366159325 0.0036311282289078536 -0.0037175009020732927 0.010643761623600752 -0.0085200042143313854
leaf_weight=106759 13683 4911 4337 224578 17787 223643 53293 1005327 7019 100785 45443 1822777 9293 760749 1532296 11102 53841 113014 652876 54869 3279 4994 31125 389696 189896 4510 163156 84027 8692 3320
leaf_count=106759 13683 4911 4337 224578 17787 223643 53293 1005327 7019 100785 45443 1822777 9293 760749 1532296 11102 53841 113014 652876 54869 3279 4994 31125 389696 189896 4510 163156 84027 8692 3320
internal_value=-1.22829e-06 0.00118565 -0.00195216 0.00278404 0.000619698 -0.00381098 -0.00132751 -0.00150918 -0.00208709 0.000177836 0.000289456 0.000183145 -0.00338118 0.00235702 0.00118367 -0.00096045 0.00231085 -0.00202128 -0.00218116 -0.00366822 -0.00327684 0.00250511 0.000187111 -0.00387873 0.000483762 0.00660401 0.00387862 -0.00184238 0.00464903 0.00112729
internal_weight=7.70108e+06 4.78814e+06 2.91294e+06 1.25205e+06 3.53609e+06 732670 2.18027e+06 1.98153e+06 965098 1.98269e+06 1.8819e+06 1.83646e+06 625911 1.01878e+06 1.5534e+06 1.01643e+06 1.01386e+06 958079 904786 167883 616618 928899 84966 392975 198743 8847 168150 736903 233270 1.53562e+06
internal_count=7701077 4788137 2912940 1252046 3536091 732670 2180270 1981527 965098 1982688 1881903 1836460 625911 1018776 1553403 1016429 1013865 958079 904786 167883 616618 928899 84966 392975 198743 8847 168150 736903 233270 1535616
is_linear=0
shrinkage=0.05


Tree=107
num_leaves=31
num_cat=0
split_feature=23 23 23 23 10 21 30 21 12 12 12 15 23 12 23 21 12 30 21 18 18 18 18 12 30 3 10 20 23 21
split_gain=6463.81 1589.93 1257.28 425.5 331.933 315.753 264.173 243.36 239.23 235.971 222.444 221.35 220.394 216.493 205.814 202.138 190.702 188.653 176.569 172.07 235.168 170.257 212.184 168.745 166.813 210.619 156.922 155.165 154.774 149.667
threshold=0.6637515425682069 0.56993085145950328 0.75615385174751293 0.49589791893959051 84.500000000000014 -0.00247657299041748 0.17407573766342502 -0.00247657299041748 56.500000000000007 74.500000000000014 66.500000000000014 70.500000000000014 0.62221345305442821 61.500000000000007 0.61705884337425243 -0.0034242272377014156 65.500000000000014 0.40240348731308856 0.0049036741256713876 1.0000000180025095e-35 0.20052378963083781 1.0000000180025095e-35 0.20052378963083781 70.500000000000014 0.0066036370189105102 7.5000000000000009 31.500000000000004 75.500000000000014 0.61382699012756359 -0.012233704328536986
decision_type=2 2 2 2 2 2 2 2 2 2 2 2 2 2 2 2 2 2 2 2 2 2 2 2 2 2 2 2 2 2
left_child=1 3 7 15 9 21 24 19 17 -4 12 16 13 14 -8 -1 -9 -5 26 -2 -21 -3 -23 -18 25 -7 -17 -13 -15 -11
right_child=2 5 4 8 -6 6 10 11 -10 29 -12 27 -14 28 -16 18 23 -19 -20 20 -22 22 -24 -25 -26 -27 -28 -29 -30 -31
leaf_value=0.0031862728604315064 0.0011908816939702341 -0.00051792425438616666 0.013978625141431264 -0.0013818873565628737 0.0049296312259744218 -0.00086815462743672312 -0.0016139151670293396 0.0057112220064216655 -0.0064623923616998263 0.0092142314044594796 -0.010576842513329998 0.0013022808093067111 -0.00063251465382559732 -0.01151727364595392 0.0017124174869290881 -0.012222494965687707 0.000402857860944603 -0.0029870648952610448 -0.015418285244769778 0.01339635920890251 0.0038962683005596176 0.0092889248977821495 0.0020221683612522321 -0.0030217164874336423 0.00044783845858674962 0.01519210037716576 -0.0047754826597244653 -0.0077692156197941287 -0.0034673213712763627 0.0023065819649189675
leaf_weight=7460 40392 42465 4392 281294 151720 3815 865066 16635 38470 7906 6237 1158452 1101147 6469 49145 7288 1766371 524068 4130 8144 32551 12953 44752 36719 194191 4391 240766 4733 77564 961391
leaf_count=7460 40392 42465 4392 281294 151720 3815 865066 16635 38470 7906 6237 1158452 1101147 6469 49145 7288 1766371 524068 4130 8144 32551 12953 44752 36719 194191 4391 240766 4733 77564 961391
internal_value=-1.16687e-06 -0.00158335 0.00132506 -0.00315504 0.00275428 -0.00086318 -0.000982454 0.000800111 -0.00261041 0.00241532 -0.0011483 0.000726641 -0.00112029 -0.00165834 -0.0014351 -0.00492506 0.000382282 -0.00242641 -0.00516501 0.00350279 0.00579748 0.00188502 0.00365335 0.000333118 0.000742917 0.00772571 -0.00499429 0.00126537 -0.00408703 0.00236292
internal_weight=7.70108e+06 3.51167e+06 4.18941e+06 1.10348e+06 1.12541e+06 2.4082e+06 2.30802e+06 3.064e+06 843832 973689 2.10563e+06 2.98291e+06 2.09939e+06 998244 914211 259644 1.81972e+06 805362 252184 81087 40695 100170 57705 1.80309e+06 202397 8206 248054 1.16318e+06 84033 969297
internal_count=7701077 3511671 4189406 1103476 1125409 2408195 2308025 3063997 843832 973689 2105628 2982910 2099391 998244 914211 259644 1819725 805362 252184 81087 40695 100170 57705 1803090 202397 8206 248054 1163185 84033 969297
is_linear=0
shrinkage=0.05


Tree=108
num_leaves=31
num_cat=0
split_feature=23 23 28 13 28 21 14 30 21 14 23 22 20 20 23 12 23 21 14 30 22 21 14 19 12 21 21 14 30 30
split_gain=5839.79 1277.36 1273.47 334.563 290.905 268.832 493.582 251.113 246.142 883.147 229.78 207.429 204.343 202.155 198.156 253.671 191.696 185.642 554.777 181.243 178.807 172.637 169.806 169.523 158.196 158.025 152.937 285.466 139.126 132.628
threshold=0.65500000119209301 0.55232957005500805 0.64350059634240042 84.020833333333357 -2.657172160610449 -0.0026652216911315914 1.0000000180025095e-35 0.17407573766342502 0.0010745525360107424 1.0000000180025095e-35 0.60309749841690075 0.011592587677019506 60.500000000000007 55.500000000000007 0.697888344526291 69.500000000000014 0.70091050863266002 1.0000000180025095e-35 1.0000000180025095e-35 0.43584438833132982 0.0011212427958850483 0.0056040883064270028 1.0000000180025095e-35 64.500000000000014 65.500000000000014 -0.0061723291873931876 -0.002411335706710815 1.0000000180025095e-35 0.0066036370189105102 0.72067610217231126
decision_type=2 2 2 2 2 2 2 2 2 2 2 2 2 2 2 2 2 2 2 2 2 2 2 2 2 2 2 2 2 2
left_child=1 4 8 21 25 6 -3 28 11 -10 12 14 -9 17 23 -16 -17 19 -19 20 -6 26 -23 -2 -12 -1 27 -4 -7 -28
right_child=2 5 3 -5 13 7 -8 10 9 -11 24 -13 -14 -15 15 16 -18 18 -20 -21 -22 22 -24 -25 -26 -27 29 -29 -30 -31
leaf_value=0.011209605990126487 0.005763673150692602 -0.00044568095717040609 0.0032859799858649856 0.0046710537756233439 -0.0020549167828804497 0.0068189803462043522 0.008050841188836538 -0.0018733356467355957 2.7541608509485679e-05 -0.012214565789152115 -0.00083377382727651259 0.0054969622128509619 -0.01047306516862672 -0.013844023645547774 0.0042396688899150438 -0.0027837594556595082 0.0010901923223901485 -0.0037245652387694044 -0.017316600865439232 -0.0033647239488034022 0.0029001167205851509 -0.0002780758926628099 -0.012678174174926711 0.0002782136804359131 -0.0075259012862645552 -0.0066211810916629371 0.0023034906190049294 0.015465267835522359 0.00025186322302666697 3.6996915973730867e-05
leaf_weight=1264 14204 72062 22939 152907 233685 8411 22408 852374 125229 16696 1243260 22537 6964 4301 63017 32800 1208539 57443 8636 416443 19745 13329 3482 1673573 8894 73026 1052111 6088 195946 68764
leaf_count=1264 14204 72062 22939 152907 233685 8411 22408 852374 125229 16696 1243260 22537 6964 4301 63017 32800 1208539 57443 8636 416443 19745 13329 3482 1673573 8894 73026 1052111 6088 195946 68764
internal_value=-1.10853e-06 -0.00162327 0.00116756 0.00247191 -0.00333506 -0.00104478 0.00156967 -0.00115143 0.000622279 -0.00141262 -0.00131341 0.000718078 -0.00194303 -0.00303572 0.000682083 0.00114494 0.00098783 -0.00297255 -0.00550096 -0.00272314 -0.00166886 0.0021837 -0.00284652 0.000324379 -0.000881308 -0.00631779 0.00225724 0.00584046 0.000522158 0.00216444
internal_weight=7.70108e+06 3.22486e+06 4.47622e+06 1.31962e+06 814543 2.41032e+06 94470 2.31585e+06 3.1566e+06 141925 2.11149e+06 3.01467e+06 859338 740253 2.99213e+06 1.30436e+06 1.24134e+06 735952 66079 669873 253430 1.16671e+06 16811 1.68778e+06 1.25215e+06 74290 1.1499e+06 29027 204357 1.12088e+06
internal_count=7701077 3224862 4476215 1319620 814543 2410319 94470 2315849 3156595 141925 2111492 3014670 859338 740253 2992133 1304356 1241339 735952 66079 669873 253430 1166713 16811 1687777 1252154 74290 1149902 29027 204357 1120875
is_linear=0
shrinkage=0.05


Tree=109
num_leaves=31
num_cat=0
split_feature=23 23 27 23 10 21 20 19 21 18 18 21 20 21 13 19 23 19 20 21 21 21 18 18 21 19 20 21 18 21
split_gain=5287.64 1337.16 1009.79 391.602 286.818 229.029 215.945 206.198 192.459 247.351 289.121 189.312 188.507 182.343 179.005 172.563 195.588 241.975 190.418 163.893 146.196 143.421 142.708 177.18 138.589 126.916 121.65 119.887 183.334 113.588
threshold=0.66530331969261181 0.57577648758888256 5.8382536705548143 0.49589791893959051 83.500000000000014 -0.00247657299041748 66.500000000000014 65.500000000000014 0.0018051266670227053 1.0000000180025095e-35 0.20052378963083781 0.0076698660850524911 57.500000000000007 -0.009507030248641966 70.020833333333357 56.500000000000007 0.62409275770187389 61.500000000000007 62.500000000000007 0.0020163655281066899 -0.0026652216911315914 -0.012233704328536986 1.0000000180025095e-35 0.20052378963083781 0.0052631497383117684 48.500000000000007 30.500000000000004 1.0000000180025095e-35 1.0000000180025095e-35 0.0079797506332397478
decision_type=2 2 2 2 2 2 2 2 2 2 2 2 2 2 2 2 2 2 2 2 2 2 2 2 2 2 2 2 2 2
left_child=1 3 7 13 21 22 11 -2 14 -10 -11 15 20 -1 -9 -7 18 -18 -17 26 -5 -4 -3 -24 -23 -22 -15 -27 -29 -6
right_child=2 5 4 12 29 6 -8 8 9 10 -12 -13 -14 19 -16 16 17 -19 -20 -21 25 24 23 -25 -26 27 -28 28 -30 -31
leaf_value=0.0093272350581268381 0.0066389696466377258 -0.00052403919873548663 0.0082322504459272344 0.0011469797869565485 0.0045723372710278001 0.0061650808513829883 -0.0083235871223480314 0.00043951565912261263 0.0006217716191400241 -0.012406921883734703 -0.0022264980781384449 -0.0062127070917440026 -0.0082756523492550828 -0.012267850174442034 0.0012553010021169992 -0.0012264242474506045 0.0056585878824420071 -0.0004286687878275475 -0.0090796498562244043 -0.0097260904097025667 0.0067503281957704345 0.0021317854844853166 0.008661683678408633 0.001824108068095783 -0.0026209174749972836 -0.0021819514217050872 -0.0041421788587409419 -0.0020828016345793808 -0.0068242195666854358 -0.0019116356281427137
leaf_weight=2368 14611 42501 9497 31345 167069 8986 9549 1716273 55990 9019 30758 15972 12987 4697 1105625 1013420 16554 1182432 7778 14761 3835 1006189 12154 42972 15576 820650 237818 46097 36555 7039
leaf_count=2368 14611 42501 9497 31345 167069 8986 9549 1716273 55990 9019 30758 15972 12987 4697 1105625 1013420 16554 1182432 7778 14761 3835 1006189 12154 42972 15576 820650 237818 46097 36555 7039
internal_value=-1.05311e-06 -0.00141284 0.0012148 -0.00276268 0.00243309 -0.000717857 -0.000820519 0.000714003 0.000684332 -0.00152003 -0.00453482 -0.000788607 -0.00229301 -0.00448379 0.000759142 -0.000749743 -0.00077773 -0.000344624 -0.00128624 -0.00461091 -0.00221022 0.00211618 0.00165311 0.00333165 0.00205933 -0.00232622 -0.00429956 -0.00236476 -0.00417982 0.0043102
internal_weight=7.70108e+06 3.56343e+06 4.13765e+06 1.21111e+06 1.20537e+06 2.35232e+06 2.25469e+06 2.93228e+06 2.91766e+06 95767 39777 2.24514e+06 951469 259644 2.8219e+06 2.22917e+06 2.22018e+06 1.19899e+06 1.0212e+06 257276 938482 1.03126e+06 97627 55126 1.02176e+06 907137 242515 903302 82652 174108
internal_count=7701077 3563431 4137646 1211113 1205370 2352318 2254691 2932276 2917665 95767 39777 2245142 951469 259644 2821898 2229170 2220184 1198986 1021198 257276 938482 1031262 97627 55126 1021765 907137 242515 903302 82652 174108
is_linear=0
shrinkage=0.05


Tree=110
num_leaves=31
num_cat=0
split_feature=23 23 23 23 21 14 10 21 14 30 28 10 30 19 18 30 21 14 19 21 14 21 14 21 23 21 21 30 20 18
split_gain=4763.39 1085.96 1027.64 293.823 254.09 875.693 244.335 231.746 595.997 224.911 209.201 203.012 187.237 165.02 151.753 150.261 143.276 351.741 135.192 133.644 232.201 133.212 133.098 629.062 125.016 124.322 123.722 121.401 120.711 120.69
threshold=0.65653845667839061 0.5372087061405183 0.76153963804245006 0.59829127788543712 0.0011653304100036623 1.0000000180025095e-35 85.500000000000014 -0.00247657299041748 1.0000000180025095e-35 0.62509385211072466 -2.657172160610449 70.500000000000014 0.17142647152318397 64.500000000000014 1.0000000180025095e-35 0.031989530961966599 -0.00028008222579956049 1.0000000180025095e-35 70.500000000000014 -0.0023401677608489986 1.0000000180025095e-35 -0.0061723291873931876 1.0000000180025095e-35 0.00044548511505126959 0.71616274118423473 -0.009507030248641966 0.0073297023773193368 0.0066036370189105102 23.500000000000004 1.0000000180025095e-35
decision_type=2 2 2 2 2 2 2 2 2 2 2 2 2 2 2 2 2 2 2 2 2 2 2 2 2 2 2 2 2 2
left_child=1 10 4 15 7 -6 19 8 -2 11 21 13 -5 -9 -11 29 17 -14 24 20 -4 -1 -18 -24 -13 -12 28 -15 -23 -3
right_child=2 3 6 12 5 -7 -8 9 -10 14 25 18 16 27 -16 -17 22 -19 -20 -21 -22 26 23 -25 -26 -27 -28 -29 -30 -31
leaf_value=0.010211034498032227 0.0013123679467247011 -0.0014867908278901002 0.0034340198595157623 0.0011653589328477069 5.3187712572853802e-05 -0.011598344535538449 0.0045376726819540622 0.0076410364749084194 0.01170641909577361 0.0002661614639851867 0.0051815864984224615 0.003091925446451366 -0.00021369988072733847 0.0050386297355925185 -0.0017402316158035499 -0.0017119493112098963 -0.00071642270791916066 0.0084599059367137953 0.0012665255151330006 0.0020672145547492179 0.016710631602966305 -0.040656583130192159 -0.0010459247823749497 -0.011862844661531468 0.011205974044192595 -0.0030539464455834617 -0.028840778372215166 0.00040365528261895422 -0.0057899179241218124 0.0093115254010303662
leaf_weight=1274 76145 4808 15777 140583 132627 18358 121850 8004 16842 278200 4621 25750 67397 14252 142523 1045895 1253636 14141 1039344 907636 4162 249 101297 15497 5820 549201 593 1617192 71836 5603
leaf_count=1274 76145 4808 15777 140583 132627 18358 121850 8004 16842 278200 4621 25750 67397 14252 142523 1045895 1253636 14141 1039344 907636 4162 249 101297 15497 5820 549201 593 1617192 71836 5603
internal_value=-3.98263e-06 -0.00144899 0.00106614 -0.00100585 0.000641233 -0.00136351 0.00243269 0.000735116 0.00319497 0.000662063 -0.00331876 0.000829023 -0.000576975 0.000479283 -0.000413519 -0.00165245 -0.000745672 0.00129056 0.00136444 0.00215617 0.00620541 -0.00581658 -0.000866824 -0.00248119 0.0045878 -0.00298523 -0.00609755 0.000444146 -0.00591041 0.00432469
internal_weight=7.70111e+06 3.27663e+06 4.42448e+06 2.64886e+06 3.37506e+06 150985 1.04942e+06 3.22407e+06 92987 3.13108e+06 627774 2.71036e+06 1.59255e+06 1.63945e+06 420723 1.05631e+06 1.45197e+06 81538 1.07091e+06 927575 19939 73952 1.37043e+06 116794 31570 553822 72678 1.63144e+06 72085 10411
internal_count=7701113 3276631 4424482 2648857 3375057 150985 1049425 3224072 92987 3131085 627774 2710362 1592551 1639448 420723 1056306 1451968 81538 1070914 927575 19939 73952 1370430 116794 31570 553822 72678 1631444 72085 10411
is_linear=0
shrinkage=0.05


Tree=111
num_leaves=31
num_cat=0
split_feature=23 23 23 23 28 21 30 18 18 19 30 22 12 23 18 30 18 21 18 30 21 21 21 10 30 3 12 11 30 12
split_gain=4314.12 1119.47 827.091 318.765 218.589 216.705 212.456 210.783 252.078 199.493 195.674 321.71 171.972 238.693 169.452 247.162 167.913 210.868 260.303 175.804 167.409 156.308 151.014 143.586 142.467 174.124 139.797 134.8 132.032 131.823
threshold=0.66588589549064647 0.57426106929779064 0.76399549841880809 0.49589791893959051 1.5720280234566839 -0.0014210641384124754 0.23662649585292114 1.0000000180025095e-35 0.20052378963083781 65.500000000000014 0.33022737984194706 0.0064001790892669755 56.500000000000007 0.56844824552536022 0.20052378963083781 0.023010296375251423 1.0000000180025095e-35 1.0000000180025095e-35 0.20052378963083781 0.7053080744083563 -0.002411335706710815 -0.00032636523246765131 0.0079797506332397478 35.500000000000007 0.0066036370189105102 7.5000000000000009 75.500000000000014 56.500000000000007 0.40240348731308856 66.500000000000014
decision_type=2 2 2 2 2 2 2 2 2 2 2 2 2 2 2 2 2 2 2 2 2 2 2 2 2 2 2 2 2 2
left_child=1 3 5 21 26 7 24 -2 -9 -7 11 14 13 28 -11 -16 -12 19 -19 -18 -8 -1 29 -23 25 -3 -4 -15 -5 -22
right_child=2 6 4 12 -6 9 20 8 -10 10 16 -13 -14 27 15 -17 17 18 -20 -21 22 23 -24 -25 -26 -27 -28 -29 -30 -31
leaf_value=0.00098772259096014943 0.00086727019815422204 -0.0010544232272756057 0.0091973750412335242 -0.001163334239617009 0.0037059827742755495 0.0076231081511014785 0.0014376842420091406 0.01283026362095345 0.00361433221915353 0.00069110451363994774 0.00053070252825346438 0.0066865443532300659 -0.0041185173985797399 0.0052308313811147509 0.0094982314173618493 0.0018225150541179619 0.0002251349784925616 -0.011684718717362605 -0.0020397131488475865 -0.0025611359799457439 -0.00087833504751407942 -0.0083973177461633599 -0.0060042475171573099 -0.0040103784719808435 0.00027668964325973502 0.012545020097567642 0.0018863261783849902 -0.00082246512917267785 -0.002518349368262846 -0.0068474459762158484
leaf_weight=14390 55734 4254 6595 275548 229990 10143 76596 9204 38277 1379344 969371 24290 94235 17605 11105 188673 313610 8662 36357 69085 1922860 20338 14641 225024 371883 5269 762241 19257 517238 9294
leaf_count=14390 55734 4254 6595 275548 229990 10143 76596 9204 38277 1379344 969371 24290 94235 17605 11105 188673 313610 8662 36357 69085 1922860 20338 14641 225024 371883 5269 762241 19257 517238 9294
internal_value=-3.78351e-06 -0.0012707 0.00110164 -0.0025295 0.0023536 0.000700054 -0.000651129 0.0029528 0.00540083 0.000622822 0.000599157 0.00097606 -0.00209442 -0.00186451 0.000888221 0.00224919 0.000166592 -0.000658627 -0.00389551 -0.00027785 -0.00085517 -0.00407698 -0.000945382 -0.00437401 0.000431329 0.00647009 0.00194904 0.00206855 -0.00204739 -0.000907048
internal_weight=7.70111e+06 3.58843e+06 4.11268e+06 1.18364e+06 998826 3.11386e+06 2.4048e+06 103215 47481 3.01064e+06 3.0005e+06 1.60341e+06 923883 829648 1.57912e+06 199778 1.39708e+06 427714 45019 382695 2.02339e+06 259752 1.9468e+06 245362 381406 9523 768836 36862 792786 1.93215e+06
internal_count=7701113 3588432 4112681 1183635 998826 3113855 2404797 103215 47481 3010640 3000497 1603412 923883 829648 1579122 199778 1397085 427714 45019 382695 2023391 259752 1946795 245362 381406 9523 768836 36862 792786 1932154
is_linear=0
shrinkage=0.05


Tree=112
num_leaves=31
num_cat=0
split_feature=23 23 23 10 30 21 14 17 21 14 12 30 30 30 23 21 14 10 35 14 21 30 22 12 23 23 30 14 21 21
split_gain=3920.47 1182.45 616.776 303.964 280.379 216.985 550.635 205.764 196.978 371.562 192.122 186.923 185.255 182.189 178.264 173.126 478.022 172.861 161.399 150.792 469.071 149.258 199.947 147.644 165.691 142.824 135.235 133.921 274.517 202.841
threshold=0.62692841887474071 0.71465814113616954 0.52206307649612438 77.500000000000014 0.61879805127083276 0.00018614530563354495 1.0000000180025095e-35 62.302083333333343 0.002095580101013184 0.20412414523181696 77.500000000000014 0.2904117309825836 0.57016479076870585 0.35541744619845222 0.63323622941970836 0.00029760599136352544 1.0000000180025095e-35 37.500000000000007 6.5000000000000009 1.0000000180025095e-35 -0.00016179680824279782 0.33022737984194706 0.0031622495146276589 51.500000000000007 0.51323893666267406 0.67513644695281994 0.031989530961966599 1.0000000180025095e-35 -0.00016179680824279782 9.882450103759767e-05
decision_type=2 2 2 2 2 2 2 2 2 2 2 2 2 2 2 2 2 2 2 2 2 2 2 2 2 2 2 2 2 2
left_child=2 4 8 21 5 7 -7 -2 11 -10 -5 -1 15 -12 -9 26 -17 -13 -15 25 -21 22 -3 -19 -25 -16 -4 -14 -29 -30
right_child=1 3 12 10 -6 6 -8 14 9 -11 13 17 27 18 19 16 -18 23 -20 20 -22 -23 -24 24 -26 -27 -28 28 29 -31
leaf_value=-0.00093385700788235911 0.0034558998746690157 0.0017265504868028171 0.0038392679605107199 0.009770040556139583 -0.00075627249575808758 -0.00038668284581627109 -0.010257068400800281 -0.0019626312504799257 -0.0044931111593563416 -0.019933517415793987 0.0046359651048922344 -0.0074823743788182823 -0.0017634307873113297 0.0006821879703924642 0.00010577887196248957 -0.0016154353965382778 -0.011990243451717082 -0.0029626013278518642 0.0031993240974438663 0.010076457738146263 0.001014507660880806 0.00084386459615024977 0.0053264517783813761 -0.019466611071403576 -0.0056125411291222671 0.00085039632694737023 -0.00083439182001807978 0.0069073869948730882 -0.0040892807075411019 -0.01289190090796352
leaf_weight=82466 58756 755606 15689 10408 598173 135696 15772 73564 18048 4969 105744 26203 584940 107006 1386992 86524 12737 311600 157298 16562 103648 558021 40647 2371 24034 1202143 1150124 4944 42699 7729
leaf_count=82466 58756 755606 15689 10408 598173 135696 15772 73564 18048 4969 105744 26203 584940 107006 1386992 86524 12737 311600 157298 16562 103648 558021 40647 2371 24034 1202143 1150124 4944 42699 7729
internal_value=-3.59432e-06 0.00074976 -0.00169297 0.0018217 0.000231977 0.000429477 -0.00141447 0.000527764 -0.00331582 -0.00782652 0.00307042 -0.00308339 -0.00129292 0.00288198 0.000465941 -0.00094217 -0.00294672 -0.0035701 0.00218024 0.000531882 0.00226303 0.00147089 0.00191032 -0.0032668 -0.00685662 0.000451507 -0.000771495 -0.00198591 -0.00433613 -0.00543846
internal_weight=7.70111e+06 5.32604e+06 2.37508e+06 1.73473e+06 3.59131e+06 2.99313e+06 151468 2.84166e+06 469691 23017 380456 446674 1.90539e+06 370048 2.78291e+06 1.26507e+06 99261 364208 264304 2.70934e+06 120210 1.35427e+06 796253 338005 26405 2.58914e+06 1.16581e+06 640312 55372 50428
internal_count=7701113 5326036 2375077 1734730 3591306 2993133 151468 2841665 469691 23017 380456 446674 1905386 370048 2782909 1265074 99261 364208 264304 2709345 120210 1354274 796253 338005 26405 2589135 1165813 640312 55372 50428
is_linear=0
shrinkage=0.05


Tree=113
num_leaves=31
num_cat=0
split_feature=23 23 23 10 30 18 12 30 30 18 28 12 12 23 23 35 3 12 12 23 12 30 32 30 22 12 30 31 30 30
split_gain=3550.7 909.391 679.923 274.327 230.314 173.903 173.391 166.116 163.047 372.85 151.721 163.329 151.226 295.823 149.943 142.467 176.162 136.897 136.238 169.156 263.207 131.94 131.553 131.516 146.647 127.879 126.412 116.681 116.418 114.99
threshold=0.64200851321220409 0.71465814113616954 0.52983984351158153 77.500000000000014 0.56729592288954722 1.0000000180025095e-35 77.500000000000014 0.27620033212380696 0.17142647152318397 1.0000000180025095e-35 -3.4551257773507946 52.500000000000007 63.500000000000007 0.63859808444976818 0.64112070202827465 11.500000000000002 9.5000000000000018 70.500000000000014 52.500000000000007 0.58847355842590343 58.500000000000007 0.31658767017308859 6.3809614181518564 0.36342300761804874 0.0057100843564293772 71.500000000000014 0.031989530961966599 65.527778625488295 0.16591687735273308 0.25572469307178547
decision_type=2 2 2 2 2 2 2 2 2 2 2 2 2 2 2 2 2 2 2 2 2 2 2 2 2 2 2 2 2 2
left_child=2 8 10 17 12 -6 -5 -8 9 -2 21 22 13 18 -15 16 -9 -3 -4 -20 -21 -1 -12 24 -19 -10 27 -11 -26 -24
right_child=1 3 4 6 5 -7 7 15 25 26 11 -13 -14 14 -16 -17 -18 23 19 20 -22 -23 29 -25 28 -27 -28 -29 -30 -31
leaf_value=0.0051286775009993964 0.00052471279663627516 0.0072821110394112286 0.0038563241279557792 0.009281543245585713 -0.0011100878024203906 -0.0026364265922498931 0.0051003969919489051 0.0049435192481059572 0.00013766388702985178 0.015075100840970869 -0.00081614718619533165 -0.0071125690884456865 -0.0033476443060814218 0.0060110924056021517 -0.0024361428689643593 0.0035555625084061002 0.00069213966576695636 0.0016118695066572937 -0.0013851055802899248 0.0034726208384593992 -0.00048851859099857697 -0.0082978925558923038 -0.0011015264254250962 0.00068420313228926373 0.01054473990749101 -0.0079475740504810818 0.003140872725258047 0.0053491929178778102 0.0030840474260109864 -0.0033645125575216869
leaf_weight=2014 559087 9811 16306 10408 452492 317595 61949 28977 2496917 4334 81928 21368 51138 24747 6669 125983 153139 847292 589056 44370 764776 19992 66703 473953 7953 4900 76974 10690 15265 354327
leaf_count=2014 559087 9811 16306 10408 452492 317595 61949 28977 2496917 4334 81928 21368 51138 24747 6669 125983 153139 847292 589056 44370 764776 19992 66703 473953 7953 4900 76974 10690 15265 354327
internal_value=-3.41463e-06 0.000811146 -0.00141848 0.00173061 -0.00103692 -0.00173957 0.0029169 0.00273788 0.000305255 0.00101008 -0.00300188 -0.00283118 -0.000675478 -0.000580971 0.00421791 0.00226285 0.00136859 0.00139735 -0.000687554 -0.000740545 -0.000271307 -0.00706907 -0.00264928 0.0013544 0.0017193 0.000121828 0.00395971 0.00815492 0.00563964 -0.00300599
internal_weight=7.70111e+06 4.88763e+06 2.81348e+06 1.73473e+06 2.26715e+06 770087 380456 370048 3.1529e+06 651085 546332 524326 1.49706e+06 1.44592e+06 31416 308099 182116 1.35427e+06 1.41451e+06 1.3982e+06 809146 22006 502958 1.34446e+06 870510 2.50182e+06 91998 15024 23218 421030
internal_count=7701113 4887632 2813481 1734730 2267149 770087 380456 370048 3152902 651085 546332 524326 1497062 1445924 31416 308099 182116 1354274 1414508 1398202 809146 22006 502958 1344463 870510 2501817 91998 15024 23218 421030
is_linear=0
shrinkage=0.05


Tree=114
num_leaves=31
num_cat=0
split_feature=23 27 27 10 21 14 30 20 19 19 21 14 21 14 21 14 30 18 21 21 14 22 21 14 30 30 23 17 30 23
split_gain=3217.22 840.72 626.71 250.914 222.552 412.583 192.915 186.586 184.184 167.854 163.939 582.817 161.179 524.38 158.899 338.707 145.623 229.395 143.81 140.891 651.127 139.581 136.911 428.936 127.593 122.238 133.551 166.037 131.811 120.443
threshold=0.66530331969261181 -10.527138216036276 5.8382536705548143 47.500000000000007 -0.002411335706710815 1.0000000180025095e-35 0.0066036370189105102 66.500000000000014 88.500000000000014 65.500000000000014 -0.00028008222579956049 1.0000000180025095e-35 1.0000000180025095e-35 1.0000000180025095e-35 0.0035848617553710942 1.0000000180025095e-35 0.56165156391700499 1.0000000180025095e-35 -0.01333409547805786 0.00038200616836547857 1.0000000180025095e-35 0.01048190070220022 0.00066030025482177745 1.0000000180025095e-35 0.7053080744083563 0.72067610217231126 0.76543691754341137 76.003472222222243 0.27374277701479527 0.67821946740150463
decision_type=2 2 2 2 2 2 2 2 2 2 2 2 2 2 2 2 2 2 2 2 2 2 2 2 2 2 2 2 2 2
left_child=1 3 9 18 5 -4 -3 10 14 -2 11 -8 -5 -14 25 -16 22 -18 -1 21 -21 24 -12 -24 29 26 27 -6 -28 -11
right_child=2 6 4 12 8 -7 7 -9 -10 19 16 -13 13 -15 15 -17 17 -19 -20 20 -22 -23 23 -25 -26 -27 28 -29 -30 -31
leaf_value=0.017189015309357354 0.00591754054177758 0.006665923262770497 0.0031169484069231363 -0.001668411767699828 0.0015734143588343589 0.016340511751904825 -0.00035562880706932199 -0.0075354975402000023 0.0059487668645090454 0.00017841894045704277 -0.00021390199540144338 0.0082470509264993691 -0.0023345030121673261 -0.013151486408758774 0.0005270122507321206 -0.013756034753662058 -0.00054527250298174108 -0.002332188555523211 -0.0039495906574887199 0.00013634022339256089 -0.010969513746809469 0.0044603313042259037 -0.0008831817025619983 -0.010426879712972533 -0.0006892258410057142 -0.00018404563648368339 0.0047735086453837249 -0.01187661097993721 0.0022594326552096197 0.00090481962732270405
leaf_weight=808 14496 9224 30343 939767 699929 7322 115163 9600 25941 857001 1308218 23748 79910 13031 23500 5041 482407 286133 185604 128148 14713 23252 95690 13425 187446 73782 64451 2302 272849 1707869
leaf_count=808 14496 9224 30343 939767 699929 7322 115163 9600 25941 857001 1308218 23748 79910 13031 23500 5041 482407 286133 185604 128148 14713 23252 95690 13425 187446 73782 64451 2302 272849 1707869
internal_value=-3.24387e-06 -0.00110468 0.000944977 -0.00216961 0.00190473 0.00568762 -0.000550707 -0.000579223 0.00178272 0.000550507 -0.000550497 0.00111508 -0.00186485 -0.00385113 0.00168808 -0.00199574 -0.000656344 -0.00121055 -0.00385796 0.000523848 -0.00100744 0.000602665 -0.000355826 -0.0020574 0.000570075 0.00178252 0.0019221 0.00152932 0.00273982 0.000662107
internal_weight=7.70111e+06 3.56273e+06 4.13838e+06 1.21912e+06 1.20546e+06 37665 2.34361e+06 2.33438e+06 1.1678e+06 2.93292e+06 2.32478e+06 138911 1.03271e+06 92941 1.14185e+06 28541 2.18587e+06 768540 186412 2.91843e+06 142861 2.77557e+06 1.41733e+06 109115 2.75232e+06 1.11331e+06 1.03953e+06 702231 337300 2.56487e+06
internal_count=7701113 3562728 4138385 1219120 1205460 37665 2343608 2334384 1167795 2932925 2324784 138911 1032708 92941 1141854 28541 2185873 768540 186412 2918429 142861 2775568 1417333 109115 2752316 1113313 1039531 702231 337300 2564870
is_linear=0
shrinkage=0.05


Tree=115
num_leaves=31
num_cat=0
split_feature=28 27 15 21 14 30 27 18 21 14 19 30 18 21 30 21 21 14 2 12 31 30 10 22 30 10 3 13 21 14
split_gain=2890.45 711.308 615.182 227.844 405.323 211.491 195.21 194.829 186.312 399.586 180.335 177.171 239.371 292.964 265.663 163.755 162.434 228.711 161.665 159.969 132.495 128.478 185.926 171.109 127.878 159.43 134.172 126.533 124.881 243.381
threshold=-0.40574082315584031 4.3995823642291549 51.500000000000007 -0.0027710497379302974 1.0000000180025095e-35 0.098940202799934387 -9.2086290381567419 0.5017452060066323 0.0012147426605224612 1.0000000180025095e-35 88.500000000000014 0.3354154715874676 1.0000000180025095e-35 9.882450103759767e-05 0.15042800039967077 -0.01333409547805786 0.0082801580429077166 1.0000000180025095e-35 13.500000000000002 51.500000000000007 65.527778625488295 0.49349278204999963 28.500000000000004 0.00092559604927195088 0.72067610217231126 76.500000000000014 11.500000000000002 83.020833333333357 -0.00032636523246765131 1.0000000180025095e-35
decision_type=2 2 2 2 2 2 2 2 2 2 2 2 2 2 2 2 2 2 2 2 2 2 2 2 2 2 2 2 2 2
left_child=2 11 8 4 -3 7 -7 -4 15 -10 16 12 -2 14 18 -1 24 -18 20 21 -14 23 -23 -17 25 -5 -27 -6 29 -13
right_child=1 3 5 10 27 6 -8 -9 9 -11 -12 28 13 -15 -16 19 17 -19 -20 -21 -22 22 -24 -25 -26 26 -28 -29 -30 -31
leaf_value=0.013591755131993014 0.00039993181926446591 0.0027801680658261947 0.00106682404697711 0.0013307052522958853 0.011881707176042396 -0.0015264893758005977 -0.00061796059894977994 0.011107475661935895 -0.0039232792976472176 -0.018595460325438587 0.0056430174235792187 0.00073440933445838817 0.0097242750351049425 -0.00439289712010189 0.0013362257941092097 -0.0020478620710936697 -0.00012911980416729335 -0.013427794975459484 0.0020889701160105552 -0.0073901622097603389 0.0044649609175750017 -0.023060627355114948 -0.0032266657496623375 0.0030050000843723072 -0.00026956988723597831 0.0031577681801160796 0.00080628743350739094 0.026986056795263433 -0.00016411877156107739 0.008804002644597032
leaf_weight=1547 1261312 34182 62082 1151870 6736 1006221 1433610 5239 24385 5731 25922 61303 19759 16825 182612 170715 13470 4254 34469 17467 30399 1188 215177 18578 96662 247219 80388 1746 1459105 11024
leaf_count=1547 1261312 34182 62082 1151870 6736 1006221 1433610 5239 24385 5731 25922 61303 19759 16825 182612 170715 13470 4254 34469 17467 30399 1188 215177 18578 96662 247219 80388 1746 1459105 11024
internal_value=2.02575e-06 0.000767811 -0.00122327 0.00160115 0.00520786 -0.000916369 -0.000992651 0.00184821 -0.00291515 -0.00671541 0.00150615 0.000317546 0.000695247 0.00200651 0.00240941 -0.00264565 0.00143887 -0.00332104 0.00472518 -0.00270502 0.0065368 -0.00250328 -0.00333558 -0.00155195 0.00149239 0.00160751 0.00258076 0.0149912 -6.35933e-05 0.00196438
internal_weight=7.7012e+06 4.73926e+06 2.96194e+06 1.66245e+06 42664 2.50715e+06 2.43983e+06 67321 454788 30116 1.61978e+06 3.07681e+06 1.54538e+06 284064 267239 424672 1.59386e+06 17724 84627 423125 50158 405658 216365 189293 1.57614e+06 1.47948e+06 327607 8482 1.53143e+06 72327
internal_count=7701197 4739257 2961940 1662449 42664 2507152 2439831 67321 454788 30116 1619785 3076808 1545376 284064 267239 424672 1593863 17724 84627 423125 50158 405658 216365 189293 1576139 1479477 327607 8482 1531432 72327
is_linear=0
shrinkage=0.05


Tree=116
num_leaves=31
num_cat=0
split_feature=28 10 10 10 27 12 12 12 12 32 25 13 35 31 22 28 20 35 3 13 35 31 17 22 31 22 12 18 35 10
split_gain=2608.63 652.671 559.048 205.963 205.873 232.632 167.527 149.954 146.458 130.325 169.095 150.564 194.358 136.884 125.872 128.038 105.935 97.8014 137.193 114.283 94.046 87.7887 87.029 86.9144 84.9527 81.2325 109.421 80.2164 73.1258 69.993
threshold=-0.40574082315584031 71.500000000000014 50.500000000000007 85.500000000000014 -9.2086290381567419 50.500000000000007 50.500000000000007 71.500000000000014 71.500000000000014 7.9007732868194589 7.5831547984375627 48.979166666666679 16.500000000000004 57.850000381469734 0.0085506137893796453 -0.015717307227219257 23.500000000000004 5.5000000000000009 11.500000000000002 76.020833333333357 20.500000000000004 67.422222137451186 89.003472222222243 0.0059329413435226606 66.649997711181655 0.0011679403664704912 45.500000000000007 0.56442033855372831 7.5000000000000009 75.500000000000014
decision_type=2 2 2 2 2 2 2 2 2 2 2 2 2 2 2 2 2 2 2 2 2 2 2 2 2 2 2 2 2 2
left_child=2 7 6 8 5 -4 9 14 -3 24 11 12 13 -11 15 -2 -12 18 29 -19 -5 -18 -22 -20 25 -1 -27 -8 -13 -10
right_child=1 3 4 20 -6 -7 27 -9 17 10 16 28 -14 -15 -16 -17 21 19 23 -21 22 -23 -24 -25 -26 26 -28 -29 -30 -31
leaf_value=-0.0018349549753858673 -0.00011686600118316288 0.0049057087784519296 0.004751481116804482 0.0028950783117848446 -0.00051683452469325996 -0.0014976803026755445 -0.006732428287213728 -0.0034091296037702004 0.00037183558203715973 -0.00038672304512663399 -0.035895471927717013 0.036495061555407125 -0.042007167172711267 -0.01630884841850205 0.0031561300018326981 0.00055271568464627279 -0.0033256718502546936 0.0013318500694129826 -0.00043351115644593599 0.0027039963439958879 0.005026040376020076 0.005609481634092194 0.013352510696549899 -0.005157470299848076 -0.023601275041900186 0.010982456985710246 -0.00044714560772814898 -0.017456724870739557 -0.0015991685575980708 0.0014779422405947762
leaf_weight=120796 1150619 28844 15094 101859 1471955 1114632 13116 26978 214327 1951 248 133 565 4381 39034 1881285 201160 572087 55889 206530 16238 2787 3890 11791 435 2920 7402 2011 2354 429886
leaf_count=120796 1150619 28844 15094 101859 1471955 1114632 13116 26978 214327 1951 248 133 565 4381 39034 1881285 201160 572087 55889 206530 16238 2787 3890 11791 435 2920 7402 2011 2354 429886
internal_value=1.92449e-06 0.00072942 -0.00116211 0.00153554 -0.000906491 -0.00141419 -0.00300808 0.000302323 0.00137683 -0.00278235 -0.00354489 -0.0101076 -0.0139107 -0.011403 0.000334928 0.000298607 -0.00324329 0.00130854 0.000884965 0.00169582 0.00351222 -0.00320357 0.0066353 -0.00125651 -0.00154435 -0.00147116 0.00278626 -0.00815823 0.000439423 0.00110995
internal_weight=7.7012e+06 4.73926e+06 2.96194e+06 1.64134e+06 2.60168e+06 1.12973e+06 360259 3.09792e+06 1.51935e+06 345132 213579 9384 6897 6332 3.07094e+06 3.0319e+06 204195 1.49051e+06 711893 778617 121987 203947 20128 67680 131553 131118 10322 15127 2487 644213
internal_count=7701197 4739257 2961940 1641341 2601681 1129726 360259 3097916 1519354 345132 213579 9384 6897 6332 3070938 3031904 204195 1490510 711893 778617 121987 203947 20128 67680 131553 131118 10322 15127 2487 644213
is_linear=0
shrinkage=0.05


Tree=117
num_leaves=31
num_cat=0
split_feature=28 10 10 21 14 21 14 21 14 21 14 30 10 10 12 30 18 30 12 30 2 18 21 14 14 21 21 30 18 10
split_gain=2354.29 589.035 514.61 195.918 350.709 190.389 878.121 185.603 318.628 180.741 522.268 179.322 167.047 164.836 177.695 156.561 275.332 139.832 138.364 136.678 158.379 124.026 117.599 300.151 148.579 420.723 148.302 114.198 113.701 105.722
threshold=-0.40574082315584031 71.500000000000014 53.500000000000007 -0.0042029619216918937 1.0000000180025095e-35 0.00029760599136352544 1.0000000180025095e-35 -0.00032636523246765131 1.0000000180025095e-35 0.0022770762443542485 1.0000000180025095e-35 0.031989530961966599 86.500000000000014 39.500000000000007 53.500000000000007 0.69029908622142477 0.51980959995249199 0.61879805127083276 71.500000000000014 0.36622319935281861 19.500000000000004 1.0000000180025095e-35 0.00038200616836547857 1.0000000180025095e-35 1.0000000180025095e-35 -0.00011646747589111327 -0.0042029619216918937 0.72067610217231126 1.0000000180025095e-35 51.500000000000007
decision_type=2 2 2 2 2 2 2 2 2 2 2 2 2 2 2 2 2 2 2 2 2 2 2 2 2 2 2 2 2 2
left_child=2 17 7 4 -3 11 -7 8 -1 12 -11 21 18 19 29 -13 -17 22 -5 20 -9 -4 24 -24 -2 26 -26 -20 -19 -15
right_child=1 3 5 9 -6 6 -8 13 -10 10 -12 15 -14 14 -16 16 -18 28 27 -21 -22 -23 23 -25 25 -27 -28 -29 -30 -31
leaf_value=-0.0014399618646048034 0.00041636952802593074 0.0026289197123749199 -0.00078672487525216711 0.0049343893262281061 0.014858694746165911 -0.00094003598598760339 -0.010732584743114493 0.0038121237820401021 0.0095353068157403766 0.00065898960059894581 -0.012672688698604107 -0.00046857835484377604 0.0037995837126933241 -0.002610092036665736 -0.0065227031173518014 -0.0014458915726429714 -0.011207465305951967 5.3411034233743912e-05 0.0014182969655498934 -0.0073643706683469874 -0.010417665280103428 0.0079058025225233215 -0.00031248984752116994 -0.0090615471220420636 0.0064320327396172553 0.00097944004075002904 0.016572901813888954 -0.00030648553366760891 -0.0015980739696065745 -0.001121156101528076
leaf_weight=28686 2409947 29334 6777 26599 7326 175197 26334 6564 8594 47148 8702 1765651 73729 385641 24240 311593 7395 302406 1345162 29508 2785 10402 104004 10823 11870 94659 5178 103341 159029 172573
leaf_count=28686 2409947 29334 6777 26599 7326 175197 26334 6564 8594 47148 8702 1765651 73729 385641 24240 311593 7395 302406 1345162 29508 2785 10402 104004 10823 11870 94659 5178 103341 159029 172573
internal_value=1.82822e-06 0.000692949 -0.001104 0.00145876 0.00507291 -0.000751591 -0.00221963 -0.00233652 0.00109014 0.00137619 -0.00141824 -0.000610829 0.00147696 -0.00254213 -0.00233177 -0.000652754 -0.00167219 0.000287207 0.00136087 -0.00569522 -0.000426894 0.00447667 0.000427741 -0.00113714 0.000499 0.00228166 0.0095122 0.00129525 -0.000515757 -0.00214978
internal_weight=7.7012e+06 4.73926e+06 2.96194e+06 1.64134e+06 36660 2.30335e+06 201531 658591 37280 1.60468e+06 55850 2.10182e+06 1.54883e+06 621311 582454 2.08464e+06 318988 3.09792e+06 1.4751e+06 38857 9349 17179 2.63648e+06 114827 2.52165e+06 111707 17048 1.4485e+06 461435 558214
internal_count=7701197 4739257 2961940 1641341 36660 2303349 201531 658591 37280 1604681 55850 2101818 1548831 621311 582454 2084639 318988 3097916 1475102 38857 9349 17179 2636481 114827 2521654 111707 17048 1448503 461435 558214
is_linear=0
shrinkage=0.05


Tree=118
num_leaves=31
num_cat=0
split_feature=23 23 23 19 17 23 21 14 21 14 23 21 14 20 30 30 18 18 19 20 21 14 30 21 14 16 30 26 21 14
split_gain=2219.97 639.234 368.635 247.059 216.214 230.056 187.475 199.499 160.805 478.082 161.897 151.919 694.522 150.901 142.943 142.502 160.164 140.719 138.012 133.548 130.036 282.939 129.417 127.67 342.318 121.98 121.74 127.986 117.251 361.848
threshold=0.62774425745010387 0.71465814113616954 0.51634138822555553 50.500000000000007 62.302083333333343 0.63151890039443981 -0.0072341859340667716 0.20412414523181696 0.0022770762443542485 1.0000000180025095e-35 0.77471512556076061 9.882450103759767e-05 1.0000000180025095e-35 51.500000000000007 0.17407573766342502 0.6464884302373276 1.0000000180025095e-35 0.51980959995249199 76.500000000000014 77.500000000000014 0.0015977025032043459 1.0000000180025095e-35 0.32206747298643096 -0.00069344043731689442 1.0000000180025095e-35 38.500000000000007 0.5274898310703845 68.764980720667964 0.00018614530563354495 1.0000000180025095e-35
decision_type=2 2 2 2 2 2 2 2 2 2 2 2 2 2 2 2 2 2 2 2 2 2 2 2 2 2 2 2 2 2
left_child=2 4 13 -4 -2 -6 7 -3 10 -10 19 14 -13 20 17 28 -17 -5 -12 -8 22 -22 -1 24 -16 -24 27 -20 -7 -30
right_child=1 6 3 11 5 15 8 -9 9 -11 18 12 -14 -15 23 16 -18 -19 26 -21 21 -23 25 -25 -26 -27 -28 -29 29 -31
leaf_value=-0.00053434714747627502 0.0033433471828315832 0.0029901168402766635 0.0095078624442715351 0.00026225639089177971 -0.0028612173171963565 0.00039805561832200452 0.0011445927570087435 0.012774136314417399 0.00060833853172274509 -0.012040393890164461 0.010556499356967342 -0.0012313798179344447 -0.010810722246006656 -0.010053292076408574 -0.00067988334476650164 4.1906454832632083e-05 -0.0019046502681636383 0.0078281200193941643 0.0021970216214421681 -0.010315730477537394 -0.0034807804887074852 -0.017448779324670573 -0.0058953188894926732 -0.0011155295601795341 0.0069727650555373713 -0.0024289912192262363 0.0010103749946076071 0.0048999391658192688 -0.00022715738866592108 -0.0084564547945732548
leaf_weight=84303 53550 20874 5604 151228 62626 2822557 1279903 6943 50379 8771 5011 153738 21577 6701 77001 316932 158535 6406 165553 2547 19741 4441 27970 1549668 18036 274073 134408 59550 137779 14792
leaf_count=84303 53550 20874 5604 151228 62626 2822557 1279903 6943 50379 8771 5011 153738 21577 6701 77001 316932 158535 6406 165553 2547 19741 4441 27970 1549668 18036 274073 134408 59550 137779 14792
internal_value=1.73681e-06 0.000573015 -0.00125975 -0.000975553 0.000190179 0.000142117 0.00136052 0.0054322 0.00129413 -0.00126728 0.00138613 -0.00100526 -0.00241037 -0.00261064 -0.000868584 0.000196626 -0.000607134 0.000569726 0.00231596 0.00112183 -0.00248915 -0.00604605 -0.00226652 -0.00100644 0.000772432 -0.00274998 0.0022011 0.00291207 0.000325078 -0.00102501
internal_weight=7.7012e+06 5.30071e+06 2.40049e+06 1.98326e+06 3.56677e+06 3.51322e+06 1.73394e+06 27817 1.70612e+06 59150 1.64697e+06 1.97765e+06 175315 417229 1.80234e+06 3.4506e+06 475467 157634 364522 1.28245e+06 410528 24182 386346 1.6447e+06 95037 302043 359511 225103 2.97513e+06 152571
internal_count=7701197 5300710 2400487 1983258 3566771 3513221 1733939 27817 1706122 59150 1646972 1977654 175315 417229 1802339 3450595 475467 157634 364522 1282450 410528 24182 386346 1644705 95037 302043 359511 225103 2975128 152571
is_linear=0
shrinkage=0.05


Tree=119
num_leaves=31
num_cat=0
split_feature=15 27 10 12 30 18 30 21 12 21 27 12 17 18 21 30 21 18 21 21 21 35 30 10 12 12 20 30 10 35
split_gain=1941.06 639.737 307.884 206.793 193.545 185.328 275.237 224.976 179.903 175.3 162.55 149.963 133.936 127.516 267.349 183.262 142.063 183.701 125.848 119.778 119.46 112.859 103.982 108.796 124.966 112.764 98.1798 96.3187 118.152 126.466
threshold=61.500000000000007 4.2973973301095549 50.500000000000007 61.500000000000007 0.34052933757267584 1.0000000180025095e-35 0.031989530961966599 9.882450103759767e-05 50.500000000000007 -0.002411335706710815 -10.089042934421725 50.500000000000007 88.003472222222243 1.0000000180025095e-35 -0.00022149085998535154 0.73612060257540268 1.0000000180025095e-35 0.20052378963083781 0.0011898875236511233 0.0073297023773193368 -0.011681497097015379 18.500000000000004 0.72067610217231126 76.500000000000014 76.500000000000014 76.500000000000014 61.500000000000007 0.32206747298643096 38.500000000000007 8.5000000000000018
decision_type=2 2 2 2 2 2 2 2 2 2 2 2 2 2 2 2 2 2 2 2 2 2 2 2 2 2 2 2 2 2
left_child=2 4 11 8 5 -2 -7 -8 -4 -3 -10 18 19 -6 -15 16 -16 -18 20 22 -1 -5 23 25 -25 -11 -12 -22 -29 -30
right_child=1 9 3 21 13 6 7 -9 10 12 26 -13 -14 14 15 -17 17 -19 -20 -21 27 -23 -24 24 -26 -27 -28 28 29 -31
leaf_value=0.0098004600431177147 0.00026380172443189932 0.0043372836712214872 0.0044845876051376639 -0.0051915494907902541 0.00010126827415306441 0.0072361538246226934 0.0015441122011768474 -0.0036552791733673474 -0.001401664243165036 0.0011251683672339704 -0.00052122195231046593 -0.0074648389366299504 0.004455267226292455 0.0030231572169171234 -0.00038038695008604936 -0.0030384210318656676 -0.0088639233969222582 -0.0016518442420283147 -0.0059435220907914045 -0.0026593537146896869 -0.00049975591749298138 0.00072800768387845487 -0.00036710298088686051 0.0073064637055825533 0.0019362532858139972 -0.0051889448982291681 0.0032221523817595604 -0.0057227936756895029 -0.0010271342052652298 -0.0033944043139399771
leaf_weight=2087 1355386 46281 15367 42830 1345845 20024 318310 22260 933898 1197469 814295 15127 31350 44703 526127 92402 10778 48834 23099 20315 66051 9916 98918 11226 309390 7113 17901 27741 107862 118292
leaf_count=2087 1355386 46281 15367 42830 1345845 20024 318310 22260 933898 1197469 814295 15127 31350 44703 526127 92402 10778 48834 23099 20315 66051 9916 98918 11226 309390 7113 17901 27741 107862 118292
internal_value=1.64995e-06 0.000502754 -0.00125581 -0.000993334 0.000139229 0.000531819 0.00153923 0.00120427 -0.000901981 0.00130169 -0.000948851 -0.00259214 0.00121786 -0.000186425 -0.000722073 -0.000968959 -0.000642495 -0.00295582 -0.00237857 0.00115614 -0.00212286 -0.0040787 0.00120386 0.00130575 0.00212429 0.00108788 -0.0004407 -0.00220064 -0.00264313 -0.00226536
internal_weight=7.7012e+06 5.50673e+06 2.19447e+06 1.83421e+06 3.78467e+06 1.71598e+06 360594 340570 1.78146e+06 1.72206e+06 1.76609e+06 360259 1.67578e+06 2.06869e+06 722844 678141 585739 59612 345132 1.64443e+06 322033 52746 1.62412e+06 1.5252e+06 320616 1.20458e+06 832196 319946 253895 226154
internal_count=7701197 5506731 2194466 1834207 3784669 1715980 360594 340570 1781461 1722062 1766094 360259 1675781 2068689 722844 678141 585739 59612 345132 1644431 322033 52746 1624116 1525198 320616 1204582 832196 319946 253895 226154
is_linear=0
shrinkage=0.05


Tree=120
num_leaves=31
num_cat=0
split_feature=23 23 23 30 19 28 18 30 18 20 30 32 31 25 13 31 18 30 18 20 30 18 30 32 22 30 15 18 19 23
split_gain=1823.24 457.625 359.316 165.395 160.246 152.595 134.81 128.088 220.737 109.893 108.597 107.53 119.486 114.36 143.508 113.23 104.818 98.134 95.3829 93.7754 90.5282 119.064 87.0991 110.151 94.1941 99.0734 82.4268 82.4164 79.2386 78.6811
threshold=0.64200851321220409 0.72499999403953563 0.5372087061405183 0.56729592288954722 71.500000000000014 1.4940453190526415 0.51980959995249199 0.023010296375251423 1.0000000180025095e-35 72.500000000000014 0.031989530961966599 8.1816186904907244 57.350000381469734 7.5831547984375627 48.979166666666679 55.549999237060554 1.0000000180025095e-35 0.68076890640742715 1.0000000180025095e-35 23.500000000000004 0.66282065302870907 1.0000000180025095e-35 0.50987881867497664 13.048840045928957 0.0031622495146276589 0.12448257373229442 89.500000000000014 0.61054575812767142 52.500000000000007 0.68737804889678966
decision_type=2 2 2 2 2 2 2 2 2 2 2 2 2 2 2 2 2 2 2 2 2 2 2 2 2 2 2 2 2 2
left_child=2 7 11 10 -3 22 18 8 -2 20 16 12 -1 14 15 -13 -4 -8 -5 -15 29 -22 24 -24 -6 -26 -7 -23 -12 -9
right_child=1 4 3 6 5 26 17 9 -10 -11 28 13 -14 19 -16 -17 -18 -19 -20 -21 21 27 23 -25 25 -27 -28 -29 -30 -31
leaf_value=0.00097076910137283777 0.00090226017541666101 0.0087619605656238993 -0.00098812614082834723 -0.0007515228933931222 0.0010948987684327115 0.002224199657999068 -0.0018913718919840866 8.7511800280479495e-05 0.0077157115417758361 -0.0077688913587832019 0.0066614184244576068 0.0090041442677050287 -0.001841590846288838 -0.033251717662725139 -0.0025480339720826369 -0.014735663246028367 0.0062998109377408922 -0.00996861131213269 -0.0019228756357540734 -0.0025584564191858676 0.00010740157880135371 -0.0015625401263041341 0.00029267887701287242 -0.01360250654828783 0.0075587423814085231 0.0022181148284871246 0.0088713441458902528 -0.0099843100218312344 -0.00047339909464244107 0.00061704300321164423
leaf_weight=42838 55773 7143 8516 430149 936080 262655 7381 1642795 15107 4314 3902 549 319062 249 7529 5895 11728 7666 291617 251665 262565 123308 260962 1434 9849 73401 4748 2975 1425333 1224290
leaf_count=42838 55773 7143 8516 430149 936080 262655 7381 1642795 15107 4314 3902 549 319062 249 7529 5895 11728 7666 291617 251665 262565 123308 260962 1434 9849 73401 4748 2975 1425333 1224290
internal_value=-1.37607e-06 0.000582384 -0.00101523 -0.000712475 0.00129023 0.00125578 -0.00132244 0.000251685 0.00235445 0.000205969 -0.000402412 -0.00206959 -0.00150869 -0.00283303 -0.00723593 -0.012713 0.00323402 -0.00600652 -0.00122479 -0.00258881 0.000216536 -0.000499368 0.00102911 0.000216736 0.00123824 0.00284995 0.00234223 -0.00176095 -0.00045392 0.00031363
internal_weight=7.70148e+06 4.8874e+06 2.81408e+06 2.18629e+06 1.55627e+06 1.54913e+06 736813 3.33113e+06 70880 3.26025e+06 1.44948e+06 627787 361900 265887 13973 6444 20244 15047 721766 251914 3.25593e+06 388848 1.28173e+06 262396 1.01933e+06 83250 267403 126283 1.42924e+06 2.86708e+06
internal_count=7701478 4887399 2814079 2186292 1556272 1549129 736813 3331127 70880 3260247 1449479 627787 361900 265887 13973 6444 20244 15047 721766 251914 3255933 388848 1281726 262396 1019330 83250 267403 126283 1429235 2867085
is_linear=0
shrinkage=0.05


Tree=121
num_leaves=31
num_cat=0
split_feature=23 23 12 27 23 10 30 3 21 14 12 21 14 21 30 21 14 21 30 21 14 20 12 21 14 14 21 30 24 31
split_gain=1663.25 539.462 257.375 231.024 220.257 173.089 162.274 157.208 148.324 411.686 145.441 139.358 133.127 512.331 165.244 123.413 489.534 138.303 119.672 118.839 189.372 116.113 112.492 110.022 247.801 105.393 234.184 103.03 217.934 147.485
threshold=0.61705884337425243 0.71178066730499279 61.500000000000007 -17.754164444724697 0.62118539214134227 77.500000000000014 0.014720244552075977 7.5000000000000009 -0.00039073824882507319 1.0000000180025095e-35 77.500000000000014 -0.012233704328536986 1.0000000180025095e-35 9.882450103759767e-05 0.28055248272307082 -1.0000000180025095e-35 1.0000000180025095e-35 -0.0042029619216918937 0.27620033212380696 -0.002411335706710815 1.0000000180025095e-35 71.500000000000014 77.500000000000014 0.0015977025032043459 0.20412414523181696 1.0000000180025095e-35 9.882450103759767e-05 0.47241142842277789 62.559009692888928 56.45000076293946
decision_type=2 2 2 2 2 2 2 2 2 2 2 2 2 2 2 2 2 2 2 2 2 2 2 2 2 2 2 2 2 2
left_child=3 2 -2 11 -4 22 7 -6 9 -5 -7 -1 -10 14 -14 16 -8 -18 -12 20 -20 -17 -3 27 -25 -21 -27 29 -29 -13
right_child=1 5 4 8 6 10 15 -9 12 -11 18 23 13 -15 -16 21 17 -19 19 25 -22 -23 -24 24 -26 26 -28 28 -30 -31
leaf_value=0.013082178885031076 0.0026557324317296955 0.00087410048193782498 -0.0032744269753019481 -0.00065952195103415523 0.00096680535890932961 0.0078228086084893133 0.0002672303769995733 0.0084687437007771905 -0.00095900434943602315 0.0073616633169011313 0.0038595554340895514 0.0046690285220289769 0.0022771864613919967 -0.010075197389879158 -0.0022457326088863422 -7.7741988006934011e-05 0.0057699111265284405 0.014578203428462439 0.0033115047131803358 0.0014953240370387767 0.018537735851585867 -0.011532150623935623 -0.004982861602902006 -0.0032822073744933344 -0.017165744023789255 4.5674166265861725e-05 -0.014577389000985569 -0.014899705678691994 -0.0028126137044561261 -0.0016972161524493601
leaf_weight=1431 91744 1880505 51474 85885 19438 10493 144407 10899 1553569 19658 61880 9996 24875 19506 107318 2980595 15177 6309 12493 271154 2441 2214 8234 15266 4071 18349 3218 3816 163866 101197
leaf_count=1431 91744 1880505 51474 85885 19438 10493 144407 10899 1553569 19658 61880 9996 24875 19506 107318 2980595 15177 6309 12493 271154 2441 2214 8234 15266 4071 18349 3218 3816 163866 101197
internal_value=-1.30729e-06 0.000450137 4.42709e-05 -0.00119728 -2.98926e-05 0.00104447 2.2642e-05 0.003662 -0.000984474 0.000834476 0.00201808 -0.00248329 -0.00109705 -0.00251083 -0.00139465 -1.24225e-05 0.00131492 0.00835637 0.00185326 0.00144972 0.00580038 -8.62444e-05 0.000848567 -0.00255798 -0.00620517 0.00122776 -0.00213628 -0.00230509 -0.00308769 -0.0011249
internal_weight=7.70148e+06 5.59102e+06 3.32226e+06 2.11045e+06 3.23051e+06 2.26877e+06 3.17904e+06 30337 1.81081e+06 105543 380028 299643 1.70527e+06 151699 132193 3.1487e+06 165893 21486 369535 307655 14934 2.98281e+06 1.88874e+06 298212 19337 292721 21567 278875 167682 111193
internal_count=7701478 5591024 3322257 2110454 3230513 2268767 3179039 30337 1810811 105543 380028 299643 1705268 151699 132193 3148702 165893 21486 369535 307655 14934 2982809 1888739 298212 19337 292721 21567 278875 167682 111193
is_linear=0
shrinkage=0.05


Tree=122
num_leaves=31
num_cat=0
split_feature=23 23 23 12 23 12 23 21 17 10 12 12 21 21 18 18 32 17 12 13 24 18 12 12 23 23 23 24 21 23
split_gain=1504.94 369.053 320.307 222.723 228.498 186.973 289.398 169.778 167.426 155.714 133.806 124.846 124.018 121.367 190.442 206.745 119.721 110.124 108.847 136.219 135.919 109.539 108.785 107.645 212.979 198.377 95.1861 108.902 95.0015 93.9076
threshold=0.65653845667839061 0.57723164558410656 0.76399549841880809 57.500000000000007 0.58117648959159862 65.500000000000014 0.66138610243797313 -0.0043153464794158927 76.003472222222243 44.500000000000007 44.500000000000007 57.500000000000007 0.0070963501930236825 -0.00043526291847228998 1.0000000180025095e-35 0.20052378963083781 9.1606040000915545 88.003472222222243 43.500000000000007 43.020833333333336 65.913624526817344 0.5017452060066323 75.500000000000014 64.500000000000014 0.64764782786369335 0.65078735351562511 0.65078735351562511 70.603248994970784 0.0086399912834167498 0.65816503763198864
decision_type=2 2 2 2 2 2 2 2 2 2 2 2 2 2 2 2 2 2 2 2 2 2 2 2 2 2 2 2 2 2
left_child=1 7 5 -3 -5 29 -7 -1 13 12 16 -12 18 14 -8 -16 -11 22 19 -9 -21 -20 -4 24 -6 -25 27 -26 -15 -2
right_child=2 3 17 4 23 6 8 9 -10 10 11 -13 -14 28 15 -17 -18 -19 21 20 -22 -23 -24 25 26 -27 -28 -29 -30 -31
leaf_value=0.002332636445615982 0.00025653582244710598 0.002366006958266189 0.0074092749321938434 -0.0042849139985014903 -0.00041577017664270555 -0.0028841938666890232 0.00034848775074358652 -0.0030131804803837751 -0.013682088939974316 0.012927193470201194 -0.0013780821674173696 -0.0055288166572662048 -0.02491985322769914 0.00033145685438434571 0.010751855996840892 0.0026960544197475755 -0.0020595417340330494 0.0042357122475886154 -0.0057900271991441973 -0.010387681926554797 0.011786781450494367 -0.020531758807665446 0.0012454253008817467 -0.0035209938857027803 0.0039813192329634112 -0.00038707648379001573 0.00013555955493097202 -0.0071437564938982151 -0.0037783194255136352 0.0031977067495926647
leaf_weight=28334 39727 70301 7212 39046 1614737 69906 82564 83241 2119 3071 1083835 18424 667 3078850 9797 42579 2354 32839 15073 902 2954 1375 958646 76339 49469 149161 35875 2302 14126 85653
leaf_count=28334 39727 70301 7212 39046 1614737 69906 82564 83241 2119 3071 1083835 18424 667 3078850 9797 42579 2354 32839 15073 902 2954 1375 958646 76339 49469 149161 35875 2302 14126 85653
internal_value=-1.24192e-06 -0.00081329 0.000600351 -0.000399313 -0.00049815 0.000370624 0.000298618 -0.0014933 0.000367502 -0.00158275 -0.00140891 -0.00144746 -0.00343053 0.000376725 0.00184456 0.00420292 0.00642428 0.00138826 -0.00329208 -0.00258759 0.00659957 -0.00702251 0.00129145 -0.000421455 -0.000285476 -0.00144801 0.00211498 0.00348663 0.000312687 0.00226579
internal_weight=7.70148e+06 3.27746e+06 4.42402e+06 2.03723e+06 1.96693e+06 3.42532e+06 3.29994e+06 1.24023e+06 3.23004e+06 1.2119e+06 1.10768e+06 1.10226e+06 104212 3.22792e+06 134940 52376 5425 998697 103545 87097 3856 16448 965858 1.92788e+06 1.70238e+06 225500 87646 51771 3.09298e+06 125380
internal_count=7701478 3277460 4424018 2037230 1966929 3425321 3299941 1240230 3230035 1211896 1107684 1102259 104212 3227916 134940 52376 5425 998697 103545 87097 3856 16448 965858 1927883 1702383 225500 87646 51771 3092976 125380
is_linear=0
shrinkage=0.05


Tree=123
num_leaves=31
num_cat=0
split_feature=27 27 10 21 18 18 21 30 12 30 18 21 30 21 30 18 30 21 31 12 18 21 30 21 18 21 10 35 3 22
split_gain=1344.7 444.392 219.713 160.972 165.172 178.053 136.206 132.814 131.863 122.895 119.909 136.274 118.352 114.522 112.968 111.524 420.387 204.954 147.157 145.495 111.413 109.495 108.467 108.079 100.194 99.1686 97.2447 96.2845 127.983 95.2457
threshold=-0.21281802825605209 -10.527138216036276 77.500000000000014 1.0000000180025095e-35 1.0000000180025095e-35 0.20052378963083781 -0.0050742030143737784 0.23662649585292114 77.500000000000014 0.58981193750141658 1.0000000180025095e-35 9.882450103759767e-05 0.21287951186004037 -0.00028008222579956049 0.0066036370189105102 1.0000000180025095e-35 0.15679941898546718 1.0000000180025095e-35 66.549999237060561 76.500000000000014 0.20052378963083781 -0.00022149085998535154 0.27620033212380696 -0.00050851702690124501 1.0000000180025095e-35 0.0079797506332397478 47.500000000000007 11.500000000000002 9.5000000000000018 0.0019999742514677258
decision_type=2 2 2 2 2 2 2 2 2 2 2 2 2 2 2 2 2 2 2 2 2 2 2 2 2 2 2 2 2 2
left_child=1 3 9 6 -5 -6 -1 10 -4 15 -3 14 -8 24 -12 -2 18 19 -17 21 -19 -18 -10 -24 -9 -15 -14 28 -25 -30
right_child=2 7 8 4 5 -7 12 13 22 -11 11 -13 26 25 -16 16 17 20 -20 -21 -22 -23 23 27 -26 -27 -28 -29 29 -31
leaf_value=0.0024249219115063075 0.00054713094183835085 -0.00012263766370200623 0.0073691075420094015 -0.0013275320678132734 -0.011537837035552646 -0.0039102543261760768 0.00014712579931561601 -0.0003519684568449677 0.0035950962976327053 -0.00025275789870847081 0.0080026005968657065 -0.0039602963690707925 -0.0026816449035769819 -0.00049609043504527555 0.0015278112984649832 0.0079430052622100466 0.003985577757604125 -0.01001726148162776 0.0032810718828163044 -0.0048133700127584271 -0.0019059737157371083 0.00091951021198817594 0.0050356794710737403 0.0035515738489540908 0.002460125175112066 -0.0043397916730428697 -0.0012927246246768464 0.002175000515231841 0.0009146680812453286 -0.0016420173491755012
leaf_weight=24807 2353594 342975 10493 55763 9204 45342 121683 64940 61880 397154 7015 10962 149117 2213152 169742 24096 32119 5180 56898 10341 23166 311710 18223 25967 61837 16909 813744 116725 79516 67224
leaf_count=24807 2353594 342975 10493 55763 9204 45342 121683 64940 61880 397154 7015 10962 149117 2213152 169742 24096 32119 5180 56898 10341 23166 311710 18223 25967 61837 16909 813744 116725 79516 67224
internal_value=-1.17985e-06 -0.000619237 0.000705075 -0.00141949 -0.00324109 -0.00519734 -0.00123835 -0.000281222 0.00184198 0.000570656 0.000433391 0.00144929 -0.00132214 -0.000442133 0.00178478 0.000686741 0.00139565 0.000702752 0.00466802 0.00103018 -0.00338828 0.00120593 0.00168503 0.00130085 0.00101966 -0.000525235 -0.00150783 0.0010657 0.000315979 -0.000256592
internal_weight=7.70148e+06 4.10719e+06 3.59429e+06 1.21966e+06 110309 54546 1.10935e+06 2.88753e+06 380028 3.21426e+06 530694 187719 1.08454e+06 2.35684e+06 176757 2.8171e+06 463510 382516 80994 354170 28346 343829 369535 307655 126777 2.23006e+06 962861 289432 172707 146740
internal_count=7701478 4107192 3594286 1219660 110309 54546 1109351 2887532 380028 3214258 530694 187719 1084544 2356838 176757 2817104 463510 382516 80994 354170 28346 343829 369535 307655 126777 2230061 962861 289432 172707 146740
is_linear=0
shrinkage=0.05


Tree=124
num_leaves=31
num_cat=0
split_feature=23 23 12 23 21 14 14 21 30 23 12 17 30 21 14 20 23 3 30 18 23 12 21 14 21 14 23 3 17 17
split_gain=1253.52 417.922 236.726 192.515 184.498 503.649 204.91 666.513 169.381 154.337 173.944 148.397 136.447 135.615 398.495 106.916 106.874 102.97 99.7546 120.129 98.5495 113.199 92.3525 415.966 91.7921 382.853 110.606 129.923 119.753 91.1611
threshold=0.61705884337425243 0.71178066730499279 61.500000000000007 0.62118539214134227 -0.00032636523246765131 1.0000000180025095e-35 1.0000000180025095e-35 9.882450103759767e-05 0.28055248272307082 0.51634138822555553 50.500000000000007 45.003472222222229 0.0066036370189105102 -0.00247657299041748 1.0000000180025095e-35 71.500000000000014 0.89309459924697887 7.5000000000000009 0.72067610217231126 1.0000000180025095e-35 0.62598383426666271 60.500000000000007 -1.0000000180025095e-35 1.0000000180025095e-35 0.0013893842697143557 1.0000000180025095e-35 0.76543691754341137 9.5000000000000018 76.003472222222243 82.628472222222243
decision_type=2 2 2 2 2 2 2 2 2 2 2 2 2 2 2 2 2 2 2 2 2 2 2 2 2 2 2 2 2 2
left_child=4 2 20 -4 5 -1 9 8 -8 -6 -11 -9 17 14 -3 22 18 -5 24 -20 21 -2 23 -14 26 -26 28 -28 -15 -16
right_child=1 13 3 12 6 -7 7 11 -10 10 -12 -13 15 16 29 -17 -18 -19 19 -21 -22 -23 -24 -25 25 -27 27 -29 -30 -31
leaf_value=-0.00071546337708958271 0.0081775943161242187 0.0014160504955684217 -0.0030708992092025942 0.0010866682431942816 -0.0019305950898186068 0.0074227125985207284 0.0018821684476208426 -0.024500171195447049 -0.0023413901782485904 0.010696080691860042 -0.00079098261943009529 -0.0094066585545649149 0.00017506234225474646 0.00080611615815600322 0.010107546075454457 -0.010981174078165894 0.0042563353543423003 0.0082292038045032427 0.00054963614077615857 -0.0027170060101291754 0.0071666529532380787 0.0013997682328798799 -7.1154439649820717e-05 0.0076183334514036832 0.00047700237284003394 -0.011509635380724538 0.0033742709694154051 0.0011762013933918855 -0.010541824966972792 0.02248681416215205
leaf_weight=99460 6713 48960 51474 12166 353046 23504 28952 1757 131816 3303 1446358 22258 145012 1661458 8255 2221 22799 8622 83568 42435 10219 74812 2989457 21561 53945 7600 92996 242609 2328 1814
leaf_count=99460 6713 48960 51474 12166 353046 23504 28952 1757 131816 3303 1446358 22258 145012 1661458 8255 2221 22799 8622 83568 42435 10219 74812 2989457 21561 53945 7600 92996 242609 2328 1814
internal_value=-1.12085e-06 0.000390793 3.35608e-05 -3.75655e-05 -0.00103938 0.000840116 -0.00115566 -0.0027414 -0.00158079 -0.000993119 -0.000764809 -0.010511 1.15494e-05 0.000913903 0.0032791 -1.50266e-05 0.000850721 0.00404912 0.000815217 -0.000550497 0.00253807 0.00195788 -7.30897e-06 0.00113851 0.000898715 -0.00100321 0.00095726 0.00178529 0.000790237 0.012338
internal_weight=7.70148e+06 5.59102e+06 3.32226e+06 3.23051e+06 2.11045e+06 122964 1.98749e+06 184783 160768 1.80271e+06 1.44966e+06 24015 3.17904e+06 2.26877e+06 59029 3.15825e+06 2.20974e+06 20788 2.18694e+06 126003 91744 81525 3.15603e+06 166573 2.06094e+06 61545 1.99939e+06 335605 1.66379e+06 10069
internal_count=7701478 5591024 3322257 3230513 2110454 122964 1987490 184783 160768 1802707 1449661 24015 3179039 2268767 59029 3158251 2209738 20788 2186939 126003 91744 81525 3156030 166573 2060936 61545 1999391 335605 1663786 10069
is_linear=0
shrinkage=0.05


Tree=125
num_leaves=31
num_cat=0
split_feature=23 23 23 32 30 18 21 14 21 18 30 22 20 21 30 3 4 30 20 35 20 35 3 25 21 14 22 23 20 20
split_gain=1145.42 339.361 196.33 148.522 130.239 166.826 127.674 542.6 122.602 109.553 109.459 108.912 116.577 107.102 105.59 131.943 116.17 102.205 95.6232 92.3617 87.2138 85.6257 131.199 145.594 79.926 309.599 79.4606 71.7239 115.952 72.1483
threshold=0.67205974459648143 0.56684723496437084 0.76543691754341137 5.9446520805358896 0.74129065304788522 0.5017452060066323 0.00018614530563354495 1.0000000180025095e-35 -0.011681497097015379 1.0000000180025095e-35 0.27374277701479527 0.011592587677019506 75.500000000000014 0.0086399912834167498 0.098940202799934387 7.5000000000000009 1.0000000180025095e-35 0.21837887698595806 31.500000000000004 17.500000000000004 56.500000000000007 6.5000000000000009 11.500000000000002 9.2777590251051016 0.0022099018096923832 1.0000000180025095e-35 0.0019999742514677258 0.71465814113616954 71.500000000000014 76.500000000000014
decision_type=2 2 2 2 2 2 2 2 2 2 2 2 2 2 2 2 2 2 2 2 2 2 2 2 2 2 2 2 2 2
left_child=1 3 11 20 6 9 14 -8 -5 -6 -4 24 -13 17 15 -3 -17 26 19 -19 -1 22 -12 -24 27 -26 -10 28 -2 -29
right_child=2 4 10 8 5 -7 7 -9 13 -11 21 12 -14 -15 -16 16 -18 18 -20 -21 -22 -23 23 -25 25 -27 -28 29 -30 -31
leaf_value=-7.8314122125906226e-05 0.00033040005739841855 -1.5262897605698879e-05 0.0033059918094719889 0.0073566132611236484 -0.00046366425364743988 -0.0097620199482792939 -0.00044744416018449064 -0.0082548215446189618 -0.00037208135373491995 -0.0025831168234620515 0.0011948437944710895 0.0049306553244461383 -0.0064331931828526066 -0.010112936346516587 -0.00016971435347151213 0.0019210909457547662 0.007896668515949402 -0.009640749653286193 -0.0018259241876591255 0.015341183348879184 -0.0069686086886334543 0.0018173017476273484 0.00091846243521576673 -0.0052582834361300608 0.00013813968913528333 -0.0085591852401154089 0.007607740975326756 0.0008132869528420045 -0.0079739593252190627 -0.0074658348584165134
leaf_weight=216363 2049992 53559 76934 3734 183523 5765 184310 25310 85280 91303 101459 22291 2511 3787 2215925 24994 12057 5822 728076 395 4692 235514 18636 19547 75836 11828 3238 1231810 4212 2637
leaf_count=216363 2049992 53559 76934 3734 183523 5765 184310 25310 85280 91303 101459 22291 2511 3787 2215925 24994 12057 5822 728076 395 4692 235514 18636 19547 75836 11828 3238 1231810 4212 2637
internal_value=-3.34397e-07 -0.000610511 0.000609039 -0.00137632 -0.000322619 -0.00134437 -0.000208677 -0.00139013 -0.00168295 -0.00116779 0.00158797 0.000478916 0.00378014 -0.00172378 -0.000101306 0.00157167 0.00386566 -0.00168517 -0.00187865 -0.00805329 -0.000224567 0.00123565 0.000254652 -0.0022436 0.000454666 -0.00103535 -8.01701e-05 0.000494384 0.000313372 0.000795601
internal_weight=7.70134e+06 3.84813e+06 3.85321e+06 1.05139e+06 2.79675e+06 280591 2.51616e+06 209620 830332 274826 452090 3.40112e+06 24802 826598 2.30654e+06 90610 37051 822811 734293 6217 221055 375156 139642 38183 3.37632e+06 87664 88518 3.28865e+06 2.0542e+06 1.23445e+06
internal_count=7701340 3848133 3853207 1051387 2796746 280591 2516155 209620 830332 274826 452090 3401117 24802 826598 2306535 90610 37051 822811 734293 6217 221055 375156 139642 38183 3376315 87664 88518 3288651 2054204 1234447
is_linear=0
shrinkage=0.05


Tree=126
num_leaves=31
num_cat=0
split_feature=28 28 10 28 12 30 18 22 30 2 30 3 2 30 35 3 29 29 31 1 18 30 14 30 26 2 2 12 33 29
split_gain=1007.21 341.259 162.934 129.394 110.077 102.232 114.493 113.299 125.186 102.035 101.612 139.387 147.008 162.064 99.1833 118.629 145.768 127.442 166.431 157.386 99.3143 99.1462 109.137 94.9286 108.574 119.683 83.7757 83.7232 81.0674 81.6258
threshold=-0.015717307227219257 -1.0724707050403042 78.500000000000014 -2.4752107939158283 78.500000000000014 0.7099991802423341 1.0000000180025095e-35 0.0076664860499038711 0.16591687735273308 6.5000000000000009 0.17142647152318397 7.5000000000000009 11.500000000000002 0.031989530961966599 11.500000000000002 1.5000000000000002 69.131281457058137 62.886686203922103 57.049999237060554 2.5000000000000004 0.63407360735996077 0.57016479076870585 1.0000000180025095e-35 0.44099887002443056 66.316502260254978 8.5000000000000018 24.500000000000004 40.500000000000007 1.0000000180025095e-35 66.923960493602607
decision_type=2 2 2 2 2 2 2 2 2 2 2 2 2 2 2 2 2 2 2 2 2 2 2 2 2 2 2 2 2 2
left_child=1 3 4 14 5 7 -7 -2 -9 -10 11 -3 13 -13 15 16 28 -17 19 -19 -20 27 -23 -16 25 -25 -18 -5 29 -1
right_child=2 10 -4 21 -6 6 -8 8 9 -11 -12 12 -14 -15 23 17 26 18 20 -21 -22 22 -24 24 -26 -27 -28 -29 -30 -31
leaf_value=-0.007016032854953301 0.00055084430635682856 -0.00015504733989496697 0.0016556364265449025 0.010813062484889745 -0.0052154279974489341 0.00021838167684082112 -0.0023711162955673396 0.0077776126942921513 0.0053779097555899692 0.0002469491978696008 -0.00029970588659115557 0.011983569060662062 0.00036702211501824736 0.0030401109637891704 -0.00064978063337923846 -0.0096679434408031492 -0.0032260171758780177 0.013320729309952551 -0.0020747323729545623 0.00052577078261636934 0.0074200143049936362 -0.0012962427740345875 -0.0037282560947358616 -0.026915291497819051 -0.0056820985528601639 -0.0049075029971969077 0.014089537531584631 -0.00067818653196442585 0.0062068356633844706 -0.019056617432543548
leaf_weight=2573 2954633 185932 340731 1588 8385 140419 61330 10312 13525 34165 2345607 5683 58725 46608 8217 4149 5599 3792 59376 6563 2888 489788 50926 1343 18979 1144 798 833886 568 3108
leaf_count=2573 2954633 185932 340731 1588 8385 140419 61330 10312 13525 34165 2345607 5683 58725 46608 8217 4149 5599 3792 59376 6563 2888 489788 50926 1343 18979 1144 798 833886 568 3108
internal_value=-3.17696e-07 -0.000530955 0.000615844 -0.00113459 0.00050591 0.000520835 -0.000568805 0.000593806 0.00278227 0.00170211 -0.000189388 0.000682014 0.00208394 0.00401211 -0.00271567 -0.00188431 -0.0063715 -0.00114512 -0.000658168 0.00521137 -0.00163432 -0.000997762 -0.0015253 -0.00521997 -0.00696939 -0.0167925 -0.00106578 -0.000656344 -0.0118028 -0.0136035
internal_weight=7.70134e+06 4.13784e+06 3.5635e+06 1.49528e+06 3.22277e+06 3.21438e+06 201749 3.01264e+06 58002 47690 2.64256e+06 296948 111016 52291 119097 89414 12646 76768 72619 10355 62264 1.37619e+06 540714 29683 21466 2487 6397 835474 6249 5681
internal_count=7701340 4137840 3563500 1495285 3222769 3214384 201749 3012635 58002 47690 2642555 296948 111016 52291 119097 89414 12646 76768 72619 10355 62264 1376188 540714 29683 21466 2487 6397 835474 6249 5681
is_linear=0
shrinkage=0.05


Tree=127
num_leaves=31
num_cat=0
split_feature=23 23 17 20 28 30 22 30 30 10 31 30 18 30 18 31 18 17 23 23 23 20 30 32 18 3 17 30 2 28
split_gain=954.377 334.045 171.442 152.141 135.285 129.175 232.995 122.765 122.305 117.311 87.3419 84.9562 88.5193 86.8341 78.0349 147.498 77.943 72.9097 283.579 173.165 91.8627 71.9966 70.8155 70.0684 66.3064 83.2627 65.9878 64.6293 64.2279 63.801
threshold=0.67412567138671886 0.59331706166267406 59.003472222222229 67.500000000000014 1.4940453190526415 0.32756724066908122 0.0028497488757192988 0.031989530961966599 0.13413774852080895 49.500000000000007 69.844444274902358 0.50674164078898409 1.0000000180025095e-35 0.74632805065987673 1.0000000180025095e-35 66.316669464111342 0.5017452060066323 59.510416666666671 0.59829127788543712 0.60077652335166942 0.60077652335166942 23.500000000000004 0.58057644261481578 6.3809614181518564 0.51980959995249199 4.5000000000000009 49.774305555555564 0.14748350998875784 14.500000000000002 -0.34443780764566029
decision_type=2 2 2 2 2 2 2 2 2 2 2 2 2 2 2 2 2 2 2 2 2 2 2 2 2 2 2 2 2 2
left_child=1 2 7 11 5 6 14 -1 28 10 21 17 -13 -14 -2 27 -15 18 -3 -19 -20 -9 26 -23 -24 -26 -11 -16 -8 -28
right_child=4 3 -4 -5 -6 -7 8 9 -10 22 -12 12 13 16 15 -17 -18 19 20 -21 -22 23 24 -25 25 -27 29 -29 -30 -31
leaf_value=0.0041663872817877812 0.00057677043646611628 -0.00056163465292063985 -0.0095983465607389108 -0.0074805314503691009 0.0017102543169598052 0.00019842766715250554 0.0074954736960563886 -0.028562543320100442 0.0021981258702206971 0.004007916067092364 0.027431560834020621 -0.00014076920019387795 -0.00075021701702334851 -0.002316975389686509 0.0086158760654327406 0.0011190500473823397 -0.0099224895595421015 -0.00505273046408777 0.0080562160463315512 4.7937020916525489e-05 0.0022036789574718225 0.00046582862225554109 -0.0012956715079867713 -0.0022386196781976125 0.0018680385305451788 -0.0084078704109997598 -0.00065420992913129328 0.003309746439830306 0.00058745951817412072 0.016256882368013901
leaf_weight=11277 1335305 54888 5862 7072 273072 1408061 20462 255 63285 7696 252 633912 313973 65582 9130 159120 3551 16803 16278 1710984 11401 26396 416034 258450 2756 6923 842525 15450 4027 558
leaf_count=11277 1335305 54888 5862 7072 273072 1408061 20462 255 63285 7696 252 633912 313973 65582 9130 159120 3551 16803 16278 1710984 11401 26396 416034 258450 2756 6923 842525 15450 4027 558
internal_value=-3.01821e-07 -0.000480719 -0.00106353 -0.000156051 0.000644572 0.000548047 0.000854427 -0.00103173 0.00335916 -0.00106926 -0.00198577 -0.000137731 -0.000503404 -0.00110344 0.000709693 0.0016759 -0.00270764 6.76968e-05 0.00151922 -1.66806e-06 0.00564557 -0.00201178 -0.000864379 -0.001988 -0.00139085 -0.00548192 -0.000600943 0.00528068 0.00635952 -0.000643015
internal_weight=7.70134e+06 4.41343e+06 1.57898e+06 2.83444e+06 3.28791e+06 3.01484e+06 1.60678e+06 1.57312e+06 87774 1.56184e+06 285353 2.82737e+06 1.01702e+06 383106 1.519e+06 183700 69133 1.81035e+06 82567 1.72779e+06 27679 285101 1.27649e+06 284846 425713 9679 850779 24580 24489 843083
internal_count=7701340 4413428 1578984 2834444 3287912 3014840 1606779 1573122 87774 1561845 285353 2827372 1017018 383106 1519005 183700 69133 1810354 82567 1727787 27679 285101 1276492 284846 425713 9679 850779 24580 24489 843083
is_linear=0
shrinkage=0.05


Tree=128
num_leaves=31
num_cat=0
split_feature=28 28 21 14 10 12 21 14 14 21 17 12 22 21 13 30 32 21 17 12 22 30 28 10 22 24 12 27 30 32
split_gain=825.859 281.965 151.45 583.721 133.209 150.459 130.867 323.589 231.625 432.236 128.642 124.783 114.537 105.862 137.442 103.543 102.842 92.7277 91.923 91.1826 91.4354 83.845 83.6208 79.7989 76.4539 72.7846 79.5465 90.5703 70.6695 131.009
threshold=-0.015717307227219257 -1.0724707050403042 -0.00043526291847228998 1.0000000180025095e-35 75.500000000000014 75.500000000000014 -0.00032636523246765131 1.0000000180025095e-35 1.0000000180025095e-35 9.882450103759767e-05 45.003472222222229 75.500000000000014 0.011592587677019506 -0.0046150684356689444 82.020833333333357 0.30649018080919327 6.3809614181518564 0.0079797506332397478 45.822916666666671 55.500000000000007 0.0019999742514677258 0.031989530961966599 -2.657172160610449 89.500000000000014 0.0015000104904136604 68.244948321246866 62.500000000000007 -6.8362526221212994 0.0066036370189105102 5.2260029315948495
decision_type=2 2 2 2 2 2 2 2 2 2 2 2 2 2 2 2 2 2 2 2 2 2 2 2 2 2 2 2 2 2
left_child=1 6 3 -2 5 12 7 -1 16 15 -11 -6 28 14 -5 24 18 19 -8 -3 25 -22 -18 -13 -10 -21 -27 -28 29 -4
right_child=2 17 4 13 11 -7 8 -9 9 10 -12 23 -14 -15 -16 -17 22 -19 -20 20 21 -23 -24 -25 -26 26 27 -29 -30 -31
leaf_value=-0.0006113107220513239 0.00088062413464383947 0.0023488041675277915 0.0012274723283840006 0.0058924481057432351 0.005546621255175261 -0.0045367229595029814 0.013418006193976571 0.0073027708899979938 -0.00066378865192223907 -0.022960370401728665 -0.0088082387330204442 0.00086590796065192743 0.0044607970725176688 0.016282918392410854 0.020022353193683989 -0.0026580961950252945 -0.0029848306782023757 -0.0038710320201672775 -0.00034795626600239162 -0.00051832491701086613 0.010946598284854775 0.00046231490400456242 -0.0011130965421734345 0.0069382315990698697 0.0061225206825333148 0.0012319792491951884 -0.0034572578009397607 -3.340202946097768e-05 0.00025532894231637676 0.0097229832267683568
leaf_weight=68323 118549 36104 30373 11625 14641 16064 1216 15927 14673 1773 17019 1024313 16572 5350 2020 97097 64643 16819 432970 1431354 1916 399414 775857 5439 5787 126535 19946 610467 2313219 5335
leaf_count=68323 118549 36104 30373 11625 14641 16064 1216 15927 14673 1773 17019 1024313 16572 5350 2020 97097 64643 16819 432970 1431354 1916 399414 775857 5439 5787 126535 19946 610467 2313219 5335
internal_value=-2.86722e-07 -0.000480784 0.000557654 0.00218446 0.000492342 0.000285877 -0.00102948 0.00088481 -0.00114378 -0.00310248 -0.0101436 0.00096315 0.000318627 0.0103218 0.00798436 -0.00197693 -0.000934261 -0.000170306 -0.0003094 -0.000146601 -0.000181392 0.000512371 -0.00125705 0.000897982 0.0012557 -0.000308626 8.79043e-05 -0.000141732 0.000289403 0.00249678
internal_weight=7.70134e+06 4.13784e+06 3.5635e+06 137544 3.42596e+06 2.38156e+06 1.49528e+06 84250 1.41104e+06 136349 18792 1.04439e+06 2.3655e+06 18995 13645 117557 1.27469e+06 2.64256e+06 434186 2.62574e+06 2.58963e+06 401330 840500 1.02975e+06 20460 2.1883e+06 756948 630413 2.34893e+06 35708
internal_count=7701340 4137840 3563500 137544 3425956 2381563 1495285 84250 1411035 136349 18792 1044393 2365499 18995 13645 117557 1274686 2642555 434186 2625736 2589632 401330 840500 1029752 20460 2188302 756948 630413 2348927 35708
is_linear=0
shrinkage=0.05


Tree=129
num_leaves=31
num_cat=0
split_feature=23 23 12 23 23 19 12 12 21 12 18 18 23 12 23 23 31 21 21 18 18 35 32 31 25 18 3 23 32 23
split_gain=788.65 243.278 217.729 205.079 147.857 198.508 129.091 107.823 106.033 105.977 100.438 174.734 96.1245 101.784 160.521 116.16 87.5127 82.7621 81.9122 172.254 186.782 80.2615 78.7245 139.169 92.1869 82.6266 78.3813 76.7876 75.3676 73.9925
threshold=0.62774425745010387 0.71465814113616954 62.500000000000007 0.63151890039443981 0.51634138822555553 50.500000000000007 51.500000000000007 71.500000000000014 0.0022770762443542485 62.500000000000007 1.0000000180025095e-35 0.20052378963723591 0.86670097708702099 71.500000000000014 0.72213184833526622 0.72654128074646007 65.850002288818374 -0.014196097850799559 9.882450103759767e-05 1.0000000180025095e-35 0.20052378963083781 19.500000000000004 7.8489205837249765 66.738887786865249 7.5831547984375627 0.5017452060066323 5.5000000000000009 0.62308496236801159 4.3365349769592294 0.51323893666267406
decision_type=2 2 2 2 2 2 2 2 2 2 2 2 2 2 2 2 2 2 2 2 2 2 2 2 2 2 2 2 2 2
left_child=4 2 16 -4 6 28 17 -5 12 18 -10 -12 13 15 -15 -3 -2 -1 -7 -20 -21 -14 23 -19 25 -24 -27 -11 -6 -8
right_child=1 8 3 7 5 9 29 -9 10 27 11 -13 21 14 -16 -17 -18 22 19 20 -22 -23 24 -25 -26 26 -28 -29 -30 -31
leaf_value=0.013611601173339278 0.0014700513737866479 0.0019991957441257533 -0.0029762563943576182 0.00010075542604609934 -0.015224763638087144 -0.00045578337929555321 -0.013969651018506377 -0.0071498914473004382 0.00072629252558285037 -0.008595599384075496 -0.010933095402421987 -0.0013560790254040188 0.0017027981688837988 -0.0023571272416564155 0.0007966040997534978 0.0099970457906430887 0.0048157160960118055 -0.00065231437791621685 -0.00019928950901015267 -0.008913064585014778 -0.0022682067260921196 0.0053267338536863648 -0.004714805252396502 -0.030436449680056616 -0.001902161765424931 -0.02363207514648305 -0.00040720743546718123 -0.0022501894917695618 0.010168873951315022 -0.003083362998730273
leaf_weight=904 62028 88964 55419 3416247 309 1779691 3248 5135 30661 6218 6057 22288 70214 41503 1449846 4784 28538 172113 96135 12736 62343 19528 9710 393 225814 1200 521 20441 5347 3005
leaf_count=904 62028 88964 55419 3416247 309 1779691 3248 5135 30661 6218 6057 22288 70214 41503 1449846 4784 28538 172113 96135 12736 62343 19528 9710 393 225814 1200 521 20441 5347 3005
internal_value=-2.72344e-07 0.000340182 0.000104044 4.09999e-05 -0.000752241 -0.000572308 -0.00160817 8.9873e-05 0.000826032 -0.000599061 -0.00125713 -0.00340261 0.000899424 0.000809293 0.000708838 0.00240734 0.0025243 -0.0014996 -0.000556274 -0.00160082 -0.00339542 0.00249138 -0.00153294 -0.000720186 -0.00212392 -0.00650456 -0.0166016 -0.00373023 0.00878132 -0.00873817
internal_weight=7.70134e+06 5.30121e+06 3.56737e+06 3.4768e+06 2.40013e+06 1.98322e+06 416908 3.42138e+06 1.73384e+06 1.97756e+06 59006 28345 1.67484e+06 1.5851e+06 1.49135e+06 93748 90566 410655 1.9509e+06 171214 75079 89742 409751 172506 237245 11431 1721 26659 5656 6253
internal_count=7701340 5301212 3567367 3476801 2400128 1983220 416908 3421382 1733845 1977564 59006 28345 1674839 1585097 1491349 93748 90566 410655 1950905 171214 75079 89742 409751 172506 237245 11431 1721 26659 5656 6253
is_linear=0
shrinkage=0.05


Tree=130
num_leaves=31
num_cat=0
split_feature=23 27 12 30 10 12 23 17 23 23 23 14 18 32 35 30 22 24 25 3 35 35 25 31 30 18 31 3 22 13
split_gain=725.444 204.568 169.437 167.001 163.313 138.425 200.954 128.723 124.331 133.184 111.95 106.249 105.099 139.087 89.1276 124.343 96.3568 87.2369 87.1876 126.267 133.838 92.5063 87.1084 98.0953 82.0907 204.004 134.58 111.028 80.8411 76.5868
threshold=0.63501238822937023 4.3995823642291549 63.500000000000007 0.50987881867497664 37.500000000000007 63.500000000000007 0.64112070202827465 63.781250000000007 0.63859808444976818 0.64029967784881603 0.64605578780174266 1.0000000180025095e-35 0.50174520600486627 3.9164893627166752 6.5000000000000009 0.48264142223040346 0.0085506137893796453 63.073835467049356 7.5831547984375627 1.5000000000000002 6.5000000000000009 1.5000000000000002 10.50666508754515 68.950000762939467 0.1011285020860863 1.0000000180025095e-35 65.527778625488295 7.5000000000000009 0.0024693571231915097 80.020833333333357
decision_type=2 2 2 2 2 2 2 2 2 2 2 2 2 2 2 2 2 2 2 2 2 2 2 2 2 2 2 2 2 2
left_child=2 5 3 12 17 8 7 -7 -2 -10 -11 -6 22 -14 15 -3 29 -5 19 21 -21 -15 -1 -24 25 -8 27 -27 -17 -16
right_child=1 14 -4 4 11 6 24 -9 9 10 -12 -13 13 18 16 28 -18 -19 -20 20 -22 -23 23 -25 -26 26 -28 -29 -30 -31
leaf_value=-8.6364454889001929e-05 0.00021802149959181311 0.00078358721078494124 -0.0069941596055711729 -0.01525994291006081 -0.00087014504419584762 -0.00060826821125335457 0.00032753119121220264 -0.0049963662482135846 0.0062044090608242633 0.00040304020432305909 0.006145420477047905 -0.0024939445773922483 -0.0098024595374652055 0.0086132002989572094 0.00084456958154828651 9.0377468070689137e-06 0.0039767534350083284 -0.0046756528069618504 0.0035000958496058249 0.0092050278833712192 -0.0057935601777574005 -0.021806866764918029 -0.0011369450393052508 0.0018034553563547181 3.8134664111996893e-05 -0.0011699503807880568 0.0023041240931318042 0.010629061495508615 -0.0021940880563344973 0.0021655853138520514
leaf_weight=912089 78780 691665 10575 2321 1062828 35948 224003 31233 23267 39664 10798 111288 2387 317 602332 145433 29984 12073 39813 2673 3353 1180 418054 30429 2939728 2472 33052 10306 58342 134155
leaf_count=912089 78780 691665 10575 2321 1062828 35948 224003 31233 23267 39664 10798 111288 2387 317 602332 145433 29984 12073 39813 2673 3353 1180 418054 30429 2939728 2472 33052 10306 58342 134155
internal_value=-1.63893e-07 0.000347269 -0.000678041 -0.000652339 -0.00108895 0.000126629 5.80954e-05 -0.00264834 0.00159911 0.00307482 0.00163182 -0.00102406 -0.000284389 0.00197346 0.000802547 0.000463779 0.00119832 -0.00638244 0.0025673 -0.00236916 0.000859523 -0.0153651 -0.000366904 -0.000937442 0.000114745 0.000949387 0.00398882 0.00834646 -0.000621731 0.0010852
internal_weight=7.70054e+06 5.09116e+06 2.60938e+06 2.5988e+06 1.18851e+06 3.42925e+06 3.27674e+06 67181 152509 73729 50462 1.17412e+06 1.4103e+06 49723 1.66191e+06 895440 766471 14394 47336 7523 6026 1497 1.36057e+06 448483 3.20956e+06 269833 45830 12778 203775 736487
internal_count=7700542 5091162 2609380 2598805 1188510 3429251 3276742 67181 152509 73729 50462 1174116 1410295 49723 1661911 895440 766471 14394 47336 7523 6026 1497 1360572 448483 3209561 269833 45830 12778 203775 736487
is_linear=0
shrinkage=0.05


Tree=131
num_leaves=31
num_cat=0
split_feature=28 28 10 12 22 21 18 18 21 21 18 18 12 21 21 26 31 32 22 12 21 18 18 21 10 12 21 26 31 35
split_gain=632.174 189.811 141.715 194.914 120.319 112.351 258.359 270.81 103.067 95.0462 106.612 131.593 84.248 83.5147 78.102 78.0792 81.6015 89.0434 79.509 74.9505 70.4828 117.631 173.024 69.8069 75.0325 64.9047 64.0436 62.6893 73.7114 106.766
threshold=-0.2034765623281018 -1.8778397212710176 74.500000000000014 74.500000000000014 0.0085506137893796453 0.00026178359985351568 1.0000000180025095e-35 0.20052378963083781 -0.01333409547805786 -0.0023401677608489986 1.0000000180025095e-35 0.20052378963083781 74.500000000000014 0.0079797506332397478 -0.00043526291847228998 68.246863749831192 68.950000762939467 14.088016510009767 0.0014111212910574522 73.500000000000014 -0.00043526291847228998 1.0000000180025095e-35 0.20052378963083781 0.0099970698356628435 89.500000000000014 51.500000000000007 -0.0058013796806335441 67.373011912489247 58.149999618530281 8.5000000000000018
decision_type=2 2 2 2 2 2 2 2 2 2 2 2 2 2 2 2 2 2 2 2 2 2 2 2 2 2 2 2 2 2
left_child=1 8 4 -4 12 9 -7 -8 -1 10 -3 -12 20 27 -5 16 18 25 -11 -6 21 -2 26 24 -16 -18 -23 -10 29 -29
right_child=2 5 3 14 19 6 7 -9 13 15 11 -13 -14 -15 23 -17 17 -19 -20 -21 -22 22 -24 -25 -26 -27 -28 28 -30 -31
leaf_value=0.012991809050946851 8.6191668526455875e-05 -0.00060813621182413127 0.0059572447414461783 0.0029420288097816599 0.0034503208939524882 9.2136633553624087e-06 -0.0082857651943625456 -0.0019950710148368884 -0.0024397775842693124 -0.000829688287893801 0.0063902305850050524 0.001202682387470758 -0.003308319128115007 -0.01166566241304412 0.00073047462152646414 -2.4762410139347734e-05 0.0094105764846056962 0.018571243576308884 0.00024305470662150117 -0.0043563164746765149 0.00016259632906951359 0.0048765739847655681 0.0017872404946545064 -0.0030493050975944676 0.0066820637170988562 0.00034224153114049039 0.01291147733296337 0.0030708656030276641 -0.0015600366279363205 -0.001442701192152066
leaf_weight=1210 71744 55107 18581 40899 39929 154193 20733 97858 131154 1247053 15522 57554 17080 2059 1109664 1140924 2000 682 200500 3331 2828154 4673 40655 12165 5321 146458 5285 23596 176999 29459
leaf_count=1210 71744 55107 18581 40899 39929 154193 20733 97858 131154 1247053 15522 57554 17080 2059 1109664 1140924 2000 682 200500 3331 2828154 4673 40655 12165 5321 146458 5285 23596 176999 29459
internal_value=-1.5571e-07 -0.00049606 0.000413708 0.000876483 0.00023132 -0.000370638 -0.00134026 -0.00309487 -0.0015761 -0.000278343 0.00105237 0.00230457 0.000193157 -0.00162463 0.000795659 -0.000340651 -0.00056637 0.000547228 -0.000681103 0.0028492 0.000213427 0.00138832 0.0032341 0.000717777 0.000758878 0.000464415 0.00914102 -0.00156738 -0.00107003 0.000564692
internal_weight=7.70054e+06 3.50306e+06 4.19748e+06 1.18663e+06 3.01085e+06 3.13858e+06 272784 118591 364477 2.8658e+06 128183 73076 2.96759e+06 363267 1.16805e+06 2.73762e+06 1.59669e+06 149140 1.44755e+06 43260 2.95051e+06 122357 50613 1.12715e+06 1.11498e+06 148458 9958 361208 230054 53055
internal_count=7700542 3503061 4197481 1186630 3010851 3138584 272784 118591 364477 2865800 128183 73076 2967591 363267 1168049 2737617 1596693 149140 1447553 43260 2950511 122357 50613 1127150 1114985 148458 9958 361208 230054 53055
is_linear=0
shrinkage=0.05


Tree=132
num_leaves=31
num_cat=0
split_feature=28 28 21 14 21 14 14 21 17 30 18 30 21 14 13 12 17 21 32 31 3 30 3 2 30 20 22 12 25 21
split_gain=575.336 206.828 116.334 501.006 112.607 294.641 171.256 357.782 115.789 111.75 122.051 98.4915 95.4391 327.547 107.875 97.4954 90.1615 115.05 85.3278 89.7442 91.5347 80.8275 115.608 121.729 133.687 76.3229 81.3835 84.8942 75.0397 69.1447
threshold=-0.015717307227219257 -1.0399312800089568 -0.00043526291847228998 1.0000000180025095e-35 -0.00032636523246765131 1.0000000180025095e-35 1.0000000180025095e-35 1.0000000180025095e-35 45.003472222222229 0.72067610217231126 1.0000000180025095e-35 0.30649018080919327 0.0018051266670227053 1.0000000180025095e-35 76.020833333333357 76.500000000000014 83.531250000000014 -0.0054162740707397452 5.9446520805358896 63.850000381469734 7.5000000000000009 0.17142647152318397 7.5000000000000009 11.500000000000002 0.031989530961966599 76.500000000000014 0.011592587677019506 75.500000000000014 6.8084457398243989 -0.00050851702690124501
decision_type=2 2 2 2 2 2 2 2 2 2 2 2 2 2 2 2 2 2 2 2 2 2 2 2 2 2 2 2 2 2
left_child=1 4 3 -2 5 -1 18 11 -9 12 -11 -8 14 -14 25 -16 17 -5 19 20 -6 22 -3 24 -24 26 -4 -28 -22 -23
right_child=2 21 9 16 6 -7 7 8 -10 10 -12 -13 13 -15 15 -17 -18 -19 -20 -21 28 29 23 -25 -26 -27 27 -29 -30 -31
leaf_value=-0.00051459942285009329 0.00068793780643253719 -0.00011205383978757264 0.00041763344087498695 0.0055697766988791857 0.00051515821812723442 0.0068788977262997418 0.0014467518348904251 -0.021083120031801197 -0.007684833159338246 0.00011559684830371365 -0.0024526532732785625 -0.002268217488461224 4.2751446113319352e-05 -0.0088199233123449957 0.0059652530440047879 0.0012161330263884785 0.021215950544067608 0.014206715855493586 -0.0010295683527003659 -0.0017281693938007191 -0.0092048864744990657 0.00092908043316804092 0.011187507354550331 0.00037746263007464243 0.0028474668754411275 -0.0050118239383492406 0.0046436876803996703 -0.010689677998906078 -0.0014991608927487821 -0.00029207404784968246
leaf_weight=71452 118627 182922 2756787 11590 267928 16607 21681 1774 17712 145836 67751 100742 81233 11960 11177 326212 1501 5778 964317 70455 3832 122465 5369 58051 45736 6436 16758 954 17998 2168901
leaf_count=71452 118627 182922 2756787 11590 267928 16607 21681 1774 17712 145836 67751 100742 81233 11960 11177 326212 1501 5778 964317 70455 3832 122465 5369 58051 45736 6436 16758 954 17998 2168901
internal_value=-1.47892e-07 -0.000401164 0.00046563 0.00189167 -0.000856872 0.000879743 -0.000961155 -0.00261192 -0.00890471 0.000408383 -0.000699067 -0.0016103 0.000482036 -0.00109466 0.000529157 0.00137346 0.00945935 0.00844319 -0.000784293 -0.000127672 0.000261491 -0.000126957 0.000656379 0.00194411 0.00372368 0.000426723 0.000439339 0.00381775 -0.00285185 -0.000226808
internal_weight=7.70054e+06 4.13794e+06 3.5626e+06 137496 1.5545e+06 88059 1.46644e+06 141909 19486 3.4251e+06 213587 122423 3.21152e+06 93193 3.11832e+06 337389 18869 17368 1.32453e+06 360213 289758 2.58344e+06 292078 109156 51105 2.78094e+06 2.7745e+06 17712 21830 2.29137e+06
internal_count=7700542 4137942 3562600 137496 1554498 88059 1466439 141909 19486 3425104 213587 122423 3211517 93193 3118324 337389 18869 17368 1324530 360213 289758 2583444 292078 109156 51105 2780935 2774499 17712 21830 2291366
is_linear=0
shrinkage=0.05


Tree=133
num_leaves=31
num_cat=0
split_feature=23 23 12 23 20 12 23 23 21 14 23 12 23 23 17 32 3 35 35 24 23 23 30 21 17 2 28 23 21 17
split_gain=557.978 210.33 201.509 182.57 149.15 111.244 239.349 124.767 108.803 426.458 101.982 108.441 141.906 125.212 97.787 96.8426 89.2469 139.167 130.536 94.3184 87.8791 136.902 89.7301 82.0602 81.7439 78.1455 122.536 77.9225 74.2728 73.0345
threshold=0.67412567138671886 0.57723164558410656 57.500000000000007 0.58117648959159862 67.500000000000014 56.500000000000007 0.56844824552536022 0.5638321340084077 0.0018417239189147951 1.0000000180025095e-35 0.76543691754341137 67.500000000000014 0.68125599622726452 0.67821946740150463 56.322916666666671 5.9446520805358896 9.5000000000000018 20.500000000000004 16.500000000000004 68.106570419830632 0.68033981323242199 0.68527233600616466 0.48813264604550177 -0.011681497097015379 76.003472222222243 20.500000000000004 1.4940453190526415 0.67927435040473949 0.011286020278930666 57.66319444444445
decision_type=2 2 2 2 2 2 2 2 2 2 2 2 2 2 2 2 2 2 2 2 2 2 2 2 2 2 2 2 2 2
left_child=1 5 -3 -4 -5 6 15 -7 10 -10 11 13 -13 -2 -8 -1 18 25 19 -12 22 -22 27 -17 -14 -18 -27 -15 -25 -9
right_child=8 2 3 4 -6 7 14 29 9 -11 16 12 24 20 -16 23 17 -19 -20 -21 21 -23 -24 28 -26 26 -28 -29 -30 -31
leaf_value=2.4617955985569476e-05 0.00047048643691197052 0.0024953235264021617 -0.0036071190305005415 -0.00015159613278472282 -0.0074340266509719082 -0.0090210026933354222 0.0051325285447504504 -0.0017370553220959998 0.00020094256635727593 -0.0084846477440144834 0.0023016262453361045 -0.0021870794891675409 0.00042559261365454002 0.0048220531258584293 0.00040056672757819538 0.0062674023063850372 0.00099983165984120627 0.0037327316976479841 -0.00053997403000037992 0.0059324284088350873 7.901256946904185e-05 0.0066559498836219425 0.0016216223199512437 -0.0011591882697693885 -0.0081759976187848905 -0.0029790379592702036 0.00093301866740020604 0.011786024379012121 -0.011323793067247827 -0.0096589151643264402
leaf_weight=223532 81912 70306 39090 3057326 7047 6458 22882 133896 103389 16370 52936 53447 2539129 8991 20881 3714 202058 37064 26169 27015 27928 11040 8616 823772 2765 36611 44162 7261 1801 2974
leaf_count=223532 81912 70306 39090 3057326 7047 6458 22882 133896 103389 16370 52936 53447 2539129 8991 20881 3714 202058 37064 26169 27015 27928 11040 8616 823772 2765 36611 44162 7261 1801 2974
internal_value=-1.40494e-07 -0.00036743 -0.000151691 -0.000211657 -0.000168343 -0.000919651 -0.000748429 -0.00222964 0.000493065 -0.000986307 0.000549005 0.000437151 0.000362624 0.00176424 0.00287473 -0.000899035 0.0012687 0.000851881 0.00252519 0.00352846 0.00342433 0.00194233 0.0057466 -0.001148 0.000416236 0.000474355 -0.000840153 0.00793344 -0.00118136 -0.00190919
internal_weight=7.70054e+06 4.41368e+06 3.17377e+06 3.10346e+06 3.06437e+06 1.23991e+06 1.09658e+06 143328 3.28686e+06 119759 3.1671e+06 2.74109e+06 2.59534e+06 145748 43763 1.05282e+06 426015 319895 106120 79951 63836 38968 24868 829287 2.54189e+06 282831 80773 16252 825573 136870
internal_count=7700542 4413679 3173769 3103463 3064373 1239910 1096582 143328 3286863 119759 3167104 2741089 2595341 145748 43763 1052819 426015 319895 106120 79951 63836 38968 24868 829287 2541894 282831 80773 16252 825573 136870
is_linear=0
shrinkage=0.05


Tree=134
num_leaves=31
num_cat=0
split_feature=23 12 23 23 12 21 18 18 12 30 15 12 23 23 23 21 18 18 10 21 31 30 30 18 31 18 10 25 24 22
split_gain=508.953 187.001 230.035 140.818 133.918 126.487 111.191 117.368 109.952 105.27 128.691 105.9 243.839 175.725 112.095 97.5446 125.65 183.386 97.7417 93.3174 90.0741 92.5323 78.4649 227.04 75.9781 69.6371 98.5831 78.3727 116.234 111.422
threshold=0.60676470398902904 60.500000000000007 0.67513644695281994 0.61040237545967113 67.500000000000014 -0.00032636523246765131 1.0000000180025095e-35 0.20052378963083781 66.500000000000014 0.57016479076870585 30.500000000000004 59.500000000000007 0.59829127788543712 0.60077652335166942 0.60077652335166942 0.0018417239189147951 1.0000000180025095e-35 0.20052378963083781 82.500000000000014 0.00018614530563354495 57.250000000000007 0.031989530961966599 0.32756724066908122 1.0000000180025095e-35 60.649999618530281 1.0000000180025095e-35 46.500000000000007 10.561253870606398 67.594603519746656 0.0080589173950916543
decision_type=2 2 2 2 2 2 2 2 2 2 2 2 2 2 2 2 2 2 2 2 2 2 2 2 2 2 2 2 2 2
left_child=5 -2 3 24 -5 6 -1 -8 -4 11 -11 12 19 -14 -13 18 -17 -18 22 20 -7 -22 23 -10 -3 26 -12 28 29 -27
right_child=1 2 8 4 -6 9 7 -9 15 10 25 14 13 -15 -16 16 17 -19 -20 -21 21 -23 -24 -25 -26 27 -28 -29 -30 -31
leaf_value=-0.00083272499714146279 0.0025406599739997851 -0.00047302783897828295 0.0052591510415884776 -0.0001004690143388629 -0.0064551195079638919 0.001376203032477215 0.0070898819088552906 0.0013416707990001847 0.00042524270996529862 -0.013994634025342446 -0.0037630237184698595 -0.0044870588070367494 0.0072752127657210426 0.00036740854540634428 -0.00089912183189494975 0.00050281709392614401 -0.0084423756017585876 -0.0012379418799379563 0.001620192535180991 -0.0021386399424705937 0.0041348231763988228 -0.00057896865165754164 0.00015867261522687978 0.0021036030868917164 -0.0051979724424262384 -0.0034734968827939399 -0.00059801863067487102 -0.00030833945293535538 -0.0012838882074320452 -0.027925635328095673
leaf_weight=48710 86284 14227 11948 2436159 8319 67820 10852 48872 1347615 1998 26536 32634 17370 19589 65384 65609 11235 41313 185531 81922 10545 818690 1361935 236924 21166 98449 337793 62389 122256 468
leaf_count=48710 86284 14227 11948 2436159 8319 67820 10852 48872 1347615 1998 26536 32634 17370 19589 65384 65609 11235 41313 185531 81922 10545 818690 1361935 236924 21166 98449 337793 62389 122256 468
internal_value=-1.33473e-07 0.000230257 0.000195538 -0.000167432 -0.000122095 -0.000717321 0.000940186 0.00238615 0.00047147 -0.000819218 -0.00132493 -0.00052418 -0.000372753 0.00361395 -0.00209369 0.00045387 -0.000956394 -0.0027783 0.000507073 -0.000523262 -0.00037574 -0.000519025 0.000436983 0.000676195 -0.00329868 -0.00128586 -0.000828544 -0.00187343 -0.00231492 -0.00358921
internal_weight=7.70054e+06 5.82826e+06 5.74198e+06 2.47987e+06 2.44448e+06 1.87228e+06 108434 59724 3.26211e+06 1.76384e+06 649889 1.11395e+06 1.01594e+06 36959 98018 3.25016e+06 118157 52548 3.132e+06 978977 897055 829235 2.94647e+06 1.58454e+06 35393 647891 364329 283562 221173 98917
internal_count=7700542 5828265 5741981 2479871 2444478 1872277 108434 59724 3262110 1763843 649889 1113954 1015936 36959 98018 3250162 118157 52548 3132005 978977 897055 829235 2946474 1584539 35393 647891 364329 283562 221173 98917
is_linear=0
shrinkage=0.05


Tree=135
num_leaves=31
num_cat=0
split_feature=23 12 23 17 23 17 21 18 18 30 23 20 19 21 18 18 23 19 31 12 23 35 30 3 8 15 35 30 23 30
split_gain=468.402 182.504 202.285 153.089 148.936 138.254 110.598 102.063 108.477 102.05 116.416 215.321 180.838 97.2332 93.6097 241.259 83.8818 94.51 78.5744 77.3448 108.906 75.535 102.134 108.531 97.1842 69.8386 82.8087 69.6821 68.8704 79.1048
threshold=0.61705884337425243 61.500000000000007 0.70557337999343883 70.177083333333357 0.62118539214134227 69.927083333333357 -0.00032636523246765131 1.0000000180025095e-35 0.18371437410354152 0.2157020569568244 0.51323893666267406 51.500000000000007 50.500000000000007 -0.00056681036949157704 1.0000000180025095e-35 0.20052378963083781 0.62598383426666271 60.500000000000007 70.850002288818374 61.500000000000007 0.61382699012756359 3.5000000000000004 0.031989530961966599 7.5000000000000009 -0.8783796973249266 31.500000000000004 17.500000000000004 0.0066036370189105102 0.71039602160453807 0.26347005651069522
decision_type=2 2 2 2 2 2 2 2 2 2 2 2 2 2 2 2 2 2 2 2 2 2 2 2 2 2 2 2 2 2
left_child=6 16 3 4 18 28 7 -1 -9 21 11 25 -12 14 -7 -16 17 -2 -3 -14 -21 -8 23 -23 -25 26 -11 -6 29 -4
right_child=1 2 5 -5 27 13 9 8 -10 10 12 -13 19 -15 15 -17 -18 -19 -20 20 -22 22 -24 24 -26 -27 -28 -29 -30 -31
leaf_value=-0.00077509310787852266 0.0073547836407685729 -0.0031537217933417989 0.016539377132903762 -0.0089823421308431756 0.0031450647681979214 0.00065820417719794362 -0.0012513059555070679 0.0065494459780424024 0.0012169130724163646 -0.0078148949171492951 0.0076445962335346508 -0.014671476631283402 -0.00065661845327986143 0.0004571322645027151 0.011983355672461216 0.002082997061062897 0.0067263577652009509 0.0013831788540076702 0.0059479961194103086 -0.0092129756854054234 -0.0010538014096956089 0.001104823598679285 0.00051244988084666492 0.024645496114696311 0.007119676865260903 -0.0014679155488381427 0.016182951125399872 -2.9439187808781744e-05 -0.0035992649642546852 0.0045531977493050357
leaf_weight=55154 7275 49284 2526 4812 17388 49931 61773 11490 56105 6628 6525 3169 1395183 2366504 7508 34107 10197 74235 2491 6369 11428 4642 165782 1151 2529 321155 380 2960975 1117 3025
leaf_count=55154 7275 49284 2526 4812 17388 49931 61773 11490 56105 6628 6525 3169 1395183 2366504 7508 34107 10197 74235 2491 6369 11428 4642 165782 1151 2529 321155 380 2960975 1117 3025
internal_value=-6.35184e-07 0.000238882 0.000201995 -7.12754e-05 -5.71239e-05 0.000538488 -0.000635504 0.000821018 0.00212336 -0.000725495 -0.000857026 -0.00170092 -0.000660049 0.000518984 0.00211786 0.0038692 0.00245103 0.00191617 -0.00271581 -0.000698399 -0.00397375 0.000250819 0.000783781 0.00618888 0.0126018 -0.00157567 -0.00651343 -1.0906e-05 0.00772833 0.0100077
internal_weight=7.70084e+06 5.59138e+06 5.49967e+06 3.03495e+06 3.03014e+06 2.46472e+06 2.10946e+06 122749 67595 1.98671e+06 1.75084e+06 331332 1.4195e+06 2.45805e+06 91546 41615 91707 81510 51775 1.41298e+06 17797 235877 174104 8322 3680 328163 7008 2.97836e+06 6668 5551
internal_count=7700838 5591375 5499668 3034950 3030138 2464718 2109463 122749 67595 1986714 1750837 331332 1419505 2458050 91546 41615 91707 81510 51775 1412980 17797 235877 174104 8322 3680 328163 7008 2978363 6668 5551
is_linear=0
shrinkage=0.05


Tree=136
num_leaves=31
num_cat=0
split_feature=23 12 23 23 30 29 32 12 23 20 25 29 12 30 3 32 9 31 23 23 19 31 17 2 18 18 30 18 25 35
split_gain=422.733 164.71 183.005 134.746 100.246 161.51 181.061 103.089 202.353 92.4657 89.9754 95.5225 88.7293 88.5546 97.2035 80.0022 81.1036 77.4647 102.957 75.7034 85.2954 70.9136 70.8402 69.6246 119.963 82.4538 67.8281 83.1582 66.3712 64.3444
threshold=0.61705884337425243 61.500000000000007 0.71178066730499279 0.62118539214134227 0.50384169514578636 64.963029903237612 10.714735031127931 60.500000000000007 0.60792675614357006 71.500000000000014 10.50666508754515 66.889962323104768 31.500000000000004 0.014720244552075977 7.5000000000000009 12.012493133544924 1.0000000180025095e-35 59.350000381469734 0.61154127120971691 0.62598383426666271 60.500000000000007 70.850002288818374 88.003472222222243 8.5000000000000018 0.5017452060066323 0.51980959995249199 0.72067610217231126 1.0000000180025095e-35 9.9044807092789693 20.500000000000004
decision_type=2 2 2 2 2 2 2 2 2 2 2 2 2 2 2 2 2 2 2 2 2 2 2 2 2 2 2 2 2 2
left_child=4 19 3 21 7 6 -6 8 10 13 11 12 -1 14 -5 -8 -17 -10 -19 20 -2 -3 26 25 -25 -13 -4 -28 -18 -24
right_child=1 2 22 9 5 -7 15 -9 17 -11 -12 23 -14 -15 -16 16 28 18 -20 -21 -22 -23 29 24 -26 -27 27 -29 -30 -31
leaf_value=0.015970018262815553 0.0069870495245469115 -0.0029960360441060071 0.00057018075986112779 0.00057744576724736514 -0.0025460863332293941 -0.00082418801313220323 -0.016942306004122231 -0.0019117819454874049 -0.00016028843488247719 -0.010096066627948541 -0.00090858621777593007 -0.0012310208019520852 0.00083177713171079951 -2.7366990199946799e-05 0.0064694803582431128 0.00077080553729245657 -0.006777636518026495 0.0071814317561037233 0.0014790658627658751 0.0063900431797438723 0.0013140199835451555 0.0056506081697246212 0.001554357192571543 -0.00022043724750136557 0.004641304993581531 -0.0086180503324075255 0.00029438342602606897 -0.0024002442334222795 -0.027984668578895523 0.0066530870682838111
leaf_weight=972 7275 49284 2107900 19618 40770 955092 3298 88571 12505 2270 361887 97943 227151 3146453 10883 1935 1020 16744 15013 10197 74235 2491 24425 268738 13317 3929 84841 43216 578 8287
leaf_count=972 7275 49284 2107900 19618 40770 955092 3298 88571 12505 2270 361887 97943 227151 3146453 10883 1935 1020 16744 15013 10197 74235 2491 24425 268738 13317 3929 84841 43216 578 8287
internal_value=-6.03379e-07 0.000226938 0.000191895 -4.97903e-05 -0.000603728 -0.000965856 -0.00380835 -0.000275654 -0.00013333 -8.58437e-06 -0.000283596 8.59426e-05 0.000896286 -1.37634e-06 0.00267979 -0.0113419 -0.00611367 0.00317309 0.00448567 0.00232848 0.00182036 -0.00258002 0.000536099 -0.00039555 9.10757e-06 -0.00151593 0.000502304 -0.000614986 -0.0144495 0.00284605
internal_weight=7.70084e+06 5.59138e+06 5.49967e+06 3.231e+06 2.10946e+06 1.00269e+06 47601 1.10677e+06 1.0182e+06 3.17922e+06 973937 612050 228123 3.17695e+06 30501 6831 3533 44262 31757 91707 81510 51775 2.26867e+06 383927 282055 101872 2.23596e+06 128057 1598 32712
internal_count=7700838 5591375 5499668 3230999 2109463 1002693 47601 1106770 1018199 3179224 973937 612050 228123 3176954 30501 6831 3533 44262 31757 91707 81510 51775 2268669 383927 282055 101872 2235957 128057 1598 32712
is_linear=0
shrinkage=0.05


Tree=137
num_leaves=31
num_cat=0
split_feature=27 28 30 31 21 14 21 22 30 30 14 2 21 13 21 14 25 30 14 21 22 3 30 2 25 17 27 31 7 3
split_gain=362.642 141.908 111.68 100.709 96.1129 432.736 95.3027 94.5919 101.172 94.4097 107.217 88.6218 85.0631 106.042 84.2013 305.672 80.9076 79.2523 174.013 76.5579 75.422 137.64 75.68 69.493 112.767 92.8589 80.4181 68.5019 89.3775 67.3066
threshold=-0.21281802825605209 -1.7932338971767565 0.30133031906852192 56.527778625488288 -0.00043526291847228998 1.0000000180025095e-35 0.0079797506332397478 0.0017286468046668762 0.16871933563755667 0.7099991802423341 1.0000000180025095e-35 13.500000000000002 -0.0054162740707397452 82.020833333333357 -0.0023401677608489986 1.0000000180025095e-35 11.05119268475107 0.60002393423159395 1.0000000180025095e-35 -0.0046150684356689444 0.0076664860499038711 11.500000000000002 0.21287951186004037 7.5000000000000009 7.5831547984375627 45.822916666666671 -30.312909824643778 57.850000381469734 0.25881904510252057 5.5000000000000009
decision_type=2 2 2 2 2 2 2 2 2 2 2 2 2 2 2 2 2 2 2 2 2 2 2 2 2 2 2 2 2 2
left_child=1 2 3 -1 5 -2 7 14 11 20 -11 -9 13 -7 15 -3 17 -16 -19 -17 -6 22 -22 24 25 27 -25 28 -4 -10
right_child=4 6 23 -5 9 12 -8 8 29 10 -12 -13 -14 -15 16 19 -18 18 -20 -21 21 -23 -24 26 -26 -27 -28 -29 -30 -31
leaf_value=0.010119242034264378 0.00053826234304833037 -0.00021204363088250032 -0.017037903879292032 0.00042486762332205125 0.00034507868169087228 0.0044690982115670177 -0.0034487827061361952 0.0054985838681345708 0.00085209778301279188 -0.00038771531735267112 -0.0049113495625779232 0.00032591881350404312 0.013483811972085214 0.017140146245910169 -0.00012460705105270364 0.0044995580409222732 -0.0013126458013298166 -0.00053525996563971582 -0.0037563238407289559 0.011093316450141423 0.0059477085201112747 -0.002861745272965858 0.0019028361525149713 -0.0042401771372127589 -0.0017032150665262629 -0.0050028676753237 -0.00089107886124450281 -0.012334547425825597 -0.07116020565675199 -0.0002777553053378329
leaf_weight=2825 119882 91142 191 51797 3139048 11154 22734 17626 237710 218483 13934 15617 6125 1938 2007160 14465 207733 719363 44525 6328 14582 12987 55875 19221 65648 20000 265636 1105 127 295877
leaf_count=2825 119882 91142 191 51797 3139048 11154 22734 17626 237710 218483 13934 15617 6125 1938 2007160 14465 207733 719363 44525 6328 14582 12987 55875 19221 65648 20000 265636 1105 127 295877
internal_value=-5.73219e-07 -0.000321552 -0.00118488 0.000926269 0.000366205 0.00165483 -0.000221491 -0.000201431 0.000392321 0.000314324 -0.000658921 0.00306856 0.00862033 0.0063449 -0.000310324 0.00103596 -0.000360914 -0.000289567 -0.000723008 0.0065063 0.000384517 0.00186814 0.00273998 -0.00149493 -0.00273112 -0.005881 -0.00111706 -0.0182217 -0.0386684 0.000225588
internal_weight=7.70084e+06 4.10683e+06 426550 54622 3.59401e+06 139099 3.68028e+06 3.65755e+06 566830 3.45491e+06 232417 33243 19217 13092 3.09072e+06 111935 2.97878e+06 2.77105e+06 763888 20793 3.22249e+06 83444 70457 371928 87071 21423 284857 1423 318 533587
internal_count=7700838 4106830 426550 54622 3594008 139099 3680280 3657546 566830 3454909 232417 33243 19217 13092 3090716 111935 2978781 2771048 763888 20793 3222492 83444 70457 371928 87071 21423 284857 1423 318 533587
is_linear=0
shrinkage=0.05


Tree=138
num_leaves=31
num_cat=0
split_feature=23 30 21 14 14 21 21 20 14 21 21 30 21 14 10 12 12 23 23 23 23 30 20 25 12 23 20 21 21 17
split_gain=355.676 145.421 144.515 394.26 118.782 391.519 132.139 105.121 101.077 275.097 185.596 88.3745 82.5803 436.137 82.8879 109.859 92.6069 126.334 103.045 89.1694 120.618 91.899 82.2928 67.8381 67.1985 64.6616 67.1914 59.7089 56.4132 55.7068
threshold=0.67412567138671886 0.56729592288954722 0.00018614530563354495 1.0000000180025095e-35 1.0000000180025095e-35 -0.00016179680824279782 -0.0043153464794158927 30.500000000000004 1.0000000180025095e-35 9.882450103759767e-05 -0.00011646747589111327 0.23935547236176311 0.0011366605758666994 1.0000000180025095e-35 78.500000000000014 78.500000000000014 67.500000000000014 0.68125599622726452 0.67821946740150463 0.68033981323242199 0.68527233600616466 0.48813264604550177 67.500000000000014 11.05119268475107 78.500000000000014 0.57293695211410534 57.500000000000007 0.0032467246055603032 0.0035848617553710942 89.003472222222243
decision_type=2 2 2 2 2 2 2 2 2 2 2 2 2 2 2 2 2 2 2 2 2 2 2 2 2 2 2 2 2 2
left_child=1 2 4 -4 23 6 -6 -3 22 10 -10 -7 14 -14 15 16 18 -18 -2 21 -21 -20 25 -1 -16 26 -9 -11 -15 -26
right_child=12 7 3 -5 5 11 -8 8 9 27 -12 -13 13 28 24 -17 17 -19 19 20 -22 -23 -24 -25 29 -27 -28 -29 -30 -31
leaf_value=-4.09072586837526e-05 0.00042436250752500581 -0.012759556794210522 -0.00057360209209302287 -0.0073642406407012154 0.0043210271736176314 0.002277999508857936 0.011671483793122876 -0.0010278057584185236 0.005221006114363669 -0.011803423329417646 -0.0018451024690304377 -0.00033046998188486596 0.00023906013442876459 -0.013205412898916963 0.0051962658253970929 -0.0056649308060010561 -0.0021237445429080543 0.00035849359102823719 0.0077205288926684955 -0.00011725056059458129 0.0060566449810399272 0.0012868808669798523 -0.0089575626981082037 -0.0011171905422212569 0.00096699636063390753 -0.0003020223781114067 -0.010253950233435651 -0.0056774140396631872 -0.0065908570882748999 0.005132983582377704
leaf_weight=2487867 80491 1812 174009 24368 21500 41952 8544 403139 10351 6453 90896 143678 126313 4290 10233 7545 52282 2620940 15968 27906 11041 8508 2921 155561 301122 827584 1983 10370 12967 8244
leaf_count=2487867 80491 1812 174009 24368 21500 41952 8544 403139 10351 6453 90896 143678 126313 4290 10233 7545 52282 2620940 15968 27906 11041 8508 2921 155561 301122 827584 1983 10370 12967 8244
internal_value=-5.44594e-07 -0.000293849 -0.000102737 -0.00140775 -1.21901e-05 0.00111608 0.0064114 -0.000724918 -0.000708808 -0.00210649 -0.00112269 0.00025904 0.000393131 -0.000779552 0.000446677 0.000360325 0.000376462 0.000309947 0.00161199 0.00311923 0.00163298 0.00548417 -0.000575253 -0.000104245 0.00120987 -0.00055539 -0.00107297 -0.0080273 -0.00823527 0.00107801
internal_weight=7.70084e+06 4.41299e+06 3.05748e+06 198377 2.8591e+06 215674 30044 1.35551e+06 1.3537e+06 118070 101247 185630 3.28785e+06 143570 3.14428e+06 2.82468e+06 2.81714e+06 2.67322e+06 143914 63423 38947 24476 1.23563e+06 2.64343e+06 319599 1.23271e+06 405122 16823 17257 309366
internal_count=7700838 4412988 3057479 198377 2859102 215674 30044 1355509 1353697 118070 101247 185630 3287850 143570 3144280 2824681 2817136 2673222 143914 63423 38947 24476 1235627 2643428 319599 1232706 405122 16823 17257 309366
is_linear=0
shrinkage=0.05


Tree=139
num_leaves=31
num_cat=0
split_feature=23 20 27 19 30 21 14 14 21 13 30 3 2 31 23 23 20 17 1 31 30 31 23 21 14 17 35 21 14 14
split_gain=324.966 179.605 123.776 122.317 88.9422 87.7781 192.299 136.932 302.673 99.9391 85.5934 107.165 163.364 232.214 178.988 72.0729 171.378 137.834 64.944 94.5901 80.2496 84.6345 56.0983 54.4724 78.6157 54.8775 57.9159 52.8083 158.196 134.827
threshold=0.61485221982002269 61.500000000000007 5.8382536705548143 60.500000000000007 0.2157020569568244 -0.00039073824882507319 1.0000000180025095e-35 1.0000000180025095e-35 9.882450103759767e-05 45.020833333333336 0.3354154715874676 7.5000000000000009 12.500000000000002 67.422222137451186 0.67513644695281994 0.51323893666267406 51.500000000000007 50.753472222222229 3.5000000000000004 57.049999237060554 0.031989530961966599 67.049999237060561 0.46038834750652319 0.0099970698356628435 0.20412414523618203 88.003472222222243 20.500000000000004 -0.00022149085998535154 1.0000000180025095e-35 1.0000000180025095e-35
decision_type=2 2 2 2 2 2 2 2 2 2 2 2 2 2 2 2 2 2 2 2 2 2 2 2 2 2 2 2 2 2
left_child=1 4 3 -2 18 6 -6 15 -9 -10 11 -5 13 14 -13 16 -7 -17 19 -1 21 -20 -8 25 -25 -4 -27 28 -12 -29
right_child=2 -3 23 10 5 7 22 8 9 -11 27 12 -14 -15 -16 17 -18 -19 20 -21 -22 -23 -24 24 -26 26 -28 29 -30 -31
leaf_value=0.0069682177111929453 0.0046505497272739445 -0.0072531337452546342 0.00062411420751500447 1.6790574534144401e-05 -0.00029512697303023337 -0.0011641221917272542 0.014110454467028867 -0.0012435995371384431 -0.01927039428355953 -0.0065997413297690186 0.0001432360352194667 0.0019092076655457591 0.00013086728416963398 0.00037468044952161336 0.0056494874649573555 0.010859611782007639 -0.015108524224231807 -0.00042455192624951124 0.0091793123883862886 -0.00051955107783843279 0.00097083551998938626 -0.0058560410232532346 0.0044396607003323926 -0.00036759945566341279 -0.0093617383665260887 0.0014802095990962205 0.0063742774874651067 -9.4844486459573648e-05 0.0054746242367022038 -0.0016255517803347474
leaf_weight=4346 14549 9911 1160520 1294330 76504 293022 1635 140118 1687 20070 97398 105397 437505 176433 45922 2712 2220 1240289 5544 142820 96764 1126 18095 10041 3205 23681 8117 2096187 16233 154457
leaf_count=4346 14549 9911 1160520 1294330 76504 293022 1635 140118 1687 20070 97398 105397 437505 176433 45922 2712 2220 1240289 5544 142820 96764 1126 18095 10041 3205 23681 8117 2096187 16233 154457
internal_value=-5.17388e-07 -0.000538551 0.000195561 7.3528e-05 -0.00050604 -0.000629142 0.000839928 -0.000712298 -0.00209556 -0.00758229 5.84752e-05 0.000294115 0.000763172 0.00160721 0.0030443 -0.000566731 -0.00126898 -0.000399931 0.00037638 -0.000298423 0.00133649 0.00664106 0.00524113 0.000644839 -0.00254387 0.000680264 0.00272952 -0.000146797 0.000904867 -0.000199894
internal_weight=7.70084e+06 2.05686e+06 5.64398e+06 4.43841e+06 2.04695e+06 1.79635e+06 96234 1.70012e+06 161875 21757 4.42386e+06 2.05959e+06 765257 327752 151319 1.53824e+06 295242 1.243e+06 250600 147166 103434 6670 19730 1.20556e+06 13246 1.19232e+06 31798 2.36428e+06 113631 2.25064e+06
internal_count=7700838 2056863 5643975 4438411 2046952 1796352 96234 1700118 161875 21757 4423862 2059587 765257 327752 151319 1538243 295242 1243001 250600 147166 103434 6670 19730 1205564 13246 1192318 31798 2364275 113631 2250644
is_linear=0
shrinkage=0.05


Tree=140
num_leaves=31
num_cat=0
split_feature=23 23 12 23 17 20 12 12 23 23 32 12 21 14 14 21 22 32 23 21 17 14 23 13 21 23 17 2 28 21
split_gain=299.743 119.477 213.447 180.715 126.281 108.226 107.928 86.0188 132.667 125.188 80.1327 79.3627 76.5883 400.649 88.1452 415.03 83.8162 104.107 76.0431 74.8044 96.8246 72.4195 71.5831 65.9482 64.2553 61.8933 61.8031 60.2981 57.5663 56.6614
threshold=0.67412567138671886 0.555951088666916 55.500000000000007 0.56220871210098278 55.510416666666671 67.500000000000014 54.500000000000007 54.500000000000007 0.55033984780311596 0.54824754595756542 5.9446520805358896 66.500000000000014 -0.00043526291847228998 1.0000000180025095e-35 1.0000000180025095e-35 1.0000000180025095e-35 0.0076664860499038711 6.5170714855194101 0.56684723496437084 -0.0050742030143737784 82.628472222222243 0.20412414523181696 0.55421933531761181 54.604166666666679 0.0035848617553710942 0.54388400912284862 89.204861111111128 19.500000000000004 -0.52965338979090559 1.0000000180025095e-35
decision_type=2 2 2 2 2 2 2 2 2 2 2 2 2 2 2 2 2 2 2 2 2 2 2 2 2 2 2 2 2 2
left_child=1 4 6 -4 7 -5 -3 9 25 10 -1 -2 13 -13 16 -16 26 -18 21 20 -15 28 -6 -11 -17 -9 -14 -19 -8 -12
right_child=11 2 3 5 22 -7 18 8 -10 23 29 12 14 19 15 24 17 27 -20 -21 -22 -23 -24 -25 -26 -27 -28 -29 -30 -31
leaf_value=0.00049090911151286035 0.0039429454093730162 0.0083092165671693041 -0.0031778619005353049 -0.00014033810171849585 -0.019552685551640168 -0.0063172475516195788 0.00069106371366837852 -0.0094569055377434728 -0.00081938380116162188 0.0053371767391144015 -0.00079442431811222293 0.00045875162832825442 0.00029869251583132956 0.004566390355739725 0.00011102843448052799 -0.012950512532304368 0.0058156011950209682 0.0023050464507364736 0.0073040906218460712 0.013251151363324196 0.017275004551374786 0.0062912875766035492 -0.0032243945742989654 0.00066647720235358642 -0.0062155336201201589 -0.0037678341372055398 0.0052461025729417269 -0.0011507454460831454 0.045398392804979704 -0.0024579681849283852
leaf_weight=115264 15395 7272 50106 3412540 1381 7106 53536 5854 59815 12365 572064 123923 2913723 11085 121397 4865 14619 35253 5910 5510 1733 6628 1306 19438 13018 26078 6326 19663 72 56217
leaf_count=115264 15395 7272 50106 3412540 1381 7106 53536 5854 59815 12365 572064 123923 2913723 11085 121397 4865 14619 35253 5910 5510 1733 6628 1306 19438 13018 26078 6326 19663 72 56217
internal_value=-7.68856e-08 -0.000269303 -0.000140402 -0.000196853 -0.000794399 -0.000153174 0.00252748 -0.000760861 -0.00220858 -0.000589551 -0.000720948 0.000361426 0.00034457 0.00147924 0.000292983 -0.00093654 0.000350265 0.00206589 0.00189183 0.00837912 0.00628472 0.0013608 -0.0116168 0.00248246 -0.00804782 -0.00481082 0.000309411 0.00106768 0.000751194 -0.000943274
internal_weight=7.69946e+06 4.41295e+06 3.54317e+06 3.46975e+06 869782 3.41965e+06 73418 867095 91747 775348 743545 3.28651e+06 3.27112e+06 142251 3.12886e+06 139280 2.98958e+06 69535 66146 18328 12818 60236 2687 31803 17883 31932 2.92005e+06 54916 53608 628281
internal_count=7699462 4412952 3543170 3469752 869782 3419646 73418 867095 91747 775348 743545 3286510 3271115 142251 3128864 139280 2989584 69535 66146 18328 12818 60236 2687 31803 17883 31932 2920049 54916 53608 628281
is_linear=0
shrinkage=0.05


Tree=141
num_leaves=31
num_cat=0
split_feature=23 19 27 12 23 23 12 23 17 21 30 22 2 21 31 30 23 23 30 10 12 12 21 14 17 30 23 31 17 23
split_gain=276.504 153.257 122.169 94.6815 186.681 136.594 91.2718 113.213 74.8313 72.9947 72.8343 94.5999 100.933 72.1971 69.1095 66.7539 80.6731 101.814 62.475 62.6057 113.876 92.6055 58.2947 165.728 60.5147 57.4829 57.0565 75.1314 53.8135 67.921
threshold=0.60676470398902904 59.500000000000007 4.3995823642291549 59.500000000000007 0.59703248739242565 0.60077652335166942 60.500000000000007 0.61040237545967113 58.927083333333343 0.01191157102584839 0.1011285020860863 0.0017689469135394726 12.500000000000002 -0.01333409547805786 60.649999618530281 0.58361398217957883 0.60077652335166942 0.59829127788543712 0.031989530961966599 44.500000000000007 44.500000000000007 43.500000000000007 -0.00247657299041748 1.0000000180025095e-35 82.628472222222243 0.31407607690960943 0.60792675614357006 59.211111068725593 60.267361111111121 0.60309749841690075
decision_type=2 2 2 2 2 2 2 2 2 2 2 2 2 2 2 2 2 2 2 2 2 2 2 2 2 2 2 2 2 2
left_child=3 -2 6 4 9 -5 26 14 -6 13 11 -9 -13 -1 -8 16 17 -10 -15 21 -21 -20 23 -4 -25 -19 -3 -28 -7 -30
right_child=1 2 22 5 8 28 7 10 15 -11 -12 12 -14 18 -16 -17 -18 25 19 20 -22 -23 -24 24 -26 -27 27 -29 29 -31
leaf_value=0.0058698833641612838 0.006992549022462562 -0.00093516359308685603 0.00080297048129142996 -0.0036447459620648883 0.0077498619713225365 -0.00027441591517587494 -0.00014890782353256654 0.00053210084113287578 8.7097435383887739e-05 -0.0078171691244485232 -5.1961240344806983e-05 0.0067896297511967066 -0.0010825852167032019 0.0030956051220510394 -0.0046620882940533329 -0.0012663343205502097 0.00030502331461074183 0.010120437385435617 -0.0010873794614657719 0.0066486379336182901 -0.00050028388943224836 -0.0051259766614452466 0.00047317629425199604 0.0063236989429871528 0.016523201628107383 0.0043096466268519335 -0.00050060243664615083 0.0034572350414983546 -0.014072916428163253 -0.0023349010895612767
leaf_weight=4419 8219 16111 36163 57376 5411 96011 14230 276718 9265 3427 3749456 12486 6042 11798 21000 15233 22577 6903 89018 5591 1509089 16887 1616403 6937 1840 11100 16320 45201 1509 6722
leaf_count=4419 8219 16111 36163 57376 5411 96011 14230 276718 9265 3427 3749456 12486 6042 11798 21000 15233 22577 6903 89018 5591 1509089 16887 1616403 6937 1840 11100 16320 45201 1509 6722
internal_value=-7.30018e-08 0.000169773 0.000160136 -0.000528671 -0.000419385 -0.00168546 1.53122e-05 -1.70034e-05 0.00210016 -0.000527663 7.57793e-06 0.000763691 0.0042225 -0.0005124 -0.00283914 0.0016304 0.00251566 0.00434599 -0.000529678 -0.00055607 -0.000473895 -0.00173136 0.000522562 0.00229885 0.00846207 0.00653776 0.00171365 0.00240732 -0.000607047 -0.00448699
internal_weight=7.69946e+06 5.82713e+06 5.81891e+06 1.87234e+06 1.71072e+06 161618 4.15756e+06 4.07993e+06 70489 1.64023e+06 4.0447e+06 295246 18528 1.6368e+06 35230 65078 49845 27268 1.63238e+06 1.62058e+06 1.51468e+06 105905 1.66134e+06 44940 8777 18003 77632 61521 104242 8231
internal_count=7699462 5827126 5818907 1872336 1710718 161618 4157564 4079932 70489 1640229 4044702 295246 18528 1636802 35230 65078 49845 27268 1632383 1620585 1514680 105905 1661343 44940 8777 18003 77632 61521 104242 8231
is_linear=0
shrinkage=0.05


Tree=142
num_leaves=31
num_cat=0
split_feature=28 30 18 18 30 32 2 30 31 2 3 18 12 10 29 12 31 28 30 25 2 26 31 2 28 3 32 30 31 27
split_gain=243.202 120.924 131.621 118.786 264.071 124.787 110.701 104.784 91.2354 115.585 93.4381 77.3119 75.9349 71.8559 71.8197 97.6724 70.778 65.097 69.7467 86.5913 72.3559 62.6579 74.835 84.0121 72.7179 82.7478 65.925 63.5745 62.6547 62.519
threshold=-1.0399312800089568 0.49848238706471609 1.0000000180025095e-35 1.0000000180025095e-35 0.160180170809371 4.4278161525726327 13.500000000000002 0.75554275623389466 67.211109161376967 6.5000000000000009 7.5000000000000009 0.63407360735996077 55.500000000000007 70.500000000000014 65.104835066381497 56.500000000000007 59.211111068725593 -3.4551257773507946 0.31658767017308859 7.5831547984375627 8.5000000000000018 68.246863749831192 66.549999237060561 8.5000000000000018 -1.6315560533895741 2.5000000000000004 11.004039764404299 0.74129065304788522 57.95000076293946 -10.349951901971272
decision_type=2 2 2 2 2 2 2 2 2 2 2 2 2 2 2 2 2 2 2 2 2 2 2 2 2 2 2 2 2 2
left_child=17 3 16 13 6 -6 8 14 9 -5 -11 -9 -7 -2 -4 -16 -3 18 19 -1 -21 -19 27 24 25 -24 -25 28 -23 -14
right_child=1 2 7 4 5 12 -8 11 -10 10 -12 -13 29 -15 15 -17 -18 21 -20 20 -22 22 23 26 -26 -27 -28 -29 -30 -31
leaf_value=-0.012671046842439844 -8.9046179642689058e-05 -0.00085578967252951908 -0.0031158474865299463 0.0012661343980925725 -0.00086634669794890705 0.0058982207830893287 0.0010470840047368654 -0.0018651855348558325 0.0019891088090617111 0.0015962359124763619 0.0075850009531405645 -0.010166774992062885 -0.0048388430323416014 0.00038451555273288983 0.0048333808963076357 -0.00042187477390602464 0.00028219794804468202 -0.00082732037041562297 -0.0035792272601694168 -0.0050324242820788106 0.017842720891551377 0.0014515161673750946 -0.03119977422942917 -0.0010598270262304171 -0.0026857700001151519 -0.0075728698318926861 0.0054118484408564524 -0.0012589304973102938 -3.1953990550248187e-05 0.00065695896796719947
leaf_weight=493 1684272 157901 24257 15569 162826 6871 79766 121010 51189 8208 31543 2871 5213 1527502 8989 538344 1014543 779425 27182 488 1185 83224 403 55382 18606 4596 4236 88194 491680 703494
leaf_count=493 1684272 157901 24257 15569 162826 6871 79766 121010 51189 8208 31543 2871 5213 1527502 8989 538344 1014543 779425 27182 488 1185 83224 403 55382 18606 4596 4236 88194 491680 703494
internal_value=-6.93306e-08 0.000141303 -0.000194319 0.000287899 0.000745592 0.000382973 0.00245557 -0.000739274 0.0035104 0.00491809 0.00634842 -0.00205759 0.000667249 0.000136177 -0.000453555 -0.000335565 0.000128937 -0.000558647 -0.00289116 0.0057435 0.0111703 -0.000513781 -0.000186333 -0.00159961 -0.00412428 -0.00947817 -0.000599991 -8.95834e-06 0.000182796 0.000616533
internal_weight=7.69946e+06 6.14437e+06 1.86792e+06 4.27645e+06 1.06468e+06 878404 186275 695471 106509 55320 39751 123881 715578 3.21177e+06 571590 547333 1.17244e+06 1.55509e+06 29348 2166 1673 1.52575e+06 746321 83223 23605 4999 59618 663098 574904 708707
internal_count=7699462 6144368 1867915 4276453 1064679 878404 186275 695471 106509 55320 39751 123881 715578 3211774 571590 547333 1172444 1555094 29348 2166 1673 1525746 746321 83223 23605 4999 59618 663098 574904 708707
is_linear=0
shrinkage=0.05


Tree=143
num_leaves=31
num_cat=0
split_feature=23 12 12 30 23 12 23 12 17 17 28 30 31 23 31 23 17 31 12 35 20 31 24 3 35 35 3 24 23 23
split_gain=231.434 141.714 111.96 103.549 102.772 88.5032 136.43 85.3377 80.0137 73.7282 66.9325 85.1154 90.7944 73.7209 98.4511 65.1309 92.5442 107.196 62.161 61.6194 111.83 122.966 173.294 61.5226 115.78 114.096 100.135 71.7009 57.0972 55.9782
threshold=0.62598383426666271 61.500000000000007 62.500000000000007 0.7053080744083563 0.76543691754341137 62.500000000000007 0.63323622941970836 75.500000000000014 76.003472222222243 63.003472222222229 -1.8778397212710176 0.30133031906852192 56.527778625488288 0.50297555327415477 60.549999237060554 0.62871307134628307 62.128472222222229 66.850002288818374 37.500000000000007 8.5000000000000018 33.500000000000007 57.049999237060554 66.267483636293065 9.5000000000000018 16.500000000000004 11.500000000000002 11.500000000000002 68.106570419830632 0.61382699012756359 0.80000919103622448
decision_type=2 2 2 2 2 2 2 2 2 2 2 2 2 2 2 2 2 2 2 2 2 2 2 2 2 2 2 2 2 2
left_child=2 -2 10 4 5 15 9 -6 -8 -7 11 12 -1 14 -14 -3 17 -17 -16 20 -13 22 -22 24 27 26 -25 -9 -4 -27
right_child=1 3 28 -5 7 6 8 23 -10 -11 -12 19 13 -15 18 16 -18 -19 -20 -21 21 -23 -24 25 -26 29 -28 -29 -30 -31
leaf_value=0.01006281960336269 0.0060963025970222568 8.1338223022981823e-05 -0.019883982078947978 -0.00053192856191658605 0.0070329393287813279 -0.0015177074445522345 0.00017995151264442105 0.0018462615704608835 -0.0082211439882660647 -0.0083037908989487021 -0.00027437519138589339 -0.0064187381982647399 0.0026940043081950167 0.0035904172213590286 0.0077041955211643231 0.0034827231542935871 0.0014384337512977617 0.012654897316529518 -0.0039345432764590635 -0.002027911967282402 -0.0091681949288908264 -0.0008508625245947527 0.0054044044393744967 0.00044568051449029287 -0.00081892519164453908 0.00023936019891177882 -0.0023243023595820979 0.0050481327098924628 -0.0040922945962826264 0.0023987393975469663
leaf_weight=2595 10108 44547 596 477822 5791 80088 4263357 50979 2836 4213 1988972 7798 11628 12954 1228 13388 49271 4180 17421 154940 2338 119001 16006 111486 27745 46547 46125 26612 14401 84489
leaf_count=2595 10108 44547 596 477822 5791 80088 4263357 50979 2836 4213 1988972 7798 11628 12954 1228 13388 49271 4180 17421 154940 2338 119001 16006 111486 27745 46547 46125 26612 14401 84489
internal_value=-6.5888e-08 0.000181618 -0.000413676 0.000170421 0.000239451 0.000170639 0.000135007 0.00100746 0.000174367 -0.00185686 -0.000386016 -0.00102795 0.000979098 0.000433813 -0.000916746 0.00156233 0.00254939 0.00566514 -0.00316812 -0.00133445 -0.000594174 -0.00026347 0.00354704 0.000918893 0.00195319 0.000541448 -0.000364958 0.00294444 -0.00472 0.00163168
internal_weight=7.69946e+06 5.34958e+06 2.34988e+06 5.33948e+06 4.86165e+06 4.46188e+06 4.35049e+06 399774 4.26619e+06 84301 2.33488e+06 345909 45826 43231 30277 111386 66839 17568 18649 300083 145143 137345 18344 393983 105336 288647 157611 77591 14997 131036
internal_count=7699462 5349584 2349878 5339476 4861654 4461880 4350494 399774 4266193 84301 2334881 345909 45826 43231 30277 111386 66839 17568 18649 300083 145143 137345 18344 393983 105336 288647 157611 77591 14997 131036
is_linear=0
shrinkage=0.05


Tree=144
num_leaves=31
num_cat=0
split_feature=23 30 18 21 14 25 14 21 21 30 28 17 12 23 23 13 23 23 30 23 21 14 14 21 30 21 13 21 22 30
split_gain=215.1 104.956 163.512 120.888 455.038 97.923 88.6806 391.989 125.751 91.9479 85.1204 80.3992 72.1768 123.362 87.0898 71.0939 67.3214 100.68 77.4723 140.124 64.5151 320.28 65.3928 350.245 73.0764 65.3119 75.3341 60.2317 58.1889 133.085
threshold=0.67412567138671886 0.6760132744974533 0.51980959995249199 0.00018614530563354495 1.0000000180025095e-35 10.424657514426377 1.0000000180025095e-35 -0.00016179680824279782 -0.0040889084339141837 0.28548761028868236 -1.8389680666843418 67.003472222222243 67.500000000000014 0.68125599622726452 0.67821946740150463 40.020833333333336 0.68033981323242199 0.68527233600616466 0.23935547236176311 0.67927435040473949 -0.00043526291847228998 1.0000000180025095e-35 1.0000000180025095e-35 1.0000000180025095e-35 0.48040275022128637 -0.0063644051551818839 78.020833333333357 0.0035296082496643071 0.0076664860499038711 0.21287951186004037
decision_type=2 2 2 2 2 2 2 2 2 2 2 2 2 2 2 2 2 2 2 2 2 2 2 2 2 2 2 2 2 2
left_child=1 3 10 6 -5 -4 11 8 -8 -9 -3 -1 14 -14 -2 -6 18 -18 19 -16 21 -15 28 24 -24 26 -23 -17 -22 -30
right_child=12 2 5 4 15 -7 7 9 -10 -11 -12 -13 13 20 16 27 17 -19 -20 -21 22 25 23 -25 -26 -27 -28 -29 29 -31
leaf_value=-0.00010892617526221915 0.00032683562536064883 -0.0020380205621416594 -0.0079485684035088319 -0.00037737289162980645 -0.024554036863187634 0.0027108795759251429 0.003944082707803674 0.0018421678424944223 0.010700488213094855 -0.00048066573911929601 -0.00044994445294495712 -0.0081468244707048262 -0.0020058257534412796 0.0004460665304518881 0.0021285625253387496 -0.009256880179266137 -0.00010256770880315493 0.0055047647878702314 0.003115280844064676 0.016620580416551164 0.00026466121564139744 0.0027722863631003225 0.0012008344582100884 -0.0078560037196530371 -0.0014696914369565581 0.012231631363405746 0.011893378665683454 -0.0047438760431355084 0.0072596307454097543 0.00084412152550477043
leaf_weight=3176296 85515 98536 11958 232434 548 2628 26436 56173 9313 176363 587262 3114 59207 113021 3328 11647 28565 11122 18678 3344 2759690 7282 64667 15690 42421 5745 3285 20244 9462 55488
leaf_count=3176296 85515 98536 11958 232434 548 2628 26436 56173 9313 176363 587262 3114 59207 113021 3328 11647 28565 11122 18678 3344 2759690 7282 64667 15690 42421 5745 3285 20244 9462 55488
internal_value=-6.2593e-08 -0.00022813 -0.000789537 -0.000122219 -0.00115158 -0.00602802 -4.31367e-05 0.000829824 0.00570422 8.04545e-05 -0.000678121 -0.000116799 0.000306174 0.000254833 0.00137558 -0.006699 0.00275454 0.00146886 0.00476734 0.00939209 0.000298336 0.00139134 0.000250375 -0.000879252 0.000142953 0.00794079 0.00560788 -0.00639211 0.000299476 0.00177875
internal_weight=7.69946e+06 4.41295e+06 700384 3.71257e+06 264873 14586 3.4477e+06 268285 35749 232536 685798 3.17941e+06 3.28651e+06 3.13596e+06 150552 32439 65037 39687 25350 6672 3.07675e+06 129333 2.94742e+06 122778 107088 16312 10567 31891 2.82464e+06 64950
internal_count=7699462 4412952 700384 3712568 264873 14586 3447695 268285 35749 232536 685798 3179410 3286510 3135958 150552 32439 65037 39687 25350 6672 3076751 129333 2947418 122778 107088 16312 10567 31891 2824640 64950
is_linear=0
shrinkage=0.05


Tree=145
num_leaves=31
num_cat=0
split_feature=23 17 23 17 23 19 19 23 23 35 2 32 28 20 23 23 17 23 23 35 32 25 32 35 18 19 35 22 2 28
split_gain=190.718 151.438 91.5659 97.0934 135.104 91.8405 81.6803 70.591 66.7864 58.9054 83.4251 83.7008 57.2978 56.8153 55.4496 52.6677 52.6446 241.384 76.7578 75.3132 52.0621 53.9451 50.0396 60.5179 68.5537 49.3452 58.7322 49.2481 71.4435 48.9152
threshold=0.59331706166267406 59.003472222222229 0.73279127478599559 72.621527777777786 0.72947821021080028 72.500000000000014 58.500000000000007 0.73115593194961559 0.73115593194961559 6.5000000000000009 4.5000000000000009 4.6194033622741708 1.9292974365587863 23.500000000000004 0.59703248739242565 0.73617300391197216 58.392361111111121 0.58847355842590343 0.59103864431381237 21.500000000000004 7.9847075939178476 7.425972896047436 4.3748011589050302 15.500000000000002 0.54190195714569966 88.500000000000014 16.500000000000004 0.00054811855717287565 7.5000000000000009 -2.0285049821981187
decision_type=2 2 2 2 2 2 2 2 2 2 2 2 2 2 2 2 2 2 2 2 2 2 2 2 2 2 2 2 2 2
left_child=1 13 3 4 6 12 14 -5 -6 -7 11 -11 15 -1 -2 -4 17 22 19 -18 21 -19 23 29 -25 26 -13 -24 -29 -15
right_child=2 -3 5 7 8 9 -8 -9 -10 10 -12 25 -14 16 -16 -17 18 20 -20 -21 -22 -23 27 24 -26 -27 -28 28 -30 -31
leaf_value=-0.025094704083120145 0.001101215945439244 -0.0085885723345897301 0.0022953466514967413 -0.004305690002264973 0.0063256954246158452 0.00013347856521741768 5.9857717054294217e-06 -0.00017581143487004801 -0.00040489940750775244 0.00043929251762499536 0.00056560961145321869 0.0053685500687870391 -0.026142666940190878 -0.015331144608776574 0.0063367376092518593 0.0090756566022209689 -0.0038117741124243107 -0.0029349365357397329 -0.00015262798179482782 0.003412061710858011 0.0068806368957785267 0.0039308314403629589 -0.00071886661110634508 0.0014848995649993342 -0.0094109645703350942 0.0098282773263621091 0.0016968062884734727 -0.0014077329687002204 0.00046041999689745185 -0.0010624631027596175
leaf_weight=234 13245 5757 6551 22297 12704 753416 4612855 19306 5192 36370 579651 18487 147 613 8181 5089 39274 3633 42306 3973 11007 13462 1066161 77237 1471 3000 26507 66899 217770 29563
leaf_count=234 13245 5757 6551 22297 12704 753416 4612855 19306 5192 36370 579651 18487 147 613 8181 5089 39274 3633 42306 3973 11007 13462 1066161 77237 1471 3000 26507 66899 217770 29563
internal_value=-4.13482e-06 -0.000494021 0.000122226 1.55312e-05 3.70361e-05 0.000472628 2.0292e-05 -0.00238921 0.00437302 0.000436078 0.000779418 0.00224846 0.0048679 -0.000464406 0.00310029 0.00525975 -0.000460742 -0.000391387 -0.00166686 -0.00314813 0.00419863 0.00247172 -0.000479753 0.000551372 0.00128125 0.00361945 0.00320545 -0.000562867 2.1392e-05 -0.00135237
internal_weight=7.70236e+06 1.57936e+06 6.123e+06 4.69378e+06 4.65218e+06 1.42922e+06 4.63428e+06 41603 17896 1.41743e+06 664015 84364 11787 1.5736e+06 21426 11640 1.57337e+06 1.48782e+06 85553 43247 28102 17095 1.45971e+06 108884 78708 47994 44994 1.35083e+06 284669 30176
internal_count=7702358 1579360 6122998 4693780 4652177 1429218 4634281 41603 17896 1417431 664015 84364 11787 1573603 21426 11640 1573369 1487816 85553 43247 28102 17095 1459714 108884 78708 47994 44994 1350830 284669 30176
is_linear=0
shrinkage=0.05


Tree=146
num_leaves=31
num_cat=0
split_feature=30 22 28 30 21 35 2 18 30 21 18 30 21 18 18 12 21 18 2 18 13 18 18 18 2 28 29 23 10 23
split_gain=188.659 250.586 146.633 138.885 104.614 102.743 120.131 100.288 110.794 94.5843 133.321 175.707 150.703 193.461 88.6057 77.4534 75.7036 187.099 74.5535 74.0202 73.7722 72.8403 68.3111 72.6397 67.3715 64.9379 59.178 55.9168 54.44 57.8601
threshold=0.31933444143212325 0.0016255146838967626 -1.4528359655588812 0.031989530961966599 0.0008405447006225587 17.500000000000004 11.500000000000002 1.0000000180025095e-35 0.023010296375251423 -1.0000000180025095e-35 1.0000000180025095e-35 0.74632805065987673 1.0000000180025095e-35 0.20052378963083781 1.0000000180025095e-35 51.500000000000007 -0.00016179680824279782 0.20052378963083781 11.500000000000002 0.63407360735996077 45.020833333333336 0.20052378963083781 1.0000000180025095e-35 0.20052378963083781 13.500000000000002 -3.4551257773507946 68.245941062859472 0.52470868825912487 41.500000000000007 0.66970753669738781
decision_type=2 2 2 2 2 2 2 2 2 2 2 2 2 2 2 2 2 2 2 2 2 2 2 2 2 2 2 2 2 2
left_child=1 4 25 -3 7 6 20 26 18 22 -11 12 15 -14 -6 -12 17 -10 -9 -13 -5 -16 -4 -24 -18 -2 28 -17 -1 -30
right_child=2 3 9 5 14 -7 -8 8 16 10 11 19 13 -15 21 27 24 -19 -20 -21 -22 -23 23 -25 -26 -27 -28 -29 29 -31
leaf_value=0.011067401279448739 -0.0032804762787094393 0.0068505194342390087 9.4536691290602673e-05 0.038156440774748661 -0.00031043521162233046 -7.6126539885080146e-05 0.00096844098955227789 0.008142750941630611 0.0092475184293337575 7.8789303190972661e-05 0.0055067326878691708 -0.0019227212429845119 -0.0063588909436427914 -0.0010867833170911476 -0.0087685606962876663 -0.0070222653244363317 0.0011449721383017747 0.0010831712620097567 0.0019978739222353374 -0.0084321392411069503 0.003417665226349557 -0.0025505942315956869 0.0048283357663733775 0.001276515602234262 -0.00012682069877489863 -0.00078255963839810603 0.00036479532925398541 -0.00016150399099004931 -0.00069173315989910257 5.2956472572623136e-05
leaf_weight=1079 27096 12621 108749 153 50092 75772 105963 8222 8673 2404987 6020 153537 21146 98240 5789 2978 202951 36756 12351 4495 86418 25267 17572 79618 213862 654251 952476 1074993 370825 879406
leaf_count=1079 27096 12621 108749 153 50092 75772 105963 8222 8673 2404987 6020 153537 21146 98240 5789 2978 202951 36756 12351 4495 86418 25267 17572 79618 213862 654251 952476 1074993 370825 879406
internal_value=-3.92811e-06 0.000301803 -0.000204216 0.00172465 0.000157383 0.00148353 0.00209734 0.000210807 0.000863468 -8.79774e-05 -0.000145028 -0.000540412 -0.000334566 -0.0020206 -0.00161136 -0.000148874 0.000703677 0.00264187 0.0044537 -0.00210788 0.0034791 -0.00370968 0.000955421 0.00191869 0.00049243 -0.000881898 6.78196e-05 -0.000180458 -0.000158233 -0.000167922
internal_weight=7.70236e+06 3.04868e+06 4.65368e+06 280927 2.76775e+06 268306 192534 2.6866e+06 482815 3.97234e+06 3.7664e+06 1.36141e+06 1.20338e+06 119386 81148 1.08399e+06 462242 45429 20573 158032 86571 31056 205939 97190 416813 681347 2.20379e+06 1.07797e+06 1.25131e+06 1.25023e+06
internal_count=7702358 3048676 4653682 280927 2767749 268306 192534 2686601 482815 3972335 3766396 1361409 1203377 119386 81148 1083991 462242 45429 20573 158032 86571 31056 205939 97190 416813 681347 2203786 1077971 1251310 1250231
is_linear=0
shrinkage=0.05


Tree=147
num_leaves=31
num_cat=0
split_feature=30 21 14 14 21 18 21 14 21 21 22 30 12 14 21 29 22 30 18 30 31 3 17 21 11 30 21 2 18 24
split_gain=173.044 184.246 406.237 177.345 390.753 172.655 175.816 159.392 267.124 154.942 142.004 194.011 135.78 109.319 92.6925 91.9753 79.5729 68.1423 73.1831 65.8355 65.7307 62.6628 73.3089 57.4959 55.865 49.3617 50.9765 55.1954 49.3125 48.8624
threshold=0.50987881867497664 0.00018614530563354495 1.0000000180025095e-35 1.0000000180025095e-35 -0.00011646747589111327 1.0000000180025095e-35 -0.00022149085998535154 1.0000000180025095e-35 9.882450103759767e-05 -0.0043153464794158927 0.00195978754191809 0.031989530961966599 46.500000000000007 1.0000000180025095e-35 0.0029851794242858891 65.104835066381497 1.0000000180025095e-35 0.81128944993964991 0.54190195714569966 0.21287951186004037 56.527778625488288 3.5000000000000004 49.774305555555564 0.0042570233345031747 81.500000000000014 0.33022737984194706 -0.0017344355583190916 10.500000000000002 0.51980959995249199 68.767919390325744
decision_type=2 2 2 2 2 2 2 2 2 2 2 2 2 2 2 2 2 2 2 2 2 2 2 2 2 2 2 2 2 2
left_child=1 3 -3 10 9 12 13 15 -9 24 16 28 -2 -7 -10 20 -1 -17 -19 -6 -8 22 -22 -4 -5 26 -13 -28 -12 -18
right_child=5 2 23 4 19 6 7 8 14 -11 11 25 -14 -15 -16 17 29 18 -20 -21 21 -23 -24 -25 -26 -27 27 -29 -30 -31
leaf_value=0.00027485957095505436 -0.0031619088801433087 -0.00043508287929231007 -0.0092727291037837459 0.0034961723740544546 0.0021834367449979296 0.00028746781613845929 -0.011001671268176406 -0.0014885523646862668 -0.010873796619589919 0.010895177876995661 0.011311244883165863 -0.0011914328865752775 6.3660780648678374e-05 0.0049737647952563264 -0.0048076639711199009 -0.0004212704731048106 -0.00034250575860514962 -0.001814881860753187 -0.010773503162688693 0.00021864702344982475 -0.032161280261471178 -0.0012750353043210741 -0.0056639098040008103 -0.0047715029214324099 0.012902700939949122 0.00040852322608805219 0.0028311769056199344 0.0010052556828651664 0.0026628031568720189 0.00017981199851447433
leaf_weight=2178607 33350 229100 12554 27088 55884 36231 2572 164162 8949 11574 5576 16433 1502353 18955 21254 671532 1301626 59111 2371 179836 271 21131 7032 16314 1676 258363 68148 105403 2340 682562
leaf_count=2178607 33350 229100 12554 27088 55884 36231 2572 164162 8949 11574 5576 16433 1502353 18955 21254 671532 1301626 59111 2371 179836 271 21131 7032 16314 1676 258363 68148 105403 2340 682562
internal_value=-3.73167e-06 0.000162959 -0.00113941 0.000231592 0.00146264 -0.000340678 -0.000847176 -0.0010052 -0.00228363 0.00601002 0.000158019 0.00099541 -6.38731e-06 0.0018971 -0.00660506 -0.000679969 6.62366e-05 -0.00056714 -0.00216038 0.000684456 -0.00334735 -0.00265495 -0.0066476 -0.006729 0.00404431 0.000858408 0.00147021 0.00172224 0.0087548 -0.000162828
internal_weight=7.70236e+06 5.15308e+06 257968 4.89512e+06 276058 2.54927e+06 1.01357e+06 958385 194365 40338 4.61906e+06 456263 1.5357e+06 55186 30203 764020 4.1628e+06 733014 61482 235720 31006 28434 7303 28868 28764 448347 189984 173551 7916 1.98419e+06
internal_count=7702358 5153084 257968 4895116 276058 2549274 1013571 958385 194365 40338 4619058 456263 1535703 55186 30203 764020 4162795 733014 61482 235720 31006 28434 7303 28868 28764 448347 189984 173551 7916 1984188
is_linear=0
shrinkage=0.05


Tree=148
num_leaves=31
num_cat=0
split_feature=23 20 30 18 21 18 18 25 28 31 17 30 22 17 3 24 23 20 25 19 31 18 22 3 26 17 10 30 18 31
split_gain=157.233 90.5348 84.2645 123.847 88.0676 134.099 147.624 84.2813 64.891 92.2108 62.8113 57.9132 55.08 58.6036 111.313 101.777 75.6784 61.9932 54.0084 76.4791 67.9918 53.7087 51.7039 85.7061 51.6127 50.3522 50.3274 51.983 165.447 109.343
threshold=0.67513644695281994 67.500000000000014 0.6760132744974533 0.51980959995249199 0.00018614530563354495 1.0000000180025095e-35 0.20052378963083781 10.424657514426377 -1.8389680666843418 56.250000000000007 66.996527777777786 0.83554885362452103 0.0015326406601488102 52.524305555555564 3.5000000000000004 70.484241202647723 0.5372087061405183 53.500000000000007 11.05119268475107 32.500000000000007 67.211109161376967 0.38599209705460047 0.013355775263745038 11.500000000000002 70.436693602559558 54.003472222222229 85.500000000000014 0.15355228795813292 1.0000000180025095e-35 66.450000762939467
decision_type=2 2 2 2 2 2 2 2 2 2 2 2 2 2 2 2 2 2 2 2 2 2 2 2 2 2 2 2 2 2
left_child=1 2 4 8 12 -6 -7 11 9 -4 -2 -5 18 14 24 -16 17 -15 -1 21 -21 -20 26 -24 -14 -18 27 28 -12 -30
right_child=10 -3 3 7 5 6 -8 -9 -10 -11 22 -13 13 16 15 -17 25 -19 19 20 -22 -23 23 -25 -26 -27 -28 -29 29 -31
leaf_value=-5.1831580668416262e-05 0.004040388895036183 -0.0052410860423235794 -0.0064434470742810619 -0.005749888763889272 2.5529675033080284e-05 -0.0061983607468902181 -0.0014401402910571915 0.0027805180384200224 -0.00039574579160511032 -0.001280082421725409 0.00028546390930854514 -0.016060779267282849 0.008046937277500851 -0.0016368702294017119 0.0016504420699447583 -0.02502893117143189 0.0044969167187229988 -0.015740196487370465 0.098522652611421901 -0.001157558597650212 0.0036406784495009933 0.020582609953388297 0.003668161028373237 -0.0056438291023656242 0.027303218907927758 0.00031457877660444621 0.0012255420930000122 8.6130661684553358e-05 0.0063408046644408455 0.0017758070474803746
leaf_weight=2772726 10950 8879 9576 9940 148841 19582 97278 2615 589140 89105 564323 1578 4510 1947 23051 363 7310 1299 26 179288 7700 145 20966 2801 377 463007 122159 2461090 16410 65376
leaf_count=2772726 10950 8879 9576 9940 148841 19582 97278 2615 589140 89105 564323 1578 4510 1947 23051 363 7310 1299 26 179288 7700 145 20966 2801 377 463007 122159 2461090 16410 65376
internal_value=-3.54512e-06 -0.000197278 -0.000187167 -0.000689708 -9.25287e-05 -0.000969778 -0.00223747 -0.00532287 -0.000594507 -0.00178114 0.000259881 -0.00716264 -2.51967e-05 0.000459158 0.00266933 0.00123671 0.000327073 -0.00728112 -0.000107322 -0.000929396 -0.00095997 0.0324838 0.000247155 0.0025707 0.00953296 0.000379585 0.000230055 0.000190917 0.000590059 0.00269176
internal_weight=7.70236e+06 4.43828e+06 4.4294e+06 701954 3.72745e+06 265701 116860 14133 687821 98681 3.26408e+06 11518 3.46175e+06 501864 28301 23414 473563 3246 2.95988e+06 187159 186988 171 3.25312e+06 23767 4887 470317 3.22936e+06 3.1072e+06 646109 81786
internal_count=7702358 4438283 4429404 701954 3727450 265701 116860 14133 687821 98681 3264075 11518 3461749 501864 28301 23414 473563 3246 2959885 187159 186988 171 3253125 23767 4887 470317 3229358 3107199 646109 81786
is_linear=0
shrinkage=0.05


Tree=149
num_leaves=31
num_cat=0
split_feature=30 22 28 35 2 21 14 14 21 21 21 14 14 21 21 2 30 18 3 22 18 30 21 18 27 10 35 25 31 15
split_gain=149.188 197.446 121.256 117.736 126.211 84.6439 236.699 160.298 370.806 89.1414 84.571 163.373 140.803 211.057 83.5656 80.1002 75.3962 69.5811 100.118 86.114 69.1925 87.7195 66.9371 65.512 62.8431 55.7193 54.9733 117.609 113.56 87.455
threshold=0.31933444143212325 0.0016255146838967626 -1.8389680666843418 17.500000000000004 14.500000000000002 -1.0000000180025095e-35 1.0000000180025095e-35 1.0000000180025095e-35 9.882450103759767e-05 0.0032467246055603032 0.00026178359985351568 1.0000000180025095e-35 1.0000000180025095e-35 -0.00016179680824279782 -0.003686517477035522 17.500000000000004 0.11758231336299686 0.36762694766779258 5.5000000000000009 0.0022895131340087424 0.37397879600406525 0.60397817976378898 -0.0059758126735687247 0.67922324117020105 -12.85768485232647 33.500000000000007 8.5000000000000018 11.171457151079011 57.149999618530281 34.500000000000007
decision_type=2 2 2 2 2 2 2 2 2 2 2 2 2 2 2 2 2 2 2 2 2 2 2 2 2 2 2 2 2 2
left_child=1 10 26 4 16 6 -4 20 17 -10 12 -12 -1 22 -8 -6 24 18 19 -9 -7 -22 -14 -23 -3 -18 27 29 -29 -2
right_child=2 3 5 -5 15 7 14 8 9 -11 11 -13 13 -15 -16 -17 25 -19 -20 -21 21 23 -24 -25 -26 -27 -28 28 -30 -31
leaf_value=0.00013057760006342513 -0.0049797059460149487 0.020787044712729581 0.00013559641950848262 -0.00015176433414090045 -0.0023590074667518232 5.4464818187558536e-05 0.0034208390008443252 -0.0042047541693308486 -0.0090992005830495392 -0.0041007846467845015 -0.00067662336546824974 -0.007949905728092465 0.0035442744954121627 0.00115928953962486 0.0096263863301720518 0.001449308649455646 0.037970486801662415 0.00044569403596943409 -0.00022752373927222838 -0.00025056463030443619 -9.5462566490353123e-05 -0.00097278572153844237 0.011194619006707009 -0.0053808575400151751 0.0049152394068119358 0.002379301434858665 -0.0017165799400146919 0.017535797668593183 -0.0015269017065965137 -0.00031364136731990494
leaf_weight=2597149 10764 636 188984 75838 17629 2789834 28402 39298 12703 29951 86636 8476 4564 63269 6706 63689 110 103551 97019 21195 661268 329413 7655 8650 31908 91117 173069 1766 1401 149708
leaf_count=2597149 10764 636 188984 75838 17629 2789834 28402 39298 12703 29951 86636 8476 4564 63269 6706 63689 110 103551 97019 21195 661268 329413 7655 8650 31908 91117 173069 1766 1401 149708
internal_value=-3.3678e-06 0.000268506 -0.000181475 0.00153151 0.00215395 -0.000110196 0.000835996 -0.000162002 -0.00126724 -0.00558941 0.000140311 -0.0013248 0.00019245 0.00232115 0.00460619 0.000623699 0.00315933 -0.000561058 -0.00122291 -0.00281932 -7.34124e-05 -0.000430408 0.00833714 -0.00108558 0.00522548 0.00242226 -0.00109535 -0.000438319 0.00910316 -0.00062663
internal_weight=7.70236e+06 3.04868e+06 4.65368e+06 280927 205089 4.31697e+06 224092 4.09288e+06 303717 42654 2.76775e+06 95112 2.67264e+06 75488 35108 81318 123771 261063 157512 60493 3.78916e+06 999331 12219 338063 32544 91227 336708 163639 3167 160472
internal_count=7702358 3048676 4653682 280927 205089 4316974 224092 4092882 303717 42654 2767749 95112 2672637 75488 35108 81318 123771 261063 157512 60493 3789165 999331 12219 338063 32544 91227 336708 163639 3167 160472
is_linear=0
shrinkage=0.05


Tree=150
num_leaves=31
num_cat=0
split_feature=30 22 28 35 2 21 14 14 21 21 21 21 14 14 21 2 30 21 18 3 22 18 30 29 12 29 27 15 18 21
split_gain=133.118 176.743 110.1 109.017 112.849 79.0481 207.227 142.69 334.675 80.5308 78.4465 77.314 132.289 119.197 205.301 71.882 68.4001 65.4621 62.2058 87.0471 83.3566 61.7771 74.2549 59.3132 56.7169 54.9555 54.9514 54.1826 48.9762 47.9302
threshold=0.31933444143212325 0.0016255146838967626 -1.8389680666843418 16.500000000000004 14.500000000000002 -0.00022149085998535154 1.0000000180025095e-35 1.0000000180025095e-35 9.882450103759767e-05 -0.0032811164855957027 0.0030261278152465825 0.0008405447006225587 1.0000000180025095e-35 1.0000000180025095e-35 -1.0000000180025095e-35 17.500000000000004 0.11758231336299686 -0.0059758126735687247 0.36762694766779258 5.5000000000000009 0.0022895131340087424 0.37397879600406525 0.72612586352005792 70.671373504831479 31.500000000000004 68.245941062859472 -12.85768485232647 77.500000000000014 0.51980959995249199 -0.01333409547805786
decision_type=2 2 2 2 2 2 2 2 2 2 2 2 2 2 2 2 2 2 2 2 2 2 2 2 2 2 2 2 2 2
left_child=1 11 29 4 16 6 -4 21 18 27 -10 13 -13 25 17 -6 26 -15 19 20 -9 -7 -23 28 -18 -1 -3 -8 -24 -2
right_child=2 3 5 -5 15 7 9 8 10 -11 -12 12 -14 14 -16 -17 24 -19 -20 -21 -22 22 23 -25 -26 -27 -28 -29 -30 -31
leaf_value=-6.8675254435385022e-05 0.009885910950112077 0.019643819447134732 0.00015323458558879661 -5.6094023227001054e-05 -0.0022132935636985118 5.5489267480163449e-05 0.0026924567334743049 -0.0039851932957815587 -0.0087672735083909031 0.0098411057484558608 -0.0039717204218608707 -0.00070560619609137253 -0.0073912403687015713 0.0033693740235372321 0.00099822149380795187 0.0014305477717300207 0.037882531752991 0.010940740811379983 0.00043146427810576384 -0.00021417043713472243 -0.00010105252539642715 -0.00022540985432057995 -0.0011715746069676052 -0.013135023417450084 0.0022948306368041891 0.00039636842758603171 0.0047518493565376413 0.010821995859363871 -0.0058203956792701288 -0.0010708747361259029
leaf_weight=1519198 1001 632 183023 83966 17511 2795440 27282 39545 11756 5605 31056 72731 8237 4578 63284 59599 112 7585 103728 96805 21228 855689 137442 1078 88195 1091854 31011 2216 5909 335528
leaf_count=1519198 1001 632 183023 83966 17511 2795440 27282 39545 11756 5605 31056 72731 8237 4578 63284 59599 112 7585 103728 96805 21228 855689 137442 1078 88195 1091854 31011 2216 5909 335528
internal_value=1.01174e-06 0.000257844 -0.000167208 0.00145256 0.00209539 -9.93168e-05 0.000828165 -0.000148664 -0.00119076 0.00434716 -0.00528858 0.000136524 -0.00138575 0.000182404 0.00214168 0.000603062 0.00305474 0.00809102 -0.000519383 -0.00114529 -0.00262847 -6.51661e-05 -0.000402411 -0.00145108 0.00234001 0.00012579 0.00504935 0.00330321 -0.00136321 -0.00103828
internal_weight=7.70282e+06 3.04849e+06 4.65433e+06 281026 197060 4.3178e+06 218126 4.09968e+06 304118 35103 42812 2.76747e+06 80968 2.6865e+06 75447 77110 119950 12163 261306 157578 60773 3.79556e+06 1.00012e+06 144429 88307 2.61105e+06 31643 29498 143351 336529
internal_count=7702824 3048493 4654331 281026 197060 4317802 218126 4099676 304118 35103 42812 2767467 80968 2686499 75447 77110 119950 12163 261306 157578 60773 3795558 1000118 144429 88307 2611052 31643 29498 143351 336529
is_linear=0
shrinkage=0.05


Tree=151
num_leaves=31
num_cat=0
split_feature=23 20 12 23 21 30 18 12 32 23 23 23 30 23 30 28 31 35 30 13 18 21 11 12 32 26 31 28 19 22
split_gain=124.587 83.5569 65.5683 85.7338 63.8815 62.1052 78.5363 95.9794 60.1441 59.9251 64.9467 85.2156 73.9883 69.3434 82.311 56.7513 84.613 56.1873 74.4525 63.9049 60.3868 61.1287 53.3769 51.7086 50.9777 49.8144 66.5373 56.4271 95.7997 48.68
threshold=0.67513644695281994 67.500000000000014 67.500000000000014 0.68125599622726452 0.0099970698356628435 0.68545765303940842 0.51980959995249199 44.500000000000007 5.1066401004791269 0.67821946740150463 0.68033981323242199 0.68527233600616466 0.51865013841350949 0.67927435040473949 0.23935547236176311 -1.8389680666843418 56.250000000000007 6.5000000000000009 0.48040275022128637 80.020833333333357 1.0000000180025095e-35 -0.00016179680824279782 45.500000000000007 68.500000000000014 11.739060878753664 68.351232313249241 55.549999237060554 -1.0052571239619061 55.500000000000007 0.0015622720918784692
decision_type=2 2 2 2 2 2 2 2 2 2 2 2 2 2 2 2 2 2 2 2 2 2 2 2 2 2 2 2 2 2
left_child=1 4 9 8 5 25 15 -8 -4 -2 12 -12 13 -11 -15 16 -7 18 -5 -19 -20 -22 -6 -23 -21 27 -27 29 -29 -1
right_child=2 -3 3 17 22 6 7 -9 -10 10 11 -13 -14 14 -16 -17 -18 19 20 24 21 23 -24 -25 -26 26 -28 28 -30 -31
leaf_value=-0.00070809917854342572 0.0002370757170861341 -0.0050222255688892742 -0.004549876491444403 0.00021948300461963421 -0.023111242509516728 -0.0062990992002472657 0.0066330695371527989 -0.0062211485215332863 -0.00079832845130745804 0.0033032807776254731 -0.00031033367702915912 0.0048262213679699691 0.00018465900947492339 0.015523990012896073 0.0052990848509948518 -0.0003308158675759716 -0.0011752465936579186 0.00034414979188590882 -0.00011897981774385446 0.0020781442452157584 0.0035556669646925063 0.0027002624276602346 -0.0030083760386963136 -0.0018456269257774831 3.0188022933109533e-05 0.0077716806534575958 0.00018459251932623346 0.0035065599635012235 -9.1231783754078396e-05 0.00094529065238420959
leaf_weight=619550 62218 8860 14165 1248824 338 8916 1675 10914 43466 9898 28515 11264 7441 3363 4746 551163 83641 1279438 267493 100058 5954 6579 14137 127204 43639 2897 1133638 18681 1936184 47965
leaf_count=619550 62218 8860 14165 1248824 338 8916 1675 10914 43466 9898 28515 11264 7441 3363 4746 551163 83641 1279438 267493 100058 5954 6579 14137 127204 43639 2897 1133638 18681 1936184 47965
internal_value=9.61198e-07 -0.000171485 0.000235443 0.000190274 -0.000161782 -0.00015091 -0.000599692 -0.00451082 -0.00172042 0.00134719 0.0024061 0.00114416 0.00437868 0.00611175 0.00953974 -0.000523202 -0.00166883 0.000226035 2.8039e-05 0.000456437 -0.000559049 -0.00140145 -0.00347795 -0.00162207 0.00145621 -7.2553e-05 0.000203933 -0.000192381 -5.68505e-05 -0.000589293
internal_weight=7.70282e+06 4.43856e+06 3.26426e+06 3.13682e+06 4.4297e+06 4.41522e+06 656309 12589 57631 127445 65227 39779 25448 18007 8109 643720 92557 3.07919e+06 1.65605e+06 1.42314e+06 407230 139737 14475 133783 143697 3.75892e+06 1.13654e+06 2.62238e+06 1.95486e+06 667515
internal_count=7702824 4438559 3264265 3136820 4429699 4415224 656309 12589 57631 127445 65227 39779 25448 18007 8109 643720 92557 3079189 1656054 1423135 407230 139737 14475 133783 143697 3758915 1136535 2622380 1954865 667515
is_linear=0
shrinkage=0.05


Tree=152
num_leaves=31
num_cat=0
split_feature=30 22 16 28 30 21 18 30 1 21 18 30 21 18 17 18 26 3 21 18 18 18 18 22 31 3 32 35 35 16
split_gain=113.825 156.099 97.3216 93.747 93.0644 70.6724 71.5405 76.7522 84.8032 69.411 98.5683 114.129 83.7767 92.7837 64.3625 64.2415 57.0152 56.8168 52.9941 115.72 52.0884 53.9188 49.576 49.3389 62.3417 47.4203 47.2535 47.1826 59.2052 47.083
threshold=0.31933444143212325 0.0010447946905902683 33.500000000000007 -1.8389680666843418 0.031989530961966599 0.0008405447006225587 1.0000000180025095e-35 0.031989530961966599 4.5000000000000009 -0.00022149085998535154 1.0000000180025095e-35 0.60397817976378898 1.0000000180025095e-35 0.20052378963083781 54.420138888888893 1.0000000180025095e-35 70.674813814220286 7.5000000000000009 -0.00016179680824279782 0.20052378963083781 1.0000000180025095e-35 0.20052378963083781 0.8415099839981236 0.0015622720918784692 65.450000762939467 7.5000000000000009 11.31272602081299 18.500000000000004 2.5000000000000004 72.500000000000014
decision_type=2 2 2 2 2 2 2 2 2 2 2 2 2 2 2 2 2 2 2 2 2 2 2 2 2 2 2 2 2 2
left_child=1 5 -3 -2 -4 6 -1 8 -8 20 -11 12 -12 -14 -6 -7 23 -16 19 -9 -5 29 25 26 -25 -10 -13 28 -19 -22
right_child=3 2 4 9 14 15 7 18 22 10 11 16 13 -15 17 -17 -18 27 -20 -21 21 -23 -24 24 -26 -27 -28 -29 -30 -31
leaf_value=2.7617561027472814e-05 -0.00095842528678447578 0.03694675019748709 0.0049757892384952119 2.7279930031239109e-05 0.0046084755980581819 -0.00027057714719705265 0.0012237952242353601 0.0078425979565200626 0.0015411365494648014 4.9016790185974717e-05 -6.1401447468207218e-07 -0.0015313214471683212 -0.0050069287024319328 -0.00085202455151583848 0.00018201464502370956 -0.003285187383273758 -0.0090625310644672514 -0.00016579967263982804 0.00038868268515493361 0.0010002985219221372 0.0029098358659009078 0.0010411611327036557 -0.0048099879392264023 0.00042654069299266612 -0.0016564624464860311 0.010881297534614108 0.00064328857714267447 -0.00020498204018885727 0.0022745557811315472 0.0097520801488951252
leaf_weight=2149895 336529 190 15361 112332 11981 46820 14431 7627 1765 2589259 905094 323290 16219 78322 159769 28387 2220 30665 375928 32555 16262 86558 741 103062 55137 5907 27073 35320 131151 2974
leaf_count=2149895 336529 190 15361 112332 11981 46820 14431 7627 1765 2589259 905094 323290 16219 78322 159769 28387 2220 30665 375928 32555 16262 86558 741 103062 55137 5907 27073 35320 131151 2974
internal_value=9.13141e-07 0.000238406 0.00118027 -0.00015464 0.00116257 0.000102491 0.000146384 0.000728074 0.00354985 -9.19929e-05 -0.000138234 -0.000459233 -0.00014855 -0.00156482 0.00100378 -0.00140845 -0.00106726 0.000882774 0.00057316 0.00229906 0.000777115 0.00157329 0.00753973 -0.00103236 -0.000299448 0.00873257 -0.00136329 0.0014507 0.0018121 0.00396773
internal_weight=7.70282e+06 3.04849e+06 384437 4.65433e+06 384247 2.66406e+06 2.58885e+06 438954 22844 4.3178e+06 4.09968e+06 1.51042e+06 999635 94541 368886 75207 510782 356905 416110 40182 218126 105794 8413 508562 158199 7672 350363 197136 161816 19236
internal_count=7702824 3048493 384437 4654331 384247 2664056 2588849 438954 22844 4317802 4099676 1510417 999635 94541 368886 75207 510782 356905 416110 40182 218126 105794 8413 508562 158199 7672 350363 197136 161816 19236
is_linear=0
shrinkage=0.05


Tree=153
num_leaves=31
num_cat=0
split_feature=10 12 21 12 30 18 1 35 35 10 12 12 18 31 30 28 30 20 31 10 31 35 30 10 26 26 17 30 14 21
split_gain=108.213 76.6648 62.2955 62.275 61.2777 145.922 112.737 92.0712 109.964 52.7272 138.778 111.237 54.3385 52.8489 75.0319 52.1248 48.3059 45.7141 45.1049 44.8732 44.5142 43.9665 87.398 51.8219 46.092 41.3873 39.2747 38.1988 37.8847 62.7433
threshold=70.500000000000014 70.500000000000014 0.012887656688690187 70.500000000000014 0.17142647152318397 1.0000000180025095e-35 4.5000000000000009 5.5000000000000009 4.5000000000000009 55.500000000000007 55.500000000000007 55.500000000000007 0.51980959995249199 57.250000000000007 0.69029908622142477 -0.34443780764566029 0.81128944993964991 70.500000000000014 58.049999237060554 32.500000000000007 63.149999618530281 6.5000000000000009 0.49074908672118039 80.500000000000014 68.96928332204395 65.970907854357179 45.003472222222229 0.21837887698595806 0.20412414523181696 -1.0000000180025095e-35
decision_type=2 2 2 2 2 2 2 2 2 2 2 2 2 2 2 2 2 2 2 2 2 2 2 2 2 2 2 2 2 2
left_child=1 2 4 -2 5 -1 15 8 -8 10 13 -11 18 14 -6 25 -14 -13 -12 -15 -17 22 -5 -23 27 -7 -4 -25 -24 -30
right_child=3 -3 26 21 9 6 7 -9 -10 11 12 17 16 19 -16 20 -18 -19 -20 -21 -22 23 28 24 -26 -27 -28 -29 29 -31
leaf_value=-0.0001122723550999975 0.0024017687136428508 -0.0024536552398187351 -0.02897577652735155 0.00026650927865450101 0.0013124260550473658 0.004580761497943348 0.0034304645993080037 0.0013529872177352065 0.010241523168646783 0.0029512818240235413 0.0015996021563822551 -0.00011384555582837096 -0.0079494020479473938 -0.0052222893522609094 -0.0019039715920516705 0.0051418874563821416 -0.034238692528681634 0.0044163036348380527 -0.0037991914601223811 -0.00050983006984430955 0.0012428066439465649 0.0003532359155289611 -0.00060941073330295829 0.0034966941996098567 0.0028560549602529382 -0.00049732851400180543 -0.0036928134420028489 0.00049064080350531651 0.010307458977276428 -0.0037888103881261398
leaf_weight=474963 34260 35036 156 993208 86284 4269 21308 28857 8209 29966 4600 3764943 3831 5087 22956 8687 183 5577 24335 724653 46517 899219 239613 11927 38522 66733 9609 92749 831 15736
leaf_count=474963 34260 35036 156 993208 86284 4269 21308 28857 8209 29966 4600 3764943 3831 5087 22956 8687 183 5577 24335 724653 46517 899219 239613 11927 38522 66733 9609 92749 831 15736
internal_value=8.67521e-07 -0.000122396 -0.000107105 0.000285794 -9.97982e-05 0.000351358 0.00154438 0.00336131 0.00532472 -0.000163482 -0.00051415 -8.30298e-05 -0.0036972 -0.000389142 0.000636522 0.000703986 -0.00914877 -0.000107145 -0.0029409 -0.000542681 0.00185638 0.000254163 5.41239e-05 0.000493919 0.00137734 -0.000192002 -0.00409701 0.00083316 -0.000769292 -0.00308168
internal_weight=7.70282e+06 5.37676e+06 5.34172e+06 2.32606e+06 5.33196e+06 659543 184580 58374 29517 4.67242e+06 871929 3.80049e+06 32949 838980 109240 126206 4014 3.77052e+06 28935 729740 55204 2.2918e+06 1.24939e+06 1.04242e+06 143198 71002 9765 104676 256180 16567
internal_count=7702824 5376759 5341723 2326065 5331958 659543 184580 58374 29517 4672415 871929 3800486 32949 838980 109240 126206 4014 3770520 28935 729740 55204 2291805 1249388 1042417 143198 71002 9765 104676 256180 16567
is_linear=0
shrinkage=0.05


Tree=154
num_leaves=31
num_cat=0
split_feature=23 17 17 30 18 1 35 35 27 30 23 35 30 10 22 12 31 23 22 32 23 12 12 23 23 18 32 23 14 19
split_gain=100.546 140.693 97.1413 63.7166 95.2645 95.2172 71.4438 92.3617 86.149 53.3859 63.9513 53.1058 56.5306 69.2125 79.1757 64.0904 60.9442 58.4095 55.7351 52.5539 52.4187 141.965 118.074 103.253 95.1352 77.8937 59.5022 57.1491 56.0928 55.6124
threshold=0.70557337999343883 70.177083333333357 69.7951388888889 0.17142647152318397 1.0000000180025095e-35 4.5000000000000009 5.5000000000000009 4.5000000000000009 0.57316706729305633 0.35042422820446301 0.71039602160453807 6.5000000000000009 0.48264142223040346 70.500000000000014 0.0010447946905902683 70.500000000000014 61.95000076293946 0.71039602160453807 0.0085506137893796453 6.5510811805725107 0.56530731916427623 56.500000000000007 55.500000000000007 0.55757284164428722 0.57130533456802379 0.51980959995249199 5.9446520805358896 0.57577648758888256 1.0000000180025095e-35 55.500000000000007
decision_type=2 2 2 2 2 2 2 2 2 2 2 2 2 2 2 2 2 2 2 2 2 2 2 2 2 2 2 2 2 2
left_child=1 3 9 4 -1 -6 7 -7 -9 10 -2 12 13 14 -4 16 -15 -18 -13 -20 22 27 23 26 -23 -24 -5 29 -25 -22
right_child=2 -3 11 20 5 6 -8 8 -10 -11 -12 18 -14 15 -16 -17 17 -19 19 -21 21 24 25 28 -26 -27 -28 -29 -30 -31
leaf_value=-3.4778988576665723e-05 0.014704889000835032 -0.0086704394611788315 -0.0021301090514012819 0.00045838957527633782 0.00054555588219961509 0.0030257048756134855 0.0012523112063827285 0.013109455932339469 0.0020117996828281047 0.00086658232033529786 -0.0043936915292301657 0.00044054702457969403 -0.00059074458235524902 -0.0095040296617881267 0.0036295872160874219 0.00025651427375405892 0.012663399210297244 0.0031577907748964423 0.006734421620263057 0.0015881759929781678 0.0052510287441701383 -0.0024902337183198729 -0.0018425365000554019 0.0013219175894169299 -0.0001103375872513255 -0.0081231746492942073 -0.00064746605268792149 0.0060250458325677722 0.0063782204193666052 0.0010111295669917417
leaf_weight=451848 2510 4810 51761 148487 125049 20629 28842 5227 2628 2009 531 1085126 282560 816 6744 985940 1904 10685 5980 29110 8938 42498 88856 33948 3525318 5227 672769 8125 6542 57407
leaf_count=451848 2510 4810 51761 148487 125049 20629 28842 5227 2628 2009 531 1085126 282560 816 6744 985940 1904 10685 5980 29110 8938 42498 88856 33948 3525318 5227 672769 8125 6542 57407
internal_value=8.24122e-07 -0.000123126 0.000264097 -0.000115269 0.000354536 0.00131909 0.00300646 0.00478264 0.00939665 0.0071916 0.01137 0.000249879 3.75302e-05 0.000205347 -0.00146617 0.000303204 0.00373719 0.00459554 0.000503968 0.00246521 -0.000180069 -9.35871e-05 -0.000509618 -0.000325997 -0.000138686 -0.00219148 -0.000447522 0.00206706 0.00213888 0.00158234
internal_weight=7.70282e+06 5.23715e+06 2.46568e+06 5.23234e+06 634223 182375 57326 28484 7855 5050 3041 2.46063e+06 1.34041e+06 1.05785e+06 58505 999345 13405 12589 1.12022e+06 35090 4.59812e+06 3.64229e+06 955829 861746 3.56782e+06 94083 821256 74470 40490 66345
internal_count=7702824 5237148 2465676 5232338 634223 182375 57326 28484 7855 5050 3041 2460626 1340410 1057850 58505 999345 13405 12589 1120216 35090 4598115 3642286 955829 861746 3567816 94083 821256 74470 40490 66345
is_linear=0
shrinkage=0.05


Tree=155
num_leaves=31
num_cat=0
split_feature=28 26 30 31 10 32 18 25 22 12 3 30 2 18 2 3 32 25 12 31 18 12 35 31 30 30 28 3 18 26
split_gain=93.1775 63.8187 131.911 125.715 123.962 101.317 64.2563 76.5549 63.3609 137.484 96.0768 71.739 75.4753 66.2908 85.3256 57.5288 56.6528 54.2815 89.2139 64.2507 60.5622 50.6735 53.6402 48.7441 46.8501 44.7146 44.1495 65.4221 85.5508 75.4501
threshold=0.21517016602937719 65.557225431657244 0.40240348731308856 67.422222137451186 39.500000000000007 10.066721916198732 0.51980959995249199 9.3899452044926157 0.0015939217558049066 44.500000000000007 10.500000000000002 0.17407573766342502 12.500000000000002 0.63407360735996077 27.500000000000004 5.5000000000000009 10.478814601898195 11.05119268475107 33.500000000000007 66.850002288818374 0.39167472590029084 45.500000000000007 9.5000000000000018 58.350000381469734 0.63572799066219166 0.39393041040415794 -2.657172160610449 1.5000000000000002 0.54190195714569966 69.145945512466326
decision_type=2 2 2 2 2 2 2 2 2 2 2 2 2 2 2 2 2 2 2 2 2 2 2 2 2 2 2 2 2 2
left_child=1 2 3 4 -1 23 -7 16 17 10 -10 12 21 15 -15 -13 -8 26 20 -20 -19 -11 -23 -4 -22 -17 27 29 -29 -3
right_child=-2 8 5 -5 -6 6 7 -9 9 11 -12 13 -14 14 -16 25 -18 18 19 -21 24 22 -24 -25 -26 -27 -28 28 -30 -31
leaf_value=0.013914028780481133 0.00024289739812063333 -0.0086898511135505702 0.00048067405769104671 0.020499951547452454 0.00021969855951823027 -0.0043608082266491247 -0.093726344526389019 -0.0066209491545288456 0.012762649641043464 0.079801734216612394 -0.023875671449405923 0.00073460660365702785 -6.467876055953325e-06 -0.0039673924031488122 0.0073424270664016501 0.00062566295620143696 -0.024570337686849734 0.094068987247272709 -0.0011616355989085782 0.0018728262358752624 -0.0095830288364829545 0.006047070623679986 0.0012658208568065254 -0.0020055107894024586 0.050185935311419995 -0.00055954954649009114 -9.9800313379181112e-05 -0.00095622530623118397 0.0099427061013291698 -0.0013285433883394298
leaf_weight=1702 2604847 5943 26647 806 56727 17602 31 1200 3048 22 190 318744 20400 16349 1857 116575 627 35 221027 18939 66 14077 10057 75784 65 250751 3853145 53599 1863 8402
leaf_count=1702 2604847 5943 26647 806 56727 17602 31 1200 3048 22 190 318744 20400 16349 1857 116575 627 35 221027 18939 66 14077 10057 75784 65 250751 3853145 53599 1863 8402
internal_value=-3.69971e-07 -0.000124711 -0.00104642 0.000889185 0.000618629 -0.00198706 -0.00529433 -0.0141374 -9.07449e-05 0.000331622 0.0106121 0.000287168 0.00223286 0.000164073 -0.00281376 0.000243096 -0.0278422 -0.000167047 -0.000896789 -0.000922144 0.0357344 0.00412398 0.00405467 -0.00135874 0.020089 -0.000183409 -0.000122377 -0.00136857 -0.000590107 -0.0043783
internal_weight=7.70113e+06 5.09628e+06 181126 59235 58429 121891 19460 1858 4.91515e+06 752070 3238 748832 44556 704276 18206 686070 658 4.16308e+06 240132 239966 166 24156 24134 102431 131 367326 3.92295e+06 69807 55462 14345
internal_count=7701127 5096280 181126 59235 58429 121891 19460 1858 4915154 752070 3238 748832 44556 704276 18206 686070 658 4163084 240132 239966 166 24156 24134 102431 131 367326 3922952 69807 55462 14345
is_linear=0
shrinkage=0.05


Tree=156
num_leaves=31
num_cat=0
split_feature=21 10 12 12 14 22 3 35 3 35 30 35 2 3 12 11 25 28 32 2 35 30 2 3 22 3 12 10 29 35
split_gain=87.9425 90.1098 112.008 74.5557 58.3748 55.8763 65.4397 71.6629 67.5806 72.7786 63.378 101.915 96.1577 76.7173 84.4298 71.7345 70.9511 67.6288 62.0024 59.4005 46.1761 66.3223 65.3202 117.663 63.1795 62.0994 57.3243 46.1591 44.3974 44.0975
threshold=0.0079797506332397478 71.500000000000014 71.500000000000014 71.500000000000014 1.0000000180025095e-35 0.0018444430999532528 6.5000000000000009 2.5000000000000004 8.5000000000000018 10.500000000000002 0.25572469307178547 8.5000000000000018 13.500000000000002 5.5000000000000009 44.500000000000007 44.500000000000007 7.2165232280931271 -2.3491951121329095 15.618542194366457 6.5000000000000009 5.5000000000000009 0.48264142223040346 4.5000000000000009 8.5000000000000018 0.0024693571231915097 10.500000000000002 88.500000000000014 70.500000000000014 70.481835530285096 9.5000000000000018
decision_type=2 2 2 2 2 2 2 2 2 2 2 2 2 2 2 2 2 2 2 2 2 2 2 2 2 2 2 2 2 2
left_child=1 2 5 29 -2 6 27 -8 9 -9 11 12 17 14 16 -16 -12 -7 28 -10 21 -5 23 -22 -23 -25 -27 -1 -15 -3
right_child=4 3 -4 20 -6 10 7 8 19 -11 13 -13 -14 18 15 -17 -18 -19 -20 -21 22 24 -24 25 -26 26 -28 -29 -30 -31
leaf_value=-0.00035617117896563166 -0.00085367022980425457 0.0044671824192391045 -0.0032830226761284987 0.00029030901719654973 -0.0043850809859141407 0.02623443163692641 -0.00049295912600025706 0.0011950380611352189 -0.00080260146961515374 0.00018261845538955645 -0.028861946616059217 0.00017507433464198426 -0.00025424167706647119 -0.00029618935130819963 -0.030738617549765448 0.00065256530038852744 0.008768541484623681 0.0046953796497242496 0.018040016703711182 0.00013610821770573006 -1.0939187008627525e-05 -0.00022323859049704623 0.00038907842787084678 0.00669084279958123 -0.0022381236925853617 0.0019653247219226871 0.0091689933672802863 0.00024783436953035824 -0.004811182402935499 0.00047803767318345316
leaf_weight=2506735 34804 17242 27095 549234 17630 369 448864 293039 204290 450253 129 59760 12625 349052 182 307544 4218 28861 458 962651 49126 139035 752898 11249 54023 37680 2980 361989 5531 11581
leaf_count=2506735 34804 17242 27095 549234 17630 369 448864 293039 204290 450253 129 59760 12625 349052 182 307544 4218 28861 458 962651 49126 139035 752898 11249 54023 37680 2980 361989 5531 11581
internal_value=-3.51396e-07 1.36382e-05 -7.55004e-05 0.000344053 -0.00204105 -6.10074e-05 -0.000119535 7.55403e-05 0.000209126 0.00058176 0.000337014 0.00150027 0.00339235 0.000159827 0.000731738 0.000633989 0.00765119 0.00496738 -0.000342869 -2.82266e-05 0.000298543 1.01028e-05 0.000549274 0.00174303 -0.00078706 0.00340295 0.00249331 -0.000279955 -0.000366618 0.00286436
internal_weight=7.70113e+06 7.64869e+06 6.02364e+06 1.62505e+06 52434 5.99655e+06 5.22782e+06 2.3591e+06 1.91023e+06 743292 768729 101615 41855 667114 312073 307726 4347 29230 355041 1.16694e+06 1.59622e+06 742292 853933 101035 193058 51909 40660 2.86872e+06 354583 28823
internal_count=7701127 7648693 6023645 1625048 52434 5996550 5227821 2359097 1910233 743292 768729 101615 41855 667114 312073 307726 4347 29230 355041 1166941 1596225 742292 853933 101035 193058 51909 40660 2868724 354583 28823
is_linear=0
shrinkage=0.05


Tree=157
num_leaves=31
num_cat=0
split_feature=23 12 23 12 23 23 32 17 23 28 21 27 12 23 13 23 17 25 30 22 22 30 3 23 23 23 26 22 26 27
split_gain=83.2782 137.016 130.61 107.311 164.06 128.487 96.4262 70.1274 66.1356 55.6946 55.6814 57.0055 55.2309 131.757 114.79 106.004 54.9117 65.6943 54.1652 52.6296 52.27 74.3303 61.3895 52.0983 113.805 69.2081 52.653 48.0572 48.0434 60.1099
threshold=0.5958991050720216 59.500000000000007 0.60077652335166942 58.500000000000007 0.58713051676750194 0.59103864431381237 11.31272602081299 59.378472222222229 0.59103864431381237 -0.36001540748771294 0.013807773590087892 5.8382536705548143 57.500000000000007 0.57847285270690929 57.020833333333336 0.58117648959159862 59.878472222222229 10.50666508754515 0.58361398217957883 0.0032500028594363963 0.0013913943093008454 0.30396564680417898 2.5000000000000004 0.59829127788543712 0.60077652335166942 0.60544714331626903 66.308423090224395 0.013355775263745038 62.883171992220234 -8.2096485113265683
decision_type=2 2 2 2 2 2 2 2 2 2 2 2 2 2 2 2 2 2 2 2 2 2 2 2 2 2 2 2 2 2
left_child=3 18 16 4 12 6 -5 -7 9 28 11 27 13 20 -15 19 -3 -18 23 -14 -1 -22 -23 26 -25 -26 -2 -4 -6 -30
right_child=1 2 10 5 8 7 -8 -9 -10 -11 -12 -13 15 14 -16 -17 17 -19 -20 -21 21 22 -24 24 25 -27 -28 -29 29 -31
leaf_value=-0.00039651485171733278 0.0045385639652472699 -0.0013188821001719679 -6.7249297559371533e-06 -0.0041153383926074462 -0.010079668026150537 -3.9771987443299419e-05 0.0027338121596743111 -0.0066657719509988396 0.00023146039111031325 0.032901126135217111 -0.0028341272228667395 0.00039065438904607204 -0.0026189263659504598 0.0067348322972431169 0.00099838595173027908 -0.00018311794298018786 -0.0035254118011698414 -0.011949808962028198 -0.00020409078261148081 -0.0096672036702004811 0.0040325099958051225 0.0043796753582098676 -0.00019032185631569733 0.0064409302849482908 2.1256386288000737e-05 0.0052620228676457199 -0.00066081860988613256 0.002296680397341259 0.0026173470613790827 0.0073844623023750153
leaf_weight=1133347 6631 27543 4689056 52272 646 78905 5699 4206 24010 161 16407 1198124 51175 11487 36214 90359 13223 2805 22603 2793 14991 8085 80666 20001 21215 8960 18326 22754 29979 8484
leaf_count=1133347 6631 27543 4689056 52272 646 78905 5699 4206 24010 161 16407 1198124 51175 11487 36214 90359 13223 2805 22603 2793 14991 8085 80666 20001 21215 8960 18326 22754 29979 8484
internal_value=-3.33823e-07 8.49772e-05 5.45761e-05 -0.000317226 -0.000192623 -0.0016353 -0.00344201 -0.000375102 0.00229869 0.00356261 7.46292e-05 8.27044e-05 -0.000302937 -0.000198756 0.00237981 -0.00123034 -0.00267295 -0.0049998 0.00194194 -0.00298371 -0.000298184 0.000776053 0.000225998 0.00258755 0.00351611 0.00157743 0.000720654 4.39859e-06 0.00344175 0.00366887
internal_weight=7.70113e+06 6.06765e+06 5.96991e+06 1.63348e+06 1.4924e+06 141082 57971 83111 63280 39270 5.92634e+06 5.90993e+06 1.42912e+06 1.28479e+06 47701 144327 43571 16028 97736 53968 1.23709e+06 103742 88751 75133 50176 30175 24957 4.71181e+06 39109 38463
internal_count=7701127 6067648 5969912 1633479 1492397 141082 57971 83111 63280 39270 5926341 5909934 1429117 1284790 47701 144327 43571 16028 97736 53968 1237089 103742 88751 75133 50176 30175 24957 4711810 39109 38463
is_linear=0
shrinkage=0.05


Tree=158
num_leaves=31
num_cat=0
split_feature=30 21 14 18 23 20 21 12 18 10 12 12 23 23 10 31 30 18 1 2 28 31 18 30 12 29 21 14 18 32
split_gain=78.2991 92.4724 451.626 92.0879 80.4782 78.9178 74.6466 72.4337 66.8688 63.0678 87.7204 69.9861 59.1701 64.8429 56.1887 55.4512 55.0059 173.169 83.5423 80.8056 53.2859 51.7373 51.6934 56.7633 51.3446 48.0102 46.3381 53.7699 74.0774 45.0164
threshold=0.68545765303940842 9.882450103759767e-05 1.0000000180025095e-35 1.0000000180025095e-35 0.76543691754341137 76.500000000000014 0.0034698843955993657 76.500000000000014 0.63407360735996077 77.500000000000014 77.500000000000014 77.500000000000014 0.78044295310974132 0.78756210207939159 46.500000000000007 56.250000000000007 0.17142647152318397 1.0000000180025095e-35 4.5000000000000009 11.500000000000002 -0.34443780764566029 56.95000076293946 0.083333333337396467 0.23662649585292114 44.500000000000007 68.624042900527755 -0.00022149085998535154 1.0000000180025095e-35 0.20052378963083781 10.175132751464846
decision_type=2 2 2 2 2 2 2 2 2 2 2 2 2 2 2 2 2 2 2 2 2 2 2 2 2 2 2 2 2 2
left_child=1 4 -3 14 5 16 -4 22 26 11 12 -9 -11 -14 15 -2 17 -1 20 -20 -19 -17 23 -6 -10 -24 -5 -28 -29 -26
right_child=3 2 6 8 7 -7 -8 9 24 10 -12 -13 13 -15 -16 21 -18 18 19 -21 -22 -23 25 -25 29 -27 27 28 -30 -31
leaf_value=8.6456949309418564e-05 -0.010819531774153604 -7.2679842908617375e-05 -0.0081132815289041375 0.0017999298302133972 0.015437290679169643 -0.0084483255044264342 -0.0038781068291817615 -0.00050185093713913038 0.0050979569756152568 0.022369789878566734 0.00069770179160944673 -0.0071053132374494943 0.0017754574835994936 0.011250710001512359 3.4100359223632505e-05 0.018453145413867247 -9.7114308092333755e-06 -6.1013462780428887e-05 0.0046554530577572351 0.001163056228705113 0.0018206114577703125 -0.0022846717055135341 0.0034041284578764396 -0.00092544940637538566 -0.0078529271339840348 0.0094350381831647262 -0.00074627966822221994 -0.0070446317809616582 -0.0017447959807105032 0.00092478977705140334
leaf_weight=992473 1952 368374 15485 14753 568 2722 31710 24349 1130 504 300843 4804 5784 2625 587685 307 4746106 67285 37375 29744 85358 14566 13040 7908 7656 4418 264250 7437 58111 1805
leaf_count=992473 1952 368374 15485 14753 568 2722 31710 24349 1130 504 300843 4804 5784 2625 587685 307 4746106 67285 37375 29744 85358 14566 13040 7908 7656 4418 264250 7437 58111 1805
internal_value=-3.17113e-07 5.9835e-05 -0.000662666 -0.000422881 0.000107298 6.3178e-05 -0.00526771 0.000828168 -0.0010619 0.000633281 0.000842531 -0.00159003 0.00573092 0.0047334 -4.74638e-05 -0.00289642 6.70666e-05 0.000367665 0.00163764 0.00310779 0.000991192 -0.00185649 0.00337496 0.000171232 -0.00497514 0.00493038 -0.000941612 -0.00106425 -0.00234612 -0.00617829
internal_weight=7.70113e+06 6.74148e+06 415569 959652 6.32591e+06 5.96106e+06 47195 364843 355142 338909 309756 29153 8913 8409 604510 16825 5.95834e+06 1.21224e+06 219762 67119 152643 14873 25934 8476 10591 17458 344551 329798 65548 9461
internal_count=7701127 6741475 415569 959652 6325906 5961063 47195 364843 355142 338909 309756 29153 8913 8409 604510 16825 5958341 1212235 219762 67119 152643 14873 25934 8476 10591 17458 344551 329798 65548 9461
is_linear=0
shrinkage=0.05


Tree=159
num_leaves=31
num_cat=0
split_feature=23 12 12 23 23 23 23 31 23 18 23 12 23 23 23 31 13 26 31 12 18 23 31 13 30 2 26 11 28 30
split_gain=72.8537 143.341 108.733 137.236 90.5554 116.523 99.3519 67.0456 66.4436 58.8248 58.2875 58.186 139.43 110.213 98.5357 76.0704 70.83 64.1835 73.7477 71.1768 63.536 60.7026 56.1023 64.2174 59.1878 53.4173 52.3858 59.7359 58.4333 51.3567
threshold=0.63501238822937023 63.500000000000007 63.500000000000007 0.64112070202827465 0.63859808444976818 0.64029967784881603 0.64605578780174266 69.950000762939467 0.65078735351562511 0.083333333337396467 0.63935959339141857 62.500000000000007 0.62871307134628307 0.63059458136558544 0.63059458136558544 66.850002288818374 62.645833333333336 68.246863749831192 68.950000762939467 51.500000000000007 0.35417095157575779 0.62409275770187389 66.450000762939467 49.020833333333336 0.3354154715874676 6.5000000000000009 70.182979506156798 63.500000000000007 0.56860706711942977 0.62509385211072466
decision_type=2 2 2 2 2 2 2 2 2 2 2 2 2 2 2 2 2 2 2 2 2 2 2 2 2 2 2 2 2 2
left_child=1 11 4 26 9 7 -7 10 -8 -2 -6 12 17 15 16 -14 21 18 -1 -20 -17 -13 -19 -24 -25 -21 27 -4 -29 -12
right_child=2 -3 3 -5 5 6 8 -9 -10 -11 29 14 13 -15 -16 20 -18 22 19 25 -22 -23 23 24 -26 -27 -28 28 -30 -31
leaf_value=-0.00047402080430175315 -0.0003664748274491689 -0.0059907084408256407 -0.0011722531716938146 0.0001000885866069147 0.0020999176040902212 0.00017524671145126397 0.0080406193455554199 0.014614090220768046 -0.00057595191672633937 0.003279132092292799 0.0087366560018587256 -0.0059309919794877149 0.0032446561839047459 0.00036220512293851055 -4.548767699766256e-05 0.014089618986015632 -0.0059370889983748117 0.00031791332547948366 0.0091585487374997426 -0.0015174025696042964 0.0035390128673852082 -0.0010645787294313919 -0.014025067121015578 0.00082833256804974709 -0.0017334560588793452 0.0012502556888134579 0.0032981384088455767 -0.0046103177189885927 0.011267916032479152 -0.00096327978184616132
leaf_weight=1457431 65729 10699 35535 4872927 10255 39675 7776 1901 3141 13305 9445 7543 19917 33160 85476 3443 13011 724088 2533 21979 2437 42588 930 34933 63589 84307 4108 27079 592 1595
leaf_count=1457431 65729 10699 35535 4872927 10255 39675 7776 1901 3141 13305 9445 7543 19917 33160 85476 3443 13011 724088 2533 21979 2437 42588 930 34933 63589 84307 4108 27079 592 1595
internal_value=-3.01233e-07 -0.000215208 0.000109748 6.91152e-05 0.00142328 0.00268293 0.00133753 0.00561731 0.00556151 0.000247249 0.00481411 -0.000191417 -0.000133116 0.00226897 -0.00115203 0.00471995 -0.00264997 -0.000192376 -0.000380271 0.000875341 0.00971699 -0.00179682 0.000164971 -0.000948571 -0.000825121 0.000677928 -0.00217307 -0.00252867 -0.00427058 0.00733527
internal_weight=7.70113e+06 2.60806e+06 5.09306e+06 4.94024e+06 152822 73788 50592 23196 10917 79034 21295 2.59736e+06 2.44875e+06 58957 148618 25797 63142 2.38979e+06 1.56625e+06 108819 5880 50131 823540 99452 98522 106286 67314 63206 27671 11040
internal_count=7701127 2608064 5093063 4940241 152822 73788 50592 23196 10917 79034 21295 2597365 2448747 58957 148618 25797 63142 2389790 1566250 108819 5880 50131 823540 99452 98522 106286 67314 63206 27671 11040
is_linear=0
shrinkage=0.05


Tree=160
num_leaves=31
num_cat=0
split_feature=30 22 21 14 14 21 21 13 21 35 14 21 21 30 32 11 28 22 21 11 35 25 32 31 31 23 12 31 23 12
split_gain=71.8353 98.1266 80.6802 279.244 167.024 360.92 88.8747 85.8316 78.0194 68.15 65.1614 182.147 100.124 55.8127 56.981 55.1679 50.7362 49.5855 49.5206 44.1829 43.6692 46.6998 47.9915 80.3693 54.8462 41.5836 61.3303 68.9532 65.8664 58.5508
threshold=0.25302758422504834 0.0057100843564293772 -0.00022149085998535154 1.0000000180025095e-35 1.0000000180025095e-35 9.882450103759767e-05 -0.0046150684356689444 45.020833333333336 0.0030261278152465825 16.500000000000004 0.20412414523181696 1.0000000180025095e-35 -0.00039073824882507319 0.50987881867497664 2.914522767066956 85.500000000000014 -2.657172160610449 1.0000000180025095e-35 -0.0054162740707397452 78.500000000000014 11.500000000000002 11.226809930132886 10.29455089569092 58.750000000000007 65.527778625488295 0.76399549841880809 76.500000000000014 67.211109161376967 0.76038458943367015 75.500000000000014
decision_type=2 2 2 2 2 2 2 2 2 2 2 2 2 2 2 2 2 2 2 2 2 2 2 2 2 2 2 2 2 2
left_child=1 10 3 17 16 13 15 -7 -9 -3 -1 12 18 14 -6 -5 20 -2 -12 -10 21 22 23 -4 -24 26 -18 -28 -29 -27
right_child=2 9 4 6 5 7 -8 8 19 -11 11 -13 -14 -15 -16 -17 25 -19 -20 -21 -22 -23 24 -25 -26 29 27 28 -30 -31
leaf_value=0.00013169870729001101 0.0020587170126273595 0.0033033222739004492 0.0048407517768949042 0.002758426429022437 -0.0052958270911659744 -0.016211486372134605 0.0081083721469325087 -0.0077794607491910922 -0.00290608995790373 -0.00091581207829919775 0.0034287914800480547 -0.0065353504479705674 0.0014739336825843716 -0.0011868231436696682 0.00028159767561630451 0.018600210841515096 -9.2629716562653313e-05 -0.00023141262341642459 0.0098109038786472914 -0.0093455031120598612 -0.0036834869985936216 0.031244115451780147 -0.0025509204047983111 -0.0011234199689912434 0.038386475582959885 0.0072198767728631017 0.0062663740032347067 -0.00047817784448719446 -0.023174511552121121 0.00033856949220106386
leaf_weight=2128248 26741 41792 8078 32234 4716 1655 11676 14244 33614 12414 6428 6320 59584 164268 157910 559 4206586 203557 5766 2893 16275 114 23803 18780 82 3110 531 502 880 509366
leaf_count=2128248 26741 41792 8078 32234 4716 1655 11676 14244 33614 12414 6428 6320 59584 164268 157910 559 4206586 203557 5766 2893 16275 114 23803 18780 82 3110 531 502 880 509366
internal_value=-1.53107e-06 0.000235386 -9.99408e-05 0.000734934 -0.000144334 -0.00115432 0.00436233 -0.0050064 -0.00464097 0.00233708 0.000183751 0.00160222 0.00231873 -0.000536766 0.000119854 0.00302853 -6.43258e-05 3.4506e-05 0.00644666 -0.00341641 -0.00142922 -0.000707811 -0.000779656 0.000670417 -0.00241022 -4.49171e-05 -9.67002e-05 -0.00904705 -0.0149309 0.000380331
internal_weight=7.70273e+06 2.26055e+06 5.44217e+06 274767 5.16741e+06 379300 44469 52406 50751 54206 2.20635e+06 78098 71778 326894 162626 32793 4.78811e+06 230298 12194 36507 67132 50857 50743 26858 23885 4.72098e+06 4.2085e+06 1913 1382 512476
internal_count=7702726 2260552 5442174 274767 5167407 379300 44469 52406 50751 54206 2206346 78098 71778 326894 162626 32793 4788107 230298 12194 36507 67132 50857 50743 26858 23885 4720975 4208499 1913 1382 512476
is_linear=0
shrinkage=0.05


Tree=161
num_leaves=31
num_cat=0
split_feature=23 17 19 31 23 35 3 3 31 32 35 17 23 23 31 35 31 30 24 25 25 2 32 27 30 18 21 14 30 31
split_gain=68.1684 110.326 63.3965 50.448 49.369 48.802 79.9597 137.184 143.938 73.6515 64.8355 47.4893 194.819 60.2723 66.4555 61.5547 48.8072 66.6213 71.362 69.2106 53.1041 47.2662 45.1114 44.4675 44.2699 44.0521 60.2266 58.5573 45.519 43.0232
threshold=0.59331706166267406 59.003472222222229 58.500000000000007 57.549999237060554 0.59703248739242565 2.5000000000000004 7.5000000000000009 9.5000000000000018 63.633333206176765 4.8218235969543466 10.500000000000002 58.392361111111121 0.58847355842590343 0.59103864431381237 69.350002288818374 21.500000000000004 57.250000000000007 0.69029908622142477 68.645621604912051 9.9536809390781738 10.253773464523105 8.5000000000000018 7.9847075939178476 -21.931248376344012 0.2291613463774187 1.0000000180025095e-35 -1.0000000180025095e-35 1.0000000180025095e-35 0.0066036370189105102 60.149999618530281
decision_type=2 2 2 2 2 2 2 2 2 2 2 2 2 2 2 2 2 2 2 2 2 2 2 2 2 2 2 2 2 2
left_child=1 11 4 -4 -2 25 -7 8 10 -10 -8 12 16 15 29 -13 17 18 -1 23 -21 -16 -14 -19 -20 -5 27 -27 -28 -15
right_child=2 -3 3 5 -6 6 7 -9 9 -11 -12 13 22 14 21 -17 -18 19 24 20 -22 -23 -24 -25 -26 26 28 -29 -30 -31
leaf_value=0.00036694918235075297 0.00090773465946940898 -0.0072002805681947654 -0.00082688353488047676 -1.2650888914948525e-05 0.0058417879759278587 -2.3638507334733658e-05 0.0032599038834507858 7.466339278728516e-05 3.225027617954642e-05 0.0010953389560280477 0.0010505965081547622 -0.0033224829060126515 0.0023258187334844354 -0.0019883880744241216 -0.020331719374049709 0.0032439511721833966 -0.00037844682737363255 -0.0068262622669516583 0.01337281204621185 0.015815944334259219 0.00077917213038752788 -0.0038593367941073217 0.0064453826723026783 -0.0016507744032333326 0.0028094630440673447 0.00019175775030141825 0.005435468034781764 0.0057407014081265022 -0.00091012485575802044 0.0015077299652559617
leaf_weight=84436 13336 5762 154691 1053830 8179 2494253 83154 1269056 303339 351961 55287 39337 17028 13003 622 3925 1314779 6239 1025 623 10181 1452 10899 12397 30586 16530 2852 6674 310068 27222
leaf_count=84436 13336 5762 154691 1053830 8179 2494253 83154 1269056 303339 351961 55287 39337 17028 13003 622 3925 1314779 6239 1025 623 10181 1452 10899 12397 30586 16530 2852 6674 310068 27222
internal_value=-1.45448e-06 -0.000294319 7.40916e-05 6.45381e-05 0.00278345 8.77255e-05 0.000166829 0.000397136 0.000912714 0.000603234 0.00237761 -0.000269034 -0.000203176 -0.00141452 -7.24398e-05 -0.00272673 -0.00028229 0.000586691 0.0011256 -0.00153759 0.00164639 -0.00880021 0.00393357 -0.00338346 0.00315203 -0.000171622 -0.000670033 0.00178778 -0.000852288 0.000377584
internal_weight=7.70273e+06 1.57952e+06 6.12321e+06 6.1017e+06 21515 5.947e+06 4.55705e+06 2.0628e+06 793741 655300 138441 1.57375e+06 1.48819e+06 85561 42299 43262 1.46027e+06 145487 116047 29440 10804 2074 27927 18636 31611 1.38995e+06 336124 23204 312920 40225
internal_count=7702726 1579516 6123210 6101695 21515 5947004 4557050 2062797 793741 655300 138441 1573754 1488193 85561 42299 43262 1460266 145487 116047 29440 10804 2074 27927 18636 31611 1389954 336124 23204 312920 40225
is_linear=0
shrinkage=0.05


Tree=162
num_leaves=31
num_cat=0
split_feature=21 26 28 10 32 30 30 29 19 1 32 10 30 3 2 18 4 25 35 29 32 24 28 30 19 30 10 26 27 2
split_gain=66.0871 62.5106 68.8358 46.1053 56.707 59.9039 51.6624 52.1999 48.9537 69.0145 66.4143 45.1307 42.2571 77.6736 47.6603 72.56 39.4543 41.9921 37.8119 83.6874 78.656 80.5132 63.499 87.4424 73.6818 58.5364 47.3602 40.9261 37.2114 46.0068
threshold=0.0099970698356628435 68.351232313249241 -1.4855175670608758 82.500000000000014 8.6425943374633807 0.32756724066908122 0.5588483455615233 68.99208352292294 42.500000000000007 1.5000000000000002 8.0601897239685076 45.500000000000007 0.023010296375251423 7.5000000000000009 12.500000000000002 0.50097030947333254 1.0000000180025095e-35 10.83202479741357 12.500000000000002 66.923960493602607 4.2485289573669442 66.96227622070036 -3.4551257773507946 0.47531450820381477 37.500000000000007 0.2291613463774187 38.500000000000007 66.926602258707831 19.646448872407301 3.5000000000000004
decision_type=2 2 2 2 2 2 2 2 2 2 2 2 2 2 2 2 2 2 2 2 2 2 2 2 2 2 2 2 2 2
left_child=1 2 18 4 8 -6 7 -5 9 10 -3 -2 13 -4 15 -15 -10 -18 -1 22 25 -22 23 -20 -24 -21 -25 -27 -14 -30
right_child=11 3 12 6 5 -7 -8 -9 16 -11 -12 -13 28 14 -16 -17 17 -19 19 20 21 -23 24 26 -26 27 -28 -29 29 -31
leaf_value=-0.0004062401969082339 -0.020046918366165192 0.034176822254232755 -1.5985737970474917e-05 -0.00023617453302453843 0.00090211159496255018 -0.00056372855950314574 -0.00093941895361835119 0.0031173131688940303 0.00011446086190714312 0.0017449894196572722 0.0014769754232710972 -0.0019798750773935055 -9.2829044031651862e-05 0.0085668669168265498 0.0010179603445131017 0.0011517727548079084 0.00052260505596929039 0.0065697205692099112 0.013031940736343338 -0.015708864560438948 -0.0130241410394858 -0.003368890767007051 0.014551257889159548 -0.015856374889908983 -0.00053965640733502195 -0.018752800488754613 -0.074116199300559932 0.0083781232201139994 0.0054728290606599304 0.00073129992059792215
leaf_weight=238214 349 397 49633 16318 82963 435920 17816 40171 1866031 1422 255 35001 3981919 7764 11329 5737 735735 2882 292 321 2299 35471 817 1043 80132 147 36 2526 5789 43997
leaf_count=238214 349 397 49633 16318 82963 435920 17816 40171 1866031 1422 255 35001 3981919 7764 11329 5737 735735 2882 292 321 2299 35471 817 1043 80132 147 36 2526 5789 43997
internal_value=-1.38174e-06 8.56264e-06 -0.000112264 0.000177251 0.000147988 -0.000329359 0.00140818 0.00214859 0.000243007 0.00792148 0.02139 -0.0021583 -5.40453e-05 0.00112621 0.00340935 0.00541599 0.000236892 0.000546201 -0.000773919 -0.00148552 -0.00333825 -0.00395662 -0.00056806 -0.0112382 -0.000387329 0.00446255 -0.0178069 0.00688543 -7.58438e-05 0.00128264
internal_weight=7.70273e+06 7.66738e+06 4.46747e+06 3.19991e+06 3.1256e+06 518883 74305 56489 2.60672e+06 2074 652 35350 4.10617e+06 74463 24830 13501 2.60465e+06 738617 361298 123084 40764 37770 82320 1371 80949 2994 1079 2673 4.0317e+06 49786
internal_count=7702726 7667376 4467466 3199910 3125605 518883 74305 56489 2606722 2074 652 35350 4106168 74463 24830 13501 2604648 738617 361298 123084 40764 37770 82320 1371 80949 2994 1079 2673 4031705 49786
is_linear=0
shrinkage=0.05


Tree=163
num_leaves=31
num_cat=0
split_feature=30 22 21 14 14 21 21 21 30 15 22 15 9 23 19 12 23 32 3 12 23 23 31 24 32 3 12 11 14 21
split_gain=60.2526 85.3751 65.6969 336.879 134.684 378.423 105.47 80.0928 65.3416 59.782 52.2502 51.2623 47.0633 44.9801 118.209 77.5052 57.9932 55.2072 75.0327 50.9265 89.3219 71.3645 46.5203 53.8835 42.6297 41.7176 41.1417 40.8193 38.4692 84.8451
threshold=0.17142647152318397 0.0014705706285503158 -0.00022149085998535154 1.0000000180025095e-35 1.0000000180025095e-35 9.882450103759767e-05 -0.0058013796806335441 0.0032467246055603032 0.50987881867497664 77.500000000000014 1.0000000180025095e-35 39.500000000000007 -0.56174490092936669 0.56530731916427623 55.500000000000007 55.500000000000007 0.56220871210098278 5.9446520805358896 7.5000000000000009 56.500000000000007 0.57577648758888256 0.57130533456802379 67.649997711181655 65.736278604113252 7.3185458183288583 5.5000000000000009 57.500000000000007 78.500000000000014 1.0000000180025095e-35 0.00021880865097045901
decision_type=2 2 2 2 2 2 2 2 2 2 2 2 2 2 2 2 2 2 2 2 2 2 2 2 2 2 2 2 2 2
left_child=1 28 3 10 13 8 9 -7 24 -5 -2 -9 -3 15 -15 17 -17 18 -4 20 -16 25 -19 -24 -6 -21 -23 -13 -1 -30
right_child=2 12 4 6 5 7 -8 11 -10 -11 -12 27 -14 14 19 16 -18 22 -20 21 -22 26 23 -25 -26 -27 -28 -29 29 -31
leaf_value=0.00014828853341434996 0.0018436122828598479 -0.00014564322660958037 0.0010401849231164229 0.0020118344451169785 -0.00048215923266129303 -0.0076070182127796447 0.0074522933153420377 -0.021084474019148498 -0.0011099655517438304 0.0094419759232718045 -0.00031420147759185643 -0.0028640023651964456 0.0023595119403521112 0.0067322472734863224 0.00087142271379969573 -0.0029855028431129303 -0.00030374067759486692 -0.00053878709724045981 -0.0032074922622907448 -0.0039764474060377105 0.0077321472149204625 0.00097804193440844257 0.031287574577804261 0.0011689980332139848 0.00098719961935183113 -0.00051795602628943924 -1.0912137024967673e-05 -0.0089674817399951583 0.0027566090855646076 -0.0073434989035935441
leaf_weight=1140459 31733 25126 125557 29860 100483 17342 17946 411 164268 2977 241999 35552 73856 6552 47537 47001 35300 558881 11335 17554 5270 107585 149 36927 97027 17325 4674396 2968 27098 2252
leaf_count=1140459 31733 25126 125557 29860 100483 17342 17946 411 164268 2977 241999 35552 73856 6552 47537 47001 35300 558881 11335 17554 5270 107585 149 36927 97027 17325 4674396 2968 27098 2252
internal_value=-1.3127e-06 0.000313592 -6.34128e-05 0.000629832 -0.000100236 -0.000966444 0.00437001 -0.00478074 -0.000373145 0.00268548 -6.40515e-05 -0.00352175 0.00172359 -3.661e-05 2.0861e-05 -0.000380401 -0.00183526 -0.000217016 0.000688465 1.18309e-05 0.00155612 -5.09907e-06 -0.000425006 0.00129012 0.000239665 -0.00225856 1.13374e-05 -0.0033343 0.000194286 0.00198161
internal_weight=7.70273e+06 1.26879e+06 6.43394e+06 324515 6.10942e+06 418051 50783 56273 361778 32837 273732 38931 98982 5.69137e+06 4.87622e+06 815150 82301 732849 136892 4.86967e+06 52807 4.81686e+06 595957 37076 197510 34879 4.78198e+06 38520 1.16981e+06 29350
internal_count=7702726 1268791 6433935 324515 6109420 418051 50783 56273 361778 32837 273732 38931 98982 5691369 4876219 815150 82301 732849 136892 4869667 52807 4816860 595957 37076 197510 34879 4781981 38520 1169809 29350
is_linear=0
shrinkage=0.05


Tree=164
num_leaves=31
num_cat=0
split_feature=26 28 19 31 23 3 35 3 18 2 2 18 35 35 10 9 28 20 30 25 26 20 31 30 31 28 29 8 23 23
split_gain=57.1264 60.5287 84.3005 50.8269 41.3442 47.7246 73.1578 41.5156 167.287 76.5163 47.8187 42.7867 44.3342 42.6437 48.0449 42.1257 39.531 37.5721 46.735 35.1383 34.6188 34.5614 38.8872 34.2087 33.9398 33.8509 33.4976 32.5074 32.3007 49.3579
threshold=68.351232313249241 -1.0052571239619061 55.500000000000007 67.844444274902358 0.76543691754341137 9.5000000000000018 15.500000000000002 10.500000000000002 0.51980959995249199 27.500000000000004 28.500000000000004 0.38009680605636048 25.500000000000004 4.5000000000000009 47.500000000000007 1.0000000180025095e-35 2.149701661108423 23.500000000000004 0.47531450820381477 9.0640991918220326 68.950736646702453 76.500000000000014 66.950000762939467 0.84405662707890017 63.527778625488288 -1.5401524160854989 68.69128257713966 -1.0000000180025095e-35 0.555951088666916 0.5607682764530183
decision_type=2 2 2 2 2 2 2 2 2 2 2 2 2 2 2 2 2 2 2 2 2 2 2 2 2 2 2 2 2 2
left_child=1 17 3 28 7 6 16 -2 9 11 26 12 19 -13 -15 25 21 18 -1 -9 -14 -6 -23 -4 -17 -11 -10 -26 -3 -30
right_child=4 2 23 -5 5 -7 -8 8 10 15 -12 13 20 14 -16 24 -18 -19 -20 -21 -22 22 -24 -25 27 -27 -28 -29 29 -31
leaf_value=0.030949099874250926 0.00018942261147334702 -0.0020458009112349694 -2.9108928331055338e-05 0.0082897991918459719 0.019821329228531123 0.0005011125672687958 -0.00093474467052023888 -0.00042303452443909971 0.0027141252918806398 -0.0027401991580511317 0.0040994513498486627 -0.0030375209128304008 -0.020131889329395487 -0.012075173261988856 -0.00053391455645439322 -0.00094023790837749997 -0.0012586286058438334 -0.00049876278337671271 -0.029272231091854325 0.00086383534369868288 -0.0037819897983624273 -0.001036386698466774 0.0054704966061017487 -0.0013444940683329609 0.0088999411447273375 0.0014961694953627368 -0.0072420871125730632 0.0033089985437191691 0.0084895852313511162 0.0012530563393454667
leaf_weight=38 2638994 3810 3598724 3975 381 137051 10230 164027 908 5766 1147 25894 448 913 72481 2833 2978 820410 209 78400 1167 2640 17628 50116 3883 25879 12133 7868 3254 8541
leaf_count=38 2638994 3810 3598724 3975 381 137051 10230 164027 908 5766 1147 25894 448 913 72481 2833 2978 820410 209 78400 1167 2640 17628 50116 3883 25879 12133 7868 3254 8541
internal_value=-1.24705e-06 -0.000116456 -2.96175e-05 0.0032424 0.000159686 0.000916395 0.00259743 0.000117182 -0.000354998 -0.000160765 -0.00568799 -0.000417901 -6.18721e-05 -0.00129299 -0.000677501 0.00174891 0.00412678 -0.000504634 -0.0199986 -6.86536e-06 -0.00831841 0.00490347 0.00462294 -4.71755e-05 0.00397221 0.000724259 -0.00654885 0.00515653 0.00195665 0.00324952
internal_weight=7.70273e+06 4.48908e+06 3.66842e+06 19580 3.21365e+06 170908 33857 3.04274e+06 403747 389559 14188 343330 244042 99288 73394 46229 23627 820657 247 242427 1615 20649 20268 3.64884e+06 14584 31645 13041 11751 15605 11795
internal_count=7702726 4489077 3668420 19580 3213649 170908 33857 3042741 403747 389559 14188 343330 244042 99288 73394 46229 23627 820657 247 242427 1615 20649 20268 3648840 14584 31645 13041 11751 15605 11795
is_linear=0
shrinkage=0.05


Tree=165
num_leaves=31
num_cat=0
split_feature=21 30 18 25 10 12 12 12 15 18 32 12 25 2 20 24 22 12 25 10 1 28 35 18 17 2 3 25 2 35
split_gain=58.6016 53.4482 72.801 54.4071 54.2213 60.3412 54.2398 47.718 67.3815 49.2354 45.6262 44.8791 72.9426 45.1414 44.5843 41.4566 40.8787 46.5397 46.751 39.9385 39.4771 66.2795 39.8311 39.0129 36.4726 36.3154 69.4674 91.5542 137.222 66.4579
threshold=0.010555863380432131 0.7151371981018525 1.0000000180025095e-35 10.112423961702929 76.500000000000014 76.500000000000014 76.500000000000014 29.500000000000004 39.500000000000007 0.5017452060066323 10.542243003845217 58.500000000000007 10.756173798854835 13.500000000000002 23.500000000000004 67.442657795557082 0.013355775263745038 75.500000000000014 8.0323222927224425 46.500000000000007 4.5000000000000009 -3.4551257773507946 1.5000000000000002 0.47992933629040452 45.003472222222229 3.5000000000000004 11.500000000000002 9.2699794447745489 14.500000000000002 21.500000000000004
decision_type=2 2 2 2 2 2 2 2 2 2 2 2 2 2 2 2 2 2 2 2 2 2 2 2 2 2 2 2 2 2
left_child=1 4 19 7 6 -6 14 -4 10 15 -9 12 13 -5 23 -10 20 18 -18 -3 22 -22 -16 -1 -2 29 -27 -28 -29 -7
right_child=24 2 3 11 5 25 -8 8 9 -11 -12 -13 -14 -15 16 -17 17 -19 -20 -21 21 -23 -24 -25 -26 26 27 28 -30 -31
leaf_value=-0.032518783570795684 -0.020887099549105302 -0.002674813572267161 -0.016802612773778102 1.1647781934399642e-05 0.0040619182725798227 0.00086702092838418759 -0.0042674187906483639 0.013268539933129068 -0.0022734668057060553 -0.0048332737444092772 -0.0015158454737886349 -0.00085799576180835583 -0.00049077686453325624 0.0069483258177896233 -0.00039418662431855246 -0.00077553564517460585 -0.00094888913683085574 -0.010756598899490051 0.003548058664086591 5.7691610252758693e-05 -0.0045463300457520795 0.00023399876439099597 4.5855093653939529e-06 0.013228444745479191 -0.0019789599358648632 0.00077629665512563538 0.00080555443117928021 0.00025142317823636558 -0.0055119863704207609 0.0062121621383786239
leaf_weight=187 257 13755 501 3327 12441 24869 7366 1313 69396 10208 866 35008 14129 7949 745686 138130 8170 707 19753 480656 7280 1819904 3907979 62 31853 250519 39764 21210 20129 7590
leaf_count=187 257 13755 501 3327 12441 24869 7366 1313 69396 10208 866 35008 14129 7949 745686 138130 8170 707 19753 480656 7280 1819904 3907979 62 31853 250519 39764 21210 20129 7590
internal_value=1.19406e-06 1.0119e-05 -0.000383501 -0.0010264 5.43845e-05 0.00063778 2.06791e-05 -0.00139076 -0.00135564 -0.0014432 0.00739298 0.000302925 0.00190267 0.00490167 2.55313e-05 -0.00127644 2.63408e-05 0.00191151 0.0022323 -1.83299e-05 1.80128e-05 0.000214952 -5.93123e-05 -0.0211272 -0.00213036 0.000520773 0.000364543 -0.00090732 -0.00255493 0.00211691
internal_weight=7.70096e+06 7.66885e+06 775238 280827 6.89362e+06 376522 6.51709e+06 220414 219913 217734 2179 60413 25405 11276 6.50973e+06 207526 6.50948e+06 28630 27923 494411 6.48085e+06 1.82718e+06 4.65366e+06 249 32110 364081 331622 81103 41339 32459
internal_count=7700964 7668854 775238 280827 6893616 376522 6517094 220414 219913 217734 2179 60413 25405 11276 6509728 207526 6509479 28630 27923 494411 6480849 1827184 4653665 249 32110 364081 331622 81103 41339 32459
is_linear=0
shrinkage=0.05


Tree=166
num_leaves=31
num_cat=0
split_feature=21 23 12 23 20 23 27 12 23 23 17 23 23 32 23 23 22 23 29 31 20 3 23 30 35 18 18 22 12 23
split_gain=53.0836 52.7004 92.2859 107.807 62.6606 60.0947 64.506 58.7656 167.926 113.536 57.2422 51.3709 151.915 54.5257 50.769 101.972 44.5355 90.2206 43.4657 47.6405 39.9257 36.672 49.7017 40.2572 36.2901 35.9501 35.2123 34.7475 48.0385 68.1366
threshold=0.0099970698356628435 0.71616274118423473 71.500000000000014 0.72213184833526622 71.500000000000014 0.72654128074646007 6.0613060386182278 72.500000000000014 0.73115593194961559 0.72947821021080028 70.927083333333357 0.71903863549232494 0.72058704495430004 5.5956327915191659 0.73115593194961559 0.73445656895637523 0.0049614116765010529 0.72058704495430004 65.611494909797486 73.649997711181655 23.500000000000004 7.5000000000000009 0.72947821021080028 0.17912016956728527 9.5000000000000018 0.50169681003865241 0.47992933629040452 0.0015326406601488102 70.500000000000014 0.70557337999343883
decision_type=2 2 2 2 2 2 2 2 2 2 2 2 2 2 2 2 2 2 2 2 2 2 2 2 2 2 2 2 2 2
left_child=1 4 5 16 20 10 24 9 21 25 -3 18 13 -13 -11 -16 -4 -18 19 -12 26 22 -9 -23 -7 -5 -1 -22 29 -29
right_child=-2 2 3 7 -6 6 -8 8 -10 14 11 12 -14 -15 15 -17 17 -19 -20 -21 27 23 -24 -25 -26 -27 -28 28 -30 -31
leaf_value=-0.030893713877960794 -0.0019324951655434802 0.0064766205857841527 -0.0018216985501646262 0.00042055304643563366 -0.0046931341144799341 0.015091961868952895 -0.00067470327440498855 -0.0028492068226863981 0.00024117864381394623 0.0065554642112250986 0.016665655589556017 0.012346757659136549 -6.2828046309207597e-05 0.0048884764038260109 -0.0007733615269463356 0.0070460514531749318 -0.0022806758595558139 -0.019860624517660616 -0.00059201856945566549 -0.0050300313030303351 -0.00010389446187783171 -0.012794007047217407 -0.0097961157222560252 -0.0018067099071977317 0.003640944879461819 0.041191220972101705 0.012568087084593789 0.00022314406388553775 -0.0017766477834339326 0.0028202624707527706
leaf_weight=187 35331 5554 39597 93060 7288 2202 1648 6255 1420727 11763 753 3541 19469 7958 10587 6878 2328 1063 30547 381 5072050 864 4376 23688 1009 54 62 836970 28734 26040
leaf_count=187 35331 5554 39597 93060 7288 2202 1648 6255 1420727 11763 753 3541 19469 7958 10587 6878 2328 1063 30547 381 5072050 864 4376 23688 1009 54 62 836970 28734 26040
internal_value=1.13431e-06 1.00465e-05 0.000256164 0.000177828 -5.97869e-05 0.00199444 0.00736682 0.000245119 0.000156675 0.00129762 0.00161169 0.00118039 0.00262854 0.00718527 0.00401628 0.00230607 -0.00229267 -0.00779201 -0.000235171 0.00937656 -5.41249e-05 -0.00325564 -0.0057088 -0.00219341 0.0114939 0.000444242 -0.0200712 -5.32888e-05 0.000234545 0.000301508
internal_weight=7.70096e+06 7.66563e+06 1.6943e+06 1.62124e+06 5.97133e+06 73062 4859 1.57825e+06 1.45591e+06 122342 68203 62649 30968 11499 29228 17465 42988 3391 31681 1134 5.96404e+06 35183 10631 24552 3211 93114 249 5.96379e+06 891744 863010
internal_count=7700964 7665633 1694302 1621240 5971331 73062 4859 1578252 1455910 122342 68203 62649 30968 11499 29228 17465 42988 3391 31681 1134 5964043 35183 10631 24552 3211 93114 249 5963794 891744 863010
is_linear=0
shrinkage=0.05


Tree=167
num_leaves=31
num_cat=0
split_feature=30 21 14 14 21 21 21 30 13 2 32 8 2 2 23 23 31 21 13 32 14 11 26 31 27 30 31 28 25 32
split_gain=49.1666 50.8968 295.854 117.47 332.548 95.4939 81.7541 59.3102 50.9604 44.3744 100.012 44.6772 94.4816 149.105 98.9434 49.5555 61.2347 47.4382 44.2944 40.5394 38.3783 37.952 37.6619 33.6533 33.4801 56.5321 40.2465 63.3341 34.4573 33.8609
threshold=0.17142647152318397 -0.00022149085998535154 1.0000000180025095e-35 1.0000000180025095e-35 9.882450103759767e-05 -0.0050742030143737784 0.0032467246055603032 0.50987881867497664 82.020833333333357 12.500000000000002 4.4278161525726327 -0.8783796973249266 9.5000000000000018 10.500000000000002 0.62001636624336254 0.71616274118423473 68.049999237060561 -1.0000000180025095e-35 40.020833333333336 2.914522767066956 0.20412414523745956 78.500000000000014 68.764980720667964 67.527778625488295 11.844098021804713 0.5588483455615233 63.95000076293946 -1.4690332690193351 9.0782545555062004 8.424171447753908
decision_type=2 2 2 2 2 2 2 2 2 2 2 2 2 2 2 2 2 2 2 2 2 2 2 2 2 2 2 2 2 2
left_child=9 2 -2 22 7 8 -6 19 -4 10 -1 12 -12 14 17 -13 -17 -14 -8 -5 -16 -20 -3 -21 26 -26 29 28 -28 -24
right_child=1 3 5 4 6 -7 18 -9 -10 -11 11 15 13 -15 20 16 -18 -19 21 23 -22 -23 24 -25 25 -27 27 -29 -30 -31
leaf_value=3.9607340000709887e-05 -9.4061368464688278e-05 -0.00012545866646723476 0.0021960509376824249 -0.0032234950180501753 -0.0073168712080839528 0.0073495573077167163 -0.019190593957866195 -0.0010422706063688218 0.010987064997932344 3.1445123823452598e-05 0.00025741002265533292 0.00081116112553378846 0.0029650047439212482 0.0011331727666878137 0.0093780141610400498 0.0063088431937644201 0.0014568090070981778 0.022258651445066682 -0.0025640505331267038 -9.9378315033861475e-05 -0.00016410108131609261 -0.0084260853278925706 0.00054984320754786979 0.0012959357185907585 0.0023116587341337294 -0.0010902184225740415 -0.0019642904660404563 1.1855086119556899e-05 0.0022654333440919935 -0.00026686015346085888
leaf_weight=308000 273445 3615888 33408 8081 17397 15420 428 163861 1734 730211 14729 170053 379 8494 4317 9603 20141 2000 35621 122537 1394 2993 631316 66756 41723 17266 57982 1161689 5251 158847
leaf_count=308000 273445 3615888 33408 8081 17397 15420 428 163861 1734 730211 14729 170053 379 8494 4317 9603 20141 2000 35621 122537 1394 2993 631316 66756 41723 17266 57982 1161689 5251 158847
internal_value=1.07762e-06 -5.50475e-05 0.000555632 -8.74438e-05 -0.000896788 0.00406924 -0.00446609 -0.000339122 0.00262985 0.000285463 0.000629525 0.00141571 0.00317175 0.00576009 0.010618 0.00114049 0.00302333 0.0191852 -0.00319578 0.000244635 0.00704891 -0.00301844 -2.80335e-05 0.000392693 0.000141815 0.00131593 0.000107444 -7.20256e-05 -0.00161304 0.000385661
internal_weight=7.70096e+06 6.43164e+06 324007 6.10764e+06 417674 50562 56439 361235 35142 1.26932e+06 539110 231110 31313 16584 8090 199797 29744 2379 39042 197374 5711 38614 5.68996e+06 189293 2.07407e+06 58989 2.01508e+06 1.22492e+06 63233 790163
internal_count=7700964 6431643 324007 6107636 417674 50562 56439 361235 35142 1269321 539110 231110 31313 16584 8090 199797 29744 2379 39042 197374 5711 38614 5689962 189293 2074074 58989 2015085 1224922 63233 790163
is_linear=0
shrinkage=0.05


Tree=168
num_leaves=31
num_cat=0
split_feature=28 22 2 14 19 27 26 35 20 32 30 27 2 21 26 19 23 21 14 21 21 20 23 2 10 25 32 27 35 26
split_gain=45.8592 40.1429 42.3765 45.248 39.1162 61.1983 38.7811 36.8449 35.2545 33.1447 33.0221 32.9923 47.6343 36.177 33.7744 44.9766 34.7142 32.488 30.0614 129.841 80.3913 70.0841 37.7637 30.4666 45.9956 43.0574 37.2756 40.534 36.6121 35.7277
threshold=-1.0399312800089568 0.013355775263745038 20.500000000000004 0.20412414523181696 55.500000000000007 -10.823021157581669 65.557225431657244 17.500000000000004 23.500000000000004 3.9164893627166752 0.47531450820381477 18.67795107093961 3.5000000000000004 0.01891809701919556 68.597509837922502 60.500000000000007 0.61607232689857494 -0.01333409547805786 1.0000000180025095e-35 -0.00011646747589111327 1.0000000180025095e-35 45.500000000000007 0.46038834750652319 16.500000000000004 38.500000000000007 10.85908305541245 5.6548893451690683 -19.941782833546664 16.500000000000004 66.89076504706118
decision_type=2 2 2 2 2 2 2 2 2 2 2 2 2 2 2 2 2 2 2 2 2 2 2 2 2 2 2 2 2 2
left_child=8 4 3 6 5 -2 -3 -8 10 -7 -1 13 -13 14 -6 16 -16 -10 23 22 -21 -22 -20 26 29 -26 27 -19 -27 -25
right_child=1 2 -4 -5 11 9 7 -9 17 -11 -12 12 -14 -15 15 -17 -18 18 19 20 21 -23 -24 24 25 28 -28 -29 -30 -31
leaf_value=0.027473979035887743 -0.00085554980246863629 0.036656303532993505 -0.00083298663510875223 0.00043900797511494056 -5.9046484606399893e-05 -0.004754809332369399 0.0053930024234295632 -0.004184697372175146 0.0042543582196456911 0.0041479184115989108 -0.026167422578125345 0.0043045224611178746 0.00059372423069052821 -0.0037970784372851328 0.0015167266763477605 0.00015782064667537376 0.007600460496630445 0.0067790558219782034 0.01134816270589304 -0.00088595287281800327 -0.013831717811810782 -0.0033947296105852221 0.002806655189052017 -0.00683297353307394 0.00023521317578063889 -0.00063694452917779541 -0.0006020933170105755 0.0001528718201093003 -0.0041147726613087353 -0.00111141712150552
leaf_weight=33 12838 95 10834 10284 3732591 1111 12342 1093 4013 17702 216 9670 81836 6171 33184 2214133 2523 2340 1443 121985 1768 17816 12529 3998 612507 38345 551379 168165 9428 8592
leaf_count=33 12838 95 10834 10284 3732591 1111 12342 1093 4013 17702 216 9670 81836 6171 33184 2214133 2523 2340 1443 121985 1768 17816 12529 3998 612507 38345 551379 168165 9428 8592
internal_value=1.02376e-06 6.23863e-05 0.00175949 0.00293891 5.27653e-05 0.00180595 0.00483904 0.00461379 -0.000241591 0.00362215 -0.0190501 4.36388e-05 0.000985871 2.92414e-05 3.31884e-05 0.00018621 0.00194661 -0.000238577 -0.000250207 -0.000909524 -0.00136336 -0.00433702 0.00368888 -0.000176681 6.53666e-05 0.00012245 -0.000402295 0.000243813 -0.0013233 -0.00292836
internal_weight=7.70096e+06 6.14641e+06 34648 23814 6.11176e+06 31651 13530 13435 1.55456e+06 18813 249 6.08011e+06 91506 5.9886e+06 5.98243e+06 2.24984e+06 35707 1.55431e+06 1.5503e+06 155541 141569 19584 13972 1.39475e+06 672870 660280 721884 170505 47773 12590
internal_count=7700964 6146407 34648 23814 6111759 31651 13530 13435 1554557 18813 249 6080108 91506 5988602 5982431 2249840 35707 1554308 1550295 155541 141569 19584 13972 1394754 672870 660280 721884 170505 47773 12590
is_linear=0
shrinkage=0.05


Tree=169
num_leaves=31
num_cat=0
split_feature=30 18 21 14 21 22 18 23 17 12 10 12 12 23 17 12 12 18 31 23 10 18 30 29 2 10 23 1 18 30
split_gain=44.6818 64.63 52.62 295.021 60.8752 51.6537 49.5642 48.7683 66.6173 51.3011 49.1896 80.7785 67.9475 56.8484 59.098 44.1991 58.3115 68.419 42.0499 59.1004 67.3513 38.9962 54.3174 41.8024 37.168 35.2057 34.9008 34.7662 38.398 51.9925
threshold=0.7151371981018525 1.0000000180025095e-35 0.00018614530563354495 1.0000000180025095e-35 0.0038842558860778813 1.0000000180025095e-35 0.31536661119691894 0.76543691754341137 76.003472222222243 76.500000000000014 77.500000000000014 77.500000000000014 77.500000000000014 0.78044295310974132 77.5451388888889 29.500000000000004 47.500000000000007 0.5017452060066323 67.350002288818374 0.76399549841880809 75.500000000000014 0.083333333337396467 0.25034037461696057 68.624042900527755 26.500000000000004 46.500000000000007 0.78044295310974132 5.5000000000000009 1.0000000180025095e-35 0.21837887698595806
decision_type=2 2 2 2 2 2 2 2 2 2 2 2 2 2 2 2 2 2 2 2 2 2 2 2 2 2 2 2 2 2
left_child=2 25 7 5 6 -4 -5 8 27 21 12 13 -11 -12 -15 -3 -17 -18 -10 20 -20 22 -9 24 -23 -2 -13 -1 -29 -30
right_child=1 15 3 4 -6 -7 -8 9 18 10 11 26 -14 14 -16 16 17 -19 19 -21 -22 23 -24 -25 -26 -27 -28 28 29 -31
leaf_value=-2.3730316564949286e-06 -0.0025070516118406863 -0.015721660356352543 -0.0016784607774352142 -0.0082416095305786526 -0.0027577156517078118 0.0001836237394992851 -0.0028313368118789142 0.013708227063148809 0.00053032168278726178 -0.00039707278231441686 0.021425102300894304 -0.015492648460240408 -0.0067528212688365095 -0.00016278129352608866 0.0081908867087909804 0.0019797135285445468 -0.00093180178551942382 -0.0047199197773200238 -0.00053654961018239299 0.00097155930513081004 -0.029208173464145906 0.0033423885655748543 -0.0010948121829789672 0.0082838840513498827 -0.0082480256612952677 5.8291160946662452e-05 0.0005332164635010806 0.00012070104416363956 0.0023182858900870919 0.00050811471262027848
leaf_weight=5249833 13756 506 41859 12267 30704 337709 6464 671 817 25133 516 340 5050 3932 4587 16208 255098 12504 292 467 686 12247 8090 4492 733 481525 311297 602525 48807 211849
leaf_count=5249833 13756 506 41859 12267 30704 337709 6464 671 817 25133 516 340 5050 3932 4587 16208 255098 12504 292 467 686 12247 8090 4492 733 481525 311297 602525 48807 211849
internal_value=9.72596e-07 -0.000357886 4.13931e-05 -0.000494923 -0.00412816 -2.17285e-05 -0.00637457 7.68319e-05 4.28027e-05 0.000628686 0.000469218 0.00065085 -0.00146049 0.00531149 0.00433524 -0.000958752 -0.000932426 -0.00110881 -0.00853601 -0.0136618 -0.0206487 0.00276149 3.90877e-05 0.00412658 0.0026878 -1.29595e-05 0.000515727 4.59773e-05 0.000340042 0.000847064
internal_weight=7.70096e+06 779597 6.92137e+06 429003 49435 379568 18731 6.49236e+06 6.11528e+06 377088 350855 320672 30183 9035 8519 284316 283810 267602 2262 1445 978 26233 8761 17472 12980 495281 311637 6.11301e+06 863181 260656
internal_count=7700964 779597 6921367 429003 49435 379568 18731 6492364 6115276 377088 350855 320672 30183 9035 8519 284316 283810 267602 2262 1445 978 26233 8761 17472 12980 495281 311637 6113014 863181 260656
is_linear=0
shrinkage=0.05


Tree=170
num_leaves=31
num_cat=0
split_feature=26 28 35 29 24 32 12 28 30 12 13 24 32 32 22 32 22 3 22 29 32 14 8 24 12 10 13 2 18 32
split_gain=44.1044 45.9747 67.6034 69.6632 45.851 41.1091 43.7021 45.0494 68.341 63.6222 40.433 40.2404 43.9926 55.2671 43.0229 56.2504 41.7132 41.5279 39.8905 42.2188 45.7966 38.2181 35.9752 35.2592 34.7716 87.4305 49.8838 44.7261 36.7744 46.1839
threshold=68.351232313249241 -1.6669411773292968 12.500000000000002 66.923960493602607 66.96227622070036 6.4122278690338144 48.500000000000007 -3.4551257773507946 0.47531450820381477 37.500000000000007 46.020833333333336 62.886867253324247 10.066721916198732 11.922201156616213 0.0013102539628902351 10.478814601898195 0.0020907900182438222 2.5000000000000004 0.016378474916168579 68.957043597804599 5.4614813327789316 0.2041241452330588 0.87837969732492682 66.324369585236454 50.500000000000007 50.500000000000007 50.020833333333336 26.500000000000004 0.56442033855372831 12.2395076751709
decision_type=2 2 2 2 2 2 2 2 2 2 2 2 2 2 2 2 2 2 2 2 2 2 2 2 2 2 2 2 2 2
left_child=1 2 11 5 -5 10 7 8 -7 -9 23 12 -1 -14 -13 17 -17 22 -2 20 -20 -8 -16 -4 26 28 -3 -28 -26 -30
right_child=18 24 3 4 -6 6 21 9 -10 -11 -12 14 13 -15 15 16 -18 -19 19 -21 -22 -23 -24 -25 25 -27 27 -29 29 -31
leaf_value=-0.00096747680643046634 0.00013389501757682829 0.00047882881096846311 0.023905504131188415 -0.0105066443349214 -0.0032250589718656811 0.012120845087993597 -0.0028500007868891655 0.013583797111223584 -0.015073644418224841 -0.00045141330437781696 0.0011216432239914169 -0.00015393341034403409 -0.012741694804637223 0.00043959376002264687 0.0058260877561005465 0.0032356750219989048 0.015954545776724283 -0.00018429521862976762 -0.00666480660812694 0.00171865417733825 0.013343098668171289 -0.011629520778301376 0.028514537040265311 0.0015925879389116404 -0.0045850146755265567 -6.6825186079483485e-05 0.0029080418764168559 0.012031273008454444 -0.024235721638429037 0.00094425361170644726
leaf_weight=8051 3200281 47654 378 2343 27961 293 15530 827 1091 33971 10101 134466 2105 1278 1148 1306 1273 8049 349 11073 1583 1347 206 333 4984 4170774 8630 1591 555 271
leaf_count=8051 3200281 47654 378 2343 27961 293 15530 827 1091 33971 10101 134466 2105 1278 1148 1306 1273 8049 349 11073 1583 1347 206 333 4984 4170774 8630 1591 555 271
internal_value=3.72477e-06 -9.75477e-05 -0.000753579 -0.00181382 -0.00378808 -0.000877111 -0.00144972 -0.000469682 -0.00931597 -0.000117818 0.00193293 -0.000121157 -0.00297793 -0.00776232 0.000101889 0.00297279 0.00951411 0.00117859 0.000145125 0.00290867 0.00972868 -0.00355078 0.0092798 0.0134568 -5.84973e-05 -7.53635e-05 0.00115866 0.00432827 -0.00620461 -0.0159754
internal_weight=7.6998e+06 4.48652e+06 252057 94175 30304 63871 53059 36182 1384 34798 10812 157882 11434 3383 146448 11982 2579 9403 3.21329e+06 13005 1932 16877 1354 711 4.23446e+06 4.17658e+06 57875 10221 5810 826
internal_count=7699802 4486516 252057 94175 30304 63871 53059 36182 1384 34798 10812 157882 11434 3383 146448 11982 2579 9403 3213286 13005 1932 16877 1354 711 4234459 4176584 57875 10221 5810 826
is_linear=0
shrinkage=0.05


Tree=171
num_leaves=31
num_cat=0
split_feature=30 18 21 1 2 2 21 16 21 14 14 18 21 21 11 30 28 32 25 12 26 18 25 10 29 12 28 25 18 2
split_gain=42.8148 107.303 82.5004 65.0981 60.9945 60.6527 60.9194 59.132 48.2027 261.601 101.31 259.44 87.0118 64.9903 50.1285 49.8029 47.3734 38.8586 37.0886 72.6149 65.0732 36.6221 43.4668 37.7107 31.5157 57.7257 38.5942 33.9445 72.2351 50.3711
threshold=0.17142647152318397 1.0000000180025095e-35 0.00018614530563354495 4.5000000000000009 11.500000000000002 8.5000000000000018 -1.0000000180025095e-35 57.500000000000007 -0.00022149085998535154 1.0000000180025095e-35 1.0000000180025095e-35 0.20052378963083781 -0.0046150684356689444 0.0038842558860778813 85.500000000000014 0.50987881867497664 -0.34443780764566029 2.5657894611358647 10.713700406734256 53.500000000000007 66.432423265930893 0.54190195714569966 10.50666508754515 37.500000000000007 69.645761137706998 32.500000000000007 -3.4551257773507946 10.112423961702929 0.459246282953302 24.500000000000004
decision_type=2 2 2 2 2 2 2 2 2 2 2 2 2 2 2 2 2 2 2 2 2 2 2 2 2 2 2 2 2 2
left_child=1 -1 3 16 5 -5 -7 -8 9 -2 24 13 14 -12 -11 17 18 -13 21 20 -20 23 -23 -3 26 -26 27 -10 29 -29
right_child=8 2 -4 4 -6 6 7 -9 10 12 11 15 -14 -15 -16 -17 -18 -19 19 -21 -22 22 -24 -25 25 -27 -28 28 -30 -31
leaf_value=4.3320921372829241e-05 -6.4367780903675846e-05 0.018715565618554642 -0.0031013902520725996 0.00176063954711152 0.001051986272658789 -0.00042024026144105148 0.013454194087312299 0.005644075209822106 -0.0034634604817211836 0.0023253277540994208 -0.007579863251944082 -0.0040213585870602217 0.0072369552764151683 -0.0030701880753649154 0.01605752137110128 -0.0010904249726508648 0.0015576450950212561 0.00016443775287865921 0.017268015815239901 0.00030964391313990084 0.0027513743379966637 -0.0032497868598763075 -0.018249840381155243 -0.0006777902452723254 0.037314125728154117 0.00025621685536623512 -6.5926856423303984e-05 -0.0090837824391582032 0.019454391036717471 0.022253070380943627
leaf_weight=1023106 273715 252 10638 17245 32439 3414 2864 15758 12988 35942 14807 5700 13808 17351 677 176525 96912 203263 1280 16485 1945 2393 605 44134 105 822891 4851119 764 523 154
leaf_count=1023106 273715 252 10638 17245 32439 3414 2864 15758 12988 35942 14807 5700 13808 17351 677 176525 96912 203263 1280 16485 1945 2393 605 44134 105 822891 4851119 764 523 154
internal_value=3.53857e-06 0.000268897 0.00120567 0.00140005 0.00265654 0.0039816 0.00571967 0.00684531 -4.88482e-05 0.000545316 -8.03889e-05 -0.000832026 0.00385464 -0.00514666 0.00257925 -0.000472091 0.000850579 5.02576e-05 -0.000170723 0.001652 0.00851337 -0.000928909 -0.00627732 -0.000567643 -2.52046e-05 0.000260949 -7.36069e-05 -0.00265567 0.00462485 -0.00382499
internal_weight=7.6998e+06 1.26947e+06 246364 235726 71720 39281 22036 18622 6.43033e+06 324142 6.10619e+06 417646 50427 32158 36619 385488 164006 208963 67094 19710 3225 47384 2998 44386 5.68854e+06 822996 4.86555e+06 14429 1441 918
internal_count=7699802 1269470 246364 235726 71720 39281 22036 18622 6430332 324142 6106190 417646 50427 32158 36619 385488 164006 208963 67094 19710 3225 47384 2998 44386 5688544 822996 4865548 14429 1441 918
is_linear=0
shrinkage=0.05


Tree=172
num_leaves=31
num_cat=0
split_feature=23 19 20 23 17 23 23 31 17 31 32 0 32 31 32 31 23 24 32 21 31 21 17 31 30 26 19 32 27 10
split_gain=40.1384 117.086 65.7332 53.5164 47.9868 76.003 66.4387 62.8264 53.1094 62.0619 49.6707 56.3006 48.8768 38.0155 46.6342 34.4376 65.1228 60.8546 46.9465 34.1907 32.8603 32.6386 32.9497 32.4963 47.6855 60.2296 53.9888 50.0203 47.5034 37.0792
threshold=0.60676470398902904 59.500000000000007 60.500000000000007 0.60309749841690075 60.267361111111121 0.60792675614357006 0.61040237545967113 57.850000381469734 60.836805555555564 63.049999237060554 2.3629051446914677 16.500000000000004 8.3016061782836932 57.350000381469734 9.4047861099243182 64.105556488037124 0.60919544100761425 66.079149696527622 10.391235351562502 -0.014196097850799559 73.049999237060561 0.00021880865097045901 60.267361111111121 57.149999618530281 0.69029908622142477 69.160464913661471 43.500000000000007 10.340051651000978 -21.931248376344012 46.500000000000007
decision_type=2 2 2 2 2 2 2 2 2 2 2 2 2 2 2 2 2 2 2 2 2 2 2 2 2 2 2 2 2 2
left_child=2 -2 19 20 5 10 8 -7 -6 -10 11 -3 -11 14 -8 -9 18 -18 -17 -1 21 22 -4 24 25 -21 27 -27 -26 -25
right_child=1 4 3 -5 6 7 13 15 9 12 -12 -13 -14 -15 -16 16 17 -19 -20 23 -22 -23 -24 29 28 26 -28 -29 -30 -31
leaf_value=0.0045736417850306202 0.0060319681718571817 -0.0048365679669506324 -0.0056696342743126739 -0.0010379010601653681 -0.00067224239127101795 -0.0036890340926618425 -0.0018677767085015697 0.0023411950566336404 -0.0015048733483504985 -0.012664374035770027 -0.00069716471808494492 -0.085155300605248896 -0.0034525215918520197 7.8181405417527311e-05 0.00019462394228900897 -0.00099757480685859902 -0.0021376470611315988 0.010974203103001529 0.011040733352618329 0.00039282344722332856 0.016329667304054264 0.0001849288601604052 -0.013494792818009053 -0.0011026359377069429 -0.0046717717628571047 0.022677128696915461 0.0024031612993491275 0.0059008744774283048 -0.00014456118468834486 -0.00017868968970586558
leaf_weight=3793 8218 53 3463 11293 23451 2921 56183 13734 7002 3181 17976 37 2631 5627218 53519 3829 1036 6067 1027 100329 153 1261 2200 116629 7579 616 23459 1594 24606 1574744
leaf_count=3793 8218 53 3463 11293 23451 2921 56183 13734 7002 3181 17976 37 2631 5627218 53519 3829 1036 6067 1027 100329 153 1261 2200 116629 7579 616 23459 1594 24606 1574744
internal_value=3.36171e-06 6.80563e-05 -0.000198082 -0.0031743 5.96348e-05 0.00165631 4.67246e-05 0.00325941 -0.00208665 -0.00467515 -0.00088278 -0.0379144 -0.00849445 6.02104e-05 -0.000861619 0.00404938 0.00601106 0.00906179 0.00154859 -0.000168582 -0.00658336 -0.0070899 -0.00870979 -0.000178307 0.000507012 0.000945773 0.003107 0.0105778 -0.00121065 -0.000242401
internal_weight=7.6998e+06 5.82808e+06 1.87172e+06 18370 5.81986e+06 46680 5.77318e+06 28614 36265 12814 18066 90 5812 5.73692e+06 109702 25693 11959 7103 4856 1.85335e+06 7077 6924 5663 1.84956e+06 158183 125998 25669 2210 32185 1.69137e+06
internal_count=7699802 5828083 1871719 18370 5819865 46680 5773185 28614 36265 12814 18066 90 5812 5736920 109702 25693 11959 7103 4856 1853349 7077 6924 5663 1849556 158183 125998 25669 2210 32185 1691373
is_linear=0
shrinkage=0.05


Tree=173
num_leaves=31
num_cat=0
split_feature=26 28 17 31 32 27 12 10 17 15 31 35 12 12 31 28 28 31 25 18 25 30 32 3 17 32 12 30 26 8
split_gain=38.0816 39.7044 69.8635 66.8043 49.8595 43.387 38.5275 78.8318 78.4957 65.4147 57.8069 54.487 41.6362 40.9759 48.039 41.3925 38.4658 34.8878 50.7311 37.6321 33.8757 42.9218 33.7264 39.1758 33.1685 31.6966 66.4017 61.8904 55.1912 47.3
threshold=68.351232313249241 -1.0052571239619061 55.795138888888893 65.049999237060561 11.420497894287111 -8.1094086717672251 54.500000000000007 53.500000000000007 53.232638888888893 54.500000000000007 69.211109161376967 9.5000000000000018 51.500000000000007 53.500000000000007 58.850000381469734 -1.0565678713273774 -1.1833229510859606 57.350000381469734 11.294881804933691 0.73363390610891821 10.83202479741357 0.31933444143212325 11.527985095977785 5.5000000000000009 50.003472222222229 8.6425943374633807 43.500000000000007 0.34304380221749836 70.540460793784305 -1.0000000180025095e-35
decision_type=2 2 2 2 2 2 2 2 2 2 2 2 2 2 2 2 2 2 2 2 2 2 2 2 2 2 2 2 2 2
left_child=1 6 3 4 -3 -5 7 8 10 -8 17 12 -12 14 22 -15 -16 18 -1 -19 25 24 23 -9 -22 26 29 28 -27 -2
right_child=20 2 -4 5 -6 -7 9 13 -10 -11 11 -13 -14 15 16 -17 -18 19 -20 -21 21 -23 -24 -25 -26 27 -28 -29 -30 -31
leaf_value=0.00049617620239696559 0.0005587400113205973 0.0022417353218083672 -3.5001897552414301e-05 0.0074943724284553528 -0.011682118220957476 0.027449896205336572 -0.0036197828325599487 0.010209354074911185 -0.004207981144761213 -0.0006744505032529758 0.0070711425290630172 0.010884073256870326 -0.00336652318359092 0.0004667074250311134 0.0030610978310283607 0.0071641028088765303 0.0091029952982488675 -0.00049803095057715876 0.010572680443899918 -0.0045609843760671866 0.052928549443119546 0.0020863607843426969 -0.012078843217795137 -0.0015747992379716318 0.011591162041298926 0.00099195334345715666 0.00019011495288048138 -0.00046103506539508886 -0.010660752111288193 0.013189865836527946
leaf_weight=63638 1325 11475 3650270 3541 681 295 20427 888 13312 244409 1645 2169 2279 67146 7210 2389 4151 379534 1274 5786 52 9510 571 3426 710 104769 2629589 464623 1026 1682
leaf_count=63638 1325 11475 3650270 3541 681 295 20427 888 13312 244409 1645 2169 2279 67146 7210 2389 4151 379534 1274 5786 52 9510 571 3426 710 104769 2629589 464623 1026 1682
internal_value=3.19359e-06 -9.09104e-05 -2.0555e-05 0.00327701 0.00146161 0.00902969 -0.000405375 -0.000168751 -0.000423331 -0.000901627 -0.000312924 0.00452458 0.00100917 0.00122504 0.00348585 0.000696818 0.0052687 -0.000378391 0.000693959 -0.000559042 0.000134585 0.00300133 -0.000660523 0.000851048 0.0144187 0.000125392 0.000198607 -0.000212512 0.000878935 0.00762431
internal_weight=7.6998e+06 4.48652e+06 3.66626e+06 15992 12156 3836 820254 555418 469637 264836 456325 6093 3924 85781 16246 69535 11361 450232 64912 385320 3.21329e+06 10272 4885 4314 762 3.20301e+06 2.6326e+06 570418 105795 3007
internal_count=7699802 4486516 3666262 15992 12156 3836 820254 555418 469637 264836 456325 6093 3924 85781 16246 69535 11361 450232 64912 385320 3213286 10272 4885 4314 762 3203014 2632596 570418 105795 3007
is_linear=0
shrinkage=0.05


Tree=174
num_leaves=31
num_cat=0
split_feature=30 18 21 1 2 2 21 16 28 21 14 14 21 21 21 22 18 3 22 30 17 18 31 1 15 17 11 31 26 23
split_gain=36.9563 96.6505 73.9352 58.3248 54.9219 54.2575 55.3976 53.1178 42.6339 42.328 233.919 90.1583 238.032 80.2287 60.0203 50.4326 48.4819 95.524 80.1754 47.7354 46.3002 40.2117 37.2019 41.939 34.9899 33.4526 32.4294 32.4207 31.8397 34.7982
threshold=0.17142647152318397 1.0000000180025095e-35 0.00018614530563354495 4.5000000000000009 11.500000000000002 8.5000000000000018 -1.0000000180025095e-35 57.500000000000007 -0.34443780764566029 -0.00022149085998535154 1.0000000180025095e-35 1.0000000180025095e-35 9.882450103759767e-05 -0.0058013796806335441 0.0029506087303161625 1.0000000180025095e-35 0.36762694766779258 5.5000000000000009 0.0025287238378654312 0.46437217270322201 82.628472222222243 0.3318732591516993 65.250000000000014 1.5000000000000002 39.500000000000007 63.22569444444445 78.500000000000014 62.750000000000007 65.970907854357179 0.61154127120971691
decision_type=2 2 2 2 2 2 2 2 2 2 2 2 2 2 2 2 2 2 2 2 2 2 2 2 2 2 2 2 2 2
left_child=1 -1 3 8 5 -5 -7 -8 28 10 15 -11 16 20 21 -2 17 18 19 -13 -12 -14 -10 25 -16 -24 -26 -15 29 -3
right_child=9 2 -4 4 -6 6 7 -9 22 11 13 12 14 27 24 -17 -18 -19 -20 -21 -22 -23 23 -25 26 -27 -28 -29 -30 -31
leaf_value=3.5483122074694895e-05 0.0018139632407774967 0.0067181927120136715 -0.002938725047162109 0.0016687291300208824 0.0009893847794700155 -0.00044180697834228375 0.012750424537249628 0.0053481324175057975 0.0035591174470669257 -2.3134653411460127e-05 0.0017636365158174572 -0.0013993057146974434 -0.008239191926573488 0.0038197479295900777 -0.01708293699047508 -0.00031048135582400767 0.00039951528618358375 3.4481170081163377e-05 0.00031516142014300285 -0.0043044016401158061 0.010867217480494889 -0.0027318855991900638 0.013228462478751838 -9.4653808411448887e-06 -0.0022685250947432219 0.0020862847087900573 -0.0077252089370180178 0.0081544019095541251 -0.00044159787484322885 -0.0042444835835334432
leaf_weight=1023106 31579 3082 10638 17245 32439 3414 2864 15758 17514 5688544 31220 23863 10405 7399 425 242136 143723 135161 23909 34706 1462 4864 687 44307 37655 34404 2935 10346 63066 946
leaf_count=1023106 31579 3082 10638 17245 32439 3414 2864 15758 17514 5688544 31220 23863 10405 7399 425 242136 143723 135161 23909 34706 1462 4864 687 44307 37655 34404 2935 10346 63066 946
internal_value=3.03399e-06 0.00024957 0.00113863 0.00132264 0.00251197 0.00376934 0.00541323 0.00648664 0.000802543 -4.56368e-05 0.000511144 -7.51931e-05 -0.000784255 0.00364048 -0.00380881 -6.53797e-05 -0.000313164 -0.000783798 -0.00212475 -0.00312077 0.00217091 -0.00648485 0.00147331 0.00101321 -0.00281257 0.00230446 -0.00266311 0.00634705 -0.000166325 0.0041435
internal_weight=7.6998e+06 1.26947e+06 246364 235726 71720 39281 22036 18622 164006 6.43033e+06 324142 6.10619e+06 417646 50427 56284 273715 361362 217639 82478 58569 32682 15269 96912 79398 41015 35091 40590 17745 67094 4028
internal_count=7699802 1269470 246364 235726 71720 39281 22036 18622 164006 6430332 324142 6106190 417646 50427 56284 273715 361362 217639 82478 58569 32682 15269 96912 79398 41015 35091 40590 17745 67094 4028
is_linear=0
shrinkage=0.05


Tree=175
num_leaves=31
num_cat=0
split_feature=30 18 12 21 14 15 21 14 21 21 15 22 2 12 25 3 17 22 30 18 32 24 30 18 3 18 18 21 17 10
split_gain=35.5403 61.3867 64.6353 41.416 210.618 47.6512 41.4351 40.7499 222.107 96.1084 51.8874 45.2038 87.0978 59.6687 60.485 54.0177 40.1492 38.8232 38.611 38.4025 38.1601 37.8222 37.3937 36.0575 56.3579 35.2116 35.1769 44.3582 34.0384 33.9493
threshold=0.68545765303940842 0.51980959995249199 44.500000000000007 1.0000000180025095e-35 1.0000000180025095e-35 39.500000000000007 0.0038842558860778813 1.0000000180025095e-35 -0.00011646747589111327 -0.0059758126735687247 77.500000000000014 0.0080589173950916543 14.500000000000002 77.500000000000014 6.8084457398243989 7.5000000000000009 89.204861111111128 1.0000000180025095e-35 0.28055248272307082 0.33187325915615024 10.436314582824709 65.106558872445603 0.83554885362452103 0.36762694766779258 4.5000000000000009 0.31536661119691894 1.0000000180025095e-35 1.0000000180025095e-35 50.003472222222229 46.500000000000007
decision_type=2 2 2 2 2 2 2 2 2 2 2 2 2 2 2 2 2 2 2 2 2 2 2 2 2 2 2 2 2 2
left_child=3 26 20 7 17 -6 25 11 9 10 -9 16 13 14 28 -16 -1 -5 -10 -11 -3 -4 -23 24 -20 -7 27 29 -13 -2
right_child=1 2 21 4 5 6 -8 8 18 19 -12 12 -14 -15 15 -17 -18 -19 23 -21 -22 22 -24 -25 -26 -27 -28 -29 -30 -31
leaf_value=1.6761492284098893e-05 -0.0025104215469943635 0.010631044367199222 -0.024634043106538227 -0.0014982814755492031 -0.01759068657694771 -0.0069059775266766031 -0.0022361470577051518 0.0012821136792842177 0.00099970114202431004 0.0080796403065078928 0.0079838856349778563 0.033853320356286631 -0.00045197881172074906 -0.0011827357773397942 0.0021387738531712338 0.0064822930275811111 0.0040676528588697849 0.00013829104995467732 -0.0021705275714842781 0.0036322487273413302 -0.0059666626826469435 -0.0029265146922586634 -0.0097699455247687982 0.00049511769238056997 -7.202350032790252e-05 -0.0022220788533243263 -0.00064171077180998309 0.0011855793876963802 -0.00066003366143187105 -9.1399447995141157e-05
leaf_weight=5833292 14920 1223 226 40708 599 11696 29070 30608 87317 11981 3189 72 42839 8131 12644 16498 6123 329989 46065 8160 483 12402 2379 104593 104745 6108 337873 69299 7792 520216
leaf_count=5833292 14920 1223 226 40708 599 11696 29070 30608 87317 11981 3189 72 42839 8131 12644 16498 6123 329989 46065 8160 483 12402 2379 104593 104745 6108 337873 69299 7792 520216
internal_value=-1.58585e-06 -0.000286384 -0.00329012 3.89242e-05 -0.000442994 -0.00357864 -0.00339955 7.07905e-05 0.000561426 0.00354382 0.0019145 3.79574e-05 0.00116289 0.00269555 0.00354769 0.00459776 2.10092e-05 -4.14291e-05 9.20495e-05 0.00627783 0.00593185 -0.0043385 -0.00402802 -0.000218258 -0.000713014 -0.0052991 -0.000233109 -4.70459e-06 -0.000343615 -0.000158844
internal_weight=7.70124e+06 959021 16713 6.74222e+06 418170 47473 46874 6.32405e+06 396658 53938 33797 5.92739e+06 87976 45137 37006 29142 5.83942e+06 370697 342720 20141 1706 15007 14781 255403 150810 17804 942308 604435 7864 535136
internal_count=7701240 959021 16713 6742219 418170 47473 46874 6324049 396658 53938 33797 5927391 87976 45137 37006 29142 5839415 370697 342720 20141 1706 15007 14781 255403 150810 17804 942308 604435 7864 535136
is_linear=0
shrinkage=0.05


Tree=176
num_leaves=31
num_cat=0
split_feature=26 28 17 31 32 27 12 10 17 13 31 35 12 12 31 28 28 32 3 31 24 35 26 18 31 25 30 27 8 30
split_gain=36.2113 36.8892 60.0443 52.8675 46.4531 37.7432 31.9753 69.5678 70.3634 60.1351 48.279 49.834 38.874 37.022 45.5151 40.1002 36.2482 33.6089 36.0796 33.4836 46.6284 30.6685 32.5161 30.6606 29.6322 29.0827 32.525 36.6178 28.8307 28.6547
threshold=68.351232313249241 -1.0052571239619061 55.795138888888893 64.750000000000014 11.420497894287111 -8.1094086717672251 54.500000000000007 53.500000000000007 53.232638888888893 54.979166666666679 69.211109161376967 9.5000000000000018 51.500000000000007 53.500000000000007 58.850000381469734 -1.0565678713273774 -1.1833229510859606 11.527985095977785 5.5000000000000009 57.350000381469734 67.841141710969978 20.500000000000004 64.961975674813871 0.76528709362380032 56.350000381469734 10.83202479741357 0.31933444143212325 -16.667521252247337 0.6078576107927941 0.27620033212380696
decision_type=2 2 2 2 2 2 2 2 2 2 2 2 2 2 2 2 2 2 2 2 2 2 2 2 2 2 2 2 2 2
left_child=1 6 3 4 -3 -5 7 8 10 24 19 12 -12 14 17 -15 -16 18 -9 20 -1 22 -11 -21 -8 29 27 -27 -28 -2
right_child=25 2 -4 5 -6 -7 9 13 -10 21 11 -13 -14 15 16 -17 -18 -19 -20 23 -22 -23 -24 -25 -26 26 28 -29 -30 -31
leaf_value=0.00092852168512639092 0.00033382810442320309 0.0021441696735652236 -3.8801154737217915e-05 0.0067088224642483088 -0.011458115345230679 0.025604698707858215 0.0042456993447640918 0.0099973199705508508 -0.0039898244770611574 -0.0051502037803824886 0.0066783682228966999 0.010219716639243518 -0.0035444504912721456 0.00039804153599111002 0.0028603601365382435 0.006938690650878359 0.0087156942345585752 -0.012007730569583184 -0.0015113310634910777 -0.00050065980268640376 -0.0065002183486136816 0.00091588670737139744 -0.000746865176013459 -0.0045255367091154878 -0.0039380035621672032 0.054095158201015875 0.0037615055384804018 0.0098461807036699586 -0.0022996264972434915 1.442695576763632e-05
leaf_weight=62591 1039841 11442 3651337 3620 664 285 1174 849 13408 4277 1595 2159 2230 67173 7207 2428 4174 585 3440 381508 2186 28319 211993 4791 19111 50 6725 702 2770 2162606
leaf_count=62591 1039841 11442 3651337 3620 664 285 1174 849 13408 4277 1595 2159 2230 67173 7207 2428 4174 585 3440 381508 2186 28319 211993 4791 19111 50 6725 702 2770 2162606
internal_value=-1.50656e-06 -9.32328e-05 -2.54039e-05 0.00302983 0.00139801 0.00808853 -0.000396146 -0.000180864 -0.000419717 -0.000848312 -0.000314986 0.00414658 0.000718461 0.00112799 0.00327645 0.000626219 0.00500787 -0.000766527 0.000766966 -0.000374174 0.000677818 -0.000631349 -0.000833949 -0.000550579 -0.00346435 0.000126647 0.0027861 0.0127951 0.00199327 0.000118137
internal_weight=7.70124e+06 4.48855e+06 3.66735e+06 16011 12106 3905 821198 556324 470468 264874 457060 5984 3825 85856 16255 69601 11381 4874 4289 451076 64777 244589 216270 386299 20285 3.21269e+06 10247 752 9495 3.20245e+06
internal_count=7701240 4488546 3667348 16011 12106 3905 821198 556324 470468 264874 457060 5984 3825 85856 16255 69601 11381 4874 4289 451076 64777 244589 216270 386299 20285 3212694 10247 752 9495 3202447
is_linear=0
shrinkage=0.05


Tree=177
num_leaves=31
num_cat=0
split_feature=26 23 12 12 23 23 35 23 30 35 12 23 23 30 23 29 23 17 23 17 29 3 2 32 27 32 17 30 23 35
split_gain=32.6807 34.2652 99.814 71.417 88.7551 58.1368 49.8875 57.8453 60.4237 44.5136 43.2628 108.6 77.8129 57.561 68.9879 39.5167 37.5886 217.76 66.7968 114.523 55.215 77.7635 69.3314 41.6691 40.2819 37.6517 35.9699 40.1347 45.778 34.7656
threshold=68.351232313249241 0.61808258295059215 61.500000000000007 60.500000000000007 0.60792675614357006 0.61154127120971691 14.500000000000002 0.61154127120971691 0.33022737984194706 13.500000000000002 59.500000000000007 0.59703248739242565 0.60077652335166942 0.58361398217957883 0.60077652335166942 67.335803306867675 0.62871307134628307 62.211805555555564 0.63151890039443981 62.614583333333343 66.457609534006409 8.5000000000000018 18.500000000000004 6.1886992454528817 -3.7957174167791758 7.1059441566467294 60.503472222222229 0.5560331184617161 0.60309749841690075 27.500000000000004
decision_type=2 2 2 2 2 2 2 2 2 2 2 2 2 2 2 2 2 2 2 2 2 2 2 2 2 2 2 2 2 2
left_child=1 3 -3 4 10 9 7 8 -6 26 11 -1 29 14 -13 -11 -4 20 19 24 21 22 -18 -22 -19 -23 -5 28 -28 -12
right_child=-2 2 16 5 6 -7 -8 -9 -10 15 12 13 -14 -15 -16 -17 17 18 -20 -21 23 25 -24 -25 -26 -27 27 -29 -30 -31
leaf_value=-0.00026681384829429979 0.00012031457943176825 0.0022734314017195736 -0.00082734479917293815 -0.001648098349296185 0.010264280495319487 -0.00064787174174684142 -8.3073758444721492e-05 0.0010369735918548159 0.0031680791287748127 0.00034984481208854992 -0.0034081562106323803 0.0052350142285016834 -0.00027801652600206099 -0.0012469505148405475 0.00076159471135364405 -0.0073684571685810989 0.0052849210549921156 -0.00027737213765767179 2.7150056795816162e-06 -0.004040926504108938 0.0131748696635395 0.029602494907212132 -0.005181552718605458 0.0054391095433140206 0.0061775201537997764 0.0087286470164454899 -0.027995972708115408 -0.0027366719676519564 -0.0068721579691232715 0.014705125221550933
leaf_weight=1103644 3212694 47742 141175 10110 4848 81838 15672 12032 7869 12670 32331 18933 66549 9211 15820 1908 3322 6100 2836684 24643 3379 239 3021 3591 4003 2242 263 8229 10211 267
leaf_count=1103644 3212694 47742 141175 10110 4848 81838 15672 12032 7869 12670 32331 18933 66549 9211 15820 1908 3322 6100 2836684 24643 3379 239 3021 3591 4003 2242 263 8229 10211 267
internal_value=-1.43117e-06 -8.85712e-05 5.03842e-06 -0.000292448 -0.000181549 -0.00143232 0.00212432 0.00352211 0.00587337 -0.00291184 -0.000256308 -0.000169735 -0.00125837 0.00226725 0.00319867 -0.000660387 -3.07223e-05 8.2297e-06 -2.39749e-05 -0.00220294 0.00586314 0.00323563 0.000300018 0.00918948 0.00228021 0.0107406 -0.00405096 -0.00534983 -0.00740283 -0.00325975
internal_weight=7.70124e+06 4.48855e+06 3.07614e+06 1.4124e+06 1.28718e+06 125229 40421 24749 12717 43391 1.24676e+06 1.14761e+06 99147 43964 34753 14578 3.0284e+06 2.88722e+06 2.87143e+06 34746 15794 8824 6343 6970 10103 2481 28813 18703 10474 32598
internal_count=7701240 4488546 3076141 1412405 1287176 125229 40421 24749 12717 43391 1246755 1147608 99147 43964 34753 14578 3028399 2887224 2871430 34746 15794 8824 6343 6970 10103 2481 28813 18703 10474 32598
is_linear=0
shrinkage=0.05


Tree=178
num_leaves=31
num_cat=0
split_feature=21 19 30 32 2 3 3 23 17 14 35 12 23 27 21 14 21 14 21 21 28 17 23 13 23 23 17 23 31 31
split_gain=32.8329 31.2837 30.7089 40.3085 104.518 104.637 159.447 82.2041 78.6867 43.03 39.9105 39.4468 35.4819 38.6624 31.0823 150.45 65.4204 62.662 159.806 54.1191 35.8541 66.8589 33.8698 30.1053 29.9289 123.516 66.3263 56.4841 55.2019 28.7661
threshold=0.016898930072784427 88.500000000000014 0.22097003943304927 4.4278161525726327 12.500000000000002 7.5000000000000009 8.5000000000000018 0.59461584687232982 52.996527777777786 1.0000000180025095e-35 6.5000000000000009 41.500000000000007 0.76543691754341137 12.854795112138982 -0.00022149085998535154 1.0000000180025095e-35 -0.0032143890857696529 1.0000000180025095e-35 9.882450103759767e-05 0.0032467246055603032 -1.1200208940857423 56.739583333333343 0.41084934771060949 78.020833333333357 0.66970753669738781 0.6715412735939027 65.406250000000014 0.65891316533088695 62.649999618530281 65.105556488037124
decision_type=2 2 2 2 2 2 2 2 2 2 2 2 2 2 2 2 2 2 2 2 2 2 2 2 2 2 2 2 2 2
left_child=1 2 3 24 5 9 8 -8 -7 11 -6 -5 -12 -14 15 -4 22 -16 20 -20 -19 -22 -17 -24 26 -26 27 29 -29 -1
right_child=-2 -3 14 4 10 6 7 -9 -10 -11 12 -13 13 -15 17 16 -18 18 19 -21 21 -23 23 -25 25 -27 -28 28 -30 -31
leaf_value=0.00029225341463806674 -0.0026415947566715689 0.0017111871847869311 -5.4115375110492695e-05 0.0074895158498430236 -0.00050039598728173699 0.0095896283154871635 -0.0018511978148528737 0.0014959575842020715 0.0033671212215332751 0.0038033847474052834 0.00025372991956614568 2.0709554776638548e-06 0.0072271433940539311 0.001367467369094621 -4.0751562698314027e-05 0.01464686382126006 0.0072658628866035004 -0.0011040874409818447 -0.0056781262299020752 -0.0021722136992135387 0.0041946939893544094 -0.00014797379822646789 0.0016489744897106228 0.007034741249172383 0.0057546289070191823 2.3798358669940449e-05 -0.002941946996036874 -0.0050248901843372691 0.011800179016381017 -0.0011803025195543642
leaf_weight=76481 11757 26700 245228 1777 244208 5546 23399 84900 60530 8110 192241 173420 3649 12316 5087290 540 7655 100993 16736 32159 9220 228912 35861 2797 9500 911805 26475 667 1811 58557
leaf_count=76481 11757 26700 245228 1777 244208 5546 23399 84900 60530 8110 192241 173420 3649 12316 5087290 540 7655 100993 16736 32159 9220 228912 35861 2797 9500 911805 26475 667 1811 58557
internal_value=-1.35958e-06 2.6773e-06 -3.27581e-06 0.000171326 0.000438211 0.00107694 0.00195376 0.000772773 0.00388941 0.000242842 -6.67729e-05 7.80194e-05 0.00044183 0.00270681 -6.06569e-05 0.000441905 0.00303806 -8.74661e-05 -0.000699935 -0.00337224 -0.000314641 2.01674e-05 0.0022124 0.00203866 -2.78849e-05 8.28922e-05 -0.000650233 -0.000209023 0.00727138 -0.000346297
internal_weight=7.70124e+06 7.68948e+06 7.66278e+06 1.89539e+06 810096 357682 174375 108299 66076 183307 452414 175197 208206 15965 5.76739e+06 292081 46853 5.47531e+06 388020 48895 339125 238132 39198 38658 1.0853e+06 921305 163991 137516 2478 135038
internal_count=7701240 7689483 7662783 1895392 810096 357682 174375 108299 66076 183307 452414 175197 208206 15965 5767391 292081 46853 5475310 388020 48895 339125 238132 39198 38658 1085296 921305 163991 137516 2478 135038
is_linear=0
shrinkage=0.05


end of trees

feature_importances:
headroom_to_ondemand=1993
savings_lag_6=497
price_velocity_1h=370
family_stress_index=356
savings_lag_144=345
savings_min_24=181
savings_std_144=174
savings_std_24=166
savings_mean_24=131
savings_mean_144=116
savings_max_24=114
family_avg_savings=99
days_to_nearest_event=90
savings_max_144=88
month=83
price_volatility_6h=78
family_hour_zscore=76
family_std_savings=74
day_of_month=64
savings_min_144=63
family_hour_deviation=50
family_hour_std_savings=45
family_dow_avg_savings=33
family_hour_avg_savings=24
family_weekend_avg_savings=23
day_of_week=12
savings_lag_24=11
day_sin=6
day_cos=3
is_weekend=2
hour=1
hour_cos=1
is_holiday=1

parameters:
[boosting: gbdt]
[objective: regression]
[metric: mape]
[tree_learner: serial]
[device_type: cpu]
[data_sample_strategy: bagging]
[data: ]
[valid: ]
[num_iterations: 1000]
[learning_rate: 0.05]
[num_leaves: 31]
[num_threads: 8]
[seed: 42]
[deterministic: 0]
[force_col_wise: 0]
[force_row_wise: 0]
[histogram_pool_size: -1]
[max_depth: 8]
[min_data_in_leaf: 20]
[min_sum_hessian_in_leaf: 0.001]
[bagging_fraction: 0.8]
[pos_bagging_fraction: 1]
[neg_bagging_fraction: 1]
[bagging_freq: 5]
[bagging_seed: 400]
[bagging_by_query: 0]
[feature_fraction: 0.8]
[feature_fraction_bynode: 1]
[feature_fraction_seed: 30056]
[extra_trees: 0]
[extra_seed: 12879]
[early_stopping_round: 0]
[early_stopping_min_delta: 0]
[first_metric_only: 0]
[max_delta_step: 0]
[lambda_l1: 0]
[lambda_l2: 0.1]
[linear_lambda: 0]
[min_gain_to_split: 0]
[drop_rate: 0.1]
[max_drop: 50]
[skip_drop: 0.5]
[xgboost_dart_mode: 0]
[uniform_drop: 0]
[drop_seed: 17869]
[top_rate: 0.2]
[other_rate: 0.1]
[min_data_per_group: 100]
[max_cat_threshold: 32]
[cat_l2: 10]
[cat_smooth: 10]
[max_cat_to_onehot: 4]
[top_k: 20]
[monotone_constraints: ]
[monotone_constraints_method: basic]
[monotone_penalty: 0]
[feature_contri: ]
[forcedsplits_filename: ]
[refit_decay_rate: 0.9]
[cegb_tradeoff: 1]
[cegb_penalty_split: 0]
[cegb_penalty_feature_lazy: ]
[cegb_penalty_feature_coupled: ]
[path_smooth: 0]
[interaction_constraints: ]
[verbosity: -1]
[saved_feature_importance_type: 0]
[use_quantized_grad: 0]
[num_grad_quant_bins: 4]
[quant_train_renew_leaf: 0]
[stochastic_rounding: 1]
[linear_tree: 0]
[max_bin: 255]
[max_bin_by_feature: ]
[min_data_in_bin: 3]
[bin_construct_sample_cnt: 200000]
[data_random_seed: 175]
[is_enable_sparse: 1]
[enable_bundle: 1]
[use_missing: 1]
[zero_as_missing: 0]
[feature_pre_filter: 1]
[pre_partition: 0]
[two_round: 0]
[header: 0]
[label_column: ]
[weight_column: ]
[group_column: ]
[ignore_column: ]
[categorical_feature: ]
[forcedbins_filename: ]
[precise_float_parser: 0]
[parser_config_file: ]
[objective_seed: 16083]
[num_class: 1]
[is_unbalance: 0]
[scale_pos_weight: 1]
[sigmoid: 1]
[boost_from_average: 1]
[reg_sqrt: 0]
[alpha: 0.9]
[fair_c: 1]
[poisson_max_delta_step: 0.7]
[tweedie_variance_power: 1.5]
[lambdarank_truncation_level: 30]
[lambdarank_norm: 1]
[label_gain: ]
[lambdarank_position_bias_regularization: 0]
[eval_at: ]
[multi_error_top_k: 1]
[auc_mu_weights: ]
[num_machines: 1]
[local_listen_port: 12400]
[time_out: 120]
[machine_list_filename: ]
[machines: ]
[gpu_platform_id: -1]
[gpu_device_id: -1]
[gpu_use_dp: 0]
[num_gpu: 1]

end of parameters

pandas_categorical:[]
