tree
version=v4
num_class=1
num_tree_per_iteration=1
label_index=0
max_feature_idx=36
objective=binary sigmoid:1
feature_names=hour day_of_week day_of_month month is_weekend is_business_hours hour_sin hour_cos day_sin day_cos savings_lag_6 savings_lag_24 savings_lag_144 savings_mean_24 savings_std_24 savings_min_24 savings_max_24 savings_mean_144 savings_std_144 savings_min_144 savings_max_144 price_velocity_1h price_volatility_6h headroom_to_ondemand family_hour_avg_savings family_hour_std_savings family_dow_avg_savings family_hour_deviation family_hour_zscore family_weekend_avg_savings family_stress_index family_avg_savings family_std_savings is_holiday is_stress_event days_to_nearest_event pool_historical_zero_rate
feature_infos=[0:23] [0:6] [1:31] [1:12] [0:1] [0:1] [-1:1] [-1:1] [-0.97492791218182362:0.97492791218182362] [-0.90096886790241903:1] [22:90] [22:90] [22:90] [22:90] [0:1.0179547554135804] [22:90] [22:90] [22.375:90] [0:1.3992311130933803] [22:90] [23:90] [-0.026660799980163574:0.03427577018737793] [0:0.037217218873630206] [0.22720584273338318:0.90000003576278687] [57.98341094295693:76] [0:11.35008842400093] [57.967921777167852:76] [-42.056703660059441:24.20639593597943] [-5:3.2151860207724048] [57.9991483853386:76] [0:0.95230420815335415] [52.200000762939453:76] [0:17.986413955688477] [0:1] [0:1] [0:29] [0:4.9381022453308105]
tree_sizes=5301 5363 5371 5345 5368 5382 5414 5393 5406 5397 5384 5377 5380 5361 5401 5375 5379 5365 5405 5377 5362 5375 5368 5369 5370 5367 5365 5384 5389 5379 5409 5371 5379 5394 5387 5384 5403 5396 5396 5410 5411 5383 5413 5400 5383 5382 5385 5405 5398 5401 5407 5408 5412 5399 5404 5390 5427 5405 5384 5410 5387 5400 5429 5381 5398 5385 5400 5391 5383 5396

Tree=0
num_leaves=47
num_cat=0
split_feature=18 28 22 18 10 3 3 22 22 30 28 3 35 30 26 13 32 10 31 15 1 30 31 28 35 35 28 10 32 30 19 22 31 30 10 32 10 31 36 10 28 18 10 20 27 30
split_gain=1.21657e+06 393586 178713 61833.4 24872.3 21493.3 20805.4 19609.1 13835.4 13695.4 11667 10354.4 14560.2 8824.84 8611.91 7654.59 8670.33 6158.31 6996.08 5328.94 5271.05 4766.5 4667.73 4504.49 4363.03 4339.42 4303.01 4214.34 4202.32 4096.16 3719.52 3620.53 3562.69 3524.28 3495.07 3142.48 2999.82 2883.11 8168.32 2883.08 2749.04 2606.37 2522.26 2360.05 2345.83 2041.92
threshold=1.0000000180025095e-35 -0.069309431080407449 1.0000000180025095e-35 0.5017452060066323 65.500000000000014 6.5000000000000009 10.500000000000002 0.0010199266812539799 5.071011406169195e-05 0.023010296375251423 -1.5928631873573182 6.5000000000000009 13.500000000000002 0.58361398217957883 68.862215311420002 74.020833333333357 6.3442885875701913 75.500000000000014 65.850002288818374 74.500000000000014 1.5000000000000002 0.49074908672118039 66.850002288818374 -2.0285049821981187 3.5000000000000004 15.500000000000002 -2.9801156244444065 80.500000000000014 2.914522767066956 0.75123217494774031 88.500000000000014 0.002192524490906355 62.45000076293946 0.2904117309825836 66.500000000000014 2.310603260993958 79.500000000000014 60.750000000000007 1.0000000180025095e-35 69.500000000000014 -3.4551257773507946 0.33961162058606453 63.500000000000007 76.500000000000014 -23.415504547049206 0.12752349344033656
decision_type=2 2 2 2 2 2 2 2 2 2 2 2 2 2 2 2 2 2 2 2 2 2 2 2 2 2 2 2 2 2 2 2 2 2 2 2 2 2 2 2 2 2 2 2 2 2
left_child=1 4 6 9 5 10 13 17 14 35 29 20 15 27 22 16 -13 18 21 45 28 -4 32 40 -12 41 -10 34 -11 -1 -17 -9 -6 -21 -3 -2 -19 -25 -39 -20 -7 -22 -26 -30 -27 -14
right_child=3 2 7 -5 8 23 -8 31 26 11 24 12 19 -15 -16 30 -18 36 39 33 25 -23 -24 37 42 44 -28 -29 43 -31 -32 -33 -34 -35 -36 -37 -38 38 -40 -41 -42 -43 -44 -45 -46 -47
leaf_value=0.08802468803139829 0.062074780075353407 0.13224059180899769 0.14219562866767088 0.019114824843392157 0.11277882013703117 0.0050347011840463501 0.12518935417637145 0.11833556567263998 -0.0079370760811852542 0.031469877100427035 0.10986968850928208 0.063747931899186441 0.071264865350504317 0.12692039645071365 0.11962063611623323 0.056123294875467272 0.082336728211345883 0.14540032661360466 0.11423035588124165 0.041949691777311976 0.060125854156140163 0.12442914321047137 0.090811458584921567 0.1208772923681707 0.097138500301440112 -0.013788667933406482 0.11455954106113539 0.11609080915646081 0.080537578198985257 0.0579014034221913 0.13343307254482523 0.10636434727087236 0.15525538613706291 0.080049604061229629 0.15508116537719346 -0.011248725089053155 0.1228565500818377 0.11297696591309719 0.0032072688074004929 0.12537687709494189 0.094318602724426187 0.072148186094584468 0.10681956665505293 0.019546208998120429 0.056693341526046492 0.093544134868746381
leaf_weight=62064.214062511921 1513.9688876122236 12915.963973805308 74534.947135701776 38947.292612016201 4118.8381238132715 690.23207455873489 49361.607095852494 98677.318752840161 549.04735361039639 3533.1763468533754 120616.84508913755 66488.413545802236 8258.6222887486219 22306.012497469783 32179.564446240664 47190.078083857894 170383.604241997 57611.212985903025 61189.237676978111 6087.0192607343197 43048.438263103366 46893.795274943113 2535.7468649595976 108988.78894919157 186251.91037765145 916.97763030230999 118283.58895877004 5379.4499596357346 107382.00208622217 9988.5867529958487 1216.6781490445137 94055.119165197015 43700.595049828291 19299.16658718884 1138720.8404627293 4219.1530896276236 13982.718266427517 262779.6943449527 1298.4120976477861 159616.93741136789 13748.25950153172 170506.95787371695 70794.896480798721 1222.9456906020641 48685.332459434867 154908.59940396249
leaf_count=147649 4210 21885 114806 134206 8220 2529 89028 188444 2122 11499 246151 183164 21790 39633 60813 135571 420342 85880 120742 18823 121005 85129 5923 203847 416808 3627 232801 10460 267906 28421 2039 197049 58476 48295 1526803 16522 25724 523631 4794 287420 31367 447542 147819 4206 139437 355286
internal_value=0.117397 0.131232 0.143386 0.0729123 0.109755 0.106441 0.152958 0.123996 0.123531 0.0753633 0.0999479 0.0758174 0.0801079 0.154121 0.137262 0.0738861 0.077119 0.129353 0.126917 0.0895215 0.0704003 0.135335 0.148536 0.113977 0.103019 0.0670228 0.113993 0.154645 0.0783263 0.0838487 0.0580666 0.112494 0.151597 0.0709142 0.154825 0.00811321 0.140997 0.114903 0.112437 0.122288 0.0900499 0.0697247 0.0998048 0.0798507 0.0553902 0.0924165
internal_weight=3.76764e+06 2.87383e+06 1.83525e+06 893808 1.03859e+06 837222 1.22868e+06 606561 201367 854861 449716 849128 473832 1.17932e+06 82534.7 285279 236872 413829 342235 188553 375296 121429 50355.2 387505 377664 263158 118833 1.15702e+06 112138 72052.8 48406.8 192732 47819.4 25386.2 1.15164e+06 5733.12 71593.9 373067 264078 220806 14438.5 213555 257047 108605 49602.3 163167
internal_count=7249844 4914374 2793003 2335470 2121371 1753016 1687809 1105194 368355 2201264 986848 2180532 1185310 1598781 133432 741116 603506 719701 608097 444194 995222 199935 72619 766168 810778 711611 234923 1559148 283611 176070 137610 385493 66696 67118 1548688 20732 111604 732272 528425 408162 33896 568547 564627 272112 143064 377076
is_linear=0
shrinkage=1


Tree=1
num_leaves=47
num_cat=0
split_feature=18 28 30 18 23 23 25 3 23 23 31 30 28 3 13 30 23 23 29 30 28 1 30 12 28 28 23 23 30 32 3 32 23 30 12 26 32 2 18 23 23 23 31 31 36 2
split_gain=1.11873e+06 363604 63699.7 56478.8 28642.7 23550 23305.8 19661.1 14880.7 53372.6 19673.6 12512.2 10786.8 9472.66 12780 8179.7 7876.79 6232.94 5793.78 4971.86 4844.59 4820.09 4533.14 4355.66 4158.23 4040.28 4138.79 5683.9 3965.92 3840.15 3601.01 3367.29 3355.87 3061.12 3050.52 2884.8 2867.18 2789.84 2754.09 2735.43 6191.48 4192 4078.02 2684.06 7468.54 2531.58
threshold=1.0000000180025095e-35 -0.069309431080407449 0.42485802952046553 0.5017452060066323 0.80000919103622448 0.66057932376861583 9.6714859655636225 6.5000000000000009 0.76285651326179515 0.71188408136367809 70.850002288818374 0.023010296375251423 -1.6886414654931867 6.5000000000000009 74.937500000000014 0.59295273499344581 0.76038458943367015 0.76543691754341137 67.370190198255216 0.74129065304788522 -2.9801156244444065 1.5000000000000002 0.1046650917773098 87.500000000000014 -2.0285049821981187 0.98692131396257354 0.80000919103622448 0.85320976376533519 0.65858668087708172 2.914522767066956 9.5000000000000018 8.1816186904907244 0.66453662514686596 0.75123217494774031 70.500000000000014 66.637280831173825 2.310603260993958 18.500000000000004 0.34703763547486571 0.80000919103622448 0.76038458943367015 0.85320976376533519 69.527778625488295 60.750000000000007 1.0000000180025095e-35 5.5000000000000009
decision_type=2 2 2 2 2 2 2 2 2 2 2 2 2 2 2 2 2 2 2 2 2 2 2 2 2 2 2 2 2 2 2 2 2 2 2 2 2 2 2 2 2 2 2 2 2 2
left_child=1 5 4 11 8 7 20 12 9 10 -3 36 33 21 19 39 -11 -10 -8 22 -7 29 -15 37 -9 -17 -27 -28 35 -13 31 -6 -22 -1 -21 -14 -2 -16 -23 40 42 -41 -4 -26 -45 -32
right_child=3 2 15 -5 30 6 18 24 17 16 -12 13 28 14 23 25 -18 -19 -20 34 32 38 -24 -25 43 26 27 -29 -30 -31 45 -33 -34 -35 -36 -37 -38 -39 -40 41 -42 -43 -44 44 -46 -47
leaf_value=0.012133907932338187 -0.011038461326464221 0.074624069632119802 0.058097195347407392 -0.052059668588701452 0.032120241896091223 -0.080227380554823785 0.021424738052170361 0.01563914938008833 0.080509697404839917 0.040835809888433029 0.034594872250238114 -0.040265886263031722 0.024680260785231556 -0.014094662428825983 -0.0064477424756792818 0.040533313030582038 0.069751804340185283 0.054773487949419504 0.076056064657207254 -0.0017030916066787761 0.053859714118245791 -0.014869141688775669 0.011495982208136675 0.022968117191065424 0.045291243660213767 0.065766970968157382 -0.023665953687266095 0.050979203489909836 0.020438431308153478 0.0059585569900494507 6.5228302824908344e-05 -0.027070952373659678 0.036245893289151572 -0.01562552587244238 -0.039028479741367902 0.033756343138600348 -0.081054388266855931 -0.024645223721750896 -0.0039795054731798334 0.0059481940036553403 0.071713865101482199 0.052296268490174165 0.041924576531849708 0.037658653874835725 -0.067242882849527411 0.043331128764593704
leaf_weight=51582.72288325429 1514.5617946535349 829733.10921616852 125271.3658246398 38996.529091954231 3379.5669076144695 648.65749177336693 3986.2405160963535 14438.699665606022 379719.1191547364 125540.60532176495 24081.952649325132 3537.0902562886477 104485.34127959609 13694.669239237905 38569.618161275983 128192.58564522862 20953.009780064225 18826.914351329207 51576.740090191364 21558.673617869616 25029.973082959652 56316.632001146674 360501.65913587809 6679.9581579267979 108750.44052398205 27436.297162681818 2505.5890506505966 8678.7063241899014 101223.93171070516 108577.88349097967 3094.9940825849771 3999.950108602643 116973.38846333325 8874.0233017504215 5175.2877090424299 184841.71019160748 4224.7390048652887 27512.68130992353 206897.6880621016 4767.543864518404 50701.966118261218 16923.223167985678 38963.693627178669 263102.01270850003 1299.9189331233501 15426.274920299649
leaf_count=124102 4210 1166982 209201 134206 7037 2519 8951 33941 498454 243529 49069 11499 230228 38640 104468 249788 31059 32435 71447 56554 43675 159959 871768 14986 203881 42628 7380 15524 229772 272112 7976 11994 236000 25319 16569 381308 16522 82325 551652 11857 73763 29938 74956 525435 4793 29433
internal_value=0.0419656 0.0552687 0.0669813 -0.000678306 0.0713178 0.034616 0.0481498 0.0314171 0.0721601 0.0693179 0.073495 0.00166585 0.02522 0.00210014 0.00620501 0.0516668 0.0449717 0.079294 0.0721368 0.00925993 0.0388068 -0.00308048 0.0105594 -0.010628 0.0386281 0.0442628 0.0566418 0.0342563 0.0278764 0.00450018 0.025826 3.61642e-05 0.0393506 0.00805923 -0.00892891 0.0304787 -0.0625786 -0.0140241 -0.00630944 0.0568863 0.0583776 0.0421093 0.0542604 0.0395176 0.0371429 0.0361014
internal_weight=3.75877e+06 2.86501e+06 1.8282e+06 893758 1.42476e+06 1.03681e+06 198215 838599 1.39885e+06 1.00031e+06 853815 854761 451008 849022 473693 403441 146494 398546 55563 400930 142652 375329 374196 72762.3 387591 166813 38620.6 11184.3 390551 112115 25900.8 7379.52 142003 60456.7 26734 289327 5739.3 66082.3 263214 236628 214937 21690.8 164235 373152 264402 18521.3
internal_count=7249844 4914374 2793003 2335470 2077968 2121371 362592 1758779 2021528 1490639 1216051 2201264 990729 2180532 1185310 715035 274588 530889 80398 983531 282194 995222 910408 201779 768050 315320 65532 22904 841308 283611 56440 19031 279675 149421 73123 611536 20732 186793 711611 399715 357920 41795 284157 734109 530228 37409
is_linear=0
shrinkage=0.043658


Tree=2
num_leaves=47
num_cat=0
split_feature=18 27 22 18 23 25 22 32 27 31 35 23 32 31 31 23 23 23 12 35 22 25 23 23 26 22 1 23 22 23 31 2 25 23 23 29 2 23 23 23 2 24 25 25 23 21
split_gain=1.03171e+06 336331 159976 51727.4 22608.5 21705 17613 11487.9 11413 10985.5 8985.64 8088.48 6555.65 10297.1 7202.06 5747.33 8056.51 5241.73 4393.06 4219.76 4061.8 3879.54 3871.84 3709.59 3498.83 3225.22 3153.5 3071.41 2842.37 2788.29 2706.66 2630.25 2583.91 2573.76 2497.87 2475.53 2419.87 2300.34 4354.66 2401.36 2052.67 2231.57 2029.52 2478.77 1962.71 1796.94
threshold=1.0000000180025095e-35 -0.57906298317111993 1.0000000180025095e-35 0.51980959995249199 0.66057932376861583 9.6714859655636225 0.0010199266812539799 7.4405045509338388 -18.766003061215901 68.049999237060561 24.500000000000004 0.75377202033996593 6.5170714855194101 64.633331298828139 59.549999237060554 0.76038458943367015 0.67387536168098461 0.6715412735939027 87.500000000000014 26.500000000000004 0.00021045573871247334 6.3989045365870547 0.65169131755828869 0.6715412735939027 66.741938374951886 0.0022895131340087424 1.5000000000000002 0.66453662514686596 0.0049614116765010529 0.67029699683189403 66.850002288818374 16.500000000000004 6.3989045365870547 0.80000919103622448 0.60077652335166942 70.539872949588926 7.5000000000000009 0.71188408136367809 0.76038458943367015 0.6708858609199525 4.5000000000000009 70.743850446677385 9.4779066680968693 10.756173798854835 0.88134998083114635 0.0020538568496704106
decision_type=2 2 2 2 2 2 2 2 2 2 2 2 2 2 2 2 2 2 2 2 2 2 2 2 2 2 2 2 2 2 2 2 2 2 2 2 2 2 2 2 2 2 2 2 2 2
left_child=1 4 7 10 8 27 15 29 42 37 11 12 14 26 22 16 23 30 28 20 24 -18 -2 -4 -10 -8 -14 -6 -13 -3 -7 -20 -16 -17 -22 -15 -27 39 -39 -9 -29 -42 -1 -44 -35 -31
right_child=3 2 6 -5 5 17 25 9 19 -11 -12 18 13 35 32 33 21 -19 31 -21 34 -23 -24 -25 -26 36 -28 40 -30 45 -32 -33 -34 44 -36 -37 -38 38 -40 -41 41 -43 43 -45 -46 -47
leaf_value=-0.0054563737910549642 0.013116926490367237 0.052487002036837115 0.052754966042741318 -0.051803206368369659 0.05080101364108211 0.05291684616661823 0.040369692259504757 0.047115404706231191 0.028945417438268253 0.040049317727274054 0.023024211576067839 -0.010437633929396589 0.0063850125480080337 0.012223203759359138 0.0058247384499228822 0.066720018742863693 0.056934974723696567 0.076352958078625535 0.03494537815497642 0.050998384766559775 0.021680133586189705 0.042514586976999939 -0.049654807748713684 0.071296412018879998 0.036689505722908577 0.014453524578308806 -0.0045927852038146217 0.017902262663141683 -0.029726442791123412 0.075616013568164012 -0.0086031359898124174 -0.034942640393978153 -0.0084442592108068988 0.033387653750998524 0.029752976806641379 -0.032892575702238323 0.032607080679271344 0.031633554416085584 0.067475201673921376 0.073012563673675465 0.037457977860273058 0.0046492633845684628 0.022666944721437474 -0.011696104828726038 0.067515601901072878 0.0290698324527193
leaf_weight=15304.314032286406 53000.820155501366 10096.733990415931 49360.533186748624 36152.985320091248 25134.844952329993 14445.007091298699 104279.69321785867 7293.9811104089022 194089.65340612829 31731.397653967142 35465.331356793642 48696.85216294229 71706.529703080654 225985.34051077068 27522.823972269893 56081.311690539122 42727.439080044627 43703.323876738548 5245.5511483848095 20061.611924216151 111137.83676218987 212034.3388838768 1941.4449901729822 35262.428724363446 260412.50720642507 17410.252881258726 163824.46366758645 13429.868210792542 20773.175073027611 1023154.3666945696 1505.016318321228 1276.0052646696568 199677.15522062778 8876.0017165541649 213220.29594105482 2342.0677875578403 71381.401583626866 8636.9957412481308 25653.21940946579 106334.35289061069 94897.479252353311 4123.4293055385351 18010.572199225426 5143.6489522457123 5034.1141382157803 1583.6358741521835
leaf_count=40961 126701 17429 85146 125566 44389 24904 201061 13236 411352 61186 79203 135338 178902 543213 69142 84102 71096 58816 10727 35432 248342 400952 6543 50516 520250 40688 438500 30675 63965 1387459 4058 4002 546382 18127 448938 7286 146684 17780 38355 148849 187945 10319 40181 14243 7596 3307
internal_value=0.0402842 0.0531116 0.0644259 -0.00064872 0.0332422 0.0465399 0.0460327 0.0735499 0.03011 0.0633589 0.00150811 0.000579775 0.001962 0.00515386 -0.0032856 0.0511592 0.04881 0.0685346 -0.0129893 0.0312283 0.0307191 0.0449331 0.0108987 0.0604813 0.0333825 0.0351628 -0.00125062 0.0370035 -0.0162055 0.0753191 0.0471117 0.0212704 -0.00671571 0.0625504 0.0269869 0.0117604 0.0290476 0.0683592 0.0584476 0.0713502 0.0339195 0.0360918 0.00687938 0.0150331 0.0457391 0.0755441
internal_weight=3.74516e+06 2.85155e+06 1.81693e+06 893611 1.03462e+06 197239 602448 1.21448e+06 837380 179650 857458 821992 746001 463858 282142 409376 339385 59653.3 75991.6 798922 778860 254762 54942.3 84623 454502 193071 235531 137586 69470 1.03483e+06 15950 6521.56 227200 69991.4 324358 228327 88791.7 147919 34290.2 113628 112451 99020.9 38458.5 23154.2 13910.1 1.02474e+06
internal_count=7249844 4914374 2793569 2335470 2120805 361106 1105968 1687601 1759699 279406 2209904 2130701 1916669 1167901 748768 717535 607710 87778 214032 1664314 1628882 472048 133244 135662 931602 388433 617402 273328 199303 1408195 28962 14729 615524 109825 697280 550499 187372 218220 56135 162085 228939 198264 95385 54424 25723 1390766
is_linear=0
shrinkage=0.043658


Tree=3
num_leaves=47
num_cat=0
split_feature=18 28 30 18 27 28 10 25 3 3 30 10 31 30 3 10 35 30 29 30 35 12 2 28 35 10 27 21 3 28 12 10 32 3 10 35 28 28 26 10 26 31 3 28 26 3
split_gain=953856 316561 56793 47484.3 25164 20228.8 15500 19558.6 13569.4 12802 11368.2 11044.5 48415.8 8613.91 7670.01 9783.23 7970.6 7343.83 5258.31 4593.07 4069.66 3697.08 3681.51 3678.02 3671.41 3459.73 5382.71 3152.14 3124.53 2909.38 2853.41 2853.05 2656.9 2628.76 4385.44 3353.59 2680.78 2625.59 2565.7 2560.38 2528.63 2936.36 2513.86 2444.58 2409.74 2332.2
threshold=1.0000000180025095e-35 -0.069309431080407449 0.42485802952046553 0.5017452060066323 10.864598388430752 -1.6886414654931867 65.500000000000014 9.6714859655636225 10.500000000000002 6.5000000000000009 0.023010296375251423 75.500000000000014 70.850002288818374 0.74632805065987673 6.5000000000000009 74.500000000000014 12.500000000000002 0.59295273499344581 67.370190198255216 0.74632805065987673 3.5000000000000004 75.500000000000014 18.500000000000004 0.98692131396257354 15.500000000000002 80.500000000000014 17.693663444538398 -0.00075480341911315907 5.5000000000000009 -0.40574082315584031 71.500000000000014 76.500000000000014 2.310603260993958 9.5000000000000018 82.500000000000014 14.500000000000002 1.6325478787343652 -3.4551257773507946 70.674813814220286 63.500000000000007 61.1091719882807 60.750000000000007 3.5000000000000004 1.3250014251964946 65.689068788506475 5.5000000000000009
decision_type=2 2 2 2 2 2 2 2 2 2 2 2 2 2 2 2 2 2 2 2 2 2 2 2 2 2 2 2 2 2 2 2 2 2 2 2 2 2 2 2 2 2 2 2 2 2
left_child=1 5 4 10 8 19 9 29 11 20 32 12 -3 14 21 16 -16 45 -9 28 -7 24 -17 -19 -12 -25 -27 -15 42 38 -29 -13 -2 34 43 -35 -37 -30 -8 -22 -11 -42 -1 -6 -23 -4
right_child=3 2 17 -5 33 6 7 18 -10 40 13 31 -14 27 15 22 -18 23 -20 -21 39 44 -24 25 -26 26 -28 30 37 -31 -32 -33 -34 35 -36 36 -38 -39 -40 -41 41 -43 -44 -45 -46 -47
leaf_value=0.015958344397004571 -0.010172553580886892 0.06880849067626145 0.058719618999461952 -0.047772073383865708 -0.020946043038201943 0.031968791891460742 0.049645460033044438 0.019614327583782783 0.04295562106521654 -0.036650873686077681 0.0010005957655453682 0.074449550397043332 0.036334731164819632 0.030335326955120243 0.0038714226106238495 8.0509198377104184e-05 0.016647657844287879 0.037024781069056482 0.07064544686430467 -0.010356484684945474 0.0197617373052872 0.032913365581131074 -0.020650666200247046 0.060773903566685862 -0.011089215330445053 -0.018066271079795575 0.050569726823922342 -0.011085693136521881 -0.056195409399002444 0.032340711230264454 -0.036199962347103973 0.037219946555669833 -0.077579328174155582 0.049425053389226967 -0.030104186611652348 0.049616200549808517 -0.0049719348352441212 0.026642534926225422 0.0040752049779739993 0.029474547550730659 0.043517336609508725 0.034619742594989053 -0.0068097437580799842 0.041152124818592234 -0.047430993820357564 0.049500261399111456
leaf_weight=27071.157002851367 1515.3408852368593 830100.17887854576 78895.183982610703 38934.409619301558 1482.2523079961538 123235.04212336242 34754.519293650985 4164.0522073507309 42578.558913812041 887.93371430039406 275174.02540168166 394038.55897599459 97821.35646237433 3049.5343252569437 200977.74848766625 40832.061071291566 173346.48586879671 127275.31155142188 50842.586830809712 13959.416842192411 193379.98111841083 828.54516485333443 27204.672446772456 27307.625960052013 57960.625668942928 3003.257621049881 7923.0388734340668 54081.733850955963 742.47750933468342 103916.49869558215 10258.682750999928 3963.3878367096186 4215.2692046016455 15650.453198060393 3303.0243103802204 2628.9430383294821 4930.3617523759604 40802.897246256471 2526.2347925901413 70624.981067314744 98224.490406915545 252298.88782569766 14034.87546351552 6535.3391074538231 5034.1893274784088 155192.11061385274
leaf_count=63078 4210 1195420 126854 134206 4251 253585 61514 9350 79276 2761 712725 530853 192671 6507 508958 106711 402675 249788 71704 38483 435746 1746 80308 43109 161316 8538 13885 150053 2589 212206 32640 7752 16522 27746 10022 4625 12934 87677 6298 148123 183186 507408 37663 12418 16893 272861
internal_value=0.0387143 0.0511141 0.0621513 -0.000620478 0.0662869 0.0318251 0.0337905 0.044698 0.0672157 0.0308932 0.00152799 0.0679947 0.0653851 0.00194177 0.00323343 0.00702001 0.009788 0.0476308 0.0667824 0.0128063 0.025418 -0.00170769 -0.00820887 0.040592 -0.00110285 0.0524665 0.0317038 -0.0130344 0.0167184 0.0360945 -0.0150901 0.0740788 -0.0597559 0.0294787 0.0122301 0.0378915 0.0140123 0.0251619 0.0465576 0.0223601 0.0369267 0.0371131 0.00818453 0.0296712 -0.0360756 0.0526075
internal_weight=3.72751e+06 2.83409e+06 1.80263e+06 893413 1.40303e+06 1.03147e+06 934855 196204 1.3685e+06 738651 854479 1.32592e+06 927922 848748 781358 442361 374324 399597 55006.6 96610.8 387240 338997 68036.7 165509 333135 38233.9 10926.3 67390 82651.4 141197 64340.4 398002 5730.61 34530.4 11320.6 23209.8 7559.3 41545.4 37280.8 264005 351411 350523 41106 8017.59 5862.73 234087
internal_count=7249844 4914374 2793003 2335470 2077968 2121371 1891881 361072 2005972 1530809 2201264 1926696 1388091 2180532 1991332 1098652 911633 715035 81054 229490 837454 892680 187019 315320 874041 65532 22423 189200 191007 280018 182693 538605 20732 71996 26691 45305 17559 90266 67812 583869 693355 690594 100741 16669 18639 399715
is_linear=0
shrinkage=0.043658


Tree=4
num_leaves=47
num_cat=0
split_feature=18 28 30 18 23 23 25 3 23 23 31 30 28 30 3 10 30 23 23 29 28 1 28 2 28 23 27 31 31 30 27 30 3 2 21 23 12 28 23 23 23 23 31 36 2 10
split_gain=883768 297681 53969.2 43601.4 24301.8 18814.9 19135.4 16637.3 13032.3 46466.6 16997 10744.2 8833.73 7917.71 7152.94 9121.53 6880.26 6535.92 5257.57 4886.71 4287.69 3785.27 3547.95 3449.49 3441.91 3486.79 5021.39 3372.31 3289.77 3221.59 3387.91 3201.83 3064.9 2892.39 2880.48 2807.15 2628.22 2365.59 4723.74 4601.73 3881.68 3684.74 2319.34 6767.73 2283.82 2214.32
threshold=1.0000000180025095e-35 -0.069309431080407449 0.42485802952046553 0.51980959995249199 0.80000919103622448 0.66057932376861583 9.6714859655636225 6.5000000000000009 0.76285651326179515 0.71188408136367809 70.850002288818374 0.031989530961966599 -1.5928631873573182 0.74632805065987673 6.5000000000000009 74.500000000000014 0.59295273499344581 0.76038458943367015 0.76543691754341137 67.370190198255216 -2.9801156244444065 1.5000000000000002 -3.4551257773507946 16.500000000000004 0.98692131396257354 0.80000919103622448 17.693663444538398 59.211111068725593 73.049999237060561 0.74129065304788522 -14.752139294415704 0.75123217494774031 9.5000000000000018 18.500000000000004 -0.00075480341911315907 0.66453662514686596 71.500000000000014 0.4983748012712122 0.67412567138671886 0.80000919103622448 0.85320976376533519 0.6715412735939027 60.750000000000007 1.0000000180025095e-35 5.5000000000000009 82.500000000000014
decision_type=2 2 2 2 2 2 2 2 2 2 2 2 2 2 2 2 2 2 2 2 2 2 2 2 2 2 2 2 2 2 2 2 2 2 2 2 2 2 2 2 2 2 2 2 2 2
left_child=1 5 4 11 8 7 20 12 9 10 -3 -2 31 14 21 27 37 -11 -10 -8 -7 28 -9 -17 -18 -26 -27 -16 -13 30 -14 -1 33 45 -15 -22 -36 38 41 -39 -41 -4 -24 -44 -34 -6
right_child=3 2 16 -5 32 6 19 22 18 17 -12 13 29 34 15 23 24 -19 -20 -21 35 -23 42 -25 25 26 -28 -29 -30 -31 -32 -33 44 -35 36 -37 -38 39 -40 40 -42 -43 43 -45 -46 -47
leaf_value=0.011642685860242058 -0.051343081351057931 0.067238482779056585 0.043119244358939664 -0.047658852336819768 0.03980626132241967 -0.077737704830889848 0.018121697197811919 -0.064481982062973106 0.07280901435657558 0.035560076433685563 0.029819957887435636 0.0068499543312364958 0.043665096327285519 0.028846370628306608 0.018390039381297487 0.0014371781907799284 0.035559396163130037 0.062230834288560612 0.048975389061079865 0.068496116605339108 0.048161039430885767 -0.0047247729089844662 0.039821211192105202 -0.018201676089740524 0.059036649394470654 -0.016227293113457567 0.048653923968864358 0.0074960144126564867 -0.034737279203100546 0.014552464872022906 0.025116397815861922 -0.01499269201928484 -0.0027231144185856423 -0.044681662509780111 -0.010622439529329624 0.031946857252801872 -0.034684401274313138 0.059288886940601561 0.039873845773151173 0.001962695620278647 0.046756765800622234 0.069559630828393407 0.032825940322265754 -0.067026045819061186 0.038494030273889965 -0.017811124178379704
leaf_weight=61852.504040747881 7303.373533859849 807504.47029960155 17558.668551638722 36004.490651011467 3037.5597172528505 648.27253440022469 3960.6052532941103 691.04516364634037 368210.16343778372 123924.20088170469 23820.998661100864 98617.658492639661 20001.407430291176 3066.5239090174437 65677.960722193122 35704.704267993569 126746.40305772424 20396.06640599668 18530.608954235911 50150.294899255037 24686.728776812553 236950.5363214314 111708.63943892717 32622.10218937695 26888.508061826229 3196.0631060898304 7876.5142603814602 308848.60779634118 3763.8399724811316 51980.977839499712 304676.39104051888 9991.6421985179186 3079.1590420752764 2128.8156012445688 54264.726951912045 115937.13036389649 10293.667381331325 93810.048972398043 76145.319470614195 4732.2905987948179 16700.305435031652 23484.758328646421 270450.86249917746 1299.9175880998373 15260.841464176774 2186.2802972197533
leaf_count=147676 25644 1166982 32294 125566 5827 2519 8951 2529 498454 243529 49069 245552 37348 6564 150175 92559 249788 31059 32435 71447 43675 636446 213060 95372 42628 9019 13885 762353 11946 120779 656505 28421 7976 6957 150541 236000 32752 148343 144005 11857 29938 33278 547668 4793 29433 6247
internal_value=0.0372426 0.0492545 0.0600313 -0.000593631 0.0640916 0.03054 0.0427327 0.027679 0.0648849 0.0621965 0.0661663 0.00138342 0.0219676 0.00183657 0.00307566 0.00673021 0.0458398 0.0393294 0.071667 0.0648091 0.0342769 -0.00169379 0.0343472 -0.0079392 0.0390134 0.0505457 0.0299259 0.00940643 0.00532104 0.0246435 0.0262591 0.00793834 0.0220263 -0.00178798 -0.0124953 0.0347933 -0.0144591 0.0506772 0.0463093 0.0551189 0.0368665 0.0582484 0.0345253 0.0323483 0.0315738 0.0156917
internal_weight=3.70637e+06 2.81325e+06 1.78522e+06 893118 1.38808e+06 1.02804e+06 195383 832653 1.36239e+06 975646 831325 857114 448503 849810 782185 442853 397139 144320 386741 54110.9 141272 339332 384150 68326.8 164707 37961.1 11072.6 374527 102381 376659 324678 71844.1 25692.7 7352.66 67624.9 140624 64558.4 232431 117189 115243 21432.6 41043.4 383459 271751 18340 5223.84
internal_count=7249844 4914374 2793003 2335470 2077968 2121371 362592 1758779 2021528 1490639 1216051 2209904 990729 2184260 1994403 1100459 715035 274588 530889 80398 282194 893944 768050 187931 315320 65532 22904 912528 257498 814632 693853 176097 56440 19031 189857 279675 183293 399715 209577 190138 41795 65572 765521 552461 37409 12074
is_linear=0
shrinkage=0.043658


Tree=5
num_leaves=47
num_cat=0
split_feature=18 22 23 18 23 3 22 3 30 30 35 23 3 35 28 23 23 23 30 35 31 28 23 12 30 22 2 10 35 28 2 32 30 28 2 28 32 3 23 25 23 36 29 30 29 23
split_gain=820466 284060 137422 40093.5 30735.1 16922.4 16797.9 11711.1 9670.58 7936.54 7453.17 6710.57 7991.38 6908.76 6379.62 6236.42 6847.91 4945.13 4875.47 4666.71 4479.36 3953.16 3651.18 3463.84 3382.69 3016.71 2781.93 2749.62 2704.66 2701.94 2647.57 2482.25 2335.67 2260.07 2076.97 2223.07 2022.26 1925.03 1860.84 1819.42 1745.91 1737.24 1735.13 1727.79 1974.23 1706.49
threshold=1.0000000180025095e-35 1.0000000180025095e-35 0.67029699683189403 0.5017452060066323 0.66057932376861583 10.500000000000002 0.00081308384234240582 6.5000000000000009 0.023010296375251423 0.58057644261481578 25.500000000000004 0.75377202033996593 6.5000000000000009 12.500000000000002 -1.6315560533895741 0.76038458943367015 0.67387536168098461 0.70091050863266002 0.5274898310703845 21.500000000000004 66.738887786865249 -0.23828578865092523 0.80000919103622448 87.500000000000014 0.27374277701479527 0.0021425504115638052 16.500000000000004 51.500000000000007 14.500000000000002 -3.4551257773507946 21.500000000000004 2.310603260993958 0.031989530961966599 -2.9801156244444065 7.5000000000000009 0.9033336617634653 5.7522940635681161 8.5000000000000018 0.64923548698425304 6.8517164570418698 0.67387536168098461 1.0000000180025095e-35 66.663807305474805 0.75123217494774031 66.231349559985162 0.56530731916427623
decision_type=2 2 2 2 2 2 2 2 2 2 2 2 2 2 2 2 2 2 2 2 2 2 2 2 2 2 2 2 2 2 2 2 2 2 2 2 2 2 2 2 2 2 2 2 2 2
left_child=1 2 18 8 7 9 15 14 31 21 11 12 19 -14 43 16 20 -18 -1 -10 -6 -4 -23 24 -13 33 -25 -20 30 -9 -16 -2 45 -8 35 -27 -30 -34 39 -5 -35 -7 -11 44 -3 -31
right_child=3 4 5 38 6 41 25 29 10 42 -12 23 13 -15 28 -17 17 -19 27 -21 -22 22 -24 26 -26 34 -28 -29 36 32 -32 -33 37 40 -36 -37 -38 -39 -40 -41 -42 -43 -44 -45 -46 -47
leaf_value=0.034759433810406838 -0.0074834260591228373 -0.01347917059055136 0.022174624256228834 -0.0092377982188902932 0.056491214920052026 0.038263823740265039 -0.070209758143418538 -0.062770425569283902 -0.0013595850659303961 0.056214231869328973 0.024673990542786899 -0.033051318213476455 0.0018546007276403829 0.013824658783804074 0.022659125377386801 0.057614280951197493 0.030549305250453188 0.043174341288242622 -0.00056454026976366083 -0.028188885582706349 0.036326524073268841 0.06877615382471064 0.033358447591267479 0.033596500071152995 -0.0092587441103568653 0.021867097376452323 -0.0352074554665446 0.02417910608397594 0.0019049846883430195 0.03877834873242151 0.032828235081650614 -0.072717090143662733 0.037277151847756394 0.044568127280582091 0.028660044741433185 -0.0089797607191812751 0.019939178221963332 0.030155678821495537 -0.057577610376799003 -0.042057944340652596 0.032945768403587511 0.062557702746586369 0.032793661349787756 -0.012375879168963974 0.013739126051061121 -0.063819335835740079
leaf_weight=130406.11252297461 1515.8819540143013 5834.6177765578032 3506.7213403433561 3770.4016793817282 86603.82600325346 41721.039955586195 388.03157252073288 563.10827799141407 352642.16006100178 10923.033313468099 26268.617327213287 14351.237936481833 225189.36358875036 155275.78308433294 168734.13186860085 62246.601459190249 90630.18355551362 170178.79724526405 9584.2740440517664 12805.891698673368 27719.296426728368 1127962.6194576174 5575.7425644099712 5217.5654307156801 55193.621777161956 18035.860468193889 1426.1589440107346 80073.143392443657 15782.03201033175 496.15725976228714 68658.072805166245 4172.2970742285252 126526.22879384458 30820.329009473324 93572.841999918222 5912.7646989971399 47591.179011538625 168988.76066605747 12888.930133998394 22044.04754884541 122819.13104811311 6482.8816615343094 13461.126525834203 7531.2960246950388 39227.403520315886 818.8554664850235
leaf_count=258243 4210 16200 7643 11031 139616 79521 1494 2073 927471 17741 57370 45359 576591 365677 368333 99093 183853 311573 24639 39159 53825 1586919 11172 10692 153681 39250 4532 172428 39554 952 138968 16522 244985 55790 193581 15807 106068 347040 47386 75789 244994 9849 26889 21208 92202 2871
internal_value=0.0358595 0.0475184 0.0611051 -0.000568036 0.0332321 0.0668783 0.039521 0.0263811 0.0014015 0.0679303 0.0017819 0.00105042 0.00231104 0.00673984 0.0210081 0.0448162 0.0426926 0.0387872 0.0293712 -0.00229974 0.051602 0.0684588 0.0686019 -0.0112914 -0.0141686 0.030992 0.0188262 0.021534 0.0234611 0.0327652 0.0256002 -0.0553334 0.0329464 0.0350115 0.0257238 0.0142511 0.0154481 0.0332048 -0.0440293 -0.0372645 0.0352773 0.0415312 0.0432853 0.00697979 0.0102148 -0.0251064
internal_weight=3.68214e+06 2.78938e+06 1.4297e+06 892762 1.35968e+06 1.20963e+06 708928 650752 854059 1.16143e+06 848370 822102 745913 380465 353359 437379 375132 260809 220064 365448 114323 1.13705e+06 1.13354e+06 76188.6 69544.9 271549 6643.72 89657.4 300765 297393 237392 5688.18 296830 154027 117521 23948.6 63373.2 295515 38703.4 25814.4 153639 48203.9 24384.2 52593.3 45062 1315.01
internal_count=7249844 4914374 2195044 2335470 2719330 1739734 1338876 1380454 2201264 1650364 2180532 2123162 1908898 942268 782533 787960 688867 495426 455310 966630 193441 1605734 1598091 214264 199040 550916 15224 197067 652923 597921 507301 20732 595848 302278 248638 55057 145622 592025 134206 86820 300784 89370 44630 129610 108402 3823
is_linear=0
shrinkage=0.043658


Tree=6
num_leaves=47
num_cat=0
split_feature=18 22 23 18 23 22 3 3 30 30 30 23 3 35 22 30 28 28 30 1 35 27 36 23 35 25 23 28 27 21 28 3 22 22 30 23 28 30 17 23 27 23 30 26 36 30
split_gain=761542 270383 131952 37437.3 28877.2 18181.4 16283.9 10185.1 9503.06 7859.28 7656.87 7194.42 7007.24 7449.9 4780.54 4393.34 4392.97 3949.75 3827.56 3758.96 3640.15 3623.86 3504.37 3420.17 3365.52 3027.91 3074.59 2751.1 2707.56 2701.28 2610.71 2573.59 2505.57 2429.5 2336.49 2311.64 1946.05 1937.47 1908.35 1782.83 1751.55 1688.38 1625.67 1670.45 1606.85 1598.07
threshold=1.0000000180025095e-35 1.0000000180025095e-35 0.67029699683189403 0.5017452060066323 0.64029967784881603 0.00084999203648229401 10.500000000000002 6.5000000000000009 0.1046650917773098 0.74632805065987673 0.57294329147435363 0.76038458943367015 6.5000000000000009 13.500000000000002 0.0061514381359682206 0.5274898310703845 -1.5928631873573182 -0.23828578865092523 0.014720244552075977 2.5000000000000004 14.500000000000002 -12.259049075550626 1.0000000180025095e-35 0.80000919103622448 15.500000000000002 10.031489036588148 0.66138610243797313 0.29936369354671227 -17.754164444724697 -0.00075480341911315907 -3.4551257773507946 8.5000000000000018 0.0025833447802173391 0.0006035289379214163 0.83554885362452103 0.75377202033996593 -2.9801156244444065 0.1408885366776032 65.517361111111128 0.76153963804245006 11.844098021804713 0.64923548698425304 0.74632805065987673 65.919043061794795 1.0000000180025095e-35 0.5303175576831618
decision_type=2 2 2 2 2 2 2 2 2 2 2 2 2 2 2 2 2 2 2 2 2 2 2 2 2 2 2 2 2 2 2 2 2 2 2 2 2 2 2 2 2 2 2 2 2 2
left_child=1 2 15 8 7 11 10 16 18 12 17 25 19 14 -14 -1 42 -4 -2 39 45 -22 30 -19 -21 27 -27 -6 -17 -11 -9 -32 36 -20 -31 -15 -7 -38 -36 -10 -13 -5 43 -3 -8 -18
right_child=3 4 6 41 5 32 44 22 9 29 -12 40 13 35 -16 28 20 23 33 24 21 -23 -24 -25 -26 26 -28 -29 -30 34 31 -33 -34 -35 38 -37 37 -39 -40 -41 -42 -43 -44 -45 -46 -47
leaf_value=0.033225068547514655 -0.059916265693332006 -0.014574018667933441 0.019220650216059152 -0.036237634832703383 0.035497824443064617 -0.050887738927047226 0.036860662475377552 -0.063555338716827794 0.0044572704498885155 0.028282243751684987 0.042858042042807007 0.059598017235716449 0.0040488514197375104 0.015901066840554496 -0.018980746834911685 -0.008761595455749397 0.027735414387944794 0.066885660330466681 -0.0067536710294011605 -0.0027214695623551223 0.034766665174496898 0.0030666956222914848 -0.056926042867107104 0.032144171984249459 -0.018401347445443948 0.033192604770693648 0.050838234226851541 0.043658917106831056 0.022602867278539489 -0.0095570275967162728 0.035824281404315823 0.026634700876974136 0.023282408135061248 -0.034747267946531601 -0.015652423260699422 0.0010502200735424381 0.01279337398289653 0.032591061101426552 -0.048313659441987053 -0.038795519069594019 0.041988303104758262 -0.05568924592778611 -0.010641854916444312 0.012848216496075336 0.060369299158300922 0.019303811213621364
leaf_weight=129449.94202874601 4430.8155913352966 4701.842691719532 3347.582817658782 25749.538629382849 249413.19959837198 545.95088678598404 41387.770592167974 559.53867729008198 146398.83137950301 3025.5006413757801 26567.591885074973 48723.180191799998 228071.57444627583 156549.58980549872 18579.84380300343 5596.5183749347925 86739.002805069089 1106894.3335499465 17722.639084383845 149996.23116233945 8582.1697869002819 34526.053217604756 874.47849714756012 5428.071122944355 31585.589351400733 24835.997106641531 77734.116253614426 115055.03295554221 83721.192812696099 50362.960200503469 107419.44052746892 126495.06958848238 110586.38220407069 8865.2587783038616 7883.2554189860821 22900.665340393782 9897.2795591950417 196403.15581135452 6009.3255374133587 1839.1353225708008 13822.18727466464 12702.514287486672 8479.0130667686462 42543.078932315111 6399.3564194887877 84677.598656639457
leaf_count=257921 16726 13158 7424 87103 485821 1930 79374 2096 370735 6454 48459 75343 576780 361858 54194 15178 181512 1581967 48315 398369 17095 85845 3102 10918 92149 49626 131514 208130 181669 139593 209130 265336 237459 28083 22520 59739 22759 391745 20388 6019 25448 47031 23655 100258 9858 188675
internal_value=0.0345307 0.0458626 0.0592486 -0.000523526 0.0319206 0.0368491 0.0649774 0.0236641 0.00137337 0.00226723 0.066022 0.0418012 0.00353989 0.00723801 0.00231405 0.0280859 0.0178815 0.0665736 -0.0223486 -0.00123778 0.0207184 0.00937778 0.0303041 0.0667161 -0.00544896 0.039939 0.0465656 0.0380741 0.0206376 -0.0120314 0.0306295 0.0308548 0.0285873 -0.0160878 -0.0139296 0.0140059 0.0314234 0.0316413 -0.0297806 0.00392061 0.0557065 -0.0426636 0.00695998 0.0101191 0.0400089 0.0235703
internal_weight=3.65408e+06 2.76141e+06 1.40879e+06 892673 1.35261e+06 847016 1.19002e+06 505597 854221 823203 1.14224e+06 529584 755921 426102 246651 218768 270249 1.11567e+06 31018.7 329820 214525 43108.2 235349 1.11232e+06 181582 467038 102570 364468 89317.7 67281 234474 233915 317433 26587.9 64255.5 179450 206846 206300 13892.6 148238 62545.4 38452.1 55723.9 47244.9 47787.1 171417
internal_count=7248461 4912405 2192768 2336056 2719637 1629775 1738000 1089862 2201922 2108798 1648768 975882 1919843 1052571 630974 454768 610198 1600309 93124 867272 473127 102940 479664 1592885 490518 875091 181140 693951 196847 188955 476562 474466 653893 76398 182501 421597 416434 414504 42908 376754 100791 134134 137071 113416 89232 370187
is_linear=0
shrinkage=0.043658


Tree=7
num_leaves=47
num_cat=0
split_feature=18 22 23 18 23 3 22 3 30 30 30 3 35 32 23 23 28 23 31 30 28 30 1 23 35 10 22 35 12 28 32 28 22 23 28 26 30 28 24 2 28 23 22 27 23 24
split_gain=709181 258167 126669 34529.6 27174.2 15774 14649.7 10284.6 8850.11 7459.1 7194.8 6429 6893.03 7748.12 5812.39 6587.78 5207.99 4647.86 4325.32 4107.63 3879.17 3625.26 3576.69 3294.57 2809.43 2586.61 2514.05 2512 2469.57 2443.12 2308.24 2280.66 2262.37 2146.61 2142.84 2270.86 2099 1949.13 1897.53 1851.56 2032.49 1760.16 1699.98 1687.68 1652.18 1616.96
threshold=1.0000000180025095e-35 1.0000000180025095e-35 0.67029699683189403 0.51980959995249199 0.66057932376861583 10.500000000000002 0.00084999203648229401 6.5000000000000009 0.1046650917773098 0.58057644261481578 0.74632805065987673 6.5000000000000009 13.500000000000002 4.8676922321319589 0.76038458943367015 0.67387536168098461 -1.6315560533895741 0.70091050863266002 66.738887786865249 0.48521799825621681 -0.18943979936127567 0.014720244552075977 1.5000000000000002 0.80000919103622448 15.500000000000002 51.500000000000007 0.002192524490906355 3.5000000000000004 71.500000000000014 -3.4551257773507946 2.914522767066956 0.48110521313959304 0.0006035289379214163 0.75377202033996593 -1.9219844464674154 65.851268505936659 0.031989530961966599 -2.9801156244444065 67.528970139493438 7.5000000000000009 0.98692131396257354 0.65330976247787487 0.00011338562971486894 11.844098021804713 0.56530731916427623 66.663382788529361
decision_type=2 2 2 2 2 2 2 2 2 2 2 2 2 2 2 2 2 2 2 2 2 2 2 2 2 2 2 2 2 2 2 2 2 2 2 2 2 2 2 2 2 2 2 2 2 2
left_child=1 2 19 8 7 9 14 16 21 20 11 22 13 -13 15 18 -3 -17 -6 -1 -4 -2 30 -22 -24 -21 37 41 34 -9 -10 -30 -23 -14 35 -12 44 -8 -29 40 -28 -18 -38 -16 -31 -11
right_child=3 4 5 -5 6 -7 26 29 10 45 28 12 33 -15 43 17 27 -19 -20 25 23 32 24 -25 -26 -27 39 38 31 36 -32 -33 -34 -35 -36 -37 42 -39 -40 -41 -42 -43 -44 -45 -46 -47
leaf_value=0.032720107220694628 -0.058018428558141523 0.0065186200894627819 0.02749026031990065 -0.04270774753041344 0.053147984989613054 0.038565220792589408 -0.066116097570126112 -0.061132064335172084 -0.033487612294262947 0.052799295407849556 0.023292322574776283 -0.018100689349675701 0.015193990989560782 0.0050838937781736747 0.057839415687487954 0.027750068842749311 0.029065546747855869 0.039972275760086565 0.033282033068667366 0.00030027929850031624 0.065146225687589543 -0.0064919639395750435 -0.0020276270122301671 0.03133101140390445 -0.014755792414373373 0.023034071695513223 0.019750041048586596 0.014974653942552037 -0.078314957783909081 0.038392180619313342 0.0067834839502897738 -0.022256830791811545 -0.033432002693125684 0.00091142684193965982 -0.0049276697575914227 -0.043597420014827776 0.035376777914678713 0.032499292080678963 0.023421181640895211 0.026444090278905437 -0.010835473119477039 0.0064165526557010124 0.028324355519619471 0.040474010092272111 -0.062713620144478496 0.029885793864382924
leaf_weight=113532.13264486194 4462.7661128789186 52490.502423152328 5287.8099114745855 35476.041185379028 85789.125350579619 47420.321439534426 382.92428347468376 556.3915576338768 2790.7453884482384 10573.094125196338 1180.7911511659622 31476.427303209901 156811.79337117076 216073.95700405538 48028.140740841627 91086.472823604941 86574.267315134406 169975.81520318985 27615.198976099491 10620.629081398249 1087975.4442615807 17757.248807698488 190889.22699557245 5520.0433359891176 39975.409549638629 93715.460971280932 17706.746560573578 114138.02045790851 1640.2502287477255 493.91309796273708 97061.668091028929 8831.4922621101141 8929.4326920360327 22999.454207181931 50487.521666780114 5350.2676742523909 97811.616766989231 148842.56565208733 91208.186704024673 90400.630855992436 5405.160406216979 7074.9782779812813 195125.54758419096 13715.676616564393 818.36706507205963 13200.193178758025
leaf_count=225921 16990 129420 10961 125567 141335 89232 1495 2096 8908 17511 2665 90545 363119 543300 75343 187150 178299 316234 54398 27105 1582482 48417 505199 11118 114717 201742 38856 261246 6373 939 241311 26768 28316 60051 136160 17650 190676 295208 196613 188661 14582 17028 401746 25448 2864 26696
internal_value=0.0332952 0.0443277 0.0575381 -0.000501098 0.0306988 0.0632298 0.0366656 0.024246 0.00124665 0.0642717 0.00210857 0.00332465 0.00686144 0.00213592 0.0415709 0.0395245 0.0192022 0.0357079 0.0483105 0.0269733 0.0647951 -0.0215972 -0.00124567 0.0649755 -0.00423159 0.02072 0.0285214 0.0214288 -0.0115509 0.0302595 0.00565791 -0.0310382 -0.0155064 0.0133671 -0.00797181 -0.0315034 0.0304324 0.0322462 0.0187264 0.0236247 0.0125969 0.0273545 0.0306792 0.053982 -0.024657 0.0400767
internal_weight=3.62528e+06 2.73309e+06 1.38785e+06 892194 1.34524e+06 1.16998e+06 698948 646292 856718 1.12256e+06 825569 758079 427362 247550 436210 374467 351486 261062 113404 217868 1.09878e+06 31149.4 330717 1.0935e+06 230865 104336 262738 298995 67490.3 294806 99852.4 10471.7 26686.7 179811 57018.6 6531.06 294249 149225 205346 113513 23111.9 93649.2 292937 61743.8 1312.28 23773.3
internal_count=7248461 4912405 2192768 2336056 2719637 1738000 1338710 1380927 2210489 1648768 2116766 1927150 1057015 633845 799908 699117 782606 503384 195733 454768 1604561 93723 870135 1593600 619916 228847 538802 653186 189616 598321 250219 33141 76733 423170 156475 20315 596225 296703 457859 242099 53438 195327 592422 100791 3803 44207
is_linear=0
shrinkage=0.043658


Tree=8
num_leaves=47
num_cat=0
split_feature=18 22 23 18 23 22 3 3 30 30 23 35 22 30 32 30 28 28 35 28 23 36 22 30 3 28 21 22 32 30 27 28 30 27 23 3 9 23 23 27 36 30 26 30 23 22
split_gain=661274 247325 122068 31779.2 25661 16209.3 15361.5 8796.72 8187.65 7301.45 6481.69 6388.86 5933.09 6210.38 5740.92 3851.8 3718.53 3694.85 3280.32 3358.51 3262.99 3220.87 2898.4 3005.1 2501.96 2509.73 2410.7 2306.89 2181.41 2166.07 2154.01 2061.88 1845.36 1834.89 1793.76 1802.51 1775.65 1605.12 1848.41 1562.26 1544.53 1490.51 1513.49 1463.76 1443.04 1438.27
threshold=1.0000000180025095e-35 1.0000000180025095e-35 0.67029699683189403 0.51980959995249199 0.64029967784881603 0.00081308384234240582 10.500000000000002 6.5000000000000009 0.031989530961966599 0.56729592288954722 0.76038458943367015 25.500000000000004 0.0066837836582464994 0.74632805065987673 6.5170714855194101 0.5478281236363064 -0.18943979936127567 -1.5928631873573182 14.500000000000002 -1.2105091590518184 0.80000919103622448 1.0000000180025095e-35 5.071011406169195e-05 0.0066036370189105102 11.500000000000002 -1.4690332690193351 -0.00069344043731689442 0.0025833447802173391 2.310603260993958 0.23383636448080097 -17.754164444724697 0.4983748012712122 0.11113487565724313 -0.37501118855539056 0.66057932376861583 6.5000000000000009 -0.22252093395631442 0.76153963804245006 0.67412567138671886 11.844098021804713 1.0000000180025095e-35 0.75123217494774031 65.919043061794795 0.5303175576831618 0.64923548698425304 0.011592587677019506
decision_type=2 2 2 2 2 2 2 2 2 2 2 2 2 2 2 2 2 2 2 2 2 2 2 2 2 2 2 2 2 2 2 2 2 2 2 2 2 2 2 2 2 2 2 2 2 2
left_child=1 2 15 8 7 10 9 17 28 16 22 12 13 14 -10 34 -4 41 43 -20 -18 24 -6 -24 29 -26 -15 32 36 -9 -17 45 -7 -34 35 -1 -2 38 -11 -12 -8 42 -3 -19 -5 -14
right_child=3 4 6 44 5 27 40 21 11 37 39 -13 31 26 -16 30 20 18 19 -21 -22 -23 23 -25 25 -27 -28 -29 -30 -31 -32 -33 33 -35 -36 -37 -38 -39 -40 -41 -42 -43 -44 -45 -46 -47
leaf_value=0.021839665411896001 0.043084048509978497 -0.014091337290680425 0.025890131287086844 -0.034989993568201434 0.043739861253715165 0.0066016788929424471 0.034088251014830713 0.021716965321630564 -0.002140564254052704 0.058775459939270844 0.056300762328001977 0.022757561639949506 -0.0013004603141517832 0.027331793696443608 0.0059837606724800364 -0.0085088217253065368 0.063581333660827161 0.025687089466382221 0.025837676436545918 -0.00025309431664567489 0.029216748121280577 -0.05570436814841187 -0.035594505779585346 0.035606141920207453 -0.00070142076493016003 0.024663301198152129 -0.013096435317349791 0.021402794158039213 -0.058810541503082327 0.032788033256389272 0.020262101646919311 -0.025586005825903649 0.024181511612151822 0.03289314056544522 0.042596175907346726 0.032888545582453486 -0.045623013846224622 0.060582506718745328 0.028231129151537224 0.039310987722812309 0.057387415575071862 -0.011244984415432939 0.01182798667597665 0.017593296526011142 -0.053869794627926293 -0.024201542874020189
leaf_weight=47840.206939414144 838.19120661914349 4770.292099609971 5058.6739148944616 23851.095415756106 101860.98213088512 6671.6195088624954 40784.104935243726 43473.716776311398 262618.15580050647 4862.3310223072767 46605.34171576798 26322.331925272942 21649.35711362958 2947.3039785176516 449587.51966501772 5307.1719051152468 1063465.7202220857 86146.620510905981 13900.285503908992 29068.837940827012 5293.2139990627766 874.06099456548691 1133.4078667759895 350678.71315845847 9986.0003179013729 29105.093809038401 60863.139142408967 109779.7989576757 5446.7022675126791 149620.34435679018 75741.648175179958 18357.469129949808 69804.323019430041 135635.03640735149 19671.099529862404 68364.2586979568 883.26614171266556 5984.2384784221649 16912.887682005763 13251.167129665613 6255.4751806855202 7888.823834836483 42990.412057697773 84239.774464517832 11408.924736320972 6890.8384327888489
leaf_count=103455 1730 13334 10575 82336 183163 15908 79374 93563 691419 7589 74182 57728 56688 6307 1122954 14397 1576193 181512 29425 73515 10794 3102 3429 675642 25237 61401 173079 237459 20994 296361 166009 56029 148063 267198 35662 135245 3037 9152 34465 24731 9858 22132 101605 188675 43231 20524
internal_value=0.0321226 0.0428773 0.055947 -0.000479692 0.0295335 0.0342214 0.0616196 0.0217328 0.00119269 0.0626629 0.0390361 0.00158489 0.000907635 0.00181895 0.002988 0.0259107 0.0632344 0.0163538 0.018967 0.00818708 0.0634111 0.0279414 0.0372545 0.0353767 0.0282563 0.0181837 -0.011229 0.0265403 -0.0452709 0.0302955 0.0183781 -0.0141718 0.0291993 0.0299331 0.0304038 0.0283399 -0.00242884 0.0405559 0.0350519 0.0525396 0.0371868 0.00633523 0.0092391 0.0216855 -0.041099 -0.00682993
internal_weight=3.59469e+06 2.70303e+06 1.36554e+06 891664 1.33748e+06 835420 1.14862e+06 502064 856404 1.10158e+06 513530 849236 822914 776016 712206 216924 1.07382e+06 269005 213356 42969.1 1.06876e+06 233059 453673 351812 232185 39091.1 63810.4 321891 7168.16 193094 81048.8 46897.7 212111 205439 135876 116204 1721.46 27759.5 21775.2 59856.5 47039.6 55649.5 47760.7 170386 35260 28540.2
internal_count=7248461 4912405 2192768 2336056 2719637 1629775 1738000 1089862 2210489 1648768 961147 2184728 2127000 1993759 1814373 454768 1597562 610198 473127 102940 1586987 479664 862234 679071 476562 86638 179386 668628 25761 389924 180406 133241 431169 415261 274362 238700 4767 51206 42054 98913 89232 137071 114939 370187 125567 77212
is_linear=0
shrinkage=0.043658


Tree=9
num_leaves=47
num_cat=0
split_feature=22 19 3 19 22 30 3 30 23 23 19 25 30 28 22 22 19 20 28 3 35 19 35 20 23 24 19 19 17 30 21 19 23 19 8 9 20 17 27 29 23 19 30 31 23 27
split_gain=445245 212012 33658 31343.3 41553.4 14204.4 12889.4 10271.3 9883.39 9683.47 12577.7 10796.1 9455.29 7317.6 6866.58 6615.71 7814.97 5151.45 4574.05 4242.86 4016.52 3927.16 4490.51 3656.42 3581.99 4608.28 3479.48 3472.04 8602.86 3287.8 3230.18 3060.33 2981.6 5985.38 2962.1 2733.75 2635.51 3225.17 2585.5 4315.76 2581.26 2459.91 2449.58 2389.88 2345.32 2300.35
threshold=1.0000000180025095e-35 66.500000000000014 10.500000000000002 65.500000000000014 0.0020459627312786363 0.49349278204999963 6.5000000000000009 0.13413774852080895 0.76543691754341137 0.67387536168098461 68.500000000000014 10.031489036588148 0.031989530961966599 -1.5928631873573182 0.0064001790892669755 0.00046462230991113488 75.500000000000014 65.500000000000014 -0.18943979936127567 6.5000000000000009 15.500000000000002 64.500000000000014 21.500000000000004 65.500000000000014 0.76153963804245006 67.528970139493438 66.500000000000014 66.500000000000014 66.003472222222243 0.10778660262544416 -0.0013020932674407957 65.500000000000014 0.80000919103622448 78.500000000000014 -1.0000000180025095e-35 0.81174490092936691 68.500000000000014 67.996527777777786 -13.100186948868169 66.220442248316331 0.66588589549064647 63.500000000000007 0.066140830751489008 66.649997711181655 0.49092386662960058 10.864598388430752
decision_type=2 2 2 2 2 2 2 2 2 2 2 2 2 2 2 2 2 2 2 2 2 2 2 2 2 2 2 2 2 2 2 2 2 2 2 2 2 2 2 2 2 2 2 2 2 2
left_child=1 19 5 6 9 8 13 42 18 11 36 27 -8 35 45 16 -12 21 -3 31 23 22 -14 -15 25 -7 -13 28 -5 -17 -20 44 33 -4 -22 38 37 -11 -2 -40 -19 -36 -6 -29 -1 -9
right_child=3 2 32 4 7 24 12 14 -10 10 15 26 17 20 -16 29 -18 40 30 -21 34 -23 -24 -25 -26 -27 -28 43 -30 -31 -32 -33 -34 -35 41 -37 -38 -39 39 -41 -42 -43 -44 -45 -46 -47
leaf_value=-0.0099342894469056624 -0.0073697243677149733 0.020198764986707529 0.022963249682202588 0.032045268384223689 -0.063213041824030355 0.044426517938963885 -0.047987363259673274 0.016774243744378123 0.02000009012340611 0.007413256275522714 0.030217160798165978 0.041802805544905224 0.016329999018145126 0.013760619618132767 -0.0037400259934264337 -0.0017620319782139966 0.049413978495960985 -0.00044945961908669855 0.0074172040653190992 0.022625722879346468 -0.0058982792590503343 0.034228355290050499 0.027792260838947404 -0.0075852013763395348 0.057070823240245205 0.016543068326396862 0.06134303789338625 0.049923458468408011 -0.0043112798421543171 0.024764617949119772 0.06151557097476483 0.029532096712088118 0.0028437765023788687 0.059431747586475445 0.0040215460698455772 0.014350410307967364 -0.0021696905933512103 0.024091364825822324 -0.0433154218652822 0.020611613263134466 -0.063408548188616826 0.026178857409065861 -0.018951195402766966 0.020538869641603986 0.011929049531137567 0.0049436137294700394
leaf_weight=10068.501124590635 81686.370693281293 5160.6438757181168 42379.211881116033 53156.916552633047 3576.0237361192703 28638.407401680946 4114.7175028026104 138330.06057474017 11218.887577190995 43543.889985784888 195410.57840433717 35727.217659369111 389918.18463878334 366116.9943844229 53440.493567213416 9334.4095861166716 50962.377475500107 14990.654852613807 2108.1897838711739 157774.92307256162 41732.614611282945 31257.490095213056 78213.97489118576 15961.89093285799 16465.013112008572 18658.051313623786 33808.150381848216 19674.220172956586 16181.302598759532 193790.42544615269 1027642.0077174753 17901.518665939569 8751.9412222057581 10755.082827627659 35704.567579239607 17943.030315041542 18679.929907798767 44876.798299923539 2345.0943143218756 14205.48530587554 1353.2028959393501 13037.646212145686 7145.7844773381948 7209.1705684810877 131346.43089354038 40498.275123044848
leaf_count=27744 222238 11303 91063 105002 13775 51448 14694 315010 24989 105238 395598 65944 888928 852730 142546 24001 87463 39164 5055 341846 111223 60990 162583 43719 26319 41963 51239 33366 43184 411778 1566564 36584 21763 16716 89606 42427 49395 94327 7665 32089 5035 27815 20724 15606 309118 100884
internal_value=0.0310056 0.0492209 0.057791 0.0179288 0.0236803 0.0595382 0.0129204 0.00806302 0.0607575 0.0289338 0.0261753 0.0381966 0.0179302 0.00849684 0.00999153 0.0293788 0.0341881 0.0184562 0.0611993 0.017551 0.0109102 0.0192455 0.0182451 0.0128689 0.0395325 0.0334268 0.0513034 0.0287248 0.0235608 0.0235456 0.0614048 0.0125253 0.0264559 0.0303451 0.00263884 -0.00131946 0.0127302 0.0158781 -0.00418161 0.0115533 -0.00566262 0.00994831 -0.0337143 0.0420437 0.0103724 0.014095
internal_weight=3.5628e+06 1.48887e+06 1.17178e+06 2.07393e+06 965346 1.10989e+06 1.10858e+06 242991 1.04613e+06 722355 556598 165757 519848 588734 232269 449498 246373 515734 1.03491e+06 317091 472554 499390 468132 382079 63761.5 47296.5 69535.4 96221.6 69338.2 203125 1.02975e+06 159316 61886.2 53134.3 90474.8 116180 107101 88420.7 98237 16550.6 16343.9 48742.2 10721.8 26883.4 141415 178828
internal_count=7248461 2572475 1857183 4675986 2075080 1727641 2600906 592939 1607911 1482141 1167800 314341 1171394 1429512 558440 918840 483061 1156700 1582922 715292 1125093 1112501 1051511 896449 119730 93411 117183 197158 148186 435779 1571619 373446 129542 107779 228644 304419 248960 199565 261992 39754 44199 117421 34499 48972 336862 415894
is_linear=0
shrinkage=0.043658


Tree=10
num_leaves=47
num_cat=0
split_feature=18 22 23 18 23 3 22 3 30 30 30 3 15 23 23 35 23 25 28 30 2 1 23 28 30 32 35 23 28 27 28 26 22 2 28 26 1 27 27 22 30 22 27 32 3 32
split_gain=599294 225627 113159 28773.7 22372.2 14370.2 12202.7 8357.11 7380.43 6965.73 5969.13 5235.41 6222.93 5195.7 6170.05 4363.74 4360.39 4238.91 4119.56 3749.51 3238.89 3150.34 3040.01 2993.68 2967.56 2825.78 2574.71 2459.44 2406.07 2326.92 2302.33 2284.97 3038.52 2153.89 3716.45 2130 2089.97 2027.1 1879.79 1843.98 2883.18 1837.02 1749.76 1660.67 1644.79 1578.13
threshold=1.0000000180025095e-35 1.0000000180025095e-35 0.6715412735939027 0.5017452060066323 0.66057932376861583 10.500000000000002 0.00091135725404394529 6.5000000000000009 0.1046650917773098 0.57294329147435363 0.73612060257540268 6.5000000000000009 74.500000000000014 0.76038458943367015 0.67387536168098461 13.500000000000002 0.70091050863266002 10.031489036588148 -1.7209818199722553 0.46684949806277737 18.500000000000004 2.5000000000000004 0.80000919103622448 -0.23828578865092523 0.014720244552075977 2.8136487007141118 21.500000000000004 0.7048267424106599 -1.9219844464674154 -17.754164444724697 -1.9811817414248356 66.637280831173825 0.00011338562971486894 7.5000000000000009 1.2411472216289925 65.851268505936659 3.5000000000000004 -7.3649329134158767 -1.2079759782276509 6.9690914455287513e-05 0.20217494572315756 0.0006035289379214163 11.844098021804713 4.6194033622741708 9.5000000000000018 12.522202491760256
decision_type=2 2 2 2 2 2 2 2 2 2 2 2 2 2 2 2 2 2 2 2 2 2 2 2 2 2 2 2 2 2 2 2 2 2 2 2 2 2 2 2 2 2 2 2 2 2
left_child=1 2 19 8 7 9 13 18 24 22 11 21 15 14 17 -13 -16 -6 -3 38 -14 25 23 -4 -2 -10 -23 28 35 -21 -9 37 -33 34 43 -12 -36 -20 -1 -32 -41 -26 -15 -8 -24 -5
right_child=3 4 5 45 6 -7 33 30 10 -11 27 12 20 42 16 -17 -18 -19 31 29 -22 26 44 -25 41 -27 -28 -29 -30 -31 39 32 -34 -35 36 -37 -38 -39 -40 40 -42 -43 -44 -45 -46 -47
leaf_value=0.027785049168980655 -0.054009707552406097 0.0047580250572944781 0.015930711196388305 -0.040560401269179092 0.036392080498126443 0.03496056557641701 0.0013747803767952765 0.0090604984619914956 -0.036261250730231454 0.037117841676479607 0.021191560216864452 0.003824665264938579 0.0012631468380469699 0.0533347459819467 0.02428058109902051 0.01356636086456188 0.036057498500137321 0.053412611712784004 0.0060831527089960594 -0.0062385340137166932 -0.018670234480013162 -0.0042611047936634153 -0.012186979009399024 0.060751981205576885 -0.0067967718667342227 0.0040901289469844207 -0.027780539869675682 -0.0274171481046338 -0.0035424311425461602 0.020475271450569529 0.034892328961692261 0.031337050229736305 0.01871554053682498 0.027468948559439318 -0.039907949654186606 -0.040856079504128735 0.010076288983586493 0.018432508886802122 0.043425696050050748 0.013829524788295251 0.028234791517073022 -0.03115423400067344 0.03574621826600706 0.02521203321089701 0.042374662753925693 -0.0029165594987925177
leaf_weight=91528.703057676554 4299.7595762759447 44283.483923271298 2848.4917812347412 35569.088977441192 61278.296431332827 45950.284674778581 6490.7018975317478 12721.316378936172 3386.3855253309011 24969.163040712476 1275.219485014677 202830.08901709318 39059.128725558519 47112.645582973957 92374.449864760041 154330.3603797853 170585.10710373521 51189.066285178065 39663.919932216406 6609.1921889483929 25798.645701900125 168888.23662798107 1446.765375956893 1019810.1880837828 17709.584984630346 142557.0401289463 9363.4848604947329 13212.178200915456 54992.461149021983 104135.01404975355 59166.781451001763 48347.909580484033 146583.17659793794 194688.30745980144 3040.9830245524645 6090.5180451273918 3351.5083973705769 70132.357169255614 17437.889866262674 30827.940788432956 187920.54590016603 8851.8139378875494 13982.122549533844 39308.371789947152 3868.9168849289417 2257.6006856709719
leaf_count=187680 16726 110324 6388 127421 116658 88508 15931 30184 10921 47273 2909 509390 101195 77508 193466 358489 325442 83974 95763 17635 76012 452661 3891 1576547 48315 360181 28888 41074 147079 226486 114619 97221 323956 399445 9555 19999 7887 155342 31333 69899 383619 28083 26764 82080 7027 6713
internal_value=0.0299193 0.0403602 0.0531409 -0.00105439 0.0276225 0.0588596 0.033115 0.0217544 0.000598584 0.0599025 0.00138572 0.00256982 0.00577495 0.0375022 0.0355808 0.0080341 0.0319204 0.044139 0.0172006 0.0245384 -0.00666576 -0.00160242 0.060456 0.0606271 -0.0203615 0.0031538 -0.0054966 -0.0103065 -0.00668106 0.018881 0.0272229 0.0190087 0.021846 0.0253575 0.0174814 -0.0301133 -0.0137014 0.0139713 0.0302881 0.0280543 0.0262047 -0.0149143 0.0493095 0.0218339 0.027524 -0.0383138
internal_weight=3.53213e+06 2.64165e+06 1.3186e+06 890472 1.32305e+06 1.09889e+06 683402 639647 852645 1.05294e+06 821784 746213 422018 436522 375427 357160 262960 112467 349011 219711 64857.8 324195 1.02797e+06 1.02266e+06 30861.2 145943 178252 75570.4 62358.2 110744 290637 304727 194931 246880 52191.6 7365.74 6392.49 109796 108967 277915 218748 26561.4 61094.8 45799.1 5315.68 37826.7
internal_count=7248461 4912405 2192768 2336056 2719637 1729634 1338710 1380927 2201922 1641126 2108798 1897737 1045086 823812 719540 867879 518908 200632 782606 463134 177207 852651 1593853 1582935 93124 371102 481549 211061 169987 244121 598321 672282 421177 514898 115453 22908 17442 251105 219013 568137 453518 76398 104272 98011 10918 134134
is_linear=0
shrinkage=0.043658


Tree=11
num_leaves=47
num_cat=0
split_feature=18 22 23 18 27 22 23 28 35 22 23 23 18 14 18 28 22 26 25 31 23 23 23 23 23 28 26 28 10 35 23 25 31 2 28 27 1 28 26 31 2 35 26 10 25 35
split_gain=560187 217849 110056 26543.8 21188.7 11178.9 8000.58 7805.31 5672.57 5272.41 5015.63 6328.27 4491.02 13086.9 7729.57 4296.14 4247.31 4091.49 3795.6 3633.89 3197.72 27980.6 3117.14 3058.51 2716.66 2587.32 2550.53 2438.83 2309.65 2192.15 2060.71 1896.13 1852.83 1805.95 2702.23 1756.3 1694.49 1658.23 1511.42 1943.59 1410.81 1395.15 1391.68 1359.53 1317.92 2843.61
threshold=1.0000000180025095e-35 1.0000000180025095e-35 0.6715412735939027 0.51980959995249199 -0.37501118855539056 0.0013327678087102981 0.80000919103622448 -1.6886414654931867 25.500000000000004 0.0066837836582464994 0.67387536168098461 0.76038458943367015 0.3318732591531755 0.20412414523618203 0.37397879600197181 -0.18943979936127567 0.00011338562971486894 66.49339286800155 6.3989045365870547 66.450000762939467 0.67412567138671886 0.71118247509002697 0.6708858609199525 0.6500944495201112 0.80000919103622448 -3.4551257773507946 68.177160738518779 -1.4091151473518131 85.500000000000014 27.500000000000004 0.49092386662960058 10.131921292814646 66.850002288818374 7.5000000000000009 1.2411472216289925 3.9846934264706317 3.5000000000000004 -2.3491951121329095 69.359114770967608 66.850002288818374 6.5000000000000009 6.5000000000000009 69.038065737033705 88.500000000000014 9.8117086945708518 8.5000000000000018
decision_type=2 2 2 2 2 2 2 2 2 2 2 2 2 2 2 2 2 2 2 2 2 2 2 2 2 2 2 2 2 2 2 2 2 2 2 2 2 2 2 2 2 2 2 2 2 2
left_child=1 2 23 8 7 10 15 37 9 12 19 18 -2 25 -15 -4 17 27 -12 22 32 -22 -6 30 -13 -14 29 -9 -8 -18 -1 -25 -17 34 -7 -11 -36 44 42 -40 -37 -42 -39 -35 -3 -46
right_child=3 4 6 -5 5 33 28 16 -10 35 11 24 13 14 -16 20 26 -19 -20 -21 21 -23 -24 31 -26 -27 -28 -29 -30 -31 -32 -33 -34 43 36 40 -38 38 39 -41 41 -43 -44 -45 45 -47
leaf_value=-0.0007785354088795768 -0.0061936223049754617 -0.010033861426980185 0.025713920265964467 -0.03838258643394981 0.040601351937060562 0.019515517973730002 -0.0078559563779214085 -0.016034498133684169 0.020514228386084774 -0.0073362801271912815 0.042934316375200142 0.050713619708347389 -0.04027898835010451 -0.0022674258607820698 0.027546353538184083 0.062343892192240145 0.017483501090109571 0.033209295322410182 0.028983151202684573 0.020783871736217072 0.029953440508551834 0.059331925998540952 0.05963240678324519 0.026221733870679696 0.030106325094903092 0.00016366860168775849 0.02441405202387625 0.022140651759379369 0.034347171896211011 0.047660920983498105 0.021815633024216519 0.043422786687353956 0.013151204573346941 0.024412130883503757 -0.039427046817526977 -0.047856993905066203 0.008563826056985361 0.0094315178508258303 0.025246645747450634 -0.033014347084982784 -0.033976974743962045 -0.007231529129096915 -0.02128637913801595 0.051431820899864325 0.035217422938110254 -0.054962452631899542
leaf_weight=8084.683233037591 145063.98304568231 13297.810130253434 7813.2178642451763 34804.810764148831 31245.731535181403 24816.851681664586 3466.3514721989632 3337.2785011976957 26196.051930546761 28333.459932997823 44920.434264719486 54851.988546893001 3031.540687918663 23432.142076030374 56635.918379113078 290218.91843275726 247093.52400259674 131424.15579503775 215463.43362511694 8842.4706683158875 67815.567686274648 695648.64035834372 34542.146190792322 31479.83379894495 15680.197633117437 553181.13563409448 228567.04133829474 72056.470207676291 8611.8044944703579 4675.0216265618801 159091.24461425841 19961.899804905057 1466.9472952187061 113042.88512894511 2645.3460521548986 3906.8525332212448 2984.094296425581 34360.551600933075 18637.625921532512 1159.1663010716438 6405.5419453382492 8859.6257395148277 3061.518883690238 3664.7074865698814 3454.4255519509315 825.70856042206287
leaf_count=20667 390600 36262 16220 125567 57481 53922 9020 9171 57838 77135 80848 92806 9780 61589 122430 445957 547541 258090 434404 18940 137123 1101258 53574 65129 31394 1432266 480520 154308 16697 8079 341406 35932 3359 236883 8351 13307 7095 82008 39817 3510 20873 24671 8784 6155 6873 2821
internal_value=0.0289017 0.0391062 0.0518253 -0.0010093 0.0265901 0.0330979 0.0575677 0.0218696 0.000511983 -0.000120191 0.036838 0.0345322 0.000738386 0.0023188 0.0188212 0.0579692 0.0233274 0.0285583 0.03139 0.0470618 0.058208 0.0567224 0.0505938 0.0235875 0.0461324 -5.67549e-05 0.0210751 0.0204508 0.0222349 0.0180439 0.020723 0.0328967 0.0620965 0.0227903 0.0133208 -0.0142417 -0.0139873 0.00847638 0.0120794 0.021835 -0.0244466 -0.0184547 0.00691835 0.0252606 -0.00325162 0.0178189
internal_weight=3.49816e+06 2.60831e+06 1.29366e+06 889851 1.31465e+06 552700 1.07504e+06 761950 855046 828850 405546 330916 781345 636281 80068.1 1.06296e+06 687153 206818 260384 74630.3 1.05515e+06 763464 65787.9 218618 70532.2 556213 480336 75393.7 12078.2 251769 167176 51441.7 291686 147154 30446.3 47505.5 5629.44 74796.8 57218.9 19796.8 19172 15265.2 37422.1 116708 17577.9 4280.13
internal_count=7248461 4912405 2192768 2336056 2719637 1081853 1729634 1637784 2210489 2152651 769447 639452 2016665 1626065 184019 1703917 1457709 421569 515252 129995 1687697 1238381 111055 463134 124200 1442046 1036140 163479 25717 555620 362073 101061 449316 312406 69368 135986 15446 180075 134119 43327 58851 45544 90792 243038 45956 9694
is_linear=0
shrinkage=0.043658


Tree=12
num_leaves=47
num_cat=0
split_feature=18 22 23 18 23 22 30 30 23 30 30 23 35 18 14 22 30 23 29 30 26 25 28 35 23 23 2 32 22 36 30 22 25 27 27 12 22 23 27 23 25 23 23 2 23 25
split_gain=524359 210232 106976 24518 20142.6 13301.2 12937.6 6721.39 6064.62 5704.44 5649.52 5533.37 4598.84 4340.32 11862.5 3802.43 3651.13 3634.74 2750.93 2648.09 2571.85 2426.22 2328.88 2299.6 2295.57 3186.27 2267.08 2220.28 2191.15 2162.02 2124.15 2204.36 1967.13 1915.16 1902.11 1800.86 1778.31 1767.1 1766.55 1757.18 1697.82 1678.64 2393.2 1642 1548.83 1498.19
threshold=1.0000000180025095e-35 1.0000000180025095e-35 0.6715412735939027 0.5017452060066323 0.64029967784881603 0.00075894691971416781 0.49349278204999963 0.1011285020860863 0.80000919103622448 0.63230057438034948 0.83554885362452103 0.76038458943367015 24.500000000000004 0.33187325915615024 0.20412414523618203 0.00015330813291015053 0.5274898310703845 0.52206307649612438 66.181562745980585 0.014720244552075977 66.741938374951886 9.5261594602255819 -0.23828578865092523 21.500000000000004 0.76038458943367015 0.67412567138671886 24.500000000000004 7.4405045509338388 5.071011406169195e-05 1.0000000180025095e-35 0.11758231336299686 0.0020459627312786363 9.4082357609474503 -17.754164444724697 -1.2079759782276509 65.500000000000014 0.00059119137683282268 0.68033981323242199 -0.37501118855539056 0.80000919103622448 7.9271654433146646 0.63501238822937023 0.63059458136558544 7.5000000000000009 0.64923548698425304 9.7971983503683457
decision_type=2 2 2 2 2 2 2 2 2 2 2 2 2 2 2 2 2 2 2 2 2 2 2 2 2 2 2 2 2 2 2 2 2 2 2 2 2 2 2 2 2 2 2 2 2 2
left_child=1 2 16 7 9 11 8 19 22 15 12 18 13 -9 -15 20 34 40 32 -2 45 -22 -4 29 25 -8 -25 -24 -20 -17 -7 38 -6 -18 -1 -12 -21 -27 -32 -26 -11 42 -19 -33 -5 -3
right_child=3 4 6 44 5 30 24 10 -10 17 35 -13 -14 14 -16 23 33 41 28 36 21 -23 27 26 39 37 -28 -29 -30 -31 31 43 -34 -35 -36 -37 -38 -39 -40 -41 -42 -43 -44 -45 -46 -47
leaf_value=0.025202498609282718 -0.052042322719518218 0.028441143803360679 0.013569594805860551 -0.029353850169285146 0.032449296870141461 0.0037218864236076695 0.056732045547441178 -0.0056376976539265393 0.01806244859325561 -0.051241569947542288 -0.012056740432753303 0.047570045674392117 0.017378825092560276 0.00030994510184249868 0.018036800525912122 0.015956895576587679 -0.0087762053002963004 0.013031783695001666 0.037592947477777243 -0.0064213570798843708 0.024299021885840617 0.038465880392078163 0.058825410883960795 0.032292116597757492 0.054789254921133464 -0.0033373856706966818 -0.0066741640399652219 0.052054814521738886 0.029264550451630001 -0.055637862216501563 0.020903824204106775 0.010475197806539624 0.046275223520187238 0.017543029268219785 0.040260782894063818 -0.043213499385772965 -0.031326712618519097 0.030894485074786201 0.030056134375197507 0.025287729866331113 -0.0027647447602311272 -0.009424940570365305 0.037047571649069785 0.022073723229670921 -0.04827125929915746 0.015029799032072228
leaf_weight=110320.50582295656 4232.9393638968468 25196.692318081856 2243.9837432354689 25069.748266428709 35277.473484292626 10435.810112342238 9195.7490395754576 148750.64623071253 7303.4501371532679 1483.7671902030706 7957.3914686441422 54630.612174883485 34401.222231283784 543043.51562531292 82940.849486574531 181078.67890295386 5627.6909887939692 86194.770879343152 77599.261032953858 16507.173777610064 47474.605899021029 44775.619790941477 861608.45522119105 28457.209602430463 21429.776267588139 3111.675689086318 3161.9263819307089 103411.25243447721 268785.40762645006 807.45483712852001 60883.736999586225 29444.028732150793 44185.974353030324 82793.634500607848 18700.032965034246 6364.268525660038 8168.9207030683756 37643.607181236148 118326.72328154743 4691.2105739712715 19140.993609398603 5569.7648462951183 8708.0468071401119 110876.2592600733 12296.557141214609 42925.974707379937
leaf_count=229821 16644 51483 5090 86987 69274 25263 14814 399418 16029 5003 22430 95578 77538 1402980 190797 405849 15298 197736 146350 45026 99951 84324 1389691 56131 35193 7843 8229 176186 541755 2868 131121 68452 77585 183169 34576 21440 26170 75084 236726 9745 49702 14672 16700 236404 47332 96577
internal_value=0.0279259 0.0379145 0.0505751 -0.000965575 0.0256161 0.0298542 0.0563438 0.000551833 0.0576973 0.0186767 0.00127824 0.0344892 0.00175934 0.00106577 0.0026587 0.0213441 0.0227017 0.0104414 0.0328111 -0.0201393 0.0264242 0.0311753 0.0579966 0.0175282 0.0390032 0.0335187 0.0283954 0.0580999 0.0311303 0.015639 0.023105 0.0237381 0.0401373 0.0158679 0.0273851 -0.0259026 -0.0146664 0.0282808 0.0269468 0.0494911 -0.00625252 0.0138684 0.0152355 0.01964 -0.0355794 0.0199904
internal_weight=3.46324e+06 2.5735e+06 1.26808e+06 889733 1.30542e+06 810445 1.05064e+06 852367 974567 494976 823458 480479 809136 774735 625984 373878 217442 121097 425848 28909 160373 92250.2 967264 213505 76072 49951 31619.1 965020 346385 181886 329967 319531 79463.4 88421.3 129021 14321.7 24676.1 40755.3 179210 26121 20624.8 100473 94902.8 140320 37366.3 68122.7
internal_count=7247034 4910272 2192539 2336762 2717733 1628508 1729675 2202443 1586996 1089225 2114603 930542 2070733 1993195 1593777 805412 462864 283813 834964 87840 332335 184275 1570967 473077 142679 97741 64360 1565877 688105 408717 697966 672703 146859 198467 264397 43870 71196 82927 367847 44938 54705 229108 214436 304856 134319 148060
is_linear=0
shrinkage=0.043658


Tree=13
num_leaves=47
num_cat=0
split_feature=18 22 11 18 27 3 22 30 30 3 11 30 3 35 32 11 31 30 3 3 31 35 36 22 12 35 21 25 35 2 27 11 30 27 26 11 11 30 21 15 30 12 31 2 27 11
split_gain=490783 203643 103920 22663.8 18926.5 14795.1 9987.2 7105.89 6274.43 5323.68 5496.06 5193.83 5438.57 5915.84 6818.47 3654.76 5156.42 3483.78 3355.99 3247.23 4591.64 3014.09 5831.78 3323.42 2981.19 2894.13 2775.44 2657.44 2654.59 3397.73 2602.8 2534.82 2532.47 2398.15 2215.6 2196.77 2098.36 1967.5 1865.45 1741.05 1731.3 1663.37 1584.55 1568.18 2351.74 1527.84
threshold=1.0000000180025095e-35 1.0000000180025095e-35 66.500000000000014 0.51980959995249199 -0.43419368271745634 10.500000000000002 0.0013327678087102981 0.56729592288954722 0.1011285020860863 6.5000000000000009 62.500000000000007 0.83554885362452103 6.5000000000000009 13.500000000000002 4.8676922321319589 75.500000000000014 65.850002288818374 0.6464884302373276 6.5000000000000009 5.5000000000000009 61.95000076293946 11.500000000000002 1.0000000180025095e-35 0.00029664559358717264 75.500000000000014 15.500000000000002 -0.0012552738189697263 6.3989045365870547 14.500000000000002 15.500000000000002 -1.9015902439727765 79.500000000000014 0.014720244552075977 -21.931248376344012 65.689068788506475 85.500000000000014 65.500000000000014 0.15679941898546718 0.00018614530563354495 74.500000000000014 0.79733978878594514 65.500000000000014 65.633331298828139 7.5000000000000009 11.844098021804713 48.500000000000007
decision_type=2 2 2 2 2 2 2 2 2 2 2 2 2 2 2 2 2 2 2 2 2 2 2 2 2 2 2 2 2 2 2 2 2 2 2 2 2 2 2 2 2 2 2 2 2 2
left_child=1 2 18 8 9 7 15 26 32 10 28 12 24 14 -14 16 17 -6 36 40 -21 22 23 -11 25 -10 -4 -18 29 -3 -28 -17 -2 -30 -26 -33 45 -23 -34 -15 -12 42 -13 44 -8 -1
right_child=3 4 5 -5 6 -7 43 -9 11 21 19 41 13 39 -16 31 27 -19 -20 20 -22 37 -24 -25 34 -27 30 -29 33 -31 -32 35 38 -35 -36 -37 -38 -39 -40 -41 -42 -43 -44 -45 -46 -47
leaf_value=-0.010568712168207447 -0.050653179902100637 0.0089065747169502496 0.0052540643541511001 -0.035699443256160167 0.043971538178820511 0.030598967261011762 0.017754275584108376 0.03385912253909313 4.5290834946139422e-06 0.025796021691111663 0.025404979103990866 -0.02352342909868527 -0.018331983794815564 0.012618162175602736 0.0032663366340449011 0.047938508746369693 0.039621004168340468 0.026433076698116533 0.027132827067466878 -0.020538287972327218 0.022421008598747311 0.011375266182639803 -0.073604918040219486 0.0135290923156428 0.031633120176665419 -0.01021181906205931 0.016015553677888306 0.026320805098178555 -0.055314337304735339 0.020817093998793217 0.057076068720225762 0.0034316978528282126 -0.017021672359463634 0.0048948624243037031 -0.044918108849928431 0.039010719511864224 0.031968389682809462 0.030460711235619983 0.035808276492574766 0.00010322071545847068 0.0062710763786197775 -0.041494413535092908 0.020123973597487105 0.023342308755747849 -0.014416869996137593 0.0150593521547928
leaf_weight=4664.7146094888449 4242.6224902868271 92449.43064904213 1983.7575995773077 34341.150202587247 90271.447451397777 44884.813703551888 24888.9096467942 26344.478278711438 291982.2500616163 112946.43010133505 161450.11917053163 5791.3313902020454 31583.928424179554 156975.48786151409 236256.34814727306 54027.148596957326 34040.827373102307 28373.824543848634 103290.74115252495 7755.9499437361956 12203.911681011319 11147.504420608282 1244.5588712990284 67110.463270515203 845.47679464519024 64531.672061815858 2951.8996769189835 180309.16881024837 1295.574323669076 90187.537921696901 954811.62445658445 4822.6730610728264 23408.123749300838 47017.643983706832 4877.1469912528992 10530.963082104921 13888.133630588651 134769.95555999875 1347.1806983202696 24494.187433436513 9547.004300057888 6372.6613993495703 2182.7138297110796 115280.56260956824 5243.2100947499275 89482.467031881213
leaf_count=12750 16899 218394 4790 125807 162340 89619 54661 51380 759912 233721 336297 17445 90957 365975 599066 94821 63082 58311 211723 21684 25936 25581 4733 151835 1786 180257 6571 370924 4462 195973 1587050 11646 68706 114583 16465 19619 27400 269084 2817 64111 22732 21521 5038 242875 14439 201256
internal_value=0.0269885 0.0367635 0.0493961 -0.000924208 0.0246629 0.0551128 0.0308305 0.0562286 0.000472719 0.0201529 0.0169117 0.00117356 0.00163389 0.00484292 0.00071943 0.0343743 0.032475 0.0397773 0.0215061 0.0223916 0.00572782 0.0243321 0.0205729 0.0212239 -0.0023465 -0.0018447 0.0568427 0.028433 0.0123807 0.0147881 0.0569495 0.0434899 -0.0194879 0.00328015 -0.0336074 0.0278354 0.0161265 0.0290027 -0.0141465 0.010929 0.0243367 -0.0248655 -0.0115755 0.0210244 0.0121561 0.0137895
internal_weight=3.42845e+06 2.53922e+06 1.2423e+06 889232 1.29691e+06 1.03098e+06 547789 986092 854891 749126 421907 825893 811546 449310 267840 402376 332995 118645 211326 190957 19959.9 327219 181301 180057 362237 356514 959747 214350 230950 182637 957764 69380.8 28997.9 48313.2 5722.62 15353.6 108035 145917 24755.3 181470 170997 14346.7 7974.05 145413 30132.1 94147.2
internal_count=7247034 4910272 2192539 2336762 2717733 1739410 1092718 1649791 2210955 1625015 940061 2122533 2078529 1120109 690023 780743 654657 220651 453129 406649 47620 684954 390289 385556 958420 940169 1598411 434006 533412 414367 1593621 126086 88422 119045 18251 31265 241406 294665 71523 430086 359029 44004 22483 311975 69100 214006
is_linear=0
shrinkage=0.043658


Tree=14
num_leaves=47
num_cat=0
split_feature=18 22 10 18 27 30 22 28 30 10 30 15 32 31 31 10 31 22 30 30 30 22 28 35 2 10 9 25 17 32 26 30 28 28 30 30 26 25 30 26 21 27 30 10 31 32
split_gain=459553 197423 101596 20911.6 17868.5 13211.1 9620.3 6607.18 5664.08 5424.79 4973.18 4299.09 4161.8 8457.99 6561.96 3588.29 4177.68 3509.85 4414.63 3336.55 3199.9 2827.11 2749.86 2726.11 3330.36 2724.71 2680.06 2601.77 2487.78 2413.47 2403.05 2391.48 2204.82 2059.3 2024.87 1985.64 1967.09 1802.58 1788.72 1756.45 1639.5 1588.77 1574.07 1534.9 1492.43 1467.42
threshold=1.0000000180025095e-35 1.0000000180025095e-35 66.500000000000014 0.5017452060066323 -0.43419368271745634 0.49349278204999963 0.00063132536612330167 -1.6886414654931867 0.1046650917773098 80.500000000000014 0.73096932226653644 76.500000000000014 6.5811176300048837 59.549999237060554 61.149999618530281 75.500000000000014 65.850002288818374 9.561515860670367e-05 0.5274898310703845 0.031989530961966599 0.5478281236363064 0.0021425504115638052 -0.18943979936127567 8.5000000000000018 4.5000000000000009 69.500000000000014 -0.22252093395631442 9.5874631634557819 70.468750000000014 7.4405045509338388 68.246863749831192 0.64286971541067095 0.52104214100205992 -1.9219844464674154 0.11758231336299686 0.74632805065987673 65.851268505936659 9.2962338510652973 0.014720244552075977 66.637280831173825 -0.0018621981143951414 5.3486499010806137 0.83554885362452103 51.500000000000007 62.049999237060554 4.3365349769592294
decision_type=2 2 2 2 2 2 2 2 2 2 2 2 2 2 2 2 2 2 2 2 2 2 2 2 2 2 2 2 2 2 2 2 2 2 2 2 2 2 2 2 2 2 2 2 2 2
left_child=1 2 20 8 7 9 15 35 26 22 11 12 13 -10 -14 16 31 18 39 -19 -1 34 -4 27 -25 -18 -2 -13 33 -24 -21 -6 -7 36 -8 -3 -12 -34 -28 -9 -35 -30 -43 -22 -20 -23
right_child=3 4 5 -5 6 32 21 17 10 -11 28 23 14 -15 -16 -17 25 19 44 30 43 45 29 24 -26 -27 38 -29 41 -31 -32 -33 37 40 -36 -37 -38 -39 -40 -41 -42 42 -44 -45 -46 -47
leaf_value=0.024856279899209716 -0.0038669964356794029 0.0099612566140025623 0.022277275179265282 -0.033106379828309558 0.044658936232308766 0.028852720800972426 0.0045263671117332788 0.024216198280197221 0.012101899999181329 0.016708241843832072 0.02139485135210244 -0.0098274317119690473 -0.0021672456178967567 -0.0052564615037867472 0.0098358589677614745 0.045775188303747091 0.019801741896873913 -0.037380079458536261 0.0086250910676838929 0.016387686351775298 -0.0033327166457292976 -0.011057365865245531 0.056697692812030548 -0.0543933325043537 0.0034705315308260595 0.032320520051470347 -0.061470285001703678 -0.039228674641042724 -0.048534447511625223 0.049483548315119232 0.02241626541088141 0.025883057929624621 0.048629476053029724 0.030764568727946726 0.028080984166055145 -0.010290622415026958 -0.036779918607216626 0.025182139382827463 -0.023293759218540353 0.035846628038546484 -0.0045661422504705814 -0.0038643083851732608 -0.044959745063864825 0.015904862719689744 0.022942942832868629 0.018296822535972184
leaf_weight=131160.33495308459 14070.091899484396 63704.637823179364 4654.623749434948 36800.269510671496 65880.324059695005 37026.288204327226 7307.8281389921904 39249.498682424426 71860.941337496042 6833.6875602453947 1336.0305572301149 16803.201377987862 126153.35504941642 209431.6671975702 278360.09232890606 49274.482350260019 45301.553550854325 1996.2441927790642 25569.363863930106 272869.79562903941 8907.9068110436201 3371.3385828584433 820258.05670264363 2033.6760982424021 27963.049753859639 123437.58712644875 2815.2232727855444 8710.9681566506624 4267.1846770197153 99077.985516250134 234199.63843995333 16088.732196241617 30352.023982226849 2619.4371020495892 144726.83893817663 10790.663985773921 6483.8672875761986 7870.8377327024937 13840.67183381319 67010.448765382171 56492.906837016344 6052.3222543001175 2514.6724279671907 70197.882518976927 30345.034836575389 87157.884784340858
leaf_count=273381 39016 150444 9890 134319 118571 75445 17543 82307 169070 15102 3032 47275 331575 561557 670071 88817 97867 6136 60076 606573 23171 8900 1392413 7039 71804 242749 12047 28530 14761 176739 497435 33219 53416 5436 294236 29696 21067 16405 42151 128199 152466 16696 8850 156577 64149 190816
internal_value=0.026089 0.0356589 0.0482734 -0.000884728 0.0237488 0.0540417 0.0297769 0.0193632 0.000507325 0.0554641 0.00119601 0.00231055 0.00325644 -0.000821961 0.00609251 0.0350045 0.0328876 0.0207322 0.0263255 0.0189503 0.0206736 0.0233117 0.0557508 -0.00937532 -0.00045242 0.0289596 -0.017896 -0.0198657 -0.00916206 0.0559202 0.0191721 0.0409737 0.036446 -0.0057858 0.0269488 0.00702771 -0.0268402 0.0438013 -0.0297468 0.0315507 -0.00300045 -0.0267694 -0.0159277 0.0137385 0.0163955 0.0172036
internal_weight=3.39323e+06 2.50462e+06 1.21634e+06 888610 1.28828e+06 1.00607e+06 542547 745735 851809 930824 821083 741317 685806 281293 404513 299983 250708 671240 162174 509066 210266 242564 923991 55510.9 29996.7 168739 30726 25514.2 79766.4 919336 507069 81969.1 75249.1 66932.2 152035 74495.3 7819.9 38222.9 16655.9 106260 59112.3 12834.2 8566.99 79105.8 55914.4 90529.2
internal_count=7247034 4910272 2192539 2336762 2717733 1739410 1092718 1625015 2202443 1594144 2109229 1886921 1732273 730627 1001646 581223 492406 1444875 334731 1110144 453129 511495 1579042 154648 78843 340616 93214 75805 222308 1569152 1104008 151790 145266 182001 311779 180140 24099 69821 54198 210506 157902 40307 25546 179748 124225 199716
is_linear=0
shrinkage=0.043658


Tree=15
num_leaves=47
num_cat=0
split_feature=18 22 23 18 23 3 22 30 3 30 23 23 3 1 12 3 23 24 28 32 3 32 28 30 22 36 30 30 32 30 30 28 30 23 28 27 2 2 30 22 23 27 30 2 22 23
split_gain=430437 191577 100123 19361.6 17164.3 14715.3 11806 6926.37 6389.99 5405.75 4880.37 4451.44 6052.42 3375.05 3347.58 3317.48 3030.77 2822.62 2804.09 2738.71 2721.65 2602.06 2555.07 2459.91 2336.87 2306.27 2267.99 2263.19 2219.14 2206.61 2523.87 2192.53 2115.98 2094.69 1964.21 1896.26 1781.64 1838.24 1714.72 1914.88 1910.32 1706.45 1620.63 1541.21 1517.41 1472.54
threshold=1.0000000180025095e-35 1.0000000180025095e-35 0.6715412735939027 0.51980959995249199 0.64029967784881603 10.500000000000002 0.00060758156078810144 0.56729592288954722 6.5000000000000009 0.023010296375251423 0.76038458943367015 0.74288836121559154 6.5000000000000009 1.5000000000000002 87.500000000000014 6.5000000000000009 0.80000919103622448 66.165891085742743 -0.18943979936127567 1.7857351899147036 8.5000000000000018 2.8136487007141118 -2.2492259169162074 0.11758231336299686 0.00195978754191809 1.0000000180025095e-35 0.89584017362329071 0.071426494832874429 2.310603260993958 0.27374277701479527 0.83554885362452103 -0.22545732589504275 0.0066036370189105102 0.64029967784881603 -2.9801156244444065 -18.278444433726978 16.500000000000004 21.500000000000004 0.63919029360146429 0.00011338562971486894 0.63411813974380504 0.63253465976660561 0.45843178697796488 7.5000000000000009 0.00022712884166991359 0.76399549841880809
decision_type=2 2 2 2 2 2 2 2 2 2 2 2 2 2 2 2 2 2 2 2 2 2 2 2 2 2 2 2 2 2 2 2 2 2 2 2 2 2 2 2 2 2 2 2 2 2
left_child=1 2 15 9 8 7 10 16 22 28 17 12 13 21 29 33 18 41 -4 -14 27 -11 35 -8 34 44 -21 -10 -2 -13 -31 -15 -19 -1 -25 42 -16 -38 39 -24 -40 -6 -3 -26 -22 -9
right_child=3 4 5 -5 6 -7 23 45 20 11 -12 14 19 31 36 -17 -18 32 -20 26 25 -23 38 24 43 -27 -28 -29 -30 30 -32 -33 -34 -35 -36 -37 37 -39 40 -41 -42 -43 -44 -45 -46 -47
leaf_value=0.010798268236325121 0.0022691431754146597 0.019383946542259323 0.019908562860285042 -0.033266105684616416 0.022602054691261593 0.028287747516190623 0.0018712335985246991 0.02624803430556244 -0.012699693609372681 -0.038400060712619401 0.045006757430905445 -0.02382620233075005 -0.037965701069063135 -0.0074956057074030526 0.033305259846723362 0.02569909115888442 0.021127812381189826 -0.03493216901191859 0.055268565301868827 0.0060859581753268006 0.021658669960062646 0.0052699900935469215 0.021605661236395131 -0.052971706394873475 0.0088072487499037139 -0.055810003942352145 -0.050351473861535968 0.028137653117659738 -0.060787399745454329 -0.0054621873964976397 -0.055445834069954646 0.0014996805625022756 0.02859907796283816 0.023915495011060894 0.024963529704356082 -0.054891163595770405 -0.079590424843253363 0.014898432157303392 0.0091476452798180848 0.011929296286553046 -0.020433318443501047 0.041475836136235289 -0.012868509397125982 0.01981633865271791 0.011548487280575684 0.052400993547620046
leaf_weight=75565.013387009501 1468.4838297665119 4704.7424923330545 4295.4247381538153 33777.094785436988 10953.987434789538 43425.782389640808 12318.308596387506 19889.265455633402 2655.0992846339941 2665.7603988349438 47133.279061868787 19043.758839532733 2733.2737859487534 184108.93101403117 5268.8179105371237 104982.9161196202 5033.5694608390331 1002.3204728513956 898446.3752656281 387647.09844946861 76849.932169362903 106322.3813868016 59649.426901116967 618.1683529317379 30732.522926971316 813.60929746925831 1361.8733362704515 100088.33602358401 3858.8809913396835 64188.567778378725 1984.9935439378023 71783.026261761785 314172.95673069358 33488.330653503537 204055.30482122302 1377.4302209019661 598.87509077787399 1138.1005478948355 73241.054704636335 112504.74252550304 4411.6481759995222 54889.38458006084 8051.0021415054798 114707.01075026393 44787.332667678595 5170.7808621674776
leaf_count=175026 4192 10508 9288 125807 23256 88668 30118 41157 7124 8822 86298 58127 8711 504637 10741 217417 10785 3019 1570940 954198 163763 266048 127906 2185 72011 2971 4724 203122 16826 175017 7428 186411 637629 70421 424989 4708 2337 2736 172895 258868 12367 101212 22324 247791 102669 8837
internal_value=0.0252227 0.0345945 0.0472016 -0.000846987 0.0228684 0.0531304 0.0268454 0.0542869 0.0164403 0.00043498 0.031754 0.00071013 0.00181391 -0.00223197 -0.00834551 0.0201594 0.0549119 0.0301146 0.0551003 0.00558237 0.0218425 0.00420181 0.011831 0.0210467 0.0217214 0.017446 0.00588836 0.0270823 -0.0434054 -0.0107305 -0.00696163 -0.00497223 0.028397 0.0148264 0.0247281 -0.00622783 0.020664 -0.017679 0.0128528 0.0152821 0.00746702 0.038336 -0.000972429 0.0174901 0.0179361 0.0316446
internal_weight=3.35796e+06 2.47002e+06 1.1903e+06 887950 1.27972e+06 976261 790583 932835 489134 854173 428152 848845 756622 364880 92223.1 214036 907775 381019 902742 391742 225194 108988 263940 362431 350113 122451 389009 102743 5327.36 85217.3 66173.6 255892 315175 109053 204673 14133.2 7005.79 1736.98 249807 172154 77652.7 65843.4 12755.7 145440 121637 25060
internal_count=7247034 4910272 2192539 2336762 2717733 1729675 1628508 1641007 1089225 2210955 851414 2189937 1933551 965918 256386 462864 1591013 765116 1580228 967633 479649 274870 609576 777094 746976 269403 958922 210246 21018 240572 182445 691048 640648 245447 427174 37540 15814 5073 572036 386774 185262 124468 32832 319802 266432 49994
is_linear=0
shrinkage=0.043658


Tree=16
num_leaves=47
num_cat=0
split_feature=18 22 23 18 23 30 22 23 30 28 30 23 23 23 23 22 30 22 30 35 32 30 21 9 12 26 28 23 32 28 35 25 27 23 23 32 23 23 26 11 30 27 25 27 21 27
split_gain=403314 186025 98173 17873.1 16291.6 12966.7 9319.85 5802.43 5065.35 4810.82 4445.24 4207.69 5596.75 3954.06 3910.09 3907.75 3489.73 3565.84 3749.59 3447.81 7584.29 3095.07 2512.93 2449 2416.8 2392.43 2374.74 5348.28 1983.99 1946.06 1890.11 1880.11 1853.46 1841.49 3310.74 2893.09 2441.71 2389.04 1817.34 1762.09 1629.43 1582.21 1575.21 1570.33 1501.25 1470.15
threshold=1.0000000180025095e-35 1.0000000180025095e-35 0.6715412735939027 0.51980959995249199 0.66057932376861583 0.46684949806277737 0.00081308384234240582 0.80000919103622448 0.1046650917773098 -2.0285049821981187 0.73096932226653644 0.76038458943367015 0.67387536168098461 0.6715412735939027 0.70091050863266002 0.0080589173950916543 0.63919029360146429 0.00011338562971486894 0.21837887698595806 11.500000000000002 4.8218235969543466 0.46684949806277737 -0.0012135803699493406 -0.22252093395631442 70.500000000000014 66.741938374951886 0.52104214100205992 0.67412567138671886 7.4405045509338388 -1.9219844464674154 23.500000000000004 9.2962338510652973 -23.415504547049206 0.67387536168098461 0.6708858609199525 4.6194033622741708 0.75888618826866161 0.68033981323242199 65.851268505936659 51.500000000000007 0.014720244552075977 -1.2079759782276509 10.131921292814646 10.864598388430752 -0.0018621981143951414 5.3486499010806137
decision_type=2 2 2 2 2 2 2 2 2 2 2 2 2 2 2 2 2 2 2 2 2 2 2 2 2 2 2 2 2 2 2 2 2 2 2 2 2 2 2 2 2 2 2 2 2 2
left_child=1 2 21 8 9 7 11 22 23 -3 15 12 13 -6 -14 19 17 25 -19 20 -10 41 -4 -2 29 -11 27 -7 -24 38 -17 -28 -21 34 -8 36 -35 -37 -12 -23 -25 -1 -43 -13 -31 -26
right_child=3 4 5 -5 6 26 33 -9 10 16 24 43 14 -15 -16 30 -18 18 -20 32 -22 39 28 40 45 -27 31 -29 -30 44 -32 -33 -34 35 -36 37 -38 -39 -40 -41 -42 42 -44 -45 -46 -47
leaf_value=0.022431975395727884 -0.0036013228628455655 0.00077668367559623913 0.0036643908710225458 -0.03210137047797363 0.031775228955244726 0.053991370643811189 0.020167481478717494 0.012497589963080437 -0.014333767563364002 0.019234184079784247 0.020597553079225353 0.04721791627794035 0.018088624083420171 0.05005225057969892 0.02978685919385126 -0.016390911095257737 0.011772784187931424 0.0057509675139341453 0.019113765878545064 -0.027842282842748093 0.0025888603862484769 -0.0023160605857011915 0.054921997665354473 -0.058925877766999667 -0.044971868406297875 0.03040773842268157 0.047384260202187722 0.018765793736656166 0.048063162909698767 0.029755047219686883 0.030133612566640003 0.024891371862402104 0.0068269268200747473 -0.00075825736223745002 0.045719223966105518 0.00053105161454109482 0.042184060864444498 0.021727558653713921 -0.03527541703914145 0.016077849010478686 -0.022228810980720316 0.017513436815528877 0.046654120869517604 0.030302366114605357 -0.0040939592884704857 -0.014802651791736605
leaf_weight=88686.254632204771 14102.471404477954 33063.718978211284 1879.5186884850264 33481.127394214272 67000.85907164216 11330.322678983212 29602.066500365734 6440.4746719002724 58467.666014671326 67111.725174888968 1337.7035795897245 38192.502228066325 84018.635138139129 34017.052306711674 154808.06787508726 27345.278564676642 136604.4030380398 47341.253181308508 258960.54262396693 2969.893952742219 369420.08174961805 11058.116839051247 767086.45522853732 2766.4829648137093 4809.2468140125275 80147.008769243956 36057.72605022788 29884.38962700963 89806.957171618938 2613.65791220963 1772.1429295241833 8815.7417334914207 283185.50983512402 21050.843339025974 14351.611312434077 10751.495183750987 2867.4849217236042 176845.58320382237 6503.7186502665281 96998.225481033325 13866.838929131627 5215.241055816412 10981.720366448164 14408.47121104598 56114.962994664907 8557.0856575965881
leaf_count=187849 39214 83428 4641 125807 133680 19554 63783 14647 165899 145799 3040 69787 183847 59479 311713 79254 314316 112855 563588 9028 941118 28428 1373864 12265 16513 159959 65749 65740 166960 5433 3652 18520 695147 52164 25365 26425 5227 377116 21178 215498 42336 11570 19519 29202 151257 25621
internal_value=0.0243882 0.0335693 0.0461771 -0.000810925 0.0220217 0.0521751 0.0268692 0.0537829 0.000416057 0.0169822 0.00106586 0.0310938 0.0293153 0.0379299 0.0256715 0.00211811 0.0178901 0.0197326 0.0170485 0.00275741 0.0002765 0.0193811 0.0540926 -0.0169854 -0.00871674 0.0253155 0.0360162 0.0284498 0.0542032 -0.0053151 -0.0135592 0.0429655 0.00646709 0.0203793 0.0285107 0.0186896 0.00438989 0.0205128 -0.0257433 0.0141954 -0.0283327 0.0247237 0.0372715 0.0425845 -0.00258746 -0.025658
internal_weight=3.3227e+06 2.43538e+06 1.16424e+06 887314 1.27114e+06 951302 647915 865213 853833 623229 823097 392446 339845 101018 238827 743161 590165 453561 306302 714043 427888 212940 858773 30735.8 79936.4 147259 86088.2 41214.7 856893 66570 29117.4 44873.5 286155 255469 43953.7 211515 23918.3 187597 7841.42 108056 16633.3 104883 16197 52601 58728.6 13366.3
internal_count=7247034 4910272 2192539 2336762 2717733 1729675 1337788 1560112 2210955 1379945 2117140 787708 688719 193159 495560 1894098 1296517 982201 676443 1811192 1107017 462864 1545465 93815 223042 305758 169563 85294 1540824 180908 82906 84269 704175 550080 89148 460932 57391 403541 24218 243926 54601 218938 31089 98989 156690 42134
is_linear=0
shrinkage=0.043658


Tree=17
num_leaves=47
num_cat=0
split_feature=18 22 23 18 23 3 22 30 3 30 23 18 14 18 22 30 3 23 28 24 35 3 31 30 22 27 36 30 25 30 23 28 28 23 25 35 3 3 24 36 31 23 23 35 30 23
split_gain=377982 180719 96307.3 16520.9 15380.8 14783.2 10729.4 6924.26 5904.27 4599.71 4576.42 4347.5 11712.8 8931.05 3705.59 3147.8 3051.52 2941.16 2872.77 2708.84 2700.81 2564.6 2508.09 2260.41 2179.85 2171.74 2116.74 2086.39 2025.36 1965.45 1956.59 1948.1 1800.92 1547.01 1525.2 1504.84 1454.61 1449.97 1440.85 1418.65 1553.63 1404.88 1725.24 1365.71 1348.83 1267.19
threshold=1.0000000180025095e-35 1.0000000180025095e-35 0.6715412735939027 0.5017452060066323 0.64029967784881603 10.500000000000002 0.00060758156078810144 0.56729592288954722 6.5000000000000009 0.023010296375251423 0.76038458943367015 0.3318732591531755 0.20412414523618203 0.37397879600197181 0.0066837836582464994 0.75554275623389466 6.5000000000000009 0.80000919103622448 -0.18943979936127567 66.165891085742743 14.500000000000002 8.5000000000000018 69.049999237060561 0.11758231336299686 0.00195978754191809 -21.931248376344012 1.0000000180025095e-35 0.071426494832874429 9.4082357609474503 0.0066036370189105102 0.66057932376861583 -1.5928631873573182 -2.9801156244444065 0.64923548698425304 6.8517164570418698 3.5000000000000004 9.5000000000000018 6.5000000000000009 60.213467402085563 1.0000000180025095e-35 68.527778625488295 0.76399549841880809 0.67412567138671886 7.5000000000000009 0.74632805065987673 0.56530731916427623
decision_type=2 2 2 2 2 2 2 2 2 2 2 2 2 2 2 2 2 2 2 2 2 2 2 2 2 2 2 2 2 2 2 2 2 2 2 2 2 2 2 2 2 2 2 2 2 2
left_child=1 2 16 9 8 7 10 17 20 -2 19 37 14 -14 15 -13 30 18 -4 28 31 27 25 -8 32 -22 38 45 -6 -21 35 -3 -25 34 -5 -1 -19 -11 -23 43 -41 42 -9 -7 -37 -10
right_child=3 4 5 33 6 39 23 41 21 11 -12 12 13 -15 -16 -17 -18 36 -20 29 22 26 -24 24 -26 -27 -28 -29 -30 -31 -32 -33 -34 -35 -36 44 -38 -39 -40 40 -42 -43 -44 -45 -46 -47
leaf_value=0.019087504260620003 -0.040792124722986114 0.0046233634867761672 0.017369527309362847 0.0029951869970492391 0.028022980976563198 0.011720386348690938 0.0010374265803962449 0.05118150342019176 0.028320909790706918 -0.010455674354387294 0.042849270950023131 0.0016011890657569596 -0.0036781260166362153 0.02573261810852346 -0.015988259642679012 -0.011054212738397507 0.023989943363425179 -0.017483439451019402 0.05349903051826034 -0.03449640227172833 -0.052965029037220168 -0.1218561696686241 -0.10703054451491863 -0.051372145860862133 0.0160154641546272 0.0042063915848990236 -0.054267821864384724 0.026481262246293141 0.043563338559609241 0.026670726207213946 0.028260161299841508 0.015090884765994452 0.023274196903382199 -0.042786260303090261 -0.028011871539261581 0.010020854812312283 0.034655279507476155 -0.0020688309260585027 0.016688008104203188 0.051273426321683746 -0.078193178651505477 0.050309986873519522 0.018023970059427307 0.029253127866982091 -0.007735404696151661 -0.034904509603102651
leaf_weight=30715.217163279653 5123.7838410288095 42639.50048071146 4215.8760710507631 3542.6785296797752 29929.39686948061 13125.272494211793 12254.689122587442 3688.7294512838125 930.17566941678524 70873.370571285486 45364.587557926774 527439.0876968652 28441.857705399394 63878.439029723406 26538.738951787353 40325.301975011826 103627.05233433843 1431.2178246080875 850378.73893669248 1004.4407663792372 1297.3629928529263 143.18604497611523 398.86359943449497 617.84636083245277 144092.70938062668 52996.625844657421 810.41430178284645 98833.107005357742 34314.413631156087 308581.78744184971 14792.223827853799 165139.94005410373 201200.98083414137 11738.045955553651 20630.70275105536 53052.61156783998 3547.8354803770781 88173.412423089147 120383.60962833464 5253.0960820615292 182.74834474921227 4963.9136220663786 15816.136213630438 23870.516317769885 9634.8550444543362 1723.7619565278292
leaf_count=66871 20723 104801 9288 11075 61363 30243 30118 6370 1889 198075 86298 1348047 75306 138230 77045 114658 217417 3931 1570940 3019 4462 624 1652 2185 319802 128943 2971 203122 63105 637629 30255 369718 424989 47332 75912 123132 6854 230359 265808 9180 677 8837 34787 48568 25189 5235
internal_value=0.0235826 0.0325787 0.0451937 -0.000776349 0.0212061 0.0512658 0.0250133 0.052474 0.0151076 0.000447968 0.0297543 0.000697842 0.00220441 0.0166718 -4.29822e-05 0.000702336 0.0186356 0.0531259 0.0533208 0.0281653 0.0106707 0.0203341 0.00203872 0.0194644 0.0201172 0.00284016 0.0160505 0.0254555 0.0363236 0.0264723 0.0135073 0.0129428 0.0230456 -0.0297822 -0.0234676 0.0111708 0.0196674 -0.00580614 0.0165233 0.0260932 0.0469195 0.0295728 0.024295 0.023033 0.00729172 -0.0127433
internal_weight=3.28766e+06 2.40095e+06 1.1383e+06 886705 1.26266e+06 926474 777361 884042 485297 850794 419195 845670 686623 92320.3 594303 567764 211822 859574 854595 373830 262472 222824 54692.9 358166 345912 54294 121337 101487 64243.8 309586 108195 207779 201819 35911.4 24173.4 93402.7 4979.05 159047 120527 42431.6 5435.84 24468.8 19504.9 36995.8 62687.5 2653.94
internal_count=7247034 4910272 2192539 2336762 2717733 1729675 1628508 1641007 1089225 2202443 851414 2181720 1753286 213536 1539750 1462705 462864 1591013 1580228 765116 609576 479649 135057 777094 746976 133405 269403 210246 124468 640648 245447 474519 427174 134319 86987 215192 10785 428434 266432 88668 9857 49994 41157 78811 148321 7124
is_linear=0
shrinkage=0.043658


Tree=18
num_leaves=47
num_cat=0
split_feature=18 22 23 18 27 30 22 23 28 23 23 30 30 25 23 32 31 31 31 23 30 22 23 23 28 30 30 26 30 2 21 9 32 21 23 23 27 31 31 21 17 28 32 30 25 2
split_gain=353435 176118 94638.6 14979 14802.8 13096.8 8220.45 5297.89 5212 5177.63 5303.82 4483.87 4020.35 3670.5 3584.49 3698.4 7387.81 5719.74 3474.13 3314.23 3072.82 4202.66 2977.77 2838.64 7103.33 2773.61 2724.71 2677.35 2602.37 3203.21 2309.55 2303.16 2117.65 1836.43 1777.02 1763.03 1674.63 1937.22 1914.77 1673.34 1666.52 1850.11 1537.68 1465.15 1448.74 1375.85
threshold=1.0000000180025095e-35 1.0000000180025095e-35 0.6715412735939027 0.51980959995249199 -0.37501118855539056 0.42737566724925419 0.0014446512032726653 0.80000919103622448 -2.0285049821981187 0.67387536168098461 0.76038458943367015 0.1046650917773098 0.73612060257540268 6.3989045365870547 0.770134598016739 6.5811176300048837 59.549999237060554 61.149999618530281 66.450000762939467 0.6708858609199525 0.63919029360146429 0.00013174219669518205 0.80000919103622448 0.67412567138671886 0.4983748012712122 0.62219373908230835 0.031989530961966599 66.637280831173825 0.25848485449000086 14.500000000000002 -0.0012552738189697263 -0.22252093395631442 7.4105780124664316 -0.00069344043731689442 0.68033981323242199 0.66057932376861583 -13.417510731190232 61.750000000000007 59.149999618530281 0.0019527077674865725 70.177083333333357 -1.9219844464674154 12.119084835052492 0.014720244552075977 10.131921292814646 7.5000000000000009
decision_type=2 2 2 2 2 2 2 2 2 2 2 2 2 2 2 2 2 2 2 2 2 2 2 2 2 2 2 2 2 2 2 2 2 2 2 2 2 2 2 2 2 2 2 2 2 2
left_child=1 2 25 11 8 7 9 30 -3 18 13 31 14 -11 15 16 -13 -17 19 -6 21 27 -12 -7 34 35 -23 -10 42 -30 -4 -2 -26 -14 -25 -1 38 -38 -22 -32 41 -35 -16 -33 -37 -8
right_child=3 4 5 -5 6 23 45 -9 20 10 22 12 33 -15 28 17 -18 -19 -20 -21 36 26 -24 24 32 -27 -28 -29 29 -31 39 43 -34 40 -36 44 37 -39 -40 -41 -42 -43 -44 -45 -46 -47
leaf_value=0.018900447098924484 -0.0030697701899960743 -7.1398161206514375e-05 0.00064347659031436556 -0.029662293635163376 0.033200728274556862 0.052939681224494446 0.0079811016831982141 0.0091179646745924887 0.017447454342515614 0.035615007223750404 0.043136345011094993 0.011084613963957256 0.022456347689084714 0.021605968514506649 -0.040506542293074543 -0.0021293823716484125 -0.005115765444702461 0.0090016343660370441 0.013905585281024483 0.053604523998532855 0.020898040735355054 -0.039706637387657465 0.021197420069420114 -0.01035706185829603 0.051060126717489912 0.0093233955563187983 0.016346171356621541 0.028398626339770194 0.0070535261769069935 -0.015454946602058513 0.052830726884992456 -0.056796650722564748 0.034229238725727057 -0.028079217191120304 0.021139631577205963 0.021362560231682991 0.0082396028892345752 0.018593700655247639 -0.007751908949974488 -3.6927705886635975e-05 -0.02451958526109576 -0.0042135551998942573 0.0073856368424646121 -0.021394729637845503 0.043001833423524129 0.018946089985758859
leaf_weight=133960.88530269265 14103.551790624857 34802.641995608807 1624.5633508265018 32795.266741707921 29369.730558916926 16327.19578102231 27557.762128740549 5365.9422083050013 68590.023429751396 43051.834887057543 50070.570156157017 71983.905909836292 3467.568243175745 207322.89395289123 6640.1112966239452 128278.89879377186 210688.24352584779 280156.14946465194 8475.8589234054089 31396.064606443048 6273.0001731961966 1660.4572119563818 15425.809995695949 3835.1782179176807 28634.958795532584 53364.336831599474 360318.7018956542 112097.64524379373 23036.664330020547 25270.039623424411 785493.12619121373 2657.5016095489264 28365.678731486201 7017.4031783044338 31092.016713112593 12182.251744583249 65563.557943955064 72560.522449165583 15268.05261439085 1142.6483961045742 12563.519282445312 52590.972013920546 1582.1336207091808 13799.269614130259 11431.904079765081 104624.71377246082
leaf_count=291308 39224 88279 4124 125315 58776 29741 64822 12495 150914 83492 95716 169963 7630 444590 22183 337265 565497 676135 19232 54471 13703 5184 33325 10209 53348 124603 798825 227625 57880 73453 1491506 12213 57048 22182 68314 26189 154127 158196 40157 2986 39857 142367 4026 42224 21197 227332
internal_value=0.022803 0.0316087 0.0442519 -0.000707898 0.0203928 0.0504092 0.0260542 0.0523522 0.0164199 0.0292785 0.0269083 0.000404219 0.00101377 0.0240148 0.00198418 0.00284874 -0.000990243 0.00550566 0.0400906 0.0437429 0.0172371 0.0188035 0.0379693 0.0361643 0.0331847 0.017926 0.016089 0.0242415 -0.00858567 -0.00472096 0.0526465 -0.0160167 0.0426845 -0.00857788 0.017681 0.0208394 0.0119132 0.0136789 0.000591155 0.0527539 -0.010069 -0.00702322 -0.0312907 -0.0271119 0.0318386 0.0166601
internal_weight=3.25388e+06 2.36725e+06 1.11282e+06 886631 1.25443e+06 901881 517295 793626 737135 385113 315871 853836 823276 250375 747636 691107 282672 408435 69241.7 60765.8 702332 542667 65496.4 108255 91927.8 210939 361979 180688 56528.9 48306.7 788260 30560.3 57000.6 75639.5 34927.2 157575 159665 138124 21541.1 786636 72171.9 59608.4 8222.24 16456.8 23614.2 132182
internal_count=7249248 4911834 2193068 2337414 2718766 1729771 1081756 1511111 1637010 789602 657123 2212099 2118438 528082 1906402 1748860 735460 1013400 132479 113247 1548731 1182548 129041 218660 188919 463297 804009 378539 157542 131333 1498616 93661 110396 212036 78523 338694 366183 312323 53860 1494492 204406 164549 26209 54437 47386 292154
is_linear=0
shrinkage=0.043658


Tree=19
num_leaves=47
num_cat=0
split_feature=18 22 23 3 27 18 22 30 28 30 18 14 18 22 23 23 23 23 3 23 25 30 31 35 36 3 26 22 28 23 26 30 30 30 22 27 23 35 23 3 31 26 3 28 23 36
split_gain=331302 171124 92968.6 14595.1 13970.8 13831.8 7958.37 7097.84 4869.94 4180.34 4143.14 11240.7 5701.75 3382.96 3306 3112.59 3073.55 4639.38 3058.68 2996.6 2903.73 2846.86 2815.9 2804.24 4873.6 2785.37 2647.3 2721.26 2504.75 2483.72 2704.8 2279.13 1864.85 1830.8 1784.45 1774.3 1746.98 1713.09 1700.24 1486.81 1403.32 1708.19 1395.72 1385.05 1353.12 1326.42
threshold=1.0000000180025095e-35 1.0000000180025095e-35 0.6715412735939027 10.500000000000002 -0.37501118855539056 0.51980959995249199 0.00056193866171475482 0.50987881867497664 -1.6886414654931867 0.023010296375251423 0.33961162058493438 0.28232985128975657 0.36762694766392517 0.0066837836582464994 0.67387536168098461 0.76543691754341137 0.67387536168098461 0.76038458943367015 6.5000000000000009 0.6708858609199525 6.3989045365870547 0.83554885362452103 66.450000762939467 11.500000000000002 1.0000000180025095e-35 6.5000000000000009 66.637280831173825 0.00015330813291015053 -0.23828578865092523 0.76399549841880809 67.630912563502008 0.10778660262544416 0.15679941898546718 0.74632805065987673 0.0021425504115638052 -7.3649329134158767 0.64029967784881603 4.5000000000000009 0.6715412735939027 3.5000000000000004 67.844444274902358 68.514968068346789 6.5000000000000009 1.5720280234566839 0.64923548698425304 1.0000000180025095e-35
decision_type=2 2 2 2 2 2 2 2 2 2 2 2 2 2 2 2 2 2 2 2 2 2 2 2 2 2 2 2 2 2 2 2 2 2 2 2 2 2 2 2 2 2 2 2 2 2
left_child=1 2 25 7 8 9 16 15 33 -2 42 13 -13 21 19 28 22 20 26 -8 -18 -12 38 24 -20 36 35 -28 -4 30 -9 39 -25 40 -33 -10 37 -1 -6 -16 41 -3 -11 -17 -7 -5
right_child=5 4 3 45 6 44 14 29 18 10 11 12 -14 -15 31 43 17 -19 23 -21 -22 -23 -24 32 -26 -27 27 -29 -30 -31 -32 34 -34 -35 -36 -37 -38 -39 -40 -41 -42 -43 -44 -45 -46 -47
leaf_value=0.016872373646044152 -0.039310197126710023 0.00091928211092619715 0.00455376940624102 0.02130891497543486 0.035881923444436643 -0.022541566598783376 0.02129214023872689 0.036874934550242676 0.00090533479172035533 -0.010037095296229292 0.0012172992397870876 -0.0030289426951670287 0.024223731049677302 -0.01483431132939032 0.029893798991353273 -0.013400229803437956 0.038594000058509097 0.041146461444702576 0.017167121736364956 0.049158584889051025 0.022701159057170538 -0.022407626409224363 0.012442388107374698 0.0075546673123879525 -0.070007361406889929 0.022391422731405652 0.02367622374221981 0.013816574557520644 0.052129206426060386 0.051170564854221966 0.0098506220121897508 0.021665369662618159 0.026679349839878099 -0.011535646820190931 0.013370574171443607 0.012670590440052658 0.020724478678783586 0.0033329989642268561 0.053236220645344223 -0.017134113802277796 -0.024531711509131981 0.015699529823482179 -0.0019838412184118729 0.033189029880089607 -0.041662918898001181 0.044868413793689305
leaf_weight=29299.023500338197 5026.3804695159197 26350.168892115355 2115.084017932415 36180.518696114421 22543.602463573217 22145.601040750742 17455.024757087231 18537.178212597966 37733.19881503284 73788.314102306962 565405.43170104921 19353.31490047276 59983.675191700459 27606.19589561224 1659.7874592989683 1556.1384139508009 25675.716480895877 42260.198534592986 164442.32558511198 12712.6250218153 149515.36594605446 9891.9521511346102 6085.7058268338442 10589.130040600896 1231.4433025866747 102303.53280623257 75277.851077482104 183224.03108566999 786298.18660771847 10605.698052123189 11401.417259395123 127268.26180411875 118227.93626059592 10724.691380813718 80834.368837714195 69309.217173337936 32823.368705168366 45433.331125468016 20591.367795690894 5618.9532472193241 2433.4880709499121 34311.561132833362 92366.332419425249 5566.3943141251802 10352.195436939597 5211.2944238483906
leaf_count=64751 20914 65726 5065 78576 44791 81935 37589 37243 92946 206303 1451005 51071 130827 80058 3356 4327 49078 83418 361919 22424 319198 30607 13983 24898 4715 217440 158525 413386 1536910 19746 26783 273048 242800 29703 182726 157793 70811 110295 36763 15382 7133 77466 241314 11284 43380 9837
internal_value=0.0220518 0.0306815 0.043338 0.0495811 0.0196373 -0.000677793 0.0251706 0.0508339 0.0157752 0.000386717 0.000621911 0.00212754 0.0175757 9.46828e-05 0.0194994 0.051742 0.0303925 0.0281625 0.0169646 0.0330352 0.0250304 0.000811072 0.0402442 0.0202758 0.0165191 0.0172342 0.014297 0.0166878 0.0520016 0.0330152 0.0265835 0.0176035 0.0251073 0.00514062 0.0184434 0.00852329 0.0123288 0.0086412 0.0441665 -0.00640961 0.00797525 0.00927937 -0.00556027 0.0230096 -0.0286329 0.0242752
internal_weight=3.21933e+06 2.33341e+06 1.08733e+06 877472 1.24608e+06 885919 512221 836080 733855 853422 848395 682241 79337 602904 245549 795536 266672 217451 660035 30167.6 175191 575297 49220.7 294491 165674 209859 365544 258502 788413 40544.3 29938.6 215381 128817 73819.9 208103 107042 107556 74732.4 43135 7278.74 63095.2 60661.7 166155 7122.53 32497.8 41391.8
internal_count=7249248 4911834 2193068 1729771 2718766 2337414 1081756 1641358 1637010 2212099 2191185 1743568 181898 1561670 534525 1557586 547231 451694 1456982 60013 368276 1481612 95537 634332 366634 463297 822650 571911 1541975 83772 64026 474512 267698 180028 455774 250739 245857 175046 81554 18738 150325 143192 447617 15611 125315 88413
is_linear=0
shrinkage=0.043658


Tree=20
num_leaves=47
num_cat=0
split_feature=18 22 23 3 23 18 22 30 3 30 23 23 23 3 15 31 1 23 12 3 30 28 23 29 3 32 1 2 2 9 32 9 23 28 13 12 18 14 23 23 32 32 23 23 26 23
split_gain=310625 166261 91380.1 14504 13184.4 12776.8 8035.88 7124.21 5932.59 3975.17 3725.46 5001.28 3734.61 3658.89 4528.16 3505.31 3107.69 3099.43 2926.01 2593.08 2536.21 2444.56 2418.14 2643.64 2403.77 10696 2365.88 2208.01 2180.74 2137.12 2120.84 2322.39 2114.1 1861.65 1815.77 2047.87 1814.68 4402.61 1784.39 3166.93 2730.19 2671.45 2342.3 1761.75 1713.48 1633.06
threshold=1.0000000180025095e-35 1.0000000180025095e-35 0.6715412735939027 10.500000000000002 0.66057932376861583 0.51980959995249199 0.00075894691971416781 0.50987881867497664 6.5000000000000009 0.1046650917773098 0.76038458943367015 0.67387536168098461 0.70091050863266002 6.5000000000000009 74.500000000000014 66.738887786865249 1.5000000000000002 0.76543691754341137 86.500000000000014 6.5000000000000009 0.75123217494774031 -0.23828578865092523 0.76399549841880809 67.527805830640773 8.5000000000000018 6.2204859256744394 2.5000000000000004 6.5000000000000009 12.500000000000002 -0.56174490092936669 3.7005968093872075 1.0000000180025095e-35 0.63059458136558544 -3.4551257773507946 67.020833333333357 66.500000000000014 0.33961162058493438 0.28232985131113447 0.67387536168098461 0.6708858609199525 4.6194033622741708 2.2123388051986699 0.68033981323242199 0.65330976247787487 60.212565472597966 0.66057932376861583
decision_type=2 2 2 2 2 2 2 2 2 2 2 2 2 2 2 2 2 2 2 2 2 2 2 2 2 2 2 2 2 2 2 2 2 2 2 2 2 2 2 2 2 2 2 2 2 2
left_child=1 2 19 7 8 9 10 17 20 29 11 15 -13 16 24 -6 -11 21 27 45 30 -4 23 -9 28 -26 -20 -16 -15 -2 31 -3 -32 -10 35 -31 -18 -38 39 -8 41 -40 -42 -22 -35 -1
right_child=5 4 3 -5 6 -7 38 22 33 13 -12 12 -14 14 18 -17 36 -19 26 -21 43 -23 -24 -25 25 -27 -28 -29 -30 34 32 -33 -34 44 -36 -37 37 -39 40 -41 42 -43 -44 -45 -46 -47
leaf_value=0.0096991683377969113 0.001660610737686332 0.0091407600707117294 0.0043607428467317836 0.02345048333706537 0.039379475419802711 -0.027647498021593726 0.017398962681499992 0.03625109234764172 -0.060160019713055207 0.0038600724698992484 0.038985242762225383 0.014667376825219087 0.026476524659250853 0.003024474732277922 -0.029750208167152993 0.020112056358783638 -0.012346197424182633 0.022204400174355605 -0.014103356481211082 0.021565262181920401 0.0026670509801631345 0.051393381337000818 0.050268369322554775 0.0095405623011662055 -0.022675545865258658 0.0060738440765401164 0.029145038124932979 -0.0067308839811482078 0.014467151495101978 -0.017010309443989041 0.010068378805645385 -0.030963152874805933 0.018135159200369136 -0.03864869857813126 -0.037631484168760096 0.050694854657000681 -0.0053203697017662997 0.015270097318359712 0.028712291584481148 0.042125539049845687 -0.0019413535372072295 -0.0050673879512417837 0.018873117982582736 -0.037119276193654252 0.019483339899698963 0.025451356538647375
leaf_weight=92690.27909180522 9796.5431617647409 7121.3388414233923 2112.345006659627 40987.33205062151 68907.486541450024 32194.333416089416 30424.64666698873 17936.812546655536 563.37796679139137 109388.4067825526 47338.49069082737 78851.471000611782 144743.48948472738 51188.834079280496 9416.6973782032728 24360.939277946949 50476.974391445518 7060.9780594706535 3656.5853982120752 101601.14514660835 41009.241532742977 763246.61117500067 10330.810014650226 11650.392355442047 27737.667620643973 222692.21330535412 7076.3261449486017 50727.664227023721 83577.99469281733 10560.599402531981 191066.1061052531 4485.8596781939268 91618.017717435956 969.77186593413353 9135.1110085397959 926.10828277468681 184649.82430812716 22168.941032230854 5751.1650986820459 14616.130145266652 10934.106292769313 19911.588802322745 178959.05934484303 2236.963896587491 273894.32592757046 14508.189906224608
leaf_count=215317 26359 16565 5065 88413 134978 125315 67069 36560 2085 276520 95799 177684 302240 127951 29496 52919 143980 15611 10427 217440 101026 1536910 19746 27466 81795 546105 15137 141137 193711 32859 444111 13227 200218 2980 32687 1756 500055 52124 11699 27108 27299 50796 390410 6801 593752 30540
internal_value=0.0213247 0.0297837 0.0424555 0.04879 0.0189101 -0.00064883 0.0233731 0.0500685 0.014361 0.000369953 0.0275613 0.0258545 0.022312 0.000942957 0.0035535 0.034347 -0.00230398 0.0509979 -0.0065878 0.0165677 0.0104811 0.0512636 0.0320834 0.0257336 0.00541954 0.00288954 0.0144105 -0.0103351 0.0101209 -0.0151285 0.0119318 -0.00635806 0.0126828 0.0191157 -0.0231045 -0.0115511 -0.00492461 -0.00311325 0.0175198 0.0254231 0.0158683 0.00250274 0.0176746 0.000608929 0.0192782 0.0118311
internal_weight=3.18526e+06 2.29989e+06 1.06212e+06 853325 1.23776e+06 885371 624799 812338 612965 853176 364202 316863 223595 822758 456074 93268.4 366684 772420 70877.3 208800 337538 765359 39918 29587.2 385197 250430 10732.9 60144.4 134767 30418.4 294291 11607.2 282684 275427 20621.8 11486.7 257296 206819 260597 45040.8 215556 25662.8 189893 43246.2 274864 107198
internal_count=7249248 4911834 2193068 1729771 2718766 2337414 1338001 1641358 1380765 2212099 763620 667821 479924 2118438 1145759 187897 972679 1557586 196197 463297 781948 1541975 83772 64026 949562 627900 25564 170633 321662 93661 674121 29792 644329 598817 67302 34615 696159 552179 574381 94177 480204 62495 417709 107827 596732 245857
is_linear=0
shrinkage=0.043658


Tree=21
num_leaves=47
num_cat=0
split_feature=18 22 23 3 23 18 22 30 3 23 35 22 32 31 30 23 13 35 2 28 30 3 3 29 28 3 23 23 31 12 30 22 30 22 32 23 25 30 28 22 32 30 28 26 3 25
split_gain=291176 161538 89840.5 14431.3 12421.6 11806.4 9348.64 7153.37 4703.03 3979.64 3935.71 3756.04 3538.1 5498.35 3718.82 3087.66 2846.66 2606.77 2784.49 2754.98 2518.61 2509.17 2478.89 2463.01 2429.37 2401.88 2355.85 2568.75 2232.15 2177.84 1971.31 1878.27 1878.08 1837.55 1770.37 1616.06 1599.92 1584.76 1584.74 1537.4 2698.86 1481.33 1422.92 1388.34 1337.09 1325.9
threshold=1.0000000180025095e-35 1.0000000180025095e-35 0.6715412735939027 10.500000000000002 0.64029967784881603 0.5017452060066323 0.00060758156078810144 0.50987881867497664 6.5000000000000009 0.76038458943367015 25.500000000000004 0.0080589173950916543 5.6218819618225107 60.95000076293946 0.73096932226653644 0.76543691754341137 76.979166666666671 14.500000000000002 15.500000000000002 -1.5401524160854989 0.46684949806277737 2.5000000000000004 8.5000000000000018 66.181562745980585 -0.18943979936127567 10.500000000000002 0.76399549841880809 0.67412567138671886 69.049999237060561 71.500000000000014 0.13413774852080895 5.071011406169195e-05 0.071426494832874429 0.002192524490906355 10.066721916198732 0.5799507498741151 9.4082357609474503 0.2157020569568244 -2.9801156244444065 0.00036339802383320079 7.2930712699890146 0.055794156681723037 -1.9811817414248356 60.212565472597966 4.5000000000000009 10.131921292814646
decision_type=2 2 2 2 2 2 2 2 2 2 2 2 2 2 2 2 2 2 2 2 2 2 2 2 2 2 2 2 2 2 2 2 2 2 2 2 2 2 2 2 2 2 2 2 2 2
left_child=1 2 20 7 8 10 9 15 17 23 11 12 13 43 16 24 -14 18 19 -3 45 -20 32 36 -4 -15 27 -9 34 -16 44 -25 -10 38 -19 -22 -6 -13 -32 42 -41 -7 -24 -2 -8 -1
right_child=5 4 3 -5 6 41 30 26 22 -11 -12 37 14 25 29 -17 -18 28 21 -21 35 -23 39 31 -26 -27 -28 -29 -30 -31 33 -33 -34 -35 -36 -37 -38 -39 -40 40 -42 -43 -44 -45 -46 -47
leaf_value=0.016257377965011467 -0.07293682055700168 -0.0072915322891392203 0.01454379716140434 0.02264558717871399 0.024917819207418809 -0.059292188935810827 0.022688644280435887 0.049329925355025644 -0.013918178912792418 0.03894469878797599 0.017166094324869936 -0.040503006754960325 0.0042957806695537015 -0.0088708614245438435 -0.0041723540411787103 0.021425843981080574 -0.0068699626105002964 0.0022625735991189436 0.00198879664984927 0.0097658858634151607 0.0036098851409635756 0.019581223523174453 -0.0094345616630720931 0.029251263068108289 0.050732919639925024 -0.05130404803401388 0.049404900930509775 0.018052859095179827 -0.10274889223343053 -0.025852954923330035 -0.050013997445012552 0.021112302299198242 0.023524979720594908 0.012959249590048788 -0.04776674522707347 0.015034292088888226 0.038724217291185581 -0.011161007419615751 0.019877028937517641 -0.026506479374958088 0.010131201617698982 -0.02318583013431719 0.017291954856544538 0.0074362205572564531 -0.0063019955006613209 0.026268969948332804
leaf_weight=55084.46946528554 412.71716453135014 23082.794284671545 3552.9366497844458 40599.864761039615 29204.406482905149 2321.4752970784903 4115.5715349763632 6410.4071263223886 2622.575110450387 42090.454324662685 25864.668611332774 4020.7546232491732 489740.91440173984 127322.72413982451 60580.421557128429 6999.4752380102873 47764.175894737244 52355.323892951012 19115.122555658221 82731.688407763839 35411.552854135633 80662.833134010434 3974.8234256207943 71175.244768932462 739084.86446763575 2594.3280053138733 10058.502339452505 22830.904048323631 398.33334375917912 10338.16059961915 620.11323371529579 224584.43840555847 96411.638395547867 123348.24904344976 1383.73529304564 70761.588997066021 35384.541491851211 27539.313246443868 209725.6273381412 4495.1357079446316 25983.560343846679 32315.919025480747 84699.468225583434 53882.451838120818 11519.847337424755 46500.879807278514
leaf_count=122376 1506 60934 8060 88413 62036 10608 8768 12192 7092 86583 57818 13962 1228338 354148 164476 15611 131938 128723 46754 191690 86000 175227 10505 146429 1533915 8863 19746 51834 1631 33301 2204 487661 203196 279531 4497 158131 69535 78348 456580 13279 60059 123222 186204 130886 29648 96790
internal_value=0.0206209 0.0289107 0.0415996 0.0480296 0.0182071 -0.00062113 0.0217056 0.0493359 0.0127038 0.0262416 0.000396923 -0.000129319 0.000458771 -0.0048422 0.00206375 0.0502878 0.00330356 0.0087343 0.0109787 0.00604488 0.015926 0.016211 0.017429 0.0247578 0.0505598 -0.00971826 0.0311793 0.0249098 0.000210904 -0.00733291 0.0164801 0.023071 0.0225334 0.01719 0.000974249 0.011224 0.0324816 -0.0148994 0.019671 0.0131865 0.00472756 -0.0256059 0.0160939 0.00682514 0.00132878 0.0208402
internal_weight=3.15168e+06 2.26698e+06 1.0373e+06 829537 1.22969e+06 884698 751768 788937 477917 402439 850061 824196 792636 184212 608424 749637 537505 259730 205592 105814 207758 99778 218187 360349 742638 129917 39299.8 29241.3 54137.4 70918.6 349329 295760 99034.2 333694 53739.1 106173 64588.9 31560.1 210346 119153 30478.7 34637.4 88674.3 54295.2 15635.4 101585
internal_count=7249248 4911834 2193068 1729771 2718766 2337414 1628975 1641358 1089791 852244 2203584 2145766 2053456 495403 1558053 1557586 1360276 609456 474605 252624 463297 221981 480335 765661 1541975 363011 83772 64026 134851 197777 776731 634090 210288 738315 133220 244131 131571 92310 458784 270047 73338 133830 196709 132392 38416 219166
is_linear=0
shrinkage=0.043658


Tree=22
num_leaves=47
num_cat=0
split_feature=18 22 23 3 27 18 30 23 22 23 23 30 18 14 18 3 23 31 23 3 29 22 23 3 30 30 21 23 24 25 32 3 24 32 22 3 24 23 31 29 30 30 10 25 23 23
split_gain=272945 156900 88340 14364.2 11973.6 10931.5 7191.89 7006.9 5746.62 4265.95 3795.13 3649.09 3633.83 9954.75 5183.13 3483.69 3326.83 3161.71 3130.47 3086.97 3992.34 2873.31 2764.44 2586.1 2413.36 2403.99 2399.65 2383.69 2948.77 2380.54 2154.42 2111.04 2445.6 2051.72 1931.31 1922.16 1785.12 1722.35 1638.16 3980.96 2330.03 1565.86 1500.83 1410.61 1308.41 1300.32
threshold=1.0000000180025095e-35 1.0000000180025095e-35 0.6715412735939027 10.500000000000002 -0.37501118855539056 0.51980959995249199 0.50115785300816829 0.67387536168098461 0.00036339802383320079 0.6708858609199525 0.76038458943367015 0.023010296375251423 0.33961162058493438 0.28232985128975657 0.36762694766392517 6.5000000000000009 0.63059458136558544 66.649997711181655 0.76543691754341137 5.5000000000000009 67.686476312244821 0.0066837836582464994 0.63323622941970836 6.5000000000000009 0.65438549899112131 0.12101227165023348 -0.0022700130939483638 0.76153963804245006 67.528970139493438 6.3989045365870547 1.9776349663734438 7.5000000000000009 69.545391771564837 2.310603260993958 0.0021425504115638052 3.5000000000000004 67.337549689724952 0.66057932376861583 67.738887786865249 69.567062059154708 0.46684949806277737 0.17407573766342502 51.500000000000007 10.131921292814646 0.64923548698425304 0.80000919103622448
decision_type=2 2 2 2 2 2 2 2 2 2 2 2 2 2 2 2 2 2 2 2 2 2 2 2 2 2 2 2 2 2 2 2 2 2 2 2 2 2 2 2 2 2 2 2 2 2
left_child=1 2 24 6 15 11 18 9 10 -6 29 33 -13 21 -15 16 38 -11 26 22 -21 23 -18 -14 37 35 -4 28 -8 -9 36 41 -33 -2 -27 -10 -17 -1 40 -40 -3 -32 -26 -39 -7 -5
right_child=5 4 3 45 7 44 27 8 25 17 -12 12 13 14 -16 30 19 -19 -20 20 -22 -23 -24 -25 42 34 -28 -29 -30 -31 31 32 -34 -35 -36 -37 -38 43 39 -41 -42 -43 -44 -45 -46 -47
leaf_value=0.015873008880496559 0.0073412720468495748 0.01484302051903484 -0.01736062208116524 0.024832652085158342 0.025302280414258332 -0.019766686476059361 0.035449570741070836 0.037957234191973173 0.029107480265530623 0.049310422003570782 0.040182843917753466 -0.0052336541774549274 -0.0025316022853085888 -0.0031144940159325016 0.022886754541060674 0.010651792184432072 0.040931369750016579 -0.0059076288283326671 0.019848409807073277 -0.032839158219988743 0.011602819414299099 -0.013710454322371822 0.016231462195313972 0.0033564429756982304 -0.016101957264117464 0.020068922080179876 0.050014520964876123 0.048477575946077399 0.0075703423232836402 0.021324030384608228 0.0089062163605653482 0.013269561350787331 0.02396353983657034 -0.055105869299757887 0.011712437865048607 -0.01203045168685506 -0.069083302982215614 0.018603946745828829 0.0077413093005657069 -0.055142184736647261 0.0053094986137525229 0.026596991609778506 0.0090923342561678774 0.039884493827128782 -0.038872034815133294 0.0010950245154675085
leaf_weight=140035.68832370639 1405.5358794480562 73962.382959336042 1008.887566536665 35193.461697623134 40726.973005458713 21626.774356529117 18696.942123770714 18949.943461924791 2810.4380293935537 33259.81714309752 32161.270990237594 166055.79180300236 257698.60857661068 19341.651074379683 59764.281889215112 1160.8157254606485 9147.0358514636755 2101.2010694742203 6659.9481669962406 5376.5039833784103 13593.591415479779 27572.756400316954 154833.39018277824 317160.56030930579 5117.6801489889622 157205.8611573875 716894.6666738987 10871.908141627908 11792.230097562075 121928.58788530529 11168.668771877885 182350.42419323325 52495.427494078875 3498.9630908966064 79313.245289549232 9423.8259139657021 992.79135571420193 12683.895923092961 6801.3132079690695 2672.892162039876 143996.50308349729 65282.960522502661 37738.525441482663 11163.279985830188 9988.6020969450474 5027.068414375186
leaf_count=311478 4179 165972 2932 76015 87493 81935 39259 37072 5790 62583 66715 447617 684181 51071 130827 2691 16779 5474 15038 16028 31324 80058 344449 797431 14279 344748 1533887 21944 28298 265348 26078 413409 110465 16735 181364 25169 3521 27992 15984 8933 346434 134943 87827 21721 43380 12398
internal_value=0.0199388 0.0280627 0.0407679 0.0472972 0.0175293 -0.000594584 0.0486327 0.0227406 0.0205408 0.0349349 0.0266507 0.000340283 0.000557564 0.00196859 0.0165293 0.0139447 0.0112977 0.0460292 0.0496434 0.0156804 -0.000992802 5.66011e-05 0.0176093 0.000716936 0.0153079 0.0162906 0.0499198 0.0309258 0.0246669 0.0235614 0.0174103 0.0177114 0.01566 -0.0372091 0.0172667 -0.00257993 -0.0261045 0.01772 0.00777212 -0.00999943 0.00854463 0.0240126 0.00608366 0.028566 -0.025803 0.0218658
internal_weight=3.11871e+06 2.2346e+06 1.01288e+06 806145 1.22172e+06 884114 765925 497881 421793 76088 173040 852498 847594 681538 79105.9 723835 410384 35361 724564 182951 18970.1 602432 163980 574859 206739 248753 717904 41361.1 30489.2 140879 313451 311297 234846 4904.5 236519 12234.3 2153.61 163883 227433 9474.21 217959 76451.6 42856.2 23847.2 31615.4 40220.5
internal_count=7249248 4911834 2193068 1729771 2718766 2337414 1641358 1081756 926206 155550 369135 2212099 2191185 1743568 181898 1637010 945903 68057 1551857 408580 47352 1561670 361228 1481612 463297 557071 1536819 89501 67557 302420 691107 684895 523874 20914 526112 30959 6212 361191 537323 24917 512406 161021 102106 49713 125315 88413
is_linear=0
shrinkage=0.043658


Tree=23
num_leaves=47
num_cat=0
split_feature=18 22 23 30 27 18 23 22 23 28 23 23 35 22 30 32 31 27 31 23 28 30 22 30 26 21 25 30 30 25 23 22 32 23 23 23 25 12 31 25 25 25 25 26 11 19
split_gain=255828 152352 86843.8 13621 11282.1 10110.5 6686.61 5436 5208.01 4218.6 4151.37 3681.72 3571.64 3341.52 3214.3 3418.67 4250 3577.88 3028.04 2830.7 6786.53 2827.69 2624.15 3890.32 2621.11 2388.1 2266.88 2253.99 2222.8 2150.81 1914.23 1807.67 1708.58 1693.51 1509.23 1418.39 1614.66 1347.11 1364.47 1343.87 1313.14 1291.56 1397 1203.65 1183.06 1161.4
threshold=1.0000000180025095e-35 1.0000000180025095e-35 0.6715412735939027 0.42737566724925419 -0.37501118855539056 0.5017452060066323 0.67387536168098461 0.00036339802383320079 0.80000919103622448 -2.0285049821981187 0.6708858609199525 0.76038458943367015 25.500000000000004 0.0096970247615069793 0.83554885362452103 6.2521104812622079 60.95000076293946 10.864598388430752 66.649997711181655 0.67412567138671886 0.4983748012712122 0.0066036370189105102 5.071011406169195e-05 0.45261964089942369 68.177160738518779 -0.0012552738189697263 6.3989045365870547 0.62219373908230835 0.12101227165023348 9.2962338510652973 0.76285651326179515 0.0021425504115638052 2.1666631698608403 0.68033981323242199 0.66057932376861583 0.64923548698425304 6.8517164570418698 65.500000000000014 65.527778625488295 10.131921292814646 6.8278730632087825 10.805647036389518 9.6358933468701107 70.30694071490386 51.500000000000007 62.500000000000007
decision_type=2 2 2 2 2 2 2 2 2 2 2 2 2 2 2 2 2 2 2 2 2 2 2 2 2 2 2 2 2 2 2 2 2 2 2 2 2 2 2 2 2 2 2 2 2 2
left_child=1 2 27 8 9 12 10 11 25 -3 -6 26 13 14 15 16 -2 -17 -12 -5 33 -11 23 -23 -24 -4 -8 34 32 -22 -27 -30 -9 -21 41 36 -7 38 -16 -36 -39 42 -1 -14 -29 -38
right_child=5 4 3 19 6 35 7 28 -10 21 18 -13 43 -15 37 17 -18 -19 -20 20 29 22 24 -25 -26 30 -28 44 31 -31 -32 -33 -34 -35 39 -37 45 40 -40 -41 -42 -43 -44 -45 -46 -47
leaf_value=0.012615101872589296 0.0049280886711287036 -0.0014819379205860037 -0.0055025452791590034 0.04933442419425433 0.024462306513229847 0.0097660518397532873 0.036930304052490641 0.019774217048209135 0.005343107886838251 -0.061929907591460616 0.048382541939171415 0.039286213436358963 0.017362998116812932 -0.017885360434345111 -0.019841021092268377 0.0037418786522993726 -0.0072791429428859791 -0.0089967399096449515 -0.0056359829428909635 -0.014930426319563725 0.042776121115723112 0.02776456782269544 0.010262718102156825 0.011752049716523924 0.016202253250580299 0.047603380280408315 0.02057098253916027 -0.010831836468381852 0.019344421041105595 0.020563119747137964 0.052534707327516007 0.011240212813758385 -0.014428532550888129 0.016453039525745186 0.017656831901891303 -0.036857949161789444 -0.025081733521838293 0.0013556133309529221 0.020270608008384979 0.039041700936652456 -0.04684724786593663 0.002543117391708284 0.022155173660554098 -0.073172535821973209 0.0093329903730936942 0.022830822130924071
leaf_weight=63083.22550329566 78745.087834402919 34591.217767030001 1522.3808522671461 14420.316676452756 40296.032058238983 3452.4735603183508 18633.644463181496 4281.4223044663668 5221.2395799010992 929.96757864952087 32436.064514711499 31474.469888344407 25492.227819293737 19730.039747580886 5755.6733465492725 489624.96077825129 175542.07739594579 45970.639407813549 2106.2080186754465 3689.7662543058395 41191.181471854448 61457.080520987511 304288.42211031914 54626.129603326321 264906.21502833068 453067.89599061012 120897.32066908479 6299.9709804207087 156000.53703767061 10408.635354503989 224363.32296712697 79043.353765562177 7958.1429167985916 29305.983679562807 11753.384197309613 10928.447952955961 18649.6373141855 1396.9106925874949 2247.5044424384832 10702.1681214571 4704.2759233415127 13009.999960675836 54565.002752795815 282.92989088594913 46298.903887972236 1016.7547806054354
leaf_count=143543 195525 88279 4124 29741 87493 11028 37072 9430 12495 3214 62583 66715 56780 59159 17365 1234743 483712 129083 5474 10209 86812 126215 704707 125482 589113 1006455 265348 17055 344748 23584 488037 181364 21529 68314 26189 47195 72421 3854 5201 21197 17124 31630 116135 1038 107548 3186
internal_value=0.0192776 0.0272381 0.0399589 0.0465895 0.0168752 -0.000569227 0.0219637 0.0198133 0.0487799 0.013394 0.0339827 0.0257983 0.000365742 -0.000135014 0.000300581 0.000669459 -0.00349892 0.0026485 0.0450887 0.031455 0.0284072 0.0141438 0.0142471 0.0202295 0.013027 0.0491139 0.0227557 0.0147148 0.0156745 0.0382954 0.0492366 0.0166191 -0.00246403 0.0129434 0.0173933 -0.0238971 -0.0177702 -0.0203573 -0.00857612 0.0278489 -0.0358104 0.0155964 0.0170398 0.0163689 0.0069177 -0.0226044
internal_weight=3.08637e+06 2.20283e+06 988903 783191 1.21393e+06 883540 493127 418289 684175 720799 74838.3 171005 849492 823717 803987 789883 254287 535596 34542.3 99015.9 84595.6 686208 685278 116083 569195 678954 139531 205713 247283 51599.8 677431 235044 12239.6 32995.7 153114 34047.3 23118.9 14104.4 8003.18 22455.6 6101.19 130658 117648 25775.2 52598.9 19666.4
internal_count=7249248 4911834 2193068 1729771 2718766 2337414 1081756 926206 1511111 1637010 155550 369135 2203584 2145766 2086607 2043063 679237 1363826 68057 218660 188919 1548731 1545517 251697 1293820 1498616 302420 463297 557071 110396 1494492 526112 30959 78523 338694 133830 86635 43544 22566 47386 20978 291308 259678 57818 124603 75607
is_linear=0
shrinkage=0.043658


Tree=24
num_leaves=47
num_cat=0
split_feature=18 22 23 3 23 18 22 30 3 23 28 30 30 23 18 14 35 28 3 23 29 31 21 30 3 28 23 10 9 30 36 12 2 31 23 30 30 31 30 29 30 36 31 35 28 35
split_gain=239236 148040 85388.9 14905.1 10936.8 9774.26 8210.49 7137.38 4154.38 3693.94 3350.75 3371.3 3306.95 3184.39 3013.41 7802.03 2532.94 2519.97 2347.08 2278.93 2620.92 2266.61 2253.92 2241.62 2114.48 1857.91 1837.23 2359.5 1762.08 1758.26 1700.38 1647.93 1628.94 1727.43 1610.9 1582.37 1496.48 1620.5 1473.3 1465.38 1392.16 1340.73 1488.43 1362.96 1340.24 1333.58
threshold=1.0000000180025095e-35 1.0000000180025095e-35 0.6715412735939027 10.500000000000002 0.64029967784881603 0.5017452060066323 0.00069217550228399365 0.50115785300816829 6.5000000000000009 0.76038458943367015 -3.4551257773507946 0.1046650917773098 0.81843165710234567 0.76543691754341137 0.3318732591531755 1.0000000180025095e-35 3.5000000000000004 -0.18943979936127567 6.5000000000000009 0.76399549841880809 66.634155033448948 73.549999237060561 0.00018614530563354495 0.74129065304788522 8.5000000000000018 0.52104214100205992 0.63501238822937023 62.500000000000007 -0.22252093395631442 0.071426494832874429 1.0000000180025095e-35 40.500000000000007 15.500000000000002 69.649997711181655 0.49092386662960058 0.1408885366776032 0.82640294990990504 70.316669464111342 0.50987881867497664 67.840576819877938 0.055794156681723037 1.0000000180025095e-35 68.527778625488295 7.5000000000000009 1.5720280234566839 4.5000000000000009
decision_type=2 2 2 2 2 2 2 2 2 2 2 2 2 2 2 2 2 2 2 2 2 2 2 2 2 2 2 2 2 2 2 2 2 2 2 2 2 2 2 2 2 2 2 2 2 2
left_child=1 2 18 7 8 10 9 13 16 21 31 22 14 17 -13 -16 32 -4 34 20 -9 23 28 -6 29 -23 27 -18 -12 -10 -26 -2 -3 -34 -1 -8 -37 -38 -28 -11 -7 43 -43 -5 -15 -36
right_child=5 4 3 41 6 40 35 19 24 39 11 12 -14 44 15 -17 26 -19 -20 -21 -22 25 -24 -25 30 -27 38 -29 -30 -31 -32 -33 33 -35 45 36 37 -39 -40 -41 -42 42 -44 -45 -46 -47
leaf_value=-0.015306292824785255 -0.020642562032966105 0.0059991777090477897 0.011026134565639448 0.0051189593674247549 0.024675668208501589 -0.056823462288392385 0.00075645078685202221 0.037420496735747523 -0.014994259506248459 0.02377685595896353 -0.0047911847636203011 -0.0040348022261273387 -0.016193773258154406 -0.018808831463794501 0.00093013773185014097 0.014841930455816121 0.003927700123699052 0.048858828826394897 0.018968289840082506 0.047379775009514472 0.011505698913281981 0.0079407649925462183 0.038449041757123784 0.011230135360119031 0.012022706361524419 0.026961345433324405 0.0038077126302895207 0.023423841038345269 -0.026532681979807134 0.021276688355374468 -0.051982093064610518 -0.080133577471552753 0.019173051595199025 -0.11535140033850776 0.016983150661061805 0.01567487853666328 0.0029695310304413088 -0.08966024970734332 -0.030849457638139791 0.041407259624159642 -0.021183747711002999 0.046128270476121086 -0.08180456288032413 0.023205419068788414 0.028651083311954532 0.0067220445689001517
leaf_weight=4720.301164612174 3006.2119885832071 31846.894900977612 3372.8599670082331 12353.013858959079 293773.7878010869 2237.0595152527094 15496.046121150255 13721.736044421792 2617.8948889821768 13030.280964806676 13191.548657119274 149035.80610889196 20513.181008204818 1464.3140731155872 555897.21573109925 89160.763124927878 154325.57251729071 671667.57485625148 99375.594778701663 10068.745682403445 16245.942873448133 34089.902801573277 1497.1128035783768 25702.654980644584 116752.46736682951 13731.293522596359 4440.9818102866411 12814.298998206854 15400.747636660933 94372.779632940888 796.45435287058353 1259.3739808797836 48990.795577317476 182.55593039095402 39981.332581654191 296546.38243602216 12037.360154226422 371.01885437965393 4936.5379823744297 28959.813181325793 31596.311207890511 4632.6456110924482 180.00713041424751 22240.744565963745 5027.6465224325657 60937.679159626365
leaf_count=13145 8863 75899 7929 30374 633327 10723 38263 29287 7130 30092 37460 398375 61731 4244 1428974 206565 373892 1529172 217849 21373 38686 81111 3132 59768 266761 28788 10693 26968 52438 203049 2967 4866 106612 776 88491 665156 29324 1440 14561 61413 123702 9154 682 48677 10754 144501
internal_value=0.0186349 0.0264246 0.0391596 0.0458969 0.0162225 -0.000528825 0.0195576 0.0473247 0.0110389 0.0236694 0.000388246 0.000583159 0.00111325 0.0483771 0.00156033 0.00285305 0.00730078 0.0486698 0.014152 0.0294097 0.0233718 0.0222671 -0.0137677 0.023594 0.0155261 0.0134024 0.00436744 0.00542246 -0.016502 0.0202976 0.011589 -0.0382083 0.0136916 0.0186734 0.00962127 0.0143705 0.0150533 0.000199171 -0.0144363 0.0359363 -0.0235404 0.0197509 0.0413416 0.0167471 0.0179455 0.0107873
internal_weight=3.0546e+06 2.17181e+06 965990 760975 1.20582e+06 882795 733739 721569 472077 409288 848962 844696 814607 681532 794094 645058 257538 675040 205015 40036.4 29967.7 367298 30089.4 319476 214540 47821.2 176517 167140 28592.3 96990.7 117549 4265.59 81020.2 49173.4 105639 324451 308955 12408.4 9377.52 41990.1 33833.4 39406.4 4812.65 34593.8 6491.96 100919
internal_count=7249137 4912308 2194318 1730332 2717990 2336829 1628682 1641445 1089308 894499 2202404 2188675 2095645 1552099 2033914 1635539 609401 1537101 463986 89346 67973 802994 93030 693095 479907 109899 426114 400860 89898 210179 269728 13729 183287 107388 246137 734183 695920 30764 25254 91505 134425 88887 9836 79051 14998 232992
is_linear=0
shrinkage=0.043658


Tree=25
num_leaves=47
num_cat=0
split_feature=18 22 10 3 27 18 30 22 28 30 18 14 27 28 22 30 30 10 31 30 10 35 22 28 10 10 30 26 26 28 30 30 36 31 35 2 28 1 10 2 10 10 31 26 10 29
split_gain=224146 143626 83376.9 14977.5 10301.9 9021.33 7347.69 6212.03 4009.18 3192.66 3135.83 8725.2 3054.24 2987.26 2785.12 3045.59 2748.86 2520.13 4259.99 3672.12 2809.57 2482.32 2796.27 2325.84 2313.04 2294.91 2065.67 1990.55 1494.96 1493.71 1368.11 1334.53 1298 1371.23 1331.53 1296.94 2367.37 1508.18 1407.46 1290.3 1271.51 1240.36 1236.12 1536.7 1212.39 1133.69
threshold=1.0000000180025095e-35 1.0000000180025095e-35 66.500000000000014 10.500000000000002 -0.37501118855539056 0.5017452060066323 0.49349278204999963 0.001361344747604443 -1.6886414654931867 0.031989530961966599 0.33961162058493438 0.41485111700133559 9.811477006408106 -0.18943979936127567 5.071011406169195e-05 0.5274898310703845 0.031989530961966599 75.500000000000014 65.850002288818374 0.47241142842277789 79.500000000000014 25.500000000000004 0.0072953107536127227 0.52104214100205992 69.500000000000014 85.500000000000014 0.65438549899112131 68.246863749831192 67.630912563502008 -0.91918434225542189 0.74632805065987673 0.055794156681723037 1.0000000180025095e-35 68.527778625488295 7.5000000000000009 7.5000000000000009 1.2411472216289925 3.5000000000000004 88.500000000000014 14.500000000000002 51.500000000000007 65.500000000000014 67.950000762939467 68.514968068346789 79.500000000000014 67.66100494786221
decision_type=2 2 2 2 2 2 2 2 2 2 2 2 2 2 2 2 2 2 2 2 2 2 2 2 2 2 2 2 2 2 2 2 2 2 2 2 2 2 2 2 2 2 2 2 2 2
left_child=1 2 26 6 8 9 12 17 30 39 -11 21 13 -4 15 -10 29 18 19 -6 45 22 -12 28 -20 -22 41 -18 -8 -16 42 -7 34 -34 44 36 -9 -38 -37 -2 -28 -1 43 -3 -5 -19
right_child=5 4 3 32 7 31 23 35 14 10 11 -13 -14 -15 16 -17 27 20 24 -21 25 -23 -24 -25 -26 -27 40 -29 -30 -31 -32 -33 33 -35 -36 38 37 -39 -40 -41 -42 -43 -44 -45 -46 -47
leaf_value=0.014150235092439713 -0.043821455372349293 -0.0017739092090965321 0.0094091773605841002 0.0084657728731372898 0.037134323675599157 -0.055718970690010194 0.03004145682209047 0.010387152763130054 0.025116311394139893 -0.0047861461611709765 0.00069908584624521161 0.020208444681297 0.018508088567557694 0.048243019397390154 0.0070673148819021458 0.0097731610959606689 0.0098814379681475325 0.026063119591175417 0.010108923642887454 0.020361644237115367 -0.011244440876560244 0.016099403848947636 -0.014266256711163107 0.040854093505502731 0.020998216300613017 0.026975103618810406 -0.015522651092564149 0.015257888915221479 0.0083522655458065503 -0.062925012443812295 -0.011846538889978745 -0.020414913290000697 0.045248911259738206 -0.075764732518136021 0.022419377194976386 0.01385291784018839 -0.046086918663588952 7.2419617689095482e-05 0.042710320052345881 -0.00056535370696860073 0.0075861668267771061 0.025743478073855262 -0.027738451860695016 0.012324246881892081 -0.043398593731043718 0.041668418449942929
leaf_weight=137484.42138679326 4351.3163638412952 26013.032371640205 3797.8357724696398 11528.89132656157 52988.30828589201 2183.0009518563747 13372.282151952386 22803.455307736993 70609.937422171235 165456.93783816695 586885.33855581284 46313.084378451109 6754.4990035742521 650714.96105098724 979.52416218817234 37892.810937419534 292329.57708597183 12323.74423314631 50380.660918682814 46903.376318141818 4415.5384016931057 19040.093334615231 24803.339187189937 18128.40251454711 141917.63581471145 9303.6958654671907 5175.7299203574657 238215.69157908857 11073.85099183023 1428.5891399085522 10699.278180062771 31360.195423588157 4519.0203773528337 185.73974299430847 22311.340720698237 102678.48562690616 2556.6410758346319 2856.2127938717604 3325.8556784540415 1883.4904792457819 36841.071668475866 20171.777586594224 2116.0163370519876 33992.787810385227 928.17539066076279 31707.661921545863
leaf_count=310046 19199 65755 9013 27818 110739 10723 29946 52764 148454 445860 1513149 102770 15844 1528933 2331 88134 678818 28100 119158 104406 11885 42710 72614 40008 312923 20102 14450 533843 26546 4984 29623 123702 9154 682 49308 232629 8237 7075 6035 6102 86570 43070 6340 78273 2930 67382
internal_value=0.0180124 0.0256422 0.0383885 0.0451168 0.0156128 -0.000506222 0.0465844 0.0205293 0.0122802 0.000371408 0.00060176 0.00191847 0.0477163 0.0480177 0.0133823 0.019758 0.0120842 0.0235919 0.0219448 0.0292589 0.0319257 0.000575472 9.22499e-05 0.0290043 0.0181453 0.0146739 0.0133412 0.0122955 0.0202167 -0.034454 0.00257253 -0.0227127 0.0189478 0.0404698 0.0160354 0.0125442 0.00422592 -0.0217295 0.0147584 -0.0307548 0.00473947 0.0156336 0.00505599 0.00621252 0.00460091 0.0373008
internal_weight=3.0237e+06 2.14143e+06 942988 743315 1.19844e+06 882277 703842 484161 714277 848734 842499 677042 661267 654513 641456 108503 532953 349941 292190 99891.7 57750.6 630729 611689 42574.5 192298 13719.2 199673 530545 24446.1 2408.11 72821.1 33543.2 39473.2 4704.76 34768.4 134221 28216.3 5412.85 106004 6234.81 42016.8 157656 62121.8 60005.8 12457.1 44031.4
internal_count=7249137 4912308 2194318 1740182 2717990 2336829 1650290 1081435 1636555 2202404 2177103 1731243 1553790 1537946 1456564 236588 1219976 774695 647226 215145 127469 1628473 1585763 96500 432081 31987 454136 1212661 56492 7315 179991 134425 89892 9836 80056 306740 68076 15312 238664 25301 101020 353116 150368 144028 30748 95482
is_linear=0
shrinkage=0.043658


Tree=26
num_leaves=47
num_cat=0
split_feature=18 22 23 3 23 18 22 3 28 23 23 23 32 31 23 22 28 18 14 18 21 31 3 35 3 28 24 25 27 23 28 26 35 25 32 25 24 12 35 28 23 35 10 35 32 31
split_gain=209972 139248 82538.7 14703.4 9796.72 8346.87 6210.18 4643.01 4185.94 3717.59 6042.78 3881.97 3509.22 10162 3025.31 3003.92 3084.74 2614.8 7636.6 5809.31 2524.44 2510.48 2168.11 2120.95 2063.76 4291.92 4625.17 3857.52 3721.32 2126.84 1743.05 1659.52 1629.06 1590.66 1574.43 3105.04 2539.02 1532.24 1527.38 1488.09 1355.49 5605.21 1901.51 1293.44 1262.57 1248.1
threshold=1.0000000180025095e-35 1.0000000180025095e-35 0.6715412735939027 10.500000000000002 0.66057932376861583 0.51980959995249199 0.0010199266812539799 6.5000000000000009 -0.18943979936127567 0.67387536168098461 0.70091050863266002 0.6715412735939027 7.4405045509338388 68.211109161376967 0.70788720250129711 0.0096970247615069793 -3.4551257773507946 0.3318732591531755 0.20412414523618203 0.37397879600197181 0.0012147426605224612 66.649997711181655 6.5000000000000009 25.500000000000004 4.5000000000000009 -1.1726311165213883 70.603248994970784 10.613268131229345 -5.8859604137857238 0.65500000119209301 -3.4551257773507946 60.212565472597966 3.5000000000000004 10.15104844016388 4.2849843502044687 9.4254784045949442 68.929574082139212 40.500000000000007 26.500000000000004 -1.5401524160854989 0.80000919103622448 8.5000000000000018 78.500000000000014 6.5000000000000009 5.254098892211915 61.95000076293946
decision_type=2 2 2 2 2 2 2 2 2 2 2 2 2 2 2 2 2 2 2 2 2 2 2 2 2 2 2 2 2 2 2 2 2 2 2 2 2 2 2 2 2 2 2 2 2 2
left_child=1 2 22 8 7 15 9 24 -4 11 44 33 20 -14 -12 16 37 -18 23 -20 -10 -13 39 -19 28 27 -27 -26 32 -30 -9 -32 -3 -6 35 36 -8 -2 -33 -1 42 -42 -36 -41 -11 -45
right_child=5 4 3 -5 6 -7 34 30 12 10 14 21 13 -15 -16 -17 17 18 19 -21 -22 -23 -24 -25 25 26 -28 -29 29 -31 31 38 -34 -35 40 -37 -38 -39 -40 43 41 -43 -44 45 -46 -47
leaf_value=-0.0031453417126784925 -0.019341227318352146 0.011807377545074568 0.0087780409483084482 0.018413236925245959 0.018928560955582069 -0.02290297369082531 -0.040325376517550984 -0.062009454738751871 0.047715101864004204 0.0038532034847040598 0.03444642498731857 0.047157795220232362 0.044669206009536791 0.0029679815487526238 0.021225544011097112 -0.016270896452167446 -0.0042125020179919065 -0.00017390786801504691 -0.003127843679292162 0.021393923043629047 -0.01094137622384354 0.0089160945258330796 0.017724663853633665 0.015272975047130351 0.0057854955373600339 -0.0076667261336062593 0.051549976254282807 0.035580498964454157 0.019543363631714918 0.00026653497481638345 -0.042089227483195636 0.014998337509927642 0.0017485091760414751 0.033410491773935347 0.01462319502649213 0.048904435036012162 0.0029775644300421636 -0.076573351745964288 0.030531991728876641 0.01614008400819476 -0.019132753110841654 0.020379043569738898 0.039147915347189824 -0.00068573732137292725 0.014576100811537394 0.014458548867566598
leaf_weight=16953.885688722134 3030.6886474639177 48006.243916645646 5685.6482246667147 38695.116522789001 43789.190787702799 30557.952839672565 3444.2459824085236 553.58563737571239 589078.26157459617 35713.038197666407 41498.997319847345 27005.663857936859 69293.92059905827 13271.381409242749 160910.08298885822 20303.819599270821 154082.11325214803 567037.72190003097 26235.847614333034 61761.992916688323 1401.7078379541636 3723.3441551625729 98179.220988452435 17464.221419349313 36968.649876877666 57541.514709889889 2628.7980622798204 10673.611712872982 77973.07369402051 12684.132353797555 949.09558027982712 252228.94279076159 85068.931596264243 21582.580962404609 157275.17973226309 2118.5243732780218 10294.18384256959 1263.3880590498447 12671.611544087529 45108.465882301331 11055.94495010376 17959.723952874541 6266.0769988000393 25203.165764451027 50564.007605716586 17626.21397575736
leaf_count=43209 8927 110022 13501 88887 98324 125844 10691 2069 1425518 87445 84358 54986 162478 35715 366052 60761 414973 1477049 69193 135830 4233 8843 217849 39371 89116 148876 4432 20531 168880 31280 2977 567465 208782 45970 355492 3818 25043 4881 25704 100632 30734 38840 11849 62475 115411 39821
internal_value=0.0174093 0.024881 0.0376342 0.0445896 0.0150256 -0.000484601 0.0190008 0.011082 0.0460819 0.0222883 0.0198123 0.029726 0.046397 0.0379663 0.0239362 0.000320231 0.000725668 0.000917406 0.00209277 0.0140829 0.0475759 0.0425243 0.0130619 0.000287622 0.00763349 0.00267151 -0.00507949 0.0124608 0.0100246 0.0168463 0.0153738 0.0155349 0.00537723 0.0237099 0.0129311 -0.000291741 -0.00787842 -0.0361814 0.0157414 0.00869747 0.01402 0.00532359 0.0155629 0.0109807 0.0101376 0.00554675
internal_weight=2.99338e+06 2.11165e+06 920497 717426 1.19115e+06 881738 593201 597948 678731 384787 288686 96100.8 673045 82565.3 202409 851180 830876 826582 672500 87997.8 590480 30729 203071 584502 331545 107813 60170.3 47642.3 223732 90657.2 266403 265850 133075 65371.8 208414 15857 13738.4 4294.08 264901 104892 192557 29015.7 163541 87937.8 86277 42829.4
internal_count=7249137 4912308 2194318 1730332 2717990 2336829 1337856 1380134 1641445 861389 653266 208123 1627944 198193 450410 2210985 2150224 2136416 1721443 205023 1429751 63829 463986 1516420 781919 262955 153308 109647 518964 200160 598215 596146 318804 144294 476467 39552 35734 13808 593169 246137 436915 69574 367341 202928 202856 102296
is_linear=0
shrinkage=0.043658


Tree=27
num_leaves=47
num_cat=0
split_feature=18 22 23 3 23 18 30 22 3 23 23 30 30 3 35 22 23 1 35 24 31 35 2 3 23 23 3 25 35 3 30 31 30 27 22 1 3 25 30 2 28 3 30 23 35 25
split_gain=196638 134873 81072 14617.5 9216.74 7725.46 7501.52 7286.02 3518.99 3374.82 3183.68 2956.54 2915.41 2915.61 4052.35 2936.31 2662.54 2617.89 2851.99 2381.94 2378.41 2302.99 2575.07 2589.81 2280.08 2499.07 2234.07 2142.2 2030.2 2013.53 1981.76 1973.21 1963.89 1880.39 1773.09 1755.46 1923.23 1827.45 1682.42 1650.69 1607.72 1454.69 1804.83 1434.49 1459.8 1341.72
threshold=1.0000000180025095e-35 1.0000000180025095e-35 0.6715412735939027 10.500000000000002 0.64029967784881603 0.5017452060066323 0.50115785300816829 0.00046462230991113488 6.5000000000000009 0.76038458943367015 0.76543691754341137 0.023010296375251423 0.83554885362452103 6.5000000000000009 13.500000000000002 0.0055046016407019676 0.76285651326179515 1.5000000000000002 3.5000000000000004 66.156350999259828 73.049999237060561 14.500000000000002 15.500000000000002 5.5000000000000009 0.76399549841880809 0.67412567138671886 2.5000000000000004 9.4082357609474503 18.500000000000004 6.5000000000000009 0.0066036370189105102 69.049999237060561 0.13413774852080895 -21.931248376344012 0.0025833447802173391 2.5000000000000004 11.500000000000002 5.1465239405918126 0.14748350998875784 5.5000000000000009 -2.9801156244444065 2.5000000000000004 0.0066036370189105102 0.64029967784881603 8.5000000000000018 11.269373618110089
decision_type=2 2 2 2 2 2 2 2 2 2 2 2 2 2 2 2 2 2 2 2 2 2 2 2 2 2 2 2 2 2 2 2 2 2 2 2 2 2 2 2 2 2 2 2 2 2
left_child=1 2 29 6 8 11 10 9 21 19 16 -2 13 17 15 -15 -4 20 -19 27 -13 22 23 -3 25 -8 -24 -6 35 43 -21 33 41 -23 40 37 -37 -10 -30 -16 -34 -9 -43 44 -1 -40
right_child=5 4 3 -5 7 -7 24 32 28 -11 -12 12 -14 14 39 -17 -18 18 -20 30 -22 31 26 -25 -26 -27 -28 -29 38 -31 -32 -33 34 -35 -36 36 -38 -39 45 -41 -42 42 -44 -45 -46 -47
leaf_value=0.010171338625125263 -0.034249885185647415 0.0057833905584263792 0.04496746826639357 0.017761821158923746 0.020914955019313043 -0.02119341304875428 0.045527554420696871 0.025435944033376678 -0.069255905486508451 0.035488676115656766 0.015803078655058519 0.0047800324112646647 -0.019150069127167445 0.0012505205931051323 -0.00054503770999231251 -0.014537269491651472 0.051116512558290826 0.0023388140682484913 -0.0075314556156454819 -0.045001213193378797 -0.030550353991146233 -0.052969653606683223 -2.0594628517997277e-05 -0.018142211405515363 0.045423016975989404 0.013898215219403381 0.016691895446212524 0.039804474667069392 -0.015292437702358368 0.017062314196934783 0.019398119961914026 -0.097922149536373501 -0.051547469364826654 0.00023650673594552971 0.0091275347382453603 0.01829127643671468 0.0023089953547774985 0.0064212431906430128 0.023179910500963768 0.01015114965996064 0.01617353873983134 -0.10127360295875328 -0.0038755752386234552 0.016151466109917398 -0.0023470337879504589 -0.04234723090329192
leaf_weight=42937.242220565677 4683.2311001121998 94734.079670935869 415549.97706058621 38370.297682836652 23882.453726306558 32983.745029643178 6029.6486722975969 3373.6231661736965 614.07240937650204 33021.429753482342 6318.2827055305243 107439.17012302577 14101.308516263962 250558.96344967186 33636.248632147908 24663.843337476254 198274.61923006177 81431.624792277813 177251.31701818109 913.92930383980274 3758.7391223758459 1297.5457402914762 18891.088812336326 9486.6657909601927 9306.1442404389381 22637.860196888447 78992.496092781425 21972.405200704932 2346.8114297538996 97551.97357609868 258035.53855979443 403.81381553411484 669.81289495527744 52072.750929132104 98408.772965624928 73016.737885445356 17862.171458885074 62896.769108995795 54011.930089503527 150735.00639013946 261438.12758718431 371.74771262705326 14705.493515133858 31383.744724437594 30273.080495774746 602.14579455554485
leaf_count=99369 20709 226234 1045723 88887 53513 134425 13074 7165 2187 75614 14998 269806 43841 641935 85633 72350 491378 210960 487941 2918 12070 4490 46738 26222 21373 54899 174917 45783 6395 217849 579942 1636 2395 129164 229462 160615 43598 149901 115313 357159 592826 1507 37557 70692 76076 1898
internal_value=0.0168235 0.0241384 0.0368912 0.0439557 0.0144594 -0.000463757 0.0454829 0.0175692 0.00968842 0.0222312 0.0466363 0.000342293 0.000534343 0.000868989 0.00319104 -0.000164278 0.0469537 -0.00201625 -0.00442435 0.0207949 0.00358574 0.00624495 0.0083814 0.00360553 0.0266465 0.020551 0.0134664 0.0299664 0.0138573 0.0125505 0.0191708 -0.00178461 0.0134134 -0.00105704 0.0141244 0.0112583 0.01515 0.00568942 0.020902 0.00819974 0.0160005 -0.000478763 -0.00627764 0.00834246 0.00499484 0.0224573
internal_weight=2.9639e+06 2.08266e+06 898633 696487 1.18402e+06 881243 658117 716793 467229 337826 620143 848259 843576 829475 459594 275223 613825 369881 258683 304804 111198 255878 202104 104221 37973.7 28667.5 97883.6 45854.9 211351 202146 258949 53774.1 378968 53370.3 360517 154390 90878.9 63510.8 56960.9 184371 262108 18450.9 15077.2 104594 73210.3 54614.1
internal_count=7249137 4912308 2194318 1730332 2717990 2336829 1641445 1628682 1089308 757770 1552099 2202404 2181695 2137854 1157077 714285 1537101 980777 698901 682156 281876 609401 474111 252456 89346 67973 221655 99296 479907 463986 582860 135290 870912 133654 824683 356301 204213 152088 123606 442792 595221 46229 39064 246137 175445 117211
is_linear=0
shrinkage=0.043658


Tree=28
num_leaves=47
num_cat=0
split_feature=18 22 10 30 27 18 22 10 28 30 30 27 26 28 35 32 30 30 21 12 10 31 21 10 28 10 26 32 30 22 9 30 31 21 12 31 27 30 32 28 21 31 10 28 32 32
split_gain=184077 130568 79014.2 14615.5 8751.38 7139.98 5466.14 4875.77 3498.37 2923.4 2842.78 2724.2 2901.62 2696.7 2644.24 5082.61 2604.1 2568.96 2537.46 2509.97 2359.4 3396.64 2352.79 2301.36 2257.56 2257.49 2244.11 2154.64 1980.61 1916.07 1862.94 1831.49 1802.66 1733.98 1600.39 1556.33 1551.88 1542.27 1541.66 1527.82 1446.71 1434.74 1393.12 1267.06 1259.11 1257.56
threshold=1.0000000180025095e-35 1.0000000180025095e-35 66.500000000000014 0.42737566724925419 -0.37501118855539056 0.51980959995249199 0.00051107138499098179 80.500000000000014 -1.5928631873573182 0.11758231336299686 0.73612060257540268 -14.752139294415704 66.741938374951886 0.4983748012712122 11.500000000000002 4.8218235969543466 0.5274898310703845 0.0066036370189105102 -0.0010503828525543211 80.500000000000014 75.500000000000014 65.850002288818374 9.882450103759767e-05 67.500000000000014 -0.18943979936127567 69.500000000000014 68.246863749831192 7.4105780124664316 0.64286971541067095 0.0024053882698590007 -0.56174490092936669 0.45843178697796488 65.850002288818374 0.00014060735702514651 69.500000000000014 67.350002288818374 -23.415504547049206 0.74632805065987673 10.478814601898195 0.16741240023566392 -0.00069344043731689442 67.950000762939467 57.500000000000007 1.7383347059338854 4.3748011589050302 12.522202491760256
decision_type=2 2 2 2 2 2 2 2 2 2 2 2 2 2 2 2 2 2 2 2 2 2 2 2 2 2 2 2 2 2 2 2 2 2 2 2 2 2 2 2 2 2 2 2 2 2
left_child=1 2 31 7 8 9 20 18 37 22 14 12 16 23 15 34 -10 -13 -4 -17 21 28 30 32 -20 -23 -19 -15 -6 35 -2 -1 -5 40 -11 -8 -16 41 -38 -32 -12 -3 -33 -41 -31 -7
right_child=5 4 3 13 6 45 29 -9 11 10 33 17 -14 27 36 19 -18 26 24 -21 -22 25 -24 -25 -26 -27 -28 -29 -30 44 39 42 -34 -35 -36 -37 38 -39 -40 43 -42 -43 -44 -45 -46 -47
leaf_value=0.016316320035971887 0.00065755857440953809 0.0060388852236615588 -0.010745461276748023 0.03732352632278662 0.034353231140285614 -0.023608576070370056 0.020683067330012975 0.0017986686496413991 0.021897620785851338 -0.0079788423216720309 0.022575049954904641 -0.061471764402575464 0.034073265658663206 0.044262258774011118 -0.026371268449470891 0.0022529817612039378 -0.035251790328970647 0.0091201353558022814 0.010288946110351459 -0.012789281497698075 0.033869543115857492 0.0083337720124390564 0.03395399894012361 0.011707668774583615 0.046455448888931911 0.021070935507596023 0.014542419968229582 0.025467751132113584 0.014233379757650218 -0.02137711771644325 -0.012682405656590769 0.00085410278073539856 -0.0047220765470627254 -0.025906996543988686 -0.024115197882396997 0.012261464478985446 0.0036918673207162063 -0.012022793922066202 0.011881577556169861 -0.041085305493833886 -0.0063758520012844764 -0.028257972357673949 0.011476366853688809 0.01107381779231504 0.0092049978830726353 0.01426345865546815
leaf_weight=91946.254587933421 11296.695289760828 73127.107957571745 1492.543252915144 15155.70842218399 46512.513490870595 28247.713651463389 84802.994886651635 4773.2213446944952 4039.5159283131361 42413.010352909565 3469.464607000351 921.07374440133572 19752.223413452506 22172.373813033104 2998.8879050463438 360391.21182094514 2436.1814171671867 332361.01736150682 3308.7668931037188 22460.791604876518 34477.262043088675 35961.068643584847 2055.6244419813156 27994.448138713837 578700.06237645447 101056.78017167747 258744.0809713304 24447.03991869092 11665.179387509823 2660.917217746377 16106.64203581214 35586.22048600018 2229.2988988012075 8410.9252480268478 16186.342362225056 82536.633587375283 238720.68900591135 11800.51315009594 53658.674747139215 7898.1616223752499 63538.694027513266 2401.0935671925545 69486.195624679327 999.96417024731636 71855.187180399895 1776.1011569947004
leaf_count=206577 30569 175432 4344 36355 102591 119656 189428 11747 8613 117193 7616 3203 38652 53380 9108 918623 7350 778082 7900 65150 80710 86866 4361 69303 1494273 226608 585361 56934 27275 7458 49014 88000 5946 26262 49039 192803 597576 32646 126267 29522 178015 7216 159559 2670 167696 6188
internal_value=0.0162555 0.0234138 0.0361628 0.0432139 0.0139121 -0.000443976 0.0185169 0.0457446 0.0108347 0.000294579 0.000850772 0.0119901 0.0257588 0.027032 0.0016771 -0.00046223 0.000397149 0.0113801 0.0461041 0.00137049 0.0233406 0.0214808 -0.0114832 0.0194557 0.0462498 0.017728 0.0114936 0.0344066 0.0303191 0.0139362 -0.0140563 0.0118165 0.0319318 -0.0072222 -0.0124361 0.0165293 0.00487439 0.00265516 0.00519489 -0.0207039 -0.0048768 0.0049485 0.00787882 -0.0352233 0.00811287 -0.0213681
internal_weight=2.93503e+06 2.0544e+06 877292 680273 1.17711e+06 880630 471529 588275 705583 850606 812249 618254 26227.9 91998.9 736830 441451 6475.7 592026 583501 382852 229673 195196 38357.1 45379.5 582009 137018 591105 46619.4 58177.7 241856 36301.5 197019 17385 75419.1 58599.4 167340 295378 87328.7 292379 25004.8 67008.2 75528.2 105072 8898.13 74516.1 30023.8
internal_count=7249137 4912308 2194318 1740182 2717990 2336829 1081435 1518264 1636555 2210985 2094849 1421261 54615 221918 1882956 1150005 15963 1366646 1506517 983773 524050 443340 116136 111604 1502173 313474 1363443 110314 129866 557385 111775 454136 42301 211893 166232 382231 732951 215294 723843 81206 185631 182648 247559 32192 175154 125844
is_linear=0
shrinkage=0.043658


Tree=29
num_leaves=47
num_cat=0
split_feature=22 19 18 18 3 23 18 23 23 28 22 3 23 32 31 18 31 23 18 28 8 32 2 22 28 32 35 2 28 23 25 32 28 26 23 23 3 3 29 35 36 32 35 32 23 10
split_gain=173796 111670 46823.2 40580 14880.3 8234.89 5938.69 5487.44 5842.69 4627.33 4605.17 4038.3 3954.35 3802.61 10058 3427.45 3215.74 2736.34 2642.14 2190.94 2029.31 2004.19 2083.34 1972.74 2003.56 1956.19 1950.55 1997.66 1780.55 1753.07 2853.84 1677.53 1573.05 1540.46 1518.96 1508.97 1461.97 1445.33 1413.27 1407.16 1276.19 1349.71 1279.05 1176.73 1162.13 1121.62
threshold=1.0000000180025095e-35 66.500000000000014 1.0000000180025095e-35 1.0000000180025095e-35 10.500000000000002 0.66057932376861583 0.5017452060066323 0.67387536168098461 0.6708858609199525 -0.18943979936127567 5.071011406169195e-05 6.5000000000000009 0.68033981323242199 7.4405045509338388 68.211109161376967 1.0000000180025095e-35 66.549999237060561 0.76285651326179515 0.33961162058493438 -2.657172160610449 -1.0000000180025095e-35 3.0046190023422246 18.500000000000004 0.0096970247615069793 -3.4551257773507946 2.8611376285552983 7.5000000000000009 15.500000000000002 -2.0960300078808847 0.6637515425682069 10.15104844016388 2.8136487007141118 -3.4551257773507946 60.212565472597966 0.76153963804245006 0.47002477943897253 6.5000000000000009 10.500000000000002 68.918841866989553 26.500000000000004 1.0000000180025095e-35 9.0630507469177264 7.5000000000000009 12.522202491760256 0.66057932376861583 79.500000000000014
decision_type=2 2 2 2 2 2 2 2 2 2 2 2 2 2 2 2 2 2 2 2 2 2 2 2 2 2 2 2 2 2 2 2 2 2 2 2 2 2 2 2 2 2 2 2 2 2
left_child=1 15 5 4 9 11 18 8 29 -3 34 20 25 17 -15 28 37 -11 -4 -14 26 22 -22 24 -20 -12 27 -2 -1 -7 -31 -26 -13 -34 -9 -28 44 -10 -18 -35 42 -42 45 -8 -30 -6
right_child=2 3 6 -5 40 7 43 10 16 13 12 32 19 14 -16 -17 38 -19 23 -21 21 -23 -24 -25 31 -27 35 -29 36 30 -32 -33 33 39 -36 -37 -38 -39 -40 -41 41 -43 -44 -45 -46 -47
leaf_value=-0.010378891788641193 -0.00082679246002787747 0.00743379558502407 -0.0050607004042139319 -0.00049766299678219027 0.0056316977390913426 0.028050244479035907 -0.02255551329719685 0.023572321257574223 0.044177688992847401 0.04362211705613292 -0.061999677214151346 -0.059913330364925237 -0.077539568333312395 0.042594130347360946 0.00029964647220840311 0.0014551090934696927 -0.015228235760546037 0.050144181623740118 -0.034435672360243412 0.014428475601518425 -0.007566774271304217 0.0099331534866165232 -0.10958878470816409 -0.01420814504730189 -0.011218743480392472 -0.001088682669008112 -0.038044586487146696 0.014106202780725328 0.0066620728958444574 0.0075288165457031049 0.02833599686569481 0.0025555281405010987 -0.041469740301772529 0.013441372933454963 0.044097375611650967 -0.0014745602311720268 0.016107623862047747 -0.0081914742326596006 0.028401314045206648 0.028536048016343997 -0.023025608463527455 0.047641488378856213 0.019565401738340496 0.014212006373858293 0.021260989369500972 -0.044461878693714353
leaf_weight=6934.3355896621943 29924.850510925055 6449.0822627097368 148811.86255894601 44434.22705295682 11169.697463810444 24778.642760261893 26605.927996605635 48915.810392543674 36636.402393952012 350046.80306633562 1049.0219890028238 550.58411602675915 494.31733100116253 64281.224945545197 12861.309816509485 101138.44029596448 2719.450652629137 188733.18562149256 2874.3103313297033 370627.94127105176 1456.4612200111151 187894.00699974597 516.89351367950439 14856.13936971128 17414.275029346347 23898.212911859155 2221.608616232872 39762.069299384952 85851.720986992121 39362.599659472704 18455.056688502431 522145.40788112581 952.29173681139946 248644.52567496896 7996.3726247400045 67239.515962481499 91590.650345623493 1032.6703654974699 2950.188271984458 12356.760320097208 595.22984175384045 3824.7082344442606 21459.604565918446 1769.3021732568741 11824.766302496195 922.22717852890491
leaf_count=18571 74514 15535 404152 117559 27818 52416 111962 108840 76934 935075 3635 2069 1992 163741 35833 262824 7532 500106 9220 862719 3770 436536 2155 44228 49862 60051 7049 89731 203228 95283 41338 1331055 2977 567465 18131 168164 206083 2874 6111 25704 1834 8002 49308 5967 26254 2930
internal_value=0.0157035 0.0304211 0.00796097 0.0398873 0.0426047 0.0133831 -0.000679577 0.0170848 0.0251462 0.0442235 0.0148436 0.00976033 0.0131749 0.0446087 0.0355428 0.00798369 0.0381282 0.0459068 0.000107385 0.014306 0.00653821 0.00947346 -0.0342941 0.00148741 0.00191729 -0.00365024 0.00253305 0.00769365 0.011349 0.0183344 0.0141704 0.00211096 0.0137988 0.0139538 0.0264563 -0.00264428 0.0121451 0.0427419 0.00747378 0.014156 0.0160719 0.0381239 0.0131667 -0.0202628 0.00842947 0.00181069
internal_weight=2.90703e+06 1.00212e+06 1.90491e+06 704777 660343 1.17044e+06 734477 578917 125935 622372 452982 591520 396069 615923 77142.5 297340 43338.7 538780 706102 371122 329015 189867 1973.35 557290 542434 24947.2 139148 69686.9 196201 82596.3 57817.7 539560 262504 261954 56912.2 69461.1 189267 37669.1 5669.64 261001 37971.5 4419.94 33551.5 28375.2 97676.5 12091.9
internal_count=7249137 2574701 4674436 1857741 1740182 2717990 1956446 1337856 282488 1650290 1055368 1380134 928397 1634755 199574 716960 93451 1435181 1838517 864711 781919 442461 5925 1434365 1390137 63686 339458 164245 454136 189037 136621 1380917 598215 596146 126971 175213 435565 79808 13643 593169 89892 9836 80056 117929 229482 30748
is_linear=0
shrinkage=0.043658


Tree=30
num_leaves=47
num_cat=0
split_feature=22 19 18 18 30 23 22 18 23 18 23 30 22 27 28 23 23 23 30 30 30 23 23 30 22 18 14 24 32 32 30 24 24 27 24 22 30 2 23 30 35 23 23 36 31 24
split_gain=165842 108452 43846.6 39256.9 14713.3 7820.6 6466.63 5629.17 5195.94 3185.64 2978.78 2906.32 3039.78 2977.57 2616.04 6014.04 2601.3 23927.6 2455.41 2451.11 2367.87 2306.59 2578.3 2228.69 2181.06 2158.03 6739.22 2141.28 2437.14 2069.92 1974.88 1953.1 2002.33 1879.52 1806.01 1781.27 1712.73 1704.81 1631.31 1430.89 1327.88 1216.17 1536.75 1191.06 1188.45 1186.74
threshold=1.0000000180025095e-35 66.500000000000014 1.0000000180025095e-35 1.0000000180025095e-35 0.42737566724925419 0.64029967784881603 0.00036339802383320079 0.5017452060066323 0.80000919103622448 1.0000000180025095e-35 0.76153963804245006 0.54518891118270396 0.00015330813291015053 -18.278444433726978 0.4983748012712122 0.67412567138671886 0.76285651326179515 0.71188408136367809 0.12752349344033656 0.81843165710234567 0.27137728960782198 0.63501238822937023 0.63059458136558544 0.12101227165023348 0.0014111212910574522 0.33961162058493438 1.0000000180025095e-35 66.750317092746727 5.0359814167022714 7.4105780124664316 0.80410984956636411 66.161195916928861 69.966282485590057 10.864598388430752 70.354501918135497 0.0014446512032726653 0.62219373908230835 29.500000000000004 0.68033981323242199 0.37629252314216349 15.500000000000002 0.66530331969261181 0.64029967784881603 1.0000000180025095e-35 65.105556488037124 67.841141710969978
decision_type=2 2 2 2 2 2 2 2 2 2 2 2 2 2 2 2 2 2 2 2 2 2 2 2 2 2 2 2 2 2 2 2 2 2 2 2 2 2 2 2 2 2 2 2 2 2
left_child=1 9 5 4 8 11 10 18 16 36 31 12 27 -13 15 -6 17 -3 24 25 34 22 -15 -8 -4 -20 -27 44 -29 -16 35 39 -33 -32 -14 -25 -1 -22 -17 -7 -23 42 -38 -31 -2 -12
right_child=2 3 7 -5 14 6 23 -9 -10 -11 45 13 20 21 29 38 -18 -19 19 -21 37 40 -24 30 -26 26 -28 28 -30 43 33 32 -34 -35 -36 -37 41 -39 -40 -41 -42 -43 -44 -45 -46 -47
leaf_value=0.013348458341638449 0.0044219803514989123 0.045602717642742319 -0.004654912711358896 -0.00041539105485221666 0.042379998040702846 0.034712312006830011 -0.0029170617976711638 -0.019878652064021399 0.00054186408569036808 0.001371997700108577 0.020286634740445109 -0.013694270781337571 -0.00047051808193143956 0.0054951999781736576 0.042961861515787327 -0.020648100070880852 0.049424679017036337 -0.0045128756734908676 -0.0037992535845118979 -0.015726537129992096 0.011736305005841469 -0.0088488938974192501 0.025819131275058707 0.016530314950614949 -0.028881347223444983 0.00015787344829020921 0.013674087394812037 0.0064989062051652958 0.025850826180941193 0.017997613150295567 0.0027050709604378794 0.016117857524002761 0.027597796730901947 -0.065736584958444047 -0.081878007254520241 0.010448965626444803 0.0007612950937305377 -0.01339588882541707 0.010925442133077614 0.018089712673183156 -0.057138796220445272 -0.037385851031422758 0.018663577217386085 0.039685093311307575 0.018026054100544361 0.041510495495799
leaf_weight=144384.49176302552 31486.525088012218 349500.86320722103 27378.718770623207 44405.760867998004 13378.921532556415 25022.270590141416 17663.060512155294 28132.56591591239 5036.0055105984211 101034.41721445322 7072.8973368704319 16125.935476839542 42287.54963041842 145581.11248017848 20964.290871158242 3525.2090747207403 178111.16493570805 19153.536774307489 137141.56558768451 16996.589643314481 109613.08186994493 7527.790765658021 12956.088692218065 196950.96090745926 9555.0559800714254 430844.31538853049 84023.965080574155 16080.990337595344 54254.975946545601 17037.464086815715 21242.331082865596 193373.40745642781 34061.047495231032 793.28020326793194 525.82509222626686 171964.791416049 37437.922514021397 5397.6563876271248 27061.658984661102 16302.680904135108 1268.2227009385824 1316.2906544953585 12091.141586408019 6735.227202668786 20024.366633787751 17321.504559338093
leaf_count=330811 75940 953364 77996 117398 32831 54034 45179 118057 12509 262598 17834 44587 105283 348366 53481 10264 488769 62796 367827 51622 252706 19646 26850 454169 32814 1113830 194948 38470 113501 40869 52460 451278 72662 2808 1996 400009 92460 14511 68063 38608 4269 4031 26409 15923 44088 40577
internal_value=0.0151599 0.0297343 0.00762946 0.0392805 0.0420326 0.0128957 0.0158017 -0.000727475 0.0446856 0.00766508 0.0207495 0.00849228 0.0112934 0.00422215 0.0255288 0.0179656 0.0450922 0.0429989 3.57195e-05 0.000640701 0.00729407 0.00594878 0.00715616 0.0122519 -0.0109226 0.00106737 0.00236366 0.0164736 0.0214264 0.0329615 0.0129372 0.0194236 0.0178371 0.000240861 -0.00147053 0.0136956 0.0109218 0.0105568 0.00728637 0.0281548 -0.0158121 0.00403092 0.00513172 0.0241423 0.00971051 0.0353571
internal_weight=2.88015e+06 981174 1.89897e+06 684910 640504 1.1649e+06 701768 734073 551802 296264 293154 463130 279671 183459 88702.8 43965.8 546766 368654 705940 669006 157824 167333 158537 408614 36933.8 652010 514868 121847 70336 44737 390951 268759 227434 22035.6 42813.4 368916 195230 115011 30586.9 41325 8796.01 50845.4 49529.1 23772.7 51510.9 24394.4
internal_count=7249501 2572576 4676925 1856267 1738869 2719831 1629618 1957094 1517438 716309 674993 1090213 646495 443718 221431 111158 1504929 1016160 1839037 1728227 374496 399131 375216 954625 110810 1676605 1308778 271999 151971 110273 909446 616582 523940 55268 107279 854178 453711 267217 78327 92642 23915 122900 118869 56792 120028 58411
is_linear=0
shrinkage=0.043658


Tree=31
num_leaves=47
num_cat=0
split_feature=22 19 18 18 30 27 3 23 18 23 22 25 23 28 18 31 25 28 28 23 3 21 22 30 30 3 30 13 1 32 26 31 30 23 3 28 3 28 31 23 11 32 32 23 25 12
split_gain=157707 105264 40434.6 38077 14742.2 7446.19 6624.66 5745.58 5194.06 4165.82 4031.62 3369.72 3039.55 3014.03 2936.4 2879.32 2835.57 2666.9 2515.95 5754.7 2972.95 2374.82 2319.51 3164.16 2358.86 2261 2867.7 2316.05 2267.67 2246.47 1918.52 1769.97 1626.94 1490.92 1489.66 1395.53 1369.66 1340.6 1314.15 1283.82 1200.42 1198.09 1120.26 1095.06 1066.99 1459.19
threshold=1.0000000180025095e-35 66.500000000000014 1.0000000180025095e-35 1.0000000180025095e-35 0.42737566724925419 -0.37501118855539056 10.500000000000002 0.67387536168098461 0.5017452060066323 0.6708858609199525 5.071011406169195e-05 6.3989045365870547 0.76543691754341137 -2.0285049821981187 1.0000000180025095e-35 66.649997711181655 6.4514310349130968 -0.18943979936127567 0.4983748012712122 0.67412567138671886 7.5000000000000009 -0.014196097850799559 5.071011406169195e-05 0.45557139690883769 0.031989530961966599 6.5000000000000009 0.031989530961966599 74.937500000000014 1.5000000000000002 3.9164893627166752 68.246863749831192 73.049999237060561 0.45843178697796488 0.68033981323242199 3.5000000000000004 -0.91918434225542189 10.500000000000002 1.5720280234566839 63.633333206176765 0.76153963804245006 61.500000000000007 6.0023143291473398 12.522202491760256 0.5799507498741151 7.1255508266139804 60.500000000000007
decision_type=2 2 2 2 2 2 2 2 2 2 2 2 2 2 2 2 2 2 2 2 2 2 2 2 2 2 2 2 2 2 2 2 2 2 2 2 2 2 2 2 2 2 2 2 2 2
left_child=1 14 5 4 6 13 12 9 21 -7 39 29 17 -2 32 36 -13 -3 19 -6 38 -4 23 -15 35 28 -27 -28 31 -12 -26 -23 -1 -21 -30 -24 -11 -14 -20 -9 -25 -22 44 -34 45 -10
right_child=2 3 8 -5 18 7 -8 10 42 15 11 16 37 22 -16 -17 -18 -19 20 33 41 25 24 40 30 26 27 -29 34 -31 -32 -33 43 -35 -36 -37 -38 -39 -40 -41 -42 -43 -44 -45 -46 -47
leaf_value=0.014762546848851511 -0.0030618089250160183 0.0041885399289717526 -0.03000947539204793 -0.00039724960979739586 0.041672026526277439 0.01866812554787442 0.010761162303154595 0.023246881087488867 0.02730187376230726 0.045622873489813288 0.04167502482869035 -0.04642126111317222 -0.030873165160492967 0.022898946134955609 0.0013121976592227833 -0.0094814421046980641 0.011469327373471519 0.045435095684688016 -0.0076486294180263675 -0.019570560923813415 0.039343038067483002 0.0043679178787799419 0.0065034880535974008 0.0034396110614777222 0.0068847099469528427 -0.038319895871805267 0.0042742486558663868 -0.0050906644572289187 -0.0012652363343299512 0.018755646137828673 0.012062385616240954 -0.028475025923439947 0.00052260171918141476 0.010506696508831211 -0.0084429284897046767 -0.061551664722479353 -0.01554823396266854 0.023213531782037288 0.049026575141728035 0.042689465689253206 0.017353243831383244 0.017779475876917816 0.01441415893735932 0.0099806520113136284 -0.025814445195765211 -0.021119551727180219
leaf_weight=90607.461233213544 34284.978534221649 3005.4701537638903 4979.3570233881474 44406.461204573512 13020.174236021936 37147.521155849099 11080.756708070636 43269.631845161319 1857.4421229809523 27625.889186531305 10114.728739857674 1621.6985617727041 1142.149992287159 58965.863783866167 101026.9939878583 2051.4790461808443 288078.80388464034 515380.76436118782 818.60587669163942 3556.2145928442478 6499.8627241030335 89437.795950740576 959.44249239563942 34736.64029429853 299758.34058445692 3256.3721846789122 324739.89278933406 59567.453801989555 108262.00905558467 41998.867583245039 250309.53479711711 3240.8477690666914 35396.12975294888 26914.988600865006 112260.93640419841 1430.2908131331205 715.62860122323036 3711.9582358598709 16403.013432450593 7612.8344967961311 17914.946366593242 20097.986385919154 1772.6276931911707 68464.65409964323 20990.906740412116 3282.2602812945843
leaf_count=206849 88348 7530 15775 117398 32831 87408 27982 97949 5961 60821 20573 5264 3600 127678 262598 5506 687468 1469806 2434 10264 17004 225418 2289 84483 712900 14857 807034 165613 287980 96370 577349 10548 87741 68063 311812 4993 2117 8520 42038 18193 40122 48797 5991 159121 91740 14365
internal_value=0.0146397 0.0290372 0.00732376 0.0386588 0.0414488 0.0124022 0.0441665 0.0167135 -0.000696229 0.0284757 0.0146905 0.0129838 0.044874 0.00956088 0.00735036 0.0404628 0.0111452 0.045196 0.0248166 0.0173774 0.0322 3.41937e-05 0.0102126 0.0159529 0.00905279 0.000247679 0.00247698 0.00282268 -0.00251091 0.0232042 0.00924083 0.00321939 0.0104872 0.00699632 -0.00491918 -0.0342276 0.0440781 0.0104863 0.0463324 0.0261559 0.00817387 0.0230493 -0.0191706 0.00675735 -0.021449 -0.00361971
internal_weight=2.85378e+06 961534 1.89225e+06 666038 621632 1.1586e+06 534321 460237 733648 67540.5 392697 341814 523240 698360 295495 30393 289701 518386 87310.8 43491.4 43819.5 705745 664075 111617 552458 700765 387564 384307 313202 52113.6 550068 92678.6 194468 30471.2 220523 2389.73 28341.5 4854.11 17221.6 50882.5 52651.6 26597.8 27903.2 103861 26130.6 5139.7
internal_count=7249501 2572576 4676925 1856267 1738869 2719831 1517438 1081669 1957094 155852 925817 809675 1489456 1638162 716309 68444 692732 1477336 221431 111158 110273 1839037 1549814 252283 1297531 1823262 987504 972647 835758 116943 1290249 235966 453711 78327 599792 7282 62938 12120 44472 116142 124605 65801 118057 246862 112066 20326
is_linear=0
shrinkage=0.043658


Tree=32
num_leaves=47
num_cat=0
split_feature=22 17 18 18 3 27 23 18 28 23 22 23 23 31 25 28 31 27 18 22 22 3 35 35 3 24 12 24 35 25 27 3 3 2 28 35 23 2 36 31 35 35 11 31 26 28
split_gain=149889 101960 37280.4 37126.8 14269.7 6972.68 5462.47 4802.97 4667.46 4045.27 3807.13 3716.54 34726.1 3527.1 3157.3 2838.71 2756.74 2734.73 2684.85 2407.88 2394.7 2199.34 3169.44 2234.6 2153.73 2002.94 1811.88 1746.67 2688.01 2077.52 1743.42 1562.14 1535.39 1330.35 1314.29 1273 1259.85 1225.13 1188.04 1201.29 1189.81 1159.54 1067.55 1038.02 1035.27 1311.29
threshold=1.0000000180025095e-35 66.996527777777786 1.0000000180025095e-35 1.0000000180025095e-35 10.500000000000002 -0.37501118855539056 0.67387536168098461 0.51980959995249199 -0.18943979936127567 0.6708858609199525 5.071011406169195e-05 0.67412567138671886 0.71118247509002697 66.850002288818374 6.3989045365870547 -1.6886414654931867 66.649997711181655 2.8096270890644637 1.0000000180025095e-35 5.071011406169195e-05 0.0096970247615069793 6.5000000000000009 9.5000000000000018 15.500000000000002 8.5000000000000018 67.841141710969978 75.500000000000014 67.528970139493438 11.500000000000002 9.609036844839034 -23.415504547049206 2.5000000000000004 6.5000000000000009 5.5000000000000009 0.96480290530774326 8.5000000000000018 0.76153963804245006 27.500000000000004 1.0000000180025095e-35 68.527778625488295 7.5000000000000009 23.500000000000004 79.500000000000014 67.950000762939467 68.572701813926017 -2.2492259169162074
decision_type=2 2 2 2 2 2 2 2 2 2 2 2 2 2 2 2 2 2 2 2 2 2 2 2 2 2 2 2 2 2 2 2 2 2 2 2 2 2 2 2 2 2 2 2 2 2
left_child=1 18 5 4 8 15 9 20 -3 -7 36 13 -13 -10 25 43 34 -16 32 31 21 23 24 26 -23 -12 -4 28 -21 -29 -25 -17 35 -24 -11 37 -8 -1 40 -40 42 -22 -6 44 -2 -46
right_child=2 3 7 -5 38 6 10 -9 11 16 14 12 -14 -15 17 19 -18 -19 -20 27 41 22 33 30 -26 -27 -28 29 -30 -31 -32 -33 -34 -35 -36 -37 -38 -39 39 -41 -42 -43 -44 -45 45 -47
leaf_value=0.0082322244411952104 -0.0039388841312796305 0.0049484172629494791 -5.4679291429471216e-05 -0.00045142235309853488 0.0045748119322127391 0.018020921497740098 0.022494412173434345 -0.019342460295959811 0.049175485354851362 0.04369335503951486 0.0072383670161064381 -0.00042775216208078287 0.04477724241742341 -0.031913276511800932 0.004603016387461834 0.0039371530209191046 -0.0090300081905137896 0.013670854993197548 0.0012878191376907307 0.0023762844695224702 -0.017063598058198397 0.006454935430853668 -0.0012566470050266005 -0.068481093843676552 -0.00453141395511596 0.027313775356304557 -0.027931765453947686 0.0096769427566818292 0.011914326596163351 0.020291429841768991 -0.0091882249565060151 0.018492188704241696 0.014136504293348845 0.0080030413723146728 -0.20403144664122769 0.00041892043243696756 0.041999963212254042 0.028333858241560796 0.04151439465822785 -0.070641737112319261 0.018078543238398054 0.03252690872995917 -0.04434315443417805 -0.028413449010421723 -0.0049783765323379945 0.012283211736857782
leaf_weight=53788.368991479278 31599.721166819334 6209.1274109333754 248329.01059454679 44487.160485252738 10962.755147129297 36809.252529606223 42775.931189209223 25339.389714092016 158259.86697721481 27551.115315541625 12508.279552072287 35542.075777254999 365203.92803081125 1028.9698561802506 94113.252398476005 16729.337028428912 2059.8084920793772 194208.40070660412 100939.77637021244 143021.13046531379 19387.947585910559 46175.046607375145 35900.931978940964 961.77055253088474 129097.5798805356 39037.213518768549 4524.7941593527794 242034.68460051715 92897.976929873228 41117.477759510279 54760.789002940059 87930.61804433167 92467.709323823452 167771.49668326974 40.822390422224998 40986.821259796619 7404.6223258525133 6474.7021958976984 4022.5995389968157 190.57994917035103 20920.680064037442 942.29126024246216 921.75692510604858 2219.051236063242 12368.130634531379 26065.062210932374
leaf_count=126973 81432 15308 651196 117769 27746 87408 97949 110467 450815 62686 30930 114251 1064819 3887 231748 40946 5506 460984 262227 349708 59179 119323 92124 3696 346174 86013 14504 567000 214050 90136 153351 195819 211939 405160 252 101471 18193 13328 9203 687 49228 1920 2925 6743 32303 60025
internal_value=0.0141351 0.0283525 0.00702976 0.0380378 0.0408762 0.011926 0.0161189 -0.000666505 0.042593 0.0276883 0.0141476 0.0430103 0.040768 0.0486516 0.0124902 0.00917571 0.0396892 0.010711 0.00706108 0.0101247 2.0459e-06 0.000438715 0.00266695 -0.00229764 -0.00163707 0.0224423 -0.000553557 0.00890663 0.0061321 0.0112183 -0.0102117 0.0161657 0.0100693 0.00637084 0.0433263 0.00635487 0.0253728 0.010392 0.014615 0.0364394 0.0118119 -0.0147649 0.000780278 0.000983491 0.00191503 0.0067282
internal_weight=2.82809e+06 942407 1.88568e+06 647750 603262 1.15249e+06 456509 733191 566244 66461 390048 560035 400746 159289 339867 695983 29651.7 288322 294657 623731 707852 687521 378945 308576 175273 51545.5 252854 519071 235919 283152 55722.6 104660 193718 203672 27591.9 101250 50180.6 60263.1 37018.4 4213.18 32805.2 20330.2 11884.5 72252 70032.9 38433.2
internal_count=7249501 2572576 4676925 1856638 1738869 2719831 1081669 1957094 1649080 155852 925817 1633772 1179070 454702 809675 1638162 68444 692732 715938 1457659 1846627 1785528 962781 822747 465497 116943 665700 1220894 563758 657136 157047 236765 453711 497284 62938 241772 116142 140301 89789 9890 79899 61099 30671 180503 173760 92328
is_linear=0
shrinkage=0.043658


Tree=33
num_leaves=47
num_cat=0
split_feature=22 19 18 18 30 23 3 22 18 23 23 3 23 18 28 23 3 18 14 18 18 23 23 23 35 2 3 31 3 32 25 24 31 30 30 28 30 36 27 23 28 22 28 23 30 31
split_gain=142362 99011.8 35818 34366.2 14859 6586.21 6562.48 5903.37 4438.81 3176.21 3144.81 2720.51 2664.42 2494.59 2352.16 5319.85 2932.26 2218.33 7577.98 6050.12 2157.17 2152.42 4427.63 3038.11 2020.82 2162.93 2224.73 2213.66 1919.01 1855.91 3604.63 4094.53 1852.34 1798.39 2057.98 1648.23 1551.06 1551 1545.51 1614.57 1524.29 1464.65 1427.14 1338.34 1334.35 1323.8
threshold=1.0000000180025095e-35 66.500000000000014 1.0000000180025095e-35 1.0000000180025095e-35 0.42737566724925419 0.64029967784881603 10.500000000000002 0.0006592239215588014 0.5017452060066323 0.76543691754341137 0.76038458943367015 6.5000000000000009 0.76285651326179515 1.0000000180025095e-35 0.4983748012712122 0.67412567138671886 7.5000000000000009 0.33961162058493438 1.0000000180025095e-35 0.37397879600197181 0.48199920365415355 0.67387536168098461 0.6715412735939027 0.690381020307541 14.500000000000002 15.500000000000002 5.5000000000000009 69.950000762939467 8.5000000000000018 4.9040799140930185 9.2360034813365193 67.55304341300014 69.049999237060561 0.28548761028868236 0.80410984956636411 -1.2105091590518184 0.076506124735200215 1.0000000180025095e-35 11.844098021804713 0.88134998083114635 -2.0960300078808847 0.0064001790892669755 1.0060336380014678 0.68033981323242199 0.23383636448080097 63.633333206176765
decision_type=2 2 2 2 2 2 2 2 2 2 2 2 2 2 2 2 2 2 2 2 2 2 2 2 2 2 2 2 2 2 2 2 2 2 2 2 2 2 2 2 2 2 2 2 2 2
left_child=1 13 4 5 6 11 9 10 17 12 21 24 -3 40 15 -6 45 -5 20 -20 -19 22 -7 -23 25 26 -2 -27 36 30 31 -9 35 42 -35 -26 -13 44 -12 -40 -1 -22 -31 -17 -30 -16
right_child=3 2 -4 8 14 7 -8 29 -10 -11 38 28 -14 -15 16 43 -18 18 19 -21 41 23 -24 -25 32 27 -28 -29 37 33 -32 -33 -34 34 -36 -37 -38 -39 39 -41 -42 -43 -44 -45 -46 -47
leaf_value=-0.010503823479621487 0.004046757444743674 0.042028017572649901 -0.00036018584599975425 -0.0047028202299782456 0.040319204995750375 0.01725658557605091 0.0096767658205780416 -0.061314701563106512 -0.017861904225284445 0.0083164817011985668 0.035295116897752658 -0.015234626259025193 0.048951938113599408 0.0011989247749252395 -0.009415398543518012 -0.018803607298751582 0.021569307732668561 0.0013956016505876625 -0.004897055483331361 0.020114236653509608 -0.0037304661631513375 0.002744602778126205 0.037978926722497433 0.016351934323668275 0.0055926905685198796 0.011436384822290509 -0.018129838174444409 -0.12004961385750063 -0.0043509500473646236 0.0069340717954327292 0.021748804538371417 -0.0014205918929184494 -0.09414883834493866 0.013812436961609661 -0.0018121780988852548 -0.0098424398816436883 0.016823612143262497 -0.052867357447059823 -0.00010062535016951813 0.040050373744774652 0.01041331235675357 -0.020644354242895142 -0.013390445971039305 0.009632105159655277 0.0096267118114019851 0.04813913274092245
leaf_weight=6885.8362149447203 93700.952603876591 329180.54833503067 44407.880516678095 148788.92855365574 12304.761817462742 122644.97977072001 10911.679330825806 2331.5175561308861 27450.028951182961 4732.8442844301462 27189.866753235459 2971.651078119874 156215.45710087568 101012.61802250147 801.34617210924625 3579.2213245630264 25819.387123882771 288489.88453677297 25895.508150532842 63974.045919060707 167828.21575438976 39453.690063759685 23403.180590108037 150860.52769260108 25320.891289710999 96092.732358053327 9495.8295938968658 244.61267377436161 15018.994912043214 29147.371806278825 12689.490303367376 32506.934247881174 423.14248855412006 212997.4005266428 17378.051457315683 27515.249720007181 89780.140343204141 809.88521772623062 5482.0771392285824 2928.5851407200098 186107.92515017092 10360.779863730073 8506.7001432478428 26595.227919310331 97668.145777985454 15355.696926511824
leaf_count=18459 226349 999947 117398 404464 32831 282989 27982 8112 118057 12120 68492 8139 477389 262598 2434 10264 65801 745929 69206 141393 446090 98710 55680 355311 61214 220887 26268 1058 38413 70407 28427 82332 1704 490829 44072 72174 202387 3006 14887 6366 435252 31955 23004 68063 228614 42038
internal_value=0.0136452 0.0276771 0.0374412 0.00674688 0.0403084 0.0114666 0.0431638 0.0141703 -0.000637867 0.0439093 0.0178965 0.00741709 0.0442564 0.0067576 0.023368 0.0161252 0.0306975 3.24477e-05 0.00129839 0.0129073 -0.000937161 0.0165905 0.0205772 0.013531 0.00438125 0.00639792 0.0020061 0.0111024 0.011138 0.00977812 0.00182706 -0.00542912 -0.00317407 0.011188 0.0126338 -0.00244533 0.0157965 0.00733103 0.0302358 0.0138797 0.00966699 -0.00471395 0.00234231 0.00625899 0.00776373 0.0452843
internal_weight=2.80326e+06 923910 629904 1.87935e+06 585496 1.14656e+06 501041 687520 732787 490129 371963 459042 485396 294006 84455.6 42479.2 41976.4 705337 556548 89869.6 466679 336362 146048 190314 252793 199534 103197 96337.3 206249 315557 47527.9 34838.5 53259.3 268030 230375 52836.1 92751.8 113497 35600.5 8410.66 192994 178189 37654.1 30174.4 112687 16157
internal_count=7249501 2572576 1856267 4676925 1738869 2719831 1517438 1629618 1957094 1489456 882435 1090213 1477336 716309 221431 111158 110273 1839037 1434573 210599 1223974 792690 338669 454021 609654 474562 252617 221945 480559 747183 118871 90444 135092 628312 534901 133388 210526 270033 89745 21253 453711 478045 93411 78327 267027 44472
is_linear=0
shrinkage=0.043658


Tree=34
num_leaves=47
num_cat=0
split_feature=22 19 18 18 30 27 27 22 18 11 31 28 27 25 26 28 30 18 11 31 30 11 25 21 28 30 11 30 21 32 28 30 11 25 36 30 30 2 28 1 11 31 30 25 25 11
split_gain=135107 95942.3 34735.8 31678.6 14857.5 6246.32 4700.38 4469.46 4107.31 2716.76 28755.3 2614.78 2687.19 3265.05 2510.01 2393.46 2323.9 2297.53 2261.05 3564.73 3358.84 2811.74 2344.21 2257.31 2257.01 2212.15 2170.51 2164.6 2120.86 2044.48 2024.02 1964.88 1797.73 1783.88 1528.19 1489.1 1360.75 1286.11 1859.78 1427.3 1365.6 1218.45 1137.7 1136.92 1201.5 1354.53
threshold=1.0000000180025095e-35 66.500000000000014 1.0000000180025095e-35 1.0000000180025095e-35 0.42737566724925419 -0.37501118855539056 9.811477006408106 0.001361344747604443 0.51980959995249199 75.500000000000014 70.850002288818374 -1.5928631873573182 -14.752139294415704 10.884574868331853 66.741938374951886 -0.11098665170005297 0.54518891118270396 1.0000000180025095e-35 75.500000000000014 65.850002288818374 0.47241142842277789 79.500000000000014 6.3989045365870547 -0.014196097850799559 0.4983748012712122 0.83554885362452103 88.500000000000014 0.12752349344033656 9.882450103759767e-05 7.4105780124664316 -3.4551257773507946 0.0066036370189105102 67.500000000000014 9.4082357609474503 1.0000000180025095e-35 0.62219373908230835 0.75123217494774031 7.5000000000000009 1.2411472216289925 3.5000000000000004 88.500000000000014 67.950000762939467 0.58361398217957883 9.2777590251051016 10.799548157621521 65.500000000000014
decision_type=2 2 2 2 2 2 2 2 2 2 2 2 2 2 2 2 2 2 2 2 2 2 2 2 2 2 2 2 2 2 2 2 2 2 2 2 2 2 2 2 2 2 2 2 2 2
left_child=1 17 4 5 6 11 9 18 23 10 -3 36 14 31 16 -15 -13 35 19 20 -7 -20 -21 -5 32 27 -23 28 -25 42 -29 -14 33 -6 -8 43 41 38 -9 -40 -39 -2 -26 -1 -45 -46
right_child=3 2 -4 8 24 7 34 37 -10 -11 -12 12 13 15 -16 -17 -18 -19 21 22 -22 26 -24 25 29 -27 -28 30 -30 -31 -32 -33 -34 -35 -36 -37 -38 40 39 -41 -42 -43 -44 44 45 -47
leaf_value=0.0064365017978424552 0.0044295298945738488 0.043733136240612716 -0.00034445636760681281 -0.028825743968194397 0.0036486629826976823 0.031476865149196696 0.00026659198085268011 0.0054084732052401656 -0.018030870862655316 0.048003085461735831 -0.020851657112025249 0.01889674129814568 -0.056497963844921721 -0.0056196023143381922 0.031275646618542541 0.032467340712839653 -0.036309095485581255 0.0011466603818350869 0.032081220373755909 0.024262096688787916 0.014592874366197078 -0.0013937179162853029 0.010503166281398371 -0.012523006155844483 0.04464270490170201 -0.018605409152997535 0.042144562841812394 -0.031312385454601743 0.031148027868030555 0.02107438403610155 0.0012922322926401443 0.0098681853721848314 0.0087407591633134208 0.036778940074242469 0.040083704218354603 0.0028327266545135183 -0.012942795120418332 0.0095188389768585801 -0.046793355337760856 -0.001831865963862345 0.038652448154977849 -0.02715396663438718 0.011841853227966055 0.016893168078553414 -0.0016699682644428541 0.033831014251027594
leaf_weight=52086.386432871222 73173.65577724576 306938.35262686014 44408.478268533945 5139.1295913606882 4304.8908118084073 46327.698621720076 6500.0276057496667 21912.862985938787 24918.866328820586 155336.17665212601 13727.234973222017 4175.2067092210054 851.58133064210415 40297.936515122652 19038.627642914653 3410.9898238182068 2229.3418515771627 101005.90647667646 38448.806233599782 27951.45836751163 43589.255822971463 9787.5434585958719 151707.47977404296 34215.228996261954 16429.519714444876 11706.287416100502 2808.6750042140484 3649.2655293941498 2259.4751608520746 22413.065307401121 650513.8433920145 534453.7063280046 26693.137821406126 11049.127908743918 2561.191894672811 50408.341959446669 11103.928340628743 98467.753423571587 2564.9568740725517 2831.4220967888832 3165.2539260238409 2404.6025082170963 2297.7365386039019 73837.775538548827 13567.746375769377 2412.7061670720577
leaf_count=124911 177519 953169 117398 16405 11385 110707 17082 52867 110467 492182 48773 9133 2905 103512 38538 7445 6765 262598 95353 63810 104759 25848 368415 104510 47511 36842 5973 11654 4847 56792 1672369 1254156 68831 30942 6232 122900 30937 232509 8289 7088 6051 7252 5970 166561 34189 5150
internal_value=0.0131699 0.0270112 0.0368415 0.00647527 0.0397476 0.0110247 0.0426711 0.0150304 -0.000610336 0.043264 0.0409683 0.00841909 0.009436 0.00882579 0.0233225 -0.00264723 -0.000319317 0.00647828 0.0177909 0.0161955 0.023292 0.0262164 0.0126438 3.24436e-06 0.0227009 0.000214196 0.00831421 0.000533195 -0.00981761 0.0299711 0.00111034 0.0097626 0.0155875 0.0274903 0.0115216 0.00927851 0.0013279 0.00816605 -0.000245228 -0.0232034 0.0104262 0.0034246 0.0406184 0.0115682 0.0145441 0.0036898
internal_weight=2.77908e+06 905978 612659 1.8731e+06 568250 1.1407e+06 485063 449563 732402 476002 320666 691140 604457 579014 25443.2 43708.9 6404.55 293319 320621 269576 89917 51045 179659 707483 83187.5 702344 12596.2 690638 36474.7 41140.3 654163 535305 42047.2 15354 9061.22 192313 86682.2 128942 27309.2 5396.38 101633 75578.3 18727.3 141905 89818.2 15980.5
internal_count=7249501 2572576 1856267 4676925 1738869 2719831 1517438 1081669 1957094 1494124 1001942 1638162 1422454 1368018 54436 110957 15898 716309 774865 647691 215466 127174 432225 1846627 221431 1830222 31821 1793380 109357 110273 1684023 1257061 111158 42327 23314 453711 215708 306804 68244 15377 238560 184771 53481 330811 205900 39339
is_linear=0
shrinkage=0.043658


Tree=35
num_leaves=47
num_cat=0
split_feature=22 19 18 18 30 3 27 23 23 18 22 23 25 23 25 30 22 25 29 29 23 23 23 22 32 28 18 30 30 21 28 25 23 32 25 1 32 3 28 23 3 24 32 30 28 30
split_gain=128164 92909.7 33685.5 29196.3 14863.1 6565.33 5842.52 4947.87 3890.05 3790.29 3508.42 3114.14 2864.15 2790.8 2559.91 2526.77 2973.57 2823.8 2390.3 2249.28 2245.21 3707.47 2693.6 2165.84 2163.6 2119 2116.4 2044 2210.57 3840.67 2366.64 1934.53 1872.34 1646.42 1639.64 1597.63 1588.45 1468.3 1486.8 1438.49 1385.99 1368.8 1272.33 1324.77 1271.08 1262.27
threshold=1.0000000180025095e-35 66.500000000000014 1.0000000180025095e-35 1.0000000180025095e-35 0.42737566724925419 10.500000000000002 -0.37501118855539056 0.67387536168098461 0.6708858609199525 0.51980959995249199 5.071011406169195e-05 0.76543691754341137 6.3989045365870547 0.76285651326179515 6.4514310349130968 0.74632805065987673 0.00015330813291015053 10.884574868331853 67.595410026998749 66.663807305474805 0.76038458943367015 0.67412567138671886 0.80000919103622448 0.01048190070220022 3.9164893627166752 0.32248998622186625 1.0000000180025095e-35 0.81843165710234567 0.31933444143212325 -0.002411335706710815 -2.657172160610449 9.4779066680968693 0.85320976376533519 2.3629051446914677 10.031489036588148 2.5000000000000004 10.592712402343752 1.5000000000000002 -1.5741777353874484 0.49092386662960058 10.500000000000002 65.808484133432117 3.9164893627166752 0.53359316945559032 1.5720280234566839 0.45843178697796488
decision_type=2 2 2 2 2 2 2 2 2 2 2 2 2 2 2 2 2 2 2 2 2 2 2 2 2 2 2 2 2 2 2 2 2 2 2 2 2 2 2 2 2 2 2 2 2 2
left_child=1 26 4 6 5 11 15 8 -8 23 42 13 24 -3 -14 16 19 33 -19 36 21 -6 -22 27 -12 -23 39 28 29 -5 -30 -21 -24 -18 41 -17 -2 -37 -39 -1 -36 -10 43 -9 -13 -41
right_child=3 2 -4 9 20 -7 7 10 34 -11 12 44 14 -15 -16 35 17 18 -20 31 22 25 32 -25 -26 -27 -28 -29 30 -31 -32 -33 -34 -35 40 37 -38 38 -40 45 -42 -43 -44 -45 -46 -47
leaf_value=-0.0096070375956651272 0.0050100695149252481 0.040999379737839188 -0.00032941396248527976 -0.025808623462660382 0.039135321955001363 0.0084017303547876815 0.016218028703823391 0.031139511661352898 0.041011851254129705 -0.017390791238096164 0.039318296337100024 -0.032971645001973124 -0.045162916626263074 0.048340506615531978 0.0096315971199143289 0.0080894687894125083 -0.025414296586533901 -0.0087059621925722943 0.029953185825881468 0.012284067844652623 0.040321257328553475 0.0014745716226948593 -0.046428315938492011 -0.015693991444296125 0.016232923226479509 0.020394370470257429 0.0010966712326077907 -0.014669593670658459 -0.018659250764635472 -0.0015621535221249827 0.0027186124349167563 0.02277774913149767 0.018386751932752077 0.008125276741346556 0.046210818146584211 -0.021928093408031975 0.022010136717579756 -0.021275177921927995 0.0028122939118987757 0.013528822439389382 -0.029332227726347818 0.0040203944009330759 0.015980167329060747 -0.068265239535117886 0.020322627781906584 0.0062815633334484195
leaf_weight=7678.6989599168301 74136.07038167119 309147.66280280799 44409.047277972102 13434.548593834043 11746.155272565782 10711.57785359025 35836.019326075912 25765.581160649657 3485.7750449031591 24712.733967527747 9561.3119490593672 1121.9069498628378 1634.4381048381329 145012.91842637211 281910.22565364838 30803.069537505507 2812.0580203384161 32219.355774447322 3366.9024005234241 86194.842973008752 19730.449448414147 21052.497959882021 1074.5057416558266 16366.236744478345 40585.929085150361 24315.131279699504 100999.42215149105 16794.527289509773 10077.244102358818 170249.51686325669 480441.13196398318 54759.684579148889 4055.6455174386501 348887.90238083899 19819.857953205705 7901.7864405214787 12200.314535200596 5839.7865492254496 29848.402375251055 86237.910948336124 473.89001454412937 4209.1084332019091 22520.496369957924 258.02473545074463 3557.5850476920605 97711.074081107974
leaf_count=20571 179348 999947 117398 41406 32912 27982 87408 59426 8475 110467 20573 3600 5264 477389 687468 73148 8166 84472 6788 200831 53463 55267 3514 49803 96370 66495 262598 51190 29727 452384 1222117 119319 9780 827296 46958 22467 26490 16982 72855 200050 1523 11488 55747 969 8520 233090
internal_value=0.0127089 0.0263571 0.0362496 0.00621372 0.039195 0.0421896 0.0105982 0.014491 0.0257435 -0.000584088 0.0126121 0.0429783 0.0110167 0.0433434 0.00931572 0.00807785 0.00899772 0.00667127 -0.00504819 0.0129618 0.022042 0.0172749 0.0329935 3.07408e-06 0.0206346 0.0116149 0.00621088 0.000374865 0.000749632 -0.00333555 0.00227942 0.0163608 0.00481026 0.00785709 0.0379396 0.000478594 0.00741243 -0.00489959 -0.00112916 0.00890637 0.0444465 0.0207781 0.0235784 0.0301536 0.00754436 0.0096792
internal_weight=2.75567e+06 888562 595935 1.86711e+06 551526 469552 1.13503e+06 446061 63824.7 732076 382236 458840 333692 454161 283545 688970 614577 387286 35586.3 227291 81974.4 57113.8 24860.6 707363 50147.2 45367.6 292627 690997 674202 183684 490518 140955 5130.15 351700 27988.6 74393 86336.4 43590 35688.2 191628 20293.7 7694.88 48544.1 26023.6 4679.49 183949
internal_count=7249501 2572576 1856267 4676925 1738869 1517438 2719831 1081669 155852 1957094 925817 1489456 809675 1477336 692732 1638162 1452710 926722 91260 525988 221431 154674 66757 1846627 116943 121762 716309 1796824 1745634 493790 1251844 320150 13294 835462 68444 185452 205838 112304 89837 453711 48481 19963 116142 60395 12120 433140
is_linear=0
shrinkage=0.043658


Tree=36
num_leaves=47
num_cat=0
split_feature=22 19 18 18 30 3 23 22 30 23 23 3 23 30 18 3 28 23 23 23 28 28 25 32 18 14 18 35 18 18 22 23 23 30 24 32 23 24 27 23 23 30 30 31 28 3
split_gain=120474 90199.5 33153.8 26965.7 14786.2 6726.75 5512.82 5276.33 3777.75 3113.97 3071.57 2987.3 2829.56 2746.21 2622.48 2261.25 2259.93 2253.38 3726.03 2530.85 2095.71 2036.42 2835.38 2164.47 2025.9 6170.45 5507.98 1931.89 1931.76 1906.45 1761.53 1740.47 1659.54 1912.33 1798.11 1727.2 1679.4 1600.69 1456.67 1598 1427.91 1376.78 1439.4 1460.09 1384.25 1233.03
threshold=1.0000000180025095e-35 66.500000000000014 1.0000000180025095e-35 1.0000000180025095e-35 0.42485802952046553 10.500000000000002 0.62001636624336254 0.0006592239215588014 0.014720244552075977 0.76038458943367015 0.76543691754341137 5.5000000000000009 0.76285651326179515 0.0066036370189105102 0.51980959995249199 9.5000000000000018 0.34495366870646543 0.76038458943367015 0.67412567138671886 0.80000919103622448 0.32248998622186625 -0.91918434225542189 8.1842405007543686 8.4636473655700701 0.3318732591531755 1.0000000180025095e-35 0.37397879600197181 3.5000000000000004 1.0000000180025095e-35 0.48199920365415355 5.071011406169195e-05 0.85320976376533519 0.61382699012756359 0.22645525928374383 68.177453881222846 7.722262144088746 0.5799507498741151 70.538706861689448 11.844098021804713 0.88134998083114635 0.64029967784881603 0.1408885366776032 0.82640294990990504 70.450000762939467 -2.9801156244444065 6.5000000000000009
decision_type=2 2 2 2 2 2 2 2 2 2 2 2 2 2 2 2 2 2 2 2 2 2 2 2 2 2 2 2 2 2 2 2 2 2 2 2 2 2 2 2 2 2 2 2 2 2
left_child=1 28 4 6 5 10 11 9 -5 13 12 32 -3 16 24 21 -8 18 -6 -19 -20 23 -23 -13 -10 29 -27 -17 40 -26 -15 -21 33 34 -2 -34 -35 -29 -11 -40 45 -9 44 -44 -43 -1
right_child=3 2 -4 8 17 -7 7 41 14 38 -12 15 -14 30 -16 27 -18 19 20 31 -22 22 -24 -25 25 26 -28 37 -30 -31 -32 -33 35 36 -36 -37 -38 -39 39 -41 -42 42 43 -45 -46 -47
leaf_value=0.0021268811395006785 0.021727518436797655 0.040527002887464761 -0.00054524545770145993 -0.043465007644620142 0.038826216315251877 0.0069091905577506546 -0.089863413767106951 -0.0037587110931777403 -0.0044824828761703944 0.033383933757806725 0.0070937590528923769 0.018205026925620631 0.048061423905014347 0.02006823074115557 -0.014695129182772987 -0.0097847950836514458 0.019793337336432244 0.039847426698561714 0.0012555997081383353 -0.04313167942173466 0.019963491360512384 -0.095352783717775433 0.0050585898523778519 -0.0031338893745060069 0.001492640540061422 -0.0041116830611753865 0.018689245582674804 0.0079551746707890499 0.00098886393602527572 -0.0042406719911163527 0.013083133047065787 0.018686553209222918 -0.0071135095959472434 -0.0030439860795262712 -0.029055118264188901 -0.053378606759953241 0.0073463496382171027 -0.069456397834561936 -0.0015444328725098362 0.03905497872621122 0.014431932769178481 -0.050152682081811346 -0.0027258633227338399 -0.093084829787927717 0.0096873954831036661 0.010441364040591783
leaf_weight=71703.159470766783 13909.30967335403 298678.3939113766 44572.188766494393 3884.4992096573114 11759.517427660525 10328.774727612734 872.99987661838531 16978.889812737703 141851.05665534735 25709.690773323178 4608.5380885154009 84898.259368240833 139335.66839558631 89595.621502414346 23337.406700566411 17327.867530152202 607.36844062805176 19541.999417215586 21296.614555642009 1102.9312336295843 24594.256453670561 544.76638847589493 33134.39796026051 10142.202569097281 290174.8824608922 29371.105693861842 64625.026973456144 49025.733237609267 100987.53413581848 178576.87241972983 296704.28810995817 4075.7846674025059 7562.5975157767534 84617.064747184515 1469.2506679147482 1930.7104909271002 45642.967560961843 514.40277487039566 5427.0003117024899 2801.6717868894339 54459.007307946682 738.40903958678246 12935.238372460008 350.02606603503227 326130.44168591499 64648.663714632392
leaf_count=175363 29843 996738 117991 20173 33927 27280 3439 43461 384964 68506 11971 189482 476384 210306 103769 45853 1398 54456 56139 3533 68423 2154 80402 25867 747881 78151 144164 116375 262695 477609 713314 9849 19523 214959 4334 6362 107624 1826 14920 6367 126117 2683 33033 1389 775281 152149
internal_value=0.0122752 0.0256695 0.0356316 0.0060026 0.0386438 0.041738 0.0102322 0.0122788 -0.000525773 0.0155856 0.0425507 0.00568708 0.0429238 0.0144758 -0.000296627 0.0092755 -0.0448718 0.021629 0.0169004 0.0326564 0.0112818 0.0126589 0.00343416 0.0159278 0.00018027 0.00135561 0.0115646 0.00276244 0.00587168 -0.00069153 0.0147032 0.0055199 0.00116283 0.00231572 0.0168755 -0.0165233 0.000596751 0.00715122 0.0282668 0.0122785 0.00845592 0.00837402 0.00897964 -0.00510719 0.0095522 0.00606907
internal_weight=2.73309e+06 871693 579895 1.86139e+06 535322 452951 1.12957e+06 778852 731821 421719 442623 350720 438014 387780 727936 195588 1480.37 82371.1 57650.4 24720.7 45890.9 128720 33679.2 95040.5 704599 562748 93996.1 66868 291798 468752 386300 5178.72 155132 145639 15378.6 9493.31 130260 49540.1 33938.4 8228.67 190811 357133 340154 13285.3 326869 136352
internal_count=7248427 2573015 1856691 4675412 1738700 1512373 2718701 1874097 1956711 1018250 1485093 844604 1473122 928457 1936538 461959 4837 226327 158489 67838 124562 297905 82556 215349 1832769 1447805 222315 164054 716324 1225490 923620 13382 382645 356760 34177 25885 322583 118201 89793 21287 453629 855847 812386 34422 777964 327512
is_linear=0
shrinkage=0.043658


Tree=37
num_leaves=47
num_cat=0
split_feature=22 19 18 18 30 23 23 23 23 23 30 23 23 31 22 18 31 30 22 30 23 23 23 23 23 25 30 21 26 32 32 25 23 18 23 27 25 23 35 12 31 27 23 25 29 32
split_gain=114123 87203.5 32122.6 24838.9 14761.5 5256.32 5046.06 4656.58 5008.02 3646.03 3535.79 3114.05 23036.8 3068.38 2800.66 2419.16 2312.08 2237.45 2625.72 3285.78 2171.33 3580.03 2443.94 2046.97 1910.51 2586.3 1897.66 1892.49 1875.48 3428.02 1857.22 1806.58 1779.79 1778.52 1686.25 2066.91 1683.31 1581.58 1450.88 1448.24 1434.4 1372.1 1325.76 1307.13 1297.27 1264.01
threshold=1.0000000180025095e-35 66.500000000000014 1.0000000180025095e-35 1.0000000180025095e-35 0.42485802952046553 0.66057932376861583 0.80000919103622448 0.67387536168098461 0.6708858609199525 0.68033981323242199 0.014720244552075977 0.76399549841880809 0.71188408136367809 66.549999237060561 5.071011406169195e-05 0.5017452060066323 71.844444274902358 0.66282065302870907 0.00021045573871247334 0.27841046951956044 0.76038458943367015 0.67412567138671886 0.80000919103622448 0.71334350109100353 0.6637515425682069 10.15104844016388 0.84405662707890017 -0.011681497097015379 66.741938374951886 5.2941265106201181 2.8136487007141118 0.96683895185324353 0.52206307649612438 1.0000000180025095e-35 0.65412151813507091 -3.7957174167791758 10.884574868331853 0.85320976376533519 25.500000000000004 60.500000000000007 63.31666564941407 -16.667521252247337 0.66057932376861583 9.45337505437681 68.918841866989553 1.7158895134925845
decision_type=2 2 2 2 2 2 2 2 2 2 2 2 2 2 2 2 2 2 2 2 2 2 2 2 2 2 2 2 2 2 2 2 2 2 2 2 2 2 2 2 2 2 2 2 2 2
left_child=1 33 4 5 6 17 11 8 24 16 -5 12 -3 -10 45 26 -9 18 28 36 21 -6 -22 -23 -7 -26 27 -12 -2 -30 -29 -16 -19 42 40 -36 -20 -24 -21 41 -34 -28 -1 -13 -15 -11
right_child=3 2 -4 10 20 7 -8 9 13 14 15 43 -14 44 31 -17 -18 32 19 38 22 23 37 -25 25 -27 39 30 29 -31 -32 -33 34 -35 35 -37 -38 -39 -40 -41 -42 -43 -44 -45 -46 -47
leaf_value=0.0068265534326967473 0.006992411223493691 0.042389525658887525 -0.00052143036292181058 -0.042500031084130974 0.038180492517676648 0.024692622935640382 -0.0031790124009417374 -0.0097020959796482661 0.038543615953846588 0.036857995539735892 -0.021021032604211551 0.047530104555868938 -0.0078157845737172275 -0.019026154934069686 0.03613049274509611 -0.01349972725620097 0.02621401164108688 -0.011372316283287999 -0.0010580031377368146 0.0069153753848966264 0.039194284101035891 0.016516489643163476 -0.040561044945303847 -0.0042859526357516692 0.00343551565452135 0.023937470467030576 -0.041905271276943747 -0.011703737848257562 0.0032072530080631519 0.019712179992751731 0.0011172461448332876 0.010132350372421004 0.0019305258606832978 0.00094574658288613413 -0.057923599234339714 -0.0028600563827917381 -0.022206112973866054 0.01805114204688674 0.023593203643964979 -0.032735734284789951 0.013714732779879868 0.019778915647711361 0.018429549278297121 -0.011949521476330081 0.023808764253119383 0.018421966824809489
leaf_weight=169057.36160454154 86990.080206647515 278768.1040584892 44573.083342075348 3801.1177366375923 11443.354813143611 23562.428805485368 4815.8018599003553 23693.171446755528 32992.213890217245 8628.6767003163695 7731.0846916586161 135613.63074756414 18581.058015905321 2617.2361966818571 5169.9210872501135 25475.113853946328 3991.7514761537313 17172.006267607212 41294.943527132273 185025.14162555337 19012.057061620057 33197.826998203993 1121.205326795578 12377.01570662111 37651.054241642356 17033.823332041502 945.51847945153713 22258.138543099165 32573.670203059912 90975.836664170027 662875.79889301956 349469.56829997897 69663.275185719132 100981.8529972434 1765.9522107690573 4917.5926887840033 8682.1134576052427 4035.9520976990461 10506.888860881329 5812.5653296113014 27444.22691641748 2516.6026532948017 21114.046278238297 707.78394539654255 2777.8098926544189 39722.494922623038
leaf_count=404620 207934 950361 117991 20173 33927 52490 12342 63448 80079 20129 23202 477934 69628 7468 11843 111158 8442 46961 103951 441012 54456 89212 3533 35350 95237 41337 3329 63870 80225 201108 1708627 853363 170558 262695 5984 12480 24511 9849 22992 20232 62532 6120 49009 2108 6094 98523
internal_value=0.0118405 0.0250336 0.0350468 0.00575914 0.0380976 0.00983302 0.0412637 0.0128981 0.0206363 0.0108024 -0.000503163 0.0417573 0.0392522 0.0335523 0.0118553 -0.00028376 -0.00452336 0.00692575 0.00832588 0.00525814 0.0209974 0.0163488 0.0319638 0.010867 0.0142998 0.00982176 0.000195739 0.00045834 0.0119031 0.0153607 0.000700721 0.0105114 0.001647 0.00562835 0.00380106 -0.01741 -0.00473198 0.00530744 0.00781158 -0.0194214 0.00526098 0.00293133 0.00811482 0.0472213 0.00302813 0.0217121
internal_weight=2.71114e+06 855400 564247 1.85574e+06 519674 1.12432e+06 438486 547310 116635 430676 731416 433671 297349 38387.3 402991 727615 27684.9 577012 456049 245509 81187.4 57018.2 24169.2 45574.8 78247.3 54684.9 702140 692865 210540 123550 685134 354639 120963 291153 103791 6683.54 49977.1 5157.16 195532 9274.69 97107.5 3462.12 190171 136321 5395.05 48351.2
internal_count=7248427 2573015 1856691 4675412 1738700 2718701 1512373 1338453 282705 1055748 1956711 1500031 1019989 93641 983858 1936538 71890 1380248 1081733 592466 226327 158489 67838 124562 189064 136574 1825380 1795699 489267 281333 1772497 865206 298515 716324 251554 18464 128462 13382 464004 29681 233090 9449 453629 480042 13562 118652
is_linear=0
shrinkage=0.043658


Tree=38
num_leaves=47
num_cat=0
split_feature=22 23 18 18 30 3 23 22 30 21 23 3 23 30 23 28 3 18 3 28 35 22 32 28 25 31 3 35 31 1 30 24 23 23 35 36 32 31 1 30 28 3 3 23 3 25
split_gain=108028 83466 33436.3 22878.6 14458.8 6649.73 4930.69 4814.91 3309.86 3223.98 2989.75 2713.5 2677.92 2518.63 2490.12 4639.21 3012.82 2234.21 2119.17 1996.44 1874.12 2020.01 2239.19 1865.59 2776.1 2542.35 1846.48 1756.27 1637.57 1619.82 1756.36 1438.75 1406.36 1774.2 1341.33 1589.01 4860.36 1653.33 1336.09 1324.58 1257.66 2031.23 1935.77 1208.24 1156.35 1114.68
threshold=1.0000000180025095e-35 0.6715412735939027 1.0000000180025095e-35 1.0000000180025095e-35 0.42737566724925419 10.500000000000002 0.62001636624336254 0.0006592239215588014 0.014720244552075977 -0.00090634822845458974 0.76038458943367015 5.5000000000000009 0.76543691754341137 0.0066036370189105102 0.67412567138671886 0.4983748012712122 7.5000000000000009 0.51980959995249199 9.5000000000000018 0.34495366870646543 25.500000000000004 0.0066837836582464994 3.8765645027160649 -0.87363723737156851 9.55465039772435 68.422222137451186 6.5000000000000009 3.5000000000000004 73.549999237060561 4.5000000000000009 0.090470622157265992 70.538706861689448 0.80000919103622448 0.88134998083114635 25.500000000000004 1.0000000180025095e-35 5.4206395149230966 59.149999618530281 3.5000000000000004 0.2157020569568244 -1.0230935919940236 2.5000000000000004 4.5000000000000009 0.68033981323242199 11.500000000000002 6.512963487030702
decision_type=2 2 2 2 2 2 2 2 2 2 2 2 2 2 2 2 2 2 2 2 2 2 2 2 2 2 2 2 2 2 2 2 2 2 2 2 2 2 2 2 2 2 2 2 2 2
left_child=1 26 4 6 5 9 11 10 -5 -3 13 29 -11 19 -6 43 -17 20 23 -8 21 22 -10 25 -25 -13 38 44 -15 30 -2 -29 -12 -34 35 37 -37 -9 -1 -23 41 -31 -42 -16 -20 -36
right_child=3 2 -4 8 14 -7 7 34 17 12 32 18 -14 28 15 16 -18 -19 27 -21 -22 39 -24 24 -26 -27 -28 31 -30 40 -32 -33 33 -35 45 36 -38 -39 -40 -41 42 -43 -44 -45 -46 -47
leaf_value=0.0056299844137249885 0.037663324024161213 -0.029431798870544514 -0.0011669705607078279 -0.041563507995292112 0.041137563639540888 0.0062458316232676028 -0.084712258634017129 -0.0013236520933495714 -0.0083189648304817961 0.042352280309770972 0.031966853071671283 0.015727883983435796 0.0083788405502648444 0.014747295915095561 -0.019470576566682805 0.043413743256683957 0.018065107432553847 -0.013653175936519853 -0.00017850015446253489 0.018516896481891372 0.012940557834593552 -0.029870169523483189 0.0011784631312247832 0.022605966568084026 -0.0066968204356482024 -0.035214788236483011 0.009130362919519441 0.0072450398706959034 0.0057451219964690919 -0.018840514979036032 0.0026898244836296675 -0.065539141181066504 -0.0066705983124656469 0.038019488972339713 -0.019618650469221208 -0.098725817975046579 0.00021213862875343013 0.0088469960941166617 -0.0027596872996819215 -0.0064120866618428939 -0.010726288464842151 0.0057226867920200757 -0.058439311633696908 0.0077253425324728545 -0.023060177405347 0.031898980742275332
leaf_weight=88284.782974816859 2806.8476303815842 1208.2928214073181 45962.890704154968 3718.9113659858704 9666.00450758636 10290.895491167903 888.66019760072231 33892.285670816898 51478.300828546286 407668.05617408454 25773.892061702907 96616.618716955185 4471.0626494586468 337780.13647494465 3535.8531084805727 14231.017740376294 24026.19534702599 23028.304164066911 10129.387332707644 596.84422761201859 21229.338348776102 5160.9954487681389 585150.40329706669 8838.9270326942205 20349.343592733145 1903.9422906935215 142973.67623452842 48702.06371319294 43473.711280852556 9228.9242268502712 109824.97161287069 523.1522566229105 4496.6840041130781 2715.6779186576605 908.57721541821957 1037.2355230152607 10798.793250545859 301145.25261887908 61302.592619687319 41328.875761434436 9879.038226634264 21058.083834066987 1938.8283144533634 26072.49782936275 7203.3953018337488 6723.6009484380484
leaf_count=216921 5354 4227 122273 20173 29821 27575 3439 86288 142943 1466628 70842 219860 11643 814227 10209 44562 65751 103769 25329 1398 48584 17188 1507626 19264 52976 5805 345968 116375 109393 25727 268275 1826 12584 6367 2590 4230 27356 721550 158989 116428 26052 50691 6546 68448 20524 13833
internal_value=0.0114187 0.024406 0.0344711 0.00552497 0.0377396 0.0409119 0.00944854 0.0113991 -0.000481613 0.041775 0.0145867 0.00514372 0.0419837 0.0134997 0.0204056 0.0174527 0.0274945 -0.000271562 0.00857939 -0.0432355 0.000165939 -0.000231055 0.000410488 0.0118712 0.00217669 0.0147433 0.00558266 0.00226309 0.0137208 0.000830322 0.00356143 0.00647137 0.0271982 0.0101563 0.00766109 0.00726273 -0.0084583 0.00781813 0.00219178 -0.00901635 -0.0064754 -0.00176201 -0.0185546 0.00447744 -0.00968822 0.0257655
internal_weight=2.69002e+06 839694 547133 1.85033e+06 501170 423638 1.11923e+06 770231 731095 413347 415726 349004 412139 382739 77531.6 67865.6 38257.2 727376 194267 1485.5 704348 683119 636629 127709 29188.3 98520.6 292561 66558 381254 154737 112632 49225.2 32986.3 7212.36 354506 346874 11836 335038 149587 46489.9 42104.9 30287 11817.9 29608.4 17332.8 7632.18
internal_count=7248427 2573015 1851137 4675412 1728864 1510073 2718701 1874097 1956711 1482498 1018250 844604 1478271 928457 218791 188970 110313 1936538 461959 4837 1832769 1784185 1650569 297905 72240 225665 721878 164054 923620 382645 273629 118201 89793 18951 855847 839424 31586 807838 375910 133616 109016 76418 32598 78657 45853 16423
is_linear=0
shrinkage=0.043658


Tree=39
num_leaves=47
num_cat=0
split_feature=22 17 18 18 30 3 27 23 23 30 28 23 22 23 23 28 30 18 28 23 3 18 14 18 18 30 30 30 22 18 3 25 1 26 30 3 28 30 27 30 27 25 3 29 32 36
split_gain=102162 81288.7 30256.9 21065.8 14687.5 6594.28 4701.25 4597.79 3784.45 3098.76 2997.06 3021.34 2906.59 2938.81 3084.98 2135.54 2114.31 2057.56 1990.63 4367.26 2287.35 1834.47 5672.96 5047.5 1740.38 1729.52 1725.52 1750.2 2224.6 1630.18 1606.45 1594.78 1415.99 1392.53 1371.67 1343.39 1307.27 1227.77 1289.1 1102.29 1798.68 1319.77 1089.55 1050.75 999.418 996.86
threshold=1.0000000180025095e-35 66.996527777777786 1.0000000180025095e-35 1.0000000180025095e-35 0.42485802952046553 10.500000000000002 -0.37501118855539056 0.67387536168098461 0.6708858609199525 0.014720244552075977 -0.18943979936127567 0.76543691754341137 0.00036339802383320079 0.70091050863266002 0.70788720250129711 -2.3491951121329095 0.72612586352005792 0.51980959995249199 0.4983748012712122 0.67412567138671886 7.5000000000000009 0.3318732591531755 1.0000000180025095e-35 0.37397879600197181 0.48199920365415355 0.12101227165023348 0.0066036370189105102 0.76074807285088852 0.00015330813291015053 1.0000000180025095e-35 3.5000000000000004 10.031489036588148 2.5000000000000004 65.804588619312085 0.83554885362452103 10.500000000000002 -1.7606102488860815 0.46684949806277737 -7.8273898401397011 0.5274898310703845 -14.752139294415704 10.884574868331853 10.500000000000002 68.79989543060654 8.8681702613830584 1.0000000180025095e-35
decision_type=2 2 2 2 2 2 2 2 2 2 2 2 2 2 2 2 2 2 2 2 2 2 2 2 2 2 2 2 2 2 2 2 2 2 2 2 2 2 2 2 2 2 2 2 2 2
left_child=1 29 4 6 5 10 15 8 45 -5 -3 -12 13 44 -15 37 18 21 19 -6 -20 -11 24 -24 -23 30 -17 28 -28 36 -14 33 -29 -10 -27 -33 -1 38 -2 40 43 -42 -19 -38 -9 -8
right_child=3 2 -4 9 16 -7 7 12 31 17 11 -13 25 14 -16 26 -18 42 20 -21 -22 22 23 -25 -26 34 27 32 -30 -31 -32 35 -34 -35 -36 -37 39 -39 -40 -41 41 -43 -44 -45 -46 -47
leaf_value=-0.0043099674559813643 0.012425545437899733 -0.0043060922005380784 -0.00052304025138847764 -0.040652804721309631 0.039274181068906219 0.0055299081936249703 0.014908087269250999 2.0573841968304157e-05 0.03995815608835173 -0.0042784731070047407 0.041929704155010787 0.0061169827490960369 0.021875838829979843 0.032372383704223483 0.015076028893380481 -0.051395575240109258 0.0024295908120829804 -0.0073628842093521945 0.043857608527602086 0.0048754524004596296 0.020783596068122752 0.0014036149545336204 -0.0039199885526064963 0.017918706048221916 -0.0040748550975871585 0.0092780583625333094 0.011471469828918199 0.0083814504963200375 0.0059691569548312702 0.00069086374589188624 -0.017354100519546747 0.044806068808081911 -0.0052591992490557422 0.001573487447053314 -0.0092921077545041631 -0.029620689663780012 0.032337465989225135 -0.018587524762140206 -0.039846612032203244 0.0045163231914625021 0.01107354244548364 -0.010174924690047162 -0.028845036181981216 -0.03885886405704965 0.018510679719815744 -0.077063295480452806
leaf_weight=16162.913041085005 6340.6243044137955 2738.6098639369011 44654.046349197626 3638.0297885835171 10039.493502512574 10123.551957949996 34682.379176229239 25499.620086163282 3282.2969719320536 141825.09199748933 393578.74338364601 4542.1331909447908 2551.3281915783882 25284.502919107676 88285.943423047662 956.31863383948803 11459.114412866533 16720.00412337482 13802.292781159282 23505.868541374803 20136.446628220379 290069.7918959856 29369.730146512389 64411.04865565896 178557.36632467806 207676.27169212699 221991.66186700761 24197.341932907701 379444.6415925324 100848.11372213066 9034.6271938234568 18455.335252843797 36211.942433163524 3993.1481169462204 7868.3322765976191 474.02774268388748 9412.316451177001 9741.790760487318 1047.7703057229519 71408.181598007679 85811.685214787722 5958.1183065921068 6157.5833784639835 412.32725277543068 7129.7589837014675 226.02227002382278
leaf_count=41606 14600 7583 118357 20173 31693 27280 86794 66752 8465 384964 1465539 11971 5764 56882 228703 3258 30195 74014 44852 63703 55884 747881 78151 144164 477609 505018 522227 57361 914395 262329 25117 46964 93513 11257 21227 1536 18976 28024 3358 172284 203410 16072 29755 1281 16644 842
internal_value=0.011009 0.0237842 0.0338805 0.00529969 0.0370162 0.0403292 0.00907721 0.0126247 0.0237255 -0.000460957 0.041208 0.0415211 0.0108075 0.015609 0.0189268 0.00681053 0.0197686 -0.000259853 0.0227128 0.0151705 0.0301676 0.00015873 0.00127769 0.0110794 -0.000683797 0.00771688 0.00720388 0.00728856 0.00800008 0.00517381 -0.00871497 0.0362648 0.0002046 0.0188913 0.00860015 0.042942 0.00756375 -0.00840868 0.00501196 0.00867308 0.0115947 0.00969395 -0.0131451 0.0293489 0.00406093 0.0143124
internal_weight=2.66972e+06 824594 534580 1.84512e+06 489926 410983 1.11438e+06 434444 61113.2 730749 400859 398121 373330 146200 113570 679932 78943.2 727111 67484.1 33545.4 33938.7 704233 562408 93780.8 468627 227131 662802 661846 601436 290014 11586 26204.8 60409.3 7275.45 215545 18929.4 189166 17130.2 7388.39 173003 101594 91769.8 22877.6 9824.64 32629.4 34908.4
internal_count=7248427 2573015 1857057 4675412 1738700 1512373 2718701 1081965 155858 1956711 1485093 1477510 926107 368981 285585 1636736 226327 1936538 196132 95396 100736 1832769 1447805 222315 1225490 557126 1590754 1587496 1436622 715958 30881 68222 150874 19722 526245 48500 453629 45982 17958 412023 239739 219482 103769 20257 83396 87636
is_linear=0
shrinkage=0.043658


Tree=40
num_leaves=47
num_cat=0
split_feature=22 19 18 18 30 23 23 23 23 23 23 23 30 31 32 23 28 32 31 30 30 22 32 19 30 22 30 32 23 30 26 32 28 25 18 25 1 21 23 26 23 20 30 31 23 31
split_gain=96577.2 78565.4 29126.1 19393.5 14631.3 4785.57 4435.84 4293.61 4645.04 3336.2 26736.9 3310.13 2930.07 2914.94 2500.8 2190.5 4932.33 2717.09 2110.67 2044.12 2032.89 1937.82 2177.47 2148.72 1917.56 2599.13 3009.98 1846.01 1824.02 2439.44 1739.4 3322.56 1704.13 1619.09 1532.45 1516.26 1486.83 1449.71 1382.02 1338.57 1328.95 1320.48 1400.3 1297.77 1543.39 1283.14
threshold=1.0000000180025095e-35 66.500000000000014 1.0000000180025095e-35 1.0000000180025095e-35 0.41673303907779446 0.80000919103622448 0.66057932376861583 0.67387536168098461 0.6708858609199525 0.76285651326179515 0.71188408136367809 0.68033981323242199 0.031989530961966599 66.549999237060561 1.7158895134925845 0.67412567138671886 0.35988141344175917 6.6101765632629403 71.844444274902358 0.75554275623389466 1.0000000180025095e-35 0.0076664860499038711 2.8136487007141118 50.500000000000007 0.63919029360146429 0.00021045573871247334 0.27841046951956044 2.310603260993958 0.6637515425682069 0.63230057438034948 66.741938374951886 5.2941265106201181 -2.3491951121329095 9.45337505437681 0.42617359329781745 10.805647036389518 1.5000000000000002 -0.00075480341911315907 0.64029967784881603 66.379353392756727 0.6738228201866151 62.500000000000007 0.21287951186004037 65.316669464111342 0.65412151813507091 55.850000381469734
decision_type=2 2 2 2 2 2 2 2 2 2 2 2 2 2 2 2 2 2 2 2 2 2 2 2 2 2 2 2 2 2 2 2 2 2 2 2 2 2 2 2 2 2 2 2 2 2
left_child=1 34 4 6 5 9 24 8 28 10 -3 18 27 -10 39 40 -17 -18 -9 21 -16 22 36 -24 25 30 35 -5 -8 -30 -2 -32 -26 -11 38 -27 -14 -21 -1 -13 -6 -23 -43 44 -34 -28
right_child=3 2 -4 12 15 -7 7 11 13 33 -12 14 19 -15 20 16 17 -19 -20 37 -22 41 23 -25 32 26 45 -29 29 -31 31 -33 43 -35 -36 -37 -38 -39 -40 -41 -42 42 -44 -45 -46 -47
leaf_value=0.0046062017400099993 0.0062678388328193356 0.04116069922688706 -0.00042545600438198815 0.015539945130127814 0.013902249626633204 -0.004244204535431729 0.023284458803213094 -0.010006121918669272 0.036982458772280707 0.046762946284219113 -0.018069149434446902 0.040802352697690412 -0.032191835977583516 0.0020807321147268323 -0.083598247933661218 0.00058090575318799867 0.03830699666449771 0.016561870947151072 0.024617127412759759 0.023840300463899632 0.0097450727915991357 0.0089971915945481987 -0.0070959655445904527 0.0022735612677421296 -0.023722749047132539 -0.0013460170199103587 0.032450668183971437 -0.043510608148842833 0.012625330325445787 -0.01290354524527525 0.0024711807125949487 0.018987905518545015 0.0020016899386302478 -0.021151479145053428 -0.00055674985731966539 -0.020329185421679642 -0.0058794674248716112 -0.010261278325754438 0.012361712951712438 0.017958200043421007 0.046564447141790512 -0.037604771779583109 -0.0094006488611221069 0.012989328203381152 -0.019832916857793037 0.0064087902459295529
leaf_weight=156301.15874060988 82642.58456684649 250265.70927432925 44576.591833680868 1284.3348091095686 3330.0162409991026 4613.3512885570526 23055.576551392674 23624.344162359834 31314.138376310468 123370.76278047264 15421.409079104662 6436.9031622707844 5522.1554828435183 5338.8793736994267 445.18092952668667 23809.048339366913 17978.478823147714 28027.760588146746 3911.4745356589556 2497.7999730110168 369024.7471101284 6349.6552949696779 50865.373006597161 563195.39843444526 4888.3789736628532 39732.183131247759 3680.548214033246 4705.9150066375732 45324.035235777497 8466.9821600168943 31796.919459655881 86007.186962276697 108989.91746087372 672.62140431255102 72357.716070592403 10048.072337433696 15820.667099744081 48714.733200743794 60843.824732765555 20336.007020838559 8276.9064031839371 3820.0516040921211 27579.779051110148 19323.243210941553 6540.6363001912832 178689.20853371918
leaf_count=381711 199067 941686 117991 4101 9868 11915 52490 63448 80079 482772 61240 13814 18156 13562 1744 64331 58341 78536 8442 5515 916321 17265 144396 1456119 14682 100371 7460 25299 113038 23536 78939 192266 267765 2112 190514 28091 43739 144255 144099 51979 27899 14369 83497 44495 18276 428836
internal_value=0.010613 0.0231762 0.033319 0.00508351 0.0364807 0.0399596 0.00871988 0.0115689 0.0191102 0.0404829 0.0377228 0.00954909 -0.000441147 0.0318988 0.0105662 0.0196316 0.0167117 0.0250596 -0.00508771 -0.000189675 0.00963258 0.00045001 0.00102096 0.00149744 0.00604539 0.00748166 0.00433713 -0.0308493 0.0130105 0.00860688 0.0111235 0.0145299 0.00159915 0.0463946 0.00494574 -0.00517783 -0.0126877 -0.00859794 0.00677931 0.0234507 0.0371941 -0.00916019 -0.0128321 0.00251709 0.000765509 0.00693439
internal_weight=2.64982e+06 809845 520343 1.83997e+06 475766 394344 1.10962e+06 537278 113500 389731 265687 423779 730356 36653 396243 81422.2 69815.3 46006.2 27535.8 724366 369470 673153 635404 614061 572339 432597 232150 5990.25 76846.6 53791 200447 117804 139742 124043 289503 49780.3 21342.8 51212.5 217145 26772.9 11606.9 37749.5 31399.8 134854 115531 182370
internal_count=7248427 2573015 1856691 4675412 1738700 1499725 2718701 1338453 282705 1487810 1002926 1055748 1956711 93641 983858 238975 201208 136877 71890 1927311 918065 1777541 1662410 1600515 1380248 1035030 564758 29400 189064 136574 470272 271205 345218 484884 716324 128462 61895 149770 525810 65793 37767 115131 97866 330536 286041 436296
is_linear=0
shrinkage=0.043658


Tree=41
num_leaves=47
num_cat=0
split_feature=22 19 30 3 22 30 30 23 23 31 23 28 32 19 22 28 3 27 36 3 3 3 35 29 28 23 19 3 3 29 35 27 20 35 3 1 3 35 23 35 30 36 30 30 28 31
split_gain=91233.5 75754.4 22060.9 10087.5 5378.42 5973.59 5932.01 5294.17 4331.28 26626.5 4286.58 5080.87 5205.68 3941.43 4960.53 4230.27 3389.55 3556 3007.42 2632.46 2477.28 2463.21 2145.5 2027.98 2177.12 1921.12 1907.94 1795.66 1536.28 1498.23 1481.49 1477.84 1363.8 1355.34 1334.3 1132.35 1128.3 1539.04 1114.81 1095.64 1091.14 1080.54 1004.07 951.76 1186.95 1050.28
threshold=1.0000000180025095e-35 66.500000000000014 0.38230393318173633 10.500000000000002 5.071011406169195e-05 0.023010296375251423 0.45261964089942369 0.76543691754341137 0.76285651326179515 70.850002288818374 0.67412567138671886 0.33753872353748365 6.6101765632629403 57.500000000000007 0.0064001790892669755 -2.9801156244444065 5.5000000000000009 -7.5580065919961106 1.0000000180025095e-35 9.5000000000000018 3.5000000000000004 5.5000000000000009 23.500000000000004 66.645013021734613 -1.5928631873573182 0.6738228201866151 61.500000000000007 5.5000000000000009 6.5000000000000009 65.86859587793252 19.500000000000004 -4.2321880592044385 80.500000000000014 3.5000000000000004 9.5000000000000018 3.5000000000000004 9.5000000000000018 17.500000000000004 0.76153963804245006 27.500000000000004 0.58361398217957883 4.8205273151397714 0.7151371981018525 0.81843165710234567 -0.96759390739851436 63.31666564941407
decision_type=2 2 2 2 2 2 2 2 2 2 2 2 2 2 2 2 2 2 2 2 2 2 2 2 2 2 2 2 2 2 2 2 2 2 2 2 2 2 2 2 2 2 2 2 2 2
left_child=1 28 3 7 6 20 38 8 9 -3 25 29 40 16 15 30 23 19 -17 -18 -6 -14 32 31 -25 -4 27 43 33 -12 -15 -7 -16 -1 -31 42 37 -9 -2 -19 -13 -5 -35 44 -8 -45
right_child=4 2 10 41 5 13 26 36 -10 -11 11 12 21 14 22 18 17 39 -20 -21 -22 -23 -24 24 -26 -27 -28 -29 -30 34 -32 -33 -34 35 -36 -37 -38 -39 -40 -41 -42 -43 -44 45 -46 -47
leaf_value=0.0077865823169974572 0.016459848928576028 0.04042019735028711 0.010988904613126741 -0.0071178630603533268 0.018986997193925777 -0.014003411186572818 -0.014069742635153797 -0.035515920143790181 0.046792925359593805 -0.015011015288862466 -0.058418157913267023 0.038790541901615294 0.030285462214331156 -0.067259930413569369 -0.0046851674467246873 0.0063828999569803179 0.0081635808761789351 -0.080687056871823953 -0.010050580739170516 -0.0033974679341481819 -0.041224089148147944 0.0056346600342697456 0.022622895163837479 -0.0079323676147425339 0.0049318262653195617 0.046744697837102431 0.010207727196747991 0.0058174094734214851 0.0080077164890777312 -0.0061976912525604898 0.029453159735071319 0.042143225067707124 -0.021245850188607675 0.0053032100158356419 0.011308104200455464 -0.0066311479830593713 0.022465516458943187 0.024682231574952626 0.037753622503142632 0.031362605459238649 0.0089997557080975319 0.04569925362829419 -0.0098005792027740166 -0.049372902151641807 0.0058577013702764205 0.054391498648785556
leaf_weight=46794.113608390093 125084.21829483658 236946.11033494771 3798.6004619002342 10231.969228863716 1568.5524378716946 43497.729412615299 18095.837283298373 2540.6350027769804 114068.13546920568 17754.613790221512 825.09019495546818 23036.817192390561 9924.7304360046983 1990.3953419625759 62787.725548818707 1179427.4938377962 118700.62560260296 1209.8844480961561 21614.502687558532 54903.384529158473 7673.2506965473294 34880.347173243761 4907.8017409294844 51302.863773852587 49048.24308013916 11646.159383930266 39212.852835014462 26282.579112514853 140644.44721722603 19859.513005442917 355.78408701717854 912.18604011833668 11163.443515211344 48956.864337041974 14256.092233993113 42469.316431745887 2315.3871406912804 1187.883113540709 4868.8827288448811 192.76384219527245 2609.1424515172839 795.62113910913467 10123.881660342216 1825.1102239638567 8314.5879010856152 206.93581601977348
leaf_count=113301 301838 916209 11586 28930 4280 123505 50090 8381 467998 64846 3011 79315 31220 7589 177516 2958075 292951 4813 59587 144385 34588 94288 10800 142044 122280 41872 97769 64608 342475 56913 748 1753 34862 120587 34907 112701 5225 3049 14288 382 7046 1895 27260 6104 20210 347
internal_value=0.0102287 0.0225758 0.0327495 0.0378476 0.00487534 0.0039943 0.0112158 0.0390584 0.0397227 0.0365562 0.0164709 0.0133231 0.0200738 0.00419621 0.00527761 0.00597274 -0.000140146 0.00394789 0.00608715 0.00450731 -0.0310044 0.0110951 -0.00533001 -0.00508234 -0.00164475 0.0379509 0.00285742 -0.00240934 0.00473858 -0.000288402 -0.0525921 -0.01285 -0.00718518 0.0016391 0.00111747 -0.00119362 -0.0014708 -0.0163361 0.0172577 -0.0652851 0.0357599 -0.00330668 0.00271501 -0.0100115 -0.00779601 -0.038803
internal_weight=2.63081e+06 795665 506677 385840 1.83515e+06 1.61126e+06 223891 374813 368769 254701 120836 105392 70451 1.60201e+06 1.28225e+06 1.20339e+06 319768 175007 1.20104e+06 173604 9241.8 44805.1 78859 144761 100351 15444.8 93937.9 54725.1 288989 34940.7 2346.18 44409.9 73951.2 148344 34115.6 101550 6043.91 3728.52 129953 1402.65 25646 11027.6 59080.7 28442.5 26410.4 2032.05
internal_count=7248427 2573015 1856691 1496533 4675412 4120158 555254 1465708 1449053 981055 360158 306700 211869 4081290 3249177 3025999 832113 442531 3017662 437336 38868 125508 223178 389582 264324 53458 239128 141359 716324 94831 8337 125258 212378 373849 91820 260548 16655 11430 316126 5195 86361 30825 147847 76751 70300 6451
is_linear=0
shrinkage=0.043658


Tree=42
num_leaves=47
num_cat=0
split_feature=22 19 18 18 30 32 31 10 22 23 23 28 32 30 21 30 28 23 30 28 25 25 29 30 21 10 32 22 31 22 23 27 32 31 23 30 23 23 32 21 2 27 8 35 31 32
split_gain=86788 72422.9 27314 17599.3 14524.2 4293.44 9187.85 4035.65 3910.76 3071.16 2922.68 5938.58 3477.23 2602.35 2311.9 2220.55 2468.53 2195.6 2124.04 5534.89 3191.12 3464.28 2678.25 1950.99 1870.44 1847.56 1774.67 1843.77 1757 1751.21 1719.37 1662.32 1646.84 1491.75 1735.62 1450.82 1437.75 1640.95 1430.29 1311.94 1302.87 2646.8 1572.83 1445.41 1610.36 1234.32
threshold=1.0000000180025095e-35 66.500000000000014 1.0000000180025095e-35 1.0000000180025095e-35 0.38230393318173633 7.3185458183288583 66.450000762939467 61.500000000000007 0.00069217550228399365 0.76038458943367015 0.67412567138671886 0.33753872353748365 6.4828832149505624 0.031989530961966599 0.002308130264282227 0.014720244552075977 0.32248998622186625 0.76285651326179515 0.45843178697796488 -1.0884573190013433 9.8252981618563222 9.6358933468701107 70.539872949588926 0.75554275623389466 -0.011212050914764403 75.500000000000014 2.8136487007141118 0.0072953107536127227 73.549999237060561 0.00016055731224270484 0.6738228201866151 -18.278444433726978 2.310603260993958 58.850000381469734 0.5799507498741151 0.53663556292412262 0.80000919103622448 0.88134998083114635 5.7522940635681161 -0.00075480341911315907 7.5000000000000009 11.844098021804713 -1.0000000180025095e-35 25.500000000000004 59.211111068725593 10.714735031127931
decision_type=2 2 2 2 2 2 2 2 2 2 2 2 2 2 2 2 2 2 2 2 2 2 2 2 2 2 2 2 2 2 2 2 2 2 2 2 2 2 2 2 2 2 2 2 2 2
left_child=1 35 4 7 5 14 -7 18 9 15 30 -12 -13 32 17 16 -9 -3 19 22 21 -21 29 24 -15 -8 -26 -28 -17 -2 -6 -20 -5 38 -35 -1 -11 -38 -33 -25 41 45 -43 44 -42 -10
right_child=3 2 -4 13 10 6 25 8 40 36 11 12 -14 23 -16 28 -18 -19 31 20 -22 -23 -24 39 26 -27 27 -29 -30 -31 -32 33 -34 34 -36 -37 37 -39 -40 -41 43 42 -44 -45 -46 -47
leaf_value=0.0072017709586760063 0.02135297187150333 0.038647036783627374 -0.00047958043541435313 0.013842522672611393 0.011762383702485743 0.039844381650754206 -0.021596794372047742 -0.064035243603200412 0.0019166087405739444 0.030667520753469343 -0.0014363466695709538 0.038073695325595194 0.01561698535116419 -0.0192732306666458 -0.061608382344005952 0.01302165592240073 0.02458050314859115 0.046316035480278024 -0.010611042032270965 -0.0025133162094813136 -0.011449625486112173 0.027790066804092579 -0.048373196029189686 0.022143846985134805 -0.011739454114259123 0.011782570548790989 0.0015335732813013456 -0.0082135333437363661 0.0036179498101619914 0.0093125091045933705 0.046356018737135782 0.023179243972787457 -0.042125044579974263 -0.0048214468409128186 0.0054338226539847757 0.00089426760745609554 -0.0071870190194468974 0.036032833801014359 0.0048018760936955627 -0.010193428430438281 -0.0024060769446702275 -0.0045314632989763423 -0.049317907653658545 0.028183823034519162 0.0085956996566174809 0.021646924615530236
leaf_weight=172703.24452970922 48190.137925073504 204956.24039669335 44410.002101153135 1287.3589739054441 3628.0317495986819 28795.023408912122 6281.6854446455836 1525.2057807892561 62945.123854205012 25037.291391350329 23877.773329712451 22008.939823105931 32623.837436623871 9227.5237233191729 416.49668698757887 334958.22415436059 986.69287499785423 109009.33769388497 20630.322605997324 20784.384605482221 32748.695970565081 10993.708345413208 1264.3385637551546 2514.985933855176 21771.542495429516 6361.0301108807325 602182.3880315125 39410.654786452651 42699.092458054423 44090.845044195652 11172.534823790193 11056.505287289619 4520.4009202048182 64613.995771065354 61293.016291096807 116323.47265407443 4594.2878434211016 2634.3962476700544 29907.047537818551 48581.580502733588 28452.775139808655 3053.8162036240101 2927.4713899940252 6536.6267157793045 233146.74647434056 6685.3829228132963
leaf_count=423790 106211 827379 117400 4140 11154 111133 22954 5481 157654 71910 66472 78287 94304 28923 1889 826158 2276 464319 56072 53258 87702 22857 4151 5594 62902 19311 1565987 119499 109816 103991 41797 24031 25240 165792 147336 293113 12965 6468 72166 144181 73158 7810 9596 13980 562849 14795
internal_value=0.0098492 0.0220186 0.0321822 0.00464873 0.0354118 0.0394323 0.0262226 0.00813135 0.00991757 0.0127839 0.0200807 0.0167258 0.0246638 -0.000611065 0.0411734 0.0116863 -0.0292252 0.0413097 0.00422273 0.0079505 -0.00188575 0.00797013 0.0147355 -0.000377464 0.000247323 -0.00480212 0.000518864 0.000934839 0.0119585 0.0156002 0.0378765 0.00108002 -0.0297186 0.00252542 0.000170912 0.00466323 0.0257156 0.00856355 0.00976224 -0.00860169 0.0064785 0.00141696 -0.0264525 0.00790579 0.00739908 0.00381103
internal_weight=2.61382e+06 782568 493541 1.83125e+06 449131 355820 41437.7 1.10176e+06 756183 412435 93311.1 78510.6 54632.8 729496 314382 380169 2511.9 313966 345573 158072 64526.8 31778.1 93545.3 723689 672592 12642.7 663365 641593 377657 92281 14800.6 187501 5807.76 166871 125907 289027 32266 7228.68 40963.6 51096.6 343748 75611.8 5981.29 268136 261600 69630.5
internal_count=7248251 2573302 1856399 4674949 1738999 1446985 153398 2718483 1874916 1035074 292014 239063 172591 1956466 1293587 943731 7757 1291698 843567 378170 163817 76115 214353 1927086 1777311 42265 1748388 1685486 935974 210202 52951 465397 29380 409325 313128 716903 91343 19433 96197 149775 839842 189855 17406 649987 636007 172449
is_linear=0
shrinkage=0.043658


Tree=43
num_leaves=47
num_cat=0
split_feature=22 19 32 23 3 28 28 23 25 22 30 30 23 3 31 30 19 22 28 3 30 25 23 31 35 2 3 2 32 24 30 30 19 3 23 23 23 23 3 35 35 17 28 17 25 35
split_gain=81829.9 69746.5 21569.8 21624.9 6603.29 7414.95 6147.96 19088.4 13661.5 4823.84 5477.83 5349.64 4040.9 3829.92 3721.67 3751.37 3509.87 4576.51 3909.6 3304.34 3097.86 2765.2 2689.8 2126.37 2028.96 1996.19 1992.85 2450.03 2104.85 1919 1793.11 1724.58 1697.34 1835.08 1691.22 14565.4 3793.53 1637.38 1419.14 1331.88 1297.96 1212.6 1201.37 1182.97 1142.21 1133.88
threshold=1.0000000180025095e-35 66.500000000000014 6.0575938224792489 0.67412567138671886 5.5000000000000009 0.44128561604330557 0.34495366870646543 0.67412567138671886 6.8517164570418698 5.071011406169195e-05 0.45261964089942369 0.023010296375251423 0.71118247509002697 9.5000000000000018 66.850002288818374 0.041176230686662291 57.500000000000007 0.0064001790892669755 -2.9801156244444065 5.5000000000000009 0.14380891888207301 9.3030245015221311 0.67353153228759777 70.250000000000014 23.500000000000004 29.500000000000004 9.5000000000000018 14.500000000000002 8.3934497833251971 66.588931182314397 0.16591687735273308 0.43304472621959422 61.500000000000007 5.5000000000000009 0.76285651326179515 0.71616274118423473 0.76038458943367015 0.71178066730499279 6.5000000000000009 19.500000000000004 3.5000000000000004 80.006944444444457 -1.1380374534236155 76.003472222222243 7.8804345694400721 8.5000000000000018
decision_type=2 2 2 2 2 2 2 2 2 2 2 2 2 2 2 2 2 2 2 2 2 2 2 2 2 2 2 2 2 2 2 2 2 2 2 2 2 2 2 2 2 2 2 2 2 2
left_child=1 38 6 22 5 -5 7 14 12 10 -2 23 -9 30 -3 -16 19 18 39 25 -20 -7 -4 -11 41 29 27 -21 -28 -13 -6 -10 33 -12 35 37 -37 -8 40 -18 -1 -19 -27 -36 -25 -15
right_child=9 2 3 4 13 21 34 8 31 11 32 16 -14 45 15 -17 17 24 20 26 -22 -23 -24 44 -26 42 28 -29 -30 -31 -32 -33 -34 -35 43 36 -38 -39 -40 -41 -42 -43 -44 -45 -46 -47
leaf_value=0.0075091327438062206 0.01634933648545836 0.046092021403413432 0.0072837653393247031 -0.0042022879609525205 -0.056883979162478004 0.03907100791928985 0.031976407241924638 -0.0075699933362606657 -0.033890982616939402 -0.044604418920240446 -0.010226126306567314 -0.012113113982923635 0.041622982454593609 -0.00062487116493071203 -0.34076416716018576 -0.012787866926722702 -0.065419217127016885 -0.0048163315536387018 -0.0026706779104768074 0.00032755597577269142 0.0062137589671205995 -0.014325929821580742 0.046591156897487551 0.031628803038344311 0.022028521095255351 -0.020523083205076651 -0.018862792924951719 0.012841114213249294 0.0015076139559540066 -0.0007878982517961102 -0.012818968841684531 -0.0040962011019855379 0.0094229806607221394 0.0057948913065383875 0.046423495512490177 -0.026297594025574134 0.029951381478006328 0.046059710081000627 0.0076133566621155481 0.027608639610873526 -0.0012819804188161446 -0.020514766146672976 -0.071029634693618712 -0.016055395941065493 -0.022777763455363708 0.011340002038234698
leaf_weight=46740.774226650596 128309.19589412957 55148.610520400107 3589.0651523843408 13293.284989818931 2043.6210228279233 26331.440317437053 19257.909206017852 4150.1146933734417 11706.014011822641 6086.4836439713836 28299.677750736475 40174.591209709644 13652.113869145513 27782.710455223918 70.705375656485558 1097.0995824411511 1949.4514102190733 62719.152940168977 80183.252628162503 56550.107537940145 1115125.8667751029 1987.9446112290025 44001.776371240616 1274.7268570065498 4835.4234757721424 5108.8737714886665 12492.26285392046 63097.790381416678 42767.18789164722 98282.056831628084 12690.610540829599 5416.3637804165483 38901.55986148119 26282.83487790823 107981.25524642318 7653.9291733503342 3257.979029007256 86077.579306937754 140312.98535259068 345.20237179100513 101578.87203398347 11027.715916097164 1089.0861053317785 580.60798776894808 1738.444429025054 33060.201596967876
leaf_count=113381 315860 226537 12071 39004 8344 98525 77506 13660 47836 30014 76591 113068 55694 79166 674 3873 7487 178100 216959 148393 2799727 6984 178160 3096 10715 15063 35772 149301 109508 257761 39586 15183 97869 64635 475642 28663 11648 350606 342731 734 260791 34442 4086 1846 5768 85191
internal_value=0.00948857 0.021431 0.0316147 0.0188086 0.00872986 0.0226962 0.0382915 0.0287334 0.00337584 0.0044579 0.0104929 0.00362385 0.0301548 0.00103998 0.0444588 -0.0326636 0.00381419 0.00483878 0.00550848 -0.000277523 0.00561777 0.0353225 0.0436269 -0.0297554 -0.00536749 -0.00515918 0.00375976 0.00692677 -0.00309739 -0.00407405 -0.0189312 -0.0244662 0.00245474 -0.00251155 0.0421707 0.0385111 -0.0095029 0.043485 0.00446593 -0.0514225 0.00148839 -0.00716385 -0.0293991 0.0460893 0.000238033 0.00587643
internal_weight=2.5961e+06 769464 480831 164781 117190 41612.7 316050 91241 34924.6 1.82664e+06 221793 1.60485e+06 17802.2 75577.1 56316.4 1167.8 1.59575e+06 1.27619e+06 1.1976e+06 319562 1.19531e+06 28319.4 47590.8 9099.65 78582.3 144655 174907 119648 55259.5 138457 14734.2 17122.4 93484.1 54582.5 224809 116247 10911.9 105335 288633 2294.65 148320 73746.9 6197.96 108562 3013.17 60842.9
internal_count=7248251 2573302 1856399 547031 356800 144513 1309368 363457 132373 4674949 554955 4119994 69354 212287 231084 4547 4081116 3248164 3024907 832952 3016686 105509 190231 38878 223257 389978 442974 297694 145280 370829 47930 63019 239095 141226 945911 468423 40311 428112 716903 8221 374172 212542 19149 477488 8864 164357
is_linear=0
shrinkage=0.043658


Tree=44
num_leaves=47
num_cat=0
split_feature=22 19 30 3 23 23 23 22 30 30 23 28 3 28 22 25 30 31 31 35 23 23 27 3 28 27 27 3 2 28 20 35 30 30 25 23 3 35 1 1 1 28 2 24 23 28
split_gain=77226 67199.5 20893.6 9506.39 4844.91 4597.4 25388.7 4449.81 5098.08 4925.56 3745.55 4156.83 4168.8 3290.32 3375.21 3220.46 2991.29 2838.24 1979.22 1936.23 1920.77 1665.13 1654.38 1486.64 1387.85 1354.2 1538.06 1303.59 1298.52 1241.94 1215.47 1189.68 1114.3 1051.09 1049.39 981.038 956.606 1288.74 887.817 884.648 882.369 881.805 1335.52 853.843 1546.14 1037.46
threshold=1.0000000180025095e-35 66.500000000000014 0.38230393318173633 10.500000000000002 0.76543691754341137 0.76285651326179515 0.71188408136367809 5.071011406169195e-05 0.43008639009173838 0.023010296375251423 0.67412567138671886 0.35988141344175917 7.5000000000000009 -2.4752107939158283 0.0064001790892669755 0.96683895185324353 0.76074807285088852 63.738889694213874 70.250000000000014 23.500000000000004 0.6738228201866151 0.71188408136367809 -7.3649329134158767 5.5000000000000009 0.92049572531010604 -7.8273898401397011 -8.2096485113265683 6.5000000000000009 20.500000000000004 -2.9801156244444065 80.500000000000014 3.5000000000000004 0.74632805065987673 0.60397817976378898 7.8804345694400721 0.76153963804245006 9.5000000000000018 17.500000000000004 1.5000000000000002 3.5000000000000004 3.5000000000000004 -1.0052571239619061 14.500000000000002 68.95646445243041 0.70091050863266002 0.55123741004881299
decision_type=2 2 2 2 2 2 2 2 2 2 2 2 2 2 2 2 2 2 2 2 2 2 2 2 2 2 2 2 2 2 2 2 2 2 2 2 2 2 2 2 2 2 2 2 2 2
left_child=1 27 3 4 5 6 -3 8 35 18 20 -12 17 25 15 24 -17 -13 41 30 -4 -14 23 39 -15 26 -11 31 -27 -30 -16 -1 40 -24 -20 43 37 -6 -29 -10 -33 42 -9 44 -2 -46
right_child=7 2 10 -5 36 -7 -8 9 22 13 11 12 21 14 19 16 -18 -19 34 -21 -22 -23 33 -25 -26 28 -28 38 29 -31 -32 32 -34 -35 -36 -37 -38 -39 -40 -41 -42 -43 -44 -45 45 -47
leaf_value=0.0071962544075960767 0.015316342187013702 0.039108108892563415 0.0092330760768679059 -0.0037165491992249603 -0.03241958101146724 0.046111652968808294 -0.015383028948032609 -0.047143150562040534 -0.0030904850294810869 -0.0094482009916649935 0.00059478418374706954 -0.0066461489482245286 0.029557755180249022 0.037242596263513596 -0.0041733498173572685 0.0048477082038016059 -0.0023318899435535332 0.040958258857364191 0.030591447357667209 0.021450274501500919 0.045759640434628907 0.0072465973031927387 0.013738297570351592 0.0050985464015510422 -0.064877115898904464 -0.07291444997979496 0.059041794775432942 0.0017077033646705443 -0.043555014367036175 0.04506700925165863 -0.019784794539679868 0.0042536066867912671 -0.012594745438462916 0.001112806457239874 -0.021666991700013547 0.036338237194635602 0.020943705308151709 0.023176141016266621 0.0094609746870269254 -0.019393498163741314 -0.004668737816306512 -0.050787922985494963 0.053510769098723106 0.008827767853880026 0.037663080094904738 -0.0045355497167294508
leaf_weight=46645.798364534974 76315.614118814468 215387.32172457129 3726.2680650725961 10917.774945095181 2538.7971110343933 101665.99056852609 17631.282077237964 624.81123831868172 14760.271094173193 26812.466691076756 37536.698030352592 2743.2787083908916 7738.9175385683775 6945.5294148251414 65514.703679099679 1354324.8352288529 120443.80973108113 18382.315101034939 1260.7307406887412 5057.9512415081263 10412.563272833824 36201.010065749288 29234.615657120943 23325.885333508253 263.20212174206972 1248.7086028158665 639.79798689484596 39038.230457305908 806.23027095198631 481.24883115291595 11119.18985453248 51774.076680064201 14144.149044126272 22046.996640451252 1747.5716335326433 4417.2721279859543 2279.6808638572693 1156.7080793827772 100941.08087520301 11126.710358396173 35688.460944011807 4976.040576197207 420.16279508173466 28600.934859968722 9720.4839809387922 1253.501285456121
leaf_count=113381 184904 914562 11644 30723 8330 468360 66304 3362 38255 77418 102558 8202 25774 15868 186081 3423873 321002 68741 3096 11280 41889 101031 71564 57753 1001 4927 1047 99093 2866 889 34864 128317 38847 57496 5768 13792 5210 3071 243638 31915 93627 25956 696 73619 22085 3572
internal_value=0.00913621 0.0208626 0.0310703 0.0363841 0.0376693 0.0383649 0.034985 0.00427102 0.0100814 0.00347052 0.0150674 0.0121644 0.0188389 0.0036527 0.00392742 0.00440364 0.00426135 0.0347764 -0.0286835 -0.00471176 0.0361334 0.0111763 0.00282298 -0.00289507 0.0335131 -0.0106718 -0.00785174 0.00427715 -0.0411947 -0.0104257 -0.00643855 0.00142416 -0.00122567 0.00831042 0.000232686 0.0161445 -0.00129638 -0.0150169 0.00729872 -0.010098 0.000612868 -0.0431315 -0.00666826 0.0153747 0.0175198 0.0328426
internal_weight=2.58004e+06 756550 468319 351578 340660 334685 233019 1.82349e+06 220802 1.60269e+06 116741 102602 65065.5 1.59366e+06 1.56367e+06 1.48198e+06 1.47477e+06 21125.6 9029.32 81691.8 14138.8 43939.9 100494 49212.9 7208.73 29988.5 27452.3 288232 2536.19 1287.48 76633.9 148252 101607 51281.6 3008.3 120308 5975.19 3695.51 139979 25887 87462.5 6021.01 1044.97 115891 87289.6 10974
internal_count=7248251 2573302 1856399 1496560 1465837 1449226 980866 4674949 554955 4119994 359839 306306 203748 4081116 3993969 3761744 3744875 76943 38878 232225 53533 126805 256983 127923 16869 87147 78465 716903 8682 3755 220945 374172 260791 129060 8864 297972 16611 11401 342731 70170 221944 30014 4058 284180 210561 25657
is_linear=0
shrinkage=0.043658


Tree=45
num_leaves=47
num_cat=0
split_feature=18 28 32 23 31 23 23 30 23 28 31 25 26 25 31 30 18 28 27 25 26 30 23 28 23 2 27 31 30 35 35 27 2 35 2 32 31 31 31 35 36 8 35 31 2 25
split_gain=63809.3 58340.3 25473.6 18958.8 34700.7 15298.7 10072.3 8995.71 4644.4 4423.41 3576.43 6996.96 3719.58 3078.57 4322.43 2926.8 2792.2 2766.15 3657.34 3863.8 3278.56 2568.51 2560.26 2554.23 2314.47 2316.7 2312.12 2185.15 2109.36 2399.47 2081.78 2222.72 4151 3160 4520.46 3082.82 4412.15 2919.88 2714.09 2472.89 2403.36 2055.77 1938.21 1707.85 1673.04 1641.14
threshold=1.0000000180025095e-35 -0.048524402464354001 6.0575938224792489 0.76153963804245006 70.850002288818374 0.67412567138671886 0.67310780286788952 0.37109699445554023 0.71178066730499279 0.33753872353748365 71.549999237060561 6.3989045365870547 67.465707038032747 9.0816381836536078 61.45000076293946 0.14380891888207301 0.51980959995249199 -1.5928631873573182 -14.752139294415704 10.884574868331853 66.741938374951886 0.53663556292412262 0.7070213556289674 0.50121447551252207 0.770134598016739 5.5000000000000009 -0.73281789986724977 56.527778625488288 0.32490985893851182 7.5000000000000009 25.500000000000004 10.864598388430752 14.500000000000002 8.5000000000000018 4.5000000000000009 6.2521104812622079 68.049999237060561 60.95000076293946 72.850002288818374 2.5000000000000004 1.0000000180025095e-35 -1.0000000180025095e-35 27.500000000000004 64.633331298828139 7.5000000000000009 6.8173429070239919
decision_type=2 2 2 2 2 2 2 2 2 2 2 2 2 2 2 2 2 2 2 2 2 2 2 2 2 2 2 2 2 2 2 2 2 2 2 2 2 2 2 2 2 2 2 2 2 2
left_child=1 17 3 4 7 6 15 8 -3 -9 11 -6 -12 14 41 -4 30 -1 20 22 21 -19 42 -16 -5 -26 -21 -17 -15 -30 31 35 33 -33 -35 37 39 45 -34 -37 -39 -7 -20 -8 -38 -2
right_child=16 2 5 24 10 13 43 9 -10 -11 12 -13 -14 28 23 27 -18 18 19 26 -22 -23 -24 -25 25 -27 -28 -29 29 -31 -32 32 38 34 -36 36 44 40 -40 -41 -42 -43 -44 -45 -46 -47
leaf_value=-0.00067555039411934287 0.015379460953174957 0.029520948334205779 -0.044169949008132765 0.045206092312675999 0.025760256082284716 -0.055597152705920631 0.045869619635905509 0.0046949456314397398 0.042876687892659193 0.02906347480195429 -0.082319862510426625 -0.11281835654627624 -0.0014825605525301423 -0.0045642922153873522 0.0065141220597164842 -0.061597016847551596 -0.014516837973547752 0.016477391959248678 0.0068736346528896972 -0.0073473897414099787 0.029021898445359177 -0.0314106151161649 -0.039830667854184237 0.0194919879843919 -0.16927565720974752 0.011041890261678637 0.042552663034581238 0.018670721757426692 0.00080444891110971191 0.013136054966748816 0.012009660168235981 -0.012777300826189485 -0.029279952160690213 -0.045971317909776169 0.029302793411920002 0.0059746282404383707 -0.00064944716853254441 -0.0065050822114073852 0.0047592732742271623 -0.0025737668886859385 -0.048223675071638987 -0.00301691685999597 0.02835040842113868 -0.029167887654195004 0.010950228957924732 -0.00022497230990468103
leaf_weight=109136.84766668081 16038.688034743071 117964.73525147885 1519.0171235054731 113777.58950603008 1219.3872549161315 2219.8274441733956 42649.820469133556 31791.634154260159 85672.338064685464 25656.259118124843 1105.0879716053605 1612.9724542796612 59296.012733332813 34924.265614204109 42075.670583114028 656.18489394336939 27351.047468453646 5637.0199777185917 661638.06418769062 48732.927690938115 24747.907484441996 3435.959524333477 2219.7197728678584 92353.873529285192 146.48732812702656 1853.5838835313916 1836.4773270189762 43207.215117834508 54507.083746798337 67097.503593571484 25224.775757879019 11916.260309629142 20223.786328077316 1771.482169687748 10734.706949412823 83071.951884433627 30249.217056021094 176157.47643958032 5729.3487757742405 288515.85985592753 2671.907691821456 3920.4641486182809 8107.4211723953485 585.97507084906101 109447.37313690037 64537.02835008502
leaf_count=276185 37021 413653 5398 515832 2796 7647 177139 90727 371951 81859 4470 7188 168513 100958 109311 2471 125511 12714 1633699 127155 52100 10182 7330 270140 776 4790 4077 110771 145787 166104 57967 35211 64820 6101 23213 208795 78158 487811 15208 762038 9081 10437 17653 1889 260353 165261
internal_value=0.00879328 0.0137423 0.0220433 0.0292217 0.0238076 0.0138528 0.0297729 0.0308356 0.0351399 0.015578 -0.00521013 -0.053157 -0.00296168 0.00910418 0.0137938 0.0154065 -0.00078772 0.00582194 0.00675949 0.00610266 0.0207916 -0.00165761 0.00697848 0.01543 0.0443877 -0.00216737 -0.00553511 0.0174698 0.00489265 0.00760866 -0.000344006 -0.000723541 -0.00960832 0.00331061 0.0186399 -0.000142789 0.00182399 -0.0040193 -0.0217654 -0.000662683 -0.00712844 -0.0220265 0.00713362 0.0448525 0.00843847 0.00288107
internal_weight=2.56495e+06 1.69131e+06 825813 440096 324318 385717 88618.2 261085 203637 57447.9 63233.5 2832.36 60401.1 297099 140570 45382.4 873641 865492 756355 722535 33820.9 9072.98 671965 134430 115778 2000.07 50569.4 43863.4 156529 121605 846290 821065 50375.6 24422.4 12506.2 770690 511284 259405 25953.1 371588 178829 6140.29 669745 43235.8 139697 80575.7
internal_count=7248251 4911702 2770607 1662555 1141157 1108052 297668 958190 785604 172586 182967 9984 172983 810384 397535 118640 2336549 2141095 1864910 1789914 74996 22896 1658682 379451 521398 5566 131232 113242 412849 311891 2211038 2153071 144553 64525 29314 2008518 1309344 699174 80028 970833 496892 18084 1651352 179028 338511 202282
is_linear=0
shrinkage=0.043658


Tree=46
num_leaves=47
num_cat=0
split_feature=18 27 23 23 23 23 23 23 23 31 31 18 31 23 23 23 25 29 25 31 35 24 35 23 2 2 35 35 26 29 31 36 23 23 27 25 2 31 23 35 31 2 26 31 26 25
split_gain=59250.3 55157.4 15562.4 22914.7 15174.3 13986.2 39773 29841.1 21912.7 5618 4636.1 2573.99 2519.53 2296.87 3507.43 3295.72 2781.01 3967.04 3677.93 2186.91 2108.59 1946.44 1908.93 2086.91 2932.3 2667.62 4854.92 3441.84 1890 1846.4 1823.77 1756.87 1738.47 2278.97 1737.54 1693.12 1625.44 2170.57 1616.75 1591.78 1480.13 1549 1471.29 1659.69 1449.52 1427.1
threshold=1.0000000180025095e-35 -0.37501118855539056 0.67412567138671886 0.70091050863266002 0.6715412735939027 0.71188408136367809 0.76038458943367015 0.76543691754341137 0.71178066730499279 66.850002288818374 70.850002288818374 0.51980959995249199 64.105556488037124 0.64029967784881603 0.64275074005126964 0.63501238822937023 8.7073275457189823 67.393166808534559 9.6358933468701107 66.738887786865249 25.500000000000004 66.192019978693921 25.500000000000004 0.74288836121559154 18.500000000000004 6.5000000000000009 3.5000000000000004 15.500000000000002 65.638295120568941 66.793843498145534 66.049999237060561 1.0000000180025095e-35 0.69692483544349682 0.68033981323242199 -4.8987253935610857 6.744282175635294 17.500000000000004 73.049999237060561 0.7070213556289674 18.500000000000004 56.527778625488288 21.500000000000004 70.540460793784305 67.649997711181655 67.663139383368971 4.41244260252006
decision_type=2 2 2 2 2 2 2 2 2 2 2 2 2 2 2 2 2 2 2 2 2 2 2 2 2 2 2 2 2 2 2 2 2 2 2 2 2 2 2 2 2 2 2 2 2 2
left_child=1 13 4 12 30 8 28 -8 10 -6 -5 22 32 15 -15 20 36 29 -19 -17 31 -14 23 35 25 26 -25 -27 -7 -18 40 34 33 -4 -1 45 37 -16 -38 -34 41 -3 43 -37 -23 -2
right_child=11 2 3 5 9 6 7 -9 -10 -11 -12 -13 21 14 16 19 17 18 -20 -21 -22 44 -24 24 -26 27 -28 -29 -30 -31 -32 -33 39 -35 -36 42 38 -39 -40 -41 -42 -43 -44 -45 -46 -47
leaf_value=0.0034917072383753478 -0.010236514301121075 -0.14207684362597922 -0.011461830233917811 0.019494412241936425 0.04453376563853647 0.019271930964974548 0.043045070737452243 0.0099172104655958094 0.045288527090723014 -0.024968329972870136 -0.0085164224265515624 -0.013983353602650838 0.00332026417799352 0.026930925542783379 -0.0010652996453955883 -0.018821217695961383 0.0063449425835533152 0.011599047236368017 0.030702689954711329 0.0074161906608037689 0.018700803057524095 -0.020783234868799953 0.01151702959007019 0.010664453425278633 -0.017809981569157345 -0.0019691868420236465 -0.034766219636357162 0.028285218340321328 -0.00068272740345459531 -0.012770640625413537 -0.0040953922485899002 -0.056179503522202918 -0.032848826768952955 0.016749945142139743 0.011504034445352786 -0.0019210589368288183 0.0090826566337179494 -0.044410351243643981 -0.044582315444557652 0.045171963110098474 0.018684336347833758 0.0061394063452445639 -0.018853535405306876 0.0032387147858618909 -0.003173444580337532 0.0066472255658708993
leaf_weight=467900.67505373061 10543.376105204225 222.86888583004475 6891.4101452231407 66001.851115725935 104988.63260704279 9632.0025778189301 125676.98207243532 88198.832072533667 101886.60360049456 2264.4504668340087 13579.255422770977 27159.224802479148 22114.256567724049 18995.94356906414 57325.875083915889 19199.849052831531 59253.925616323948 69860.464870423079 26493.904470279813 8843.9656934291124 20033.028602302074 20460.759262725711 25156.914843246341 7921.4449007958174 31115.284386724234 30724.632626928389 10329.840988710523 9347.4089295566082 148923.51590694487 11500.312481805682 9030.9064871817827 914.74237042665482 3151.212678052485 26229.463197186589 57980.516807958484 450544.42725016922 49335.412244670093 2289.9451118782163 1093.6564406603575 591.97187463194132 38698.178146384656 338.3118059784174 8496.3375500291586 161381.96686898917 15781.780563674867 100461.32459986955
leaf_count=1148961 29335 1066 19181 183791 441000 23270 573622 231509 455744 7625 38838 125511 60307 39999 147465 53571 146150 171347 89458 21263 46087 64393 57967 20380 94873 84401 33747 20349 405408 31478 24992 3366 9930 62364 134760 1187519 119011 7511 3727 1132 99416 890 24740 408779 43070 248948
internal_value=0.00846729 0.0132723 0.0215132 0.0185411 0.0339164 0.0219422 0.0170996 0.0293837 0.0318807 0.0430663 0.0147148 -0.000753737 -0.00124256 0.00565916 0.00878271 0.00405003 0.00753882 0.0110877 0.0168519 -0.0105468 0.00479863 -0.00688693 -0.000329032 -0.00069208 -0.00698718 -0.00121319 -0.0150482 0.00508805 0.000529472 0.00323786 0.0135942 0.00426995 0.00769253 0.0108798 0.00437511 7.76774e-05 0.00214964 -0.00273035 0.00791871 -0.0205087 0.0176634 -0.0527257 -0.000810801 -0.000560278 -0.0131152 0.00504355
internal_weight=2.54887e+06 1.67569e+06 804663 649120 155543 553899 372431 213876 181468 107253 79581.1 873182 95220.9 871022 296149 574873 277153 167109 96354.4 28043.8 546829 58356.8 846023 820866 89438.6 58323.3 18251.3 40072 158556 70754.2 48290.3 526796 36864.1 33120.9 525881 731427 110045 59615.8 50429.1 3743.18 39259.4 561.181 620423 611926 36242.5 111005
internal_count=7248251 4911702 2747548 2172559 574989 1912182 1233809 805131 678373 448625 222629 2336549 260377 2164154 756146 1408008 716147 438433 260805 74834 1333174 167770 2211038 2153071 253750 158877 54127 104750 428678 177628 126364 1287087 92607 81545 1283721 1899321 277714 154976 122738 11062 101372 1956 1621038 1596298 107463 278283
is_linear=0
shrinkage=0.043658


Tree=47
num_leaves=47
num_cat=0
split_feature=22 23 18 30 18 3 23 28 3 23 23 27 23 23 31 25 27 22 32 30 31 30 2 32 31 2 36 3 35 36 32 35 2 3 23 28 32 28 28 31 1 23 30 3 30 30
split_gain=64681.5 59437.1 24569.9 13478.5 13321.6 5960.53 3794.34 4770.41 3399.43 3267.64 30166.4 3262.34 3793.73 3391.79 2814.88 2634.09 2856.5 2936.74 2760.84 2095.32 1999.85 1669.28 1678.39 2109.84 2388.02 2362.59 1648.32 1617.75 2270.37 3586.55 2442.49 1895.76 2470.85 3535.23 1643.22 1530.6 1506.27 1501.75 1554.34 1494.36 1446.63 1433.59 1413.54 1341.06 1336.14 1325.5
threshold=1.0000000180025095e-35 0.67272245883941661 1.0000000180025095e-35 0.38230393318173633 1.0000000180025095e-35 10.500000000000002 0.67412567138671886 0.4983748012712122 7.5000000000000009 0.67412567138671886 0.71178066730499279 -0.37501118855539056 0.67387536168098461 0.6715412735939027 66.850002288818374 6.3989045365870547 2.8096270890644637 0.00025197682591761441 3.9164893627166752 0.014720244552075977 66.649997711181655 0.81843165710234567 7.5000000000000009 6.2521104812622079 68.844444274902358 18.500000000000004 1.0000000180025095e-35 6.5000000000000009 11.500000000000002 1.0000000180025095e-35 1.8870900869369509 15.500000000000002 15.500000000000002 5.5000000000000009 0.7070213556289674 -2.4752107939158283 3.1233863830566411 0.062544310608337803 0.037030180532871083 58.95000076293946 3.5000000000000004 0.690381020307541 0.18129182991969833 10.500000000000002 0.0066036370189105102 0.15679941898546718
decision_type=2 2 2 2 2 2 2 2 2 2 2 2 2 2 2 2 2 2 2 2 2 2 2 2 2 2 2 2 2 2 2 2 2 2 2 2 2 2 2 2 2 2 2 2 2 2
left_child=1 37 3 5 11 9 -5 36 -9 14 -11 27 13 -13 -3 18 26 -18 -14 -6 43 22 35 24 -24 -25 -17 31 29 30 -29 32 33 -2 40 42 -8 38 44 -37 -33 -20 -21 -15 -1 -30
right_child=4 2 -4 6 19 -7 7 8 -10 10 -12 12 15 20 -16 16 17 -19 41 21 -22 -23 23 25 -26 -27 -28 28 45 -31 -32 34 -34 -35 -36 39 -38 -39 -40 -41 -42 -43 -44 -45 -46 -47
leaf_value=-0.072289322538360637 0.0026860075924273665 0.046343964167267646 -0.00090886668917503587 0.042119540926428695 -0.036230067019148646 -0.0017392200948899365 0.032128562777066855 0.040617068260347326 0.014564044795674736 -0.021602079419072991 0.040325482587004149 0.012320254293895742 0.037252023569917657 0.040507746465673941 -0.058355779531404472 0.001470127954264461 0.017669413176827253 0.0062652663178080084 -0.02829256337299171 0.057089345441863407 -0.01184873965266124 -0.014027624466588265 -0.00064232142420755174 0.0061846583523108515 -0.013699260551108299 -0.00080802823487157143 -0.045007369045092692 -0.095154908018562495 -0.0034451851540372828 -0.071008407836541929 0.0048346429227549819 0.0030230992005911075 0.0085278788424328154 -0.020975499736768728 -0.11720412305657649 0.0060651923361469285 -0.0009229494438697779 0.023483262971808673 -0.057306322182280857 -0.0053603080777330147 -0.0096139111458188806 0.013873594690951735 -0.039380811610317951 -0.031179399308752385 0.0037799346623028376 0.013161023211531805
leaf_weight=440.73457641899586 149411.31462684274 83008.680133812129 45217.713249966502 10641.828755438328 3170.6095082685351 7215.8479867428541 2877.5395697206259 15163.033247962594 25770.576772674918 16256.949281871319 192795.53687033057 36241.578477665782 10595.676431320608 18332.06299315393 492.26592803001404 103034.97988203168 61451.296421341598 143654.83903764188 1600.9588152468204 315.38545145094395 1629.4904123842716 17382.792391613126 139868.43515475094 185423.27288277447 32996.778079599142 182964.94894298911 1475.1605365872383 466.9676628112793 9955.9729892164469 1206.8954884111881 157025.23320676386 35896.164724767208 151685.04573154449 13089.749869555235 241.15452414751053 25982.263757482171 30314.389899134636 7345.9477104172111 799.2116876989603 136156.33304227889 33267.741346105933 38307.428036548197 3517.6781835854053 511.1652781739831 282925.5890538767 114762.58053389192
leaf_count=1988 369626 391475 120146 46147 20086 20677 10787 63311 78658 78421 939606 95768 25471 53695 2407 266394 164651 363343 4886 544 4497 54605 370207 473489 95985 489406 4750 1878 25674 4712 387864 88264 362012 36927 1044 64402 86312 22319 3212 375356 88304 96269 12386 1768 707836 270686
internal_value=0.00815402 0.0192109 0.0295329 0.0331125 0.00375192 0.037459 0.0177417 0.0142418 0.024215 0.0384258 0.0355097 0.0068197 0.00984961 0.0203449 0.0457266 0.00819673 0.00668869 0.00968205 0.0174417 -0.000816777 0.0345502 -0.000661814 -0.000333292 0.00084444 -0.00313467 0.00271164 0.000814041 0.00492621 0.00742757 0.00396354 0.00453812 0.00307806 0.00452059 0.000780003 -0.003452 -0.00417404 0.00194236 0.00399393 0.0034901 -0.00352938 -0.00305524 0.0121819 -0.0314416 0.0385628 0.00366159 0.0118354
internal_weight=2.53289e+06 721266 429754 384537 1.81162e+06 299769 84767.4 74125.5 40933.6 292553 209052 1.08384e+06 416835 56714.3 83500.9 360120 309616 205106 50504.1 727778 20472.7 724608 707225 541253 172865 368388 104510 667009 283418 158699 157492 383591 314186 162501 69405.1 165972 33191.9 291511 284166 162139 69163.9 39908.4 3833.06 18843.2 283366 124719
internal_count=7248251 2573302 1837947 1717801 4674949 1432586 285215 239068 141969 1411909 1018027 2718483 1081492 155728 393882 925764 799138 527994 126626 1956466 59960 1936380 1881775 1429087 466192 962895 271144 1636991 690814 394454 389742 946177 768565 406553 177612 452688 97099 735355 713036 439758 176568 101155 12930 55463 709824 296360
is_linear=0
shrinkage=0.043658


Tree=48
num_leaves=47
num_cat=0
split_feature=22 19 18 30 18 3 28 23 21 22 28 23 28 3 23 23 30 23 12 23 2 2 2 27 32 30 22 31 29 27 31 26 25 32 30 32 29 31 35 18 28 30 2 2 26 28
split_gain=60939.4 57403.7 22222.6 13835.8 12366.8 6070.37 3262.19 3763.54 2843.83 2776.67 2622.48 2487.23 4408.33 3335.49 2350.65 4312.24 1916.65 1763.11 1648.95 2369.4 1883.66 2430.26 1853.94 2549.51 2162.03 1619.54 1842.57 2322.26 3296.83 1889.59 1813.3 1518.38 1831.22 1437.42 1398.47 1513.59 1395.28 1318.76 1259.25 1224.7 1273.86 1179.45 1176.47 1486.73 1161.08 1109.55
threshold=1.0000000180025095e-35 66.500000000000014 1.0000000180025095e-35 0.38230393318173633 1.0000000180025095e-35 10.500000000000002 0.062544310608337803 0.67387536168098461 -0.00056681036949157704 0.00036339802383320079 -0.2034765623281018 0.67412567138671886 0.4983748012712122 7.5000000000000009 0.70091050863266002 0.7087531089782716 0.014720244552075977 0.6738228201866151 87.500000000000014 0.80000919103622448 27.500000000000004 13.500000000000002 7.5000000000000009 4.2468542962635363 6.2204859256744394 0.74129065304788522 0.00011338562971486894 68.211109161376967 68.977568811702085 -3.1172591122390751 64.950000762939467 66.637280831173825 9.5261594602255819 3.1233863830566411 0.10778660262544416 2.2123388051986699 66.653130658751039 65.850002288818374 7.5000000000000009 0.42617359329781745 -2.0960300078808847 0.82640294990990504 16.500000000000004 20.500000000000004 60.212565472597966 0.96480290530774326
decision_type=2 2 2 2 2 2 2 2 2 2 2 2 2 2 2 2 2 2 2 2 2 2 2 2 2 2 2 2 2 2 2 2 2 2 2 2 2 2 2 2 2 2 2 2 2 2
left_child=1 39 3 5 6 8 25 37 -3 14 -10 17 33 -14 -9 -16 -6 -5 19 22 21 -21 23 -18 -24 26 31 29 -29 -28 41 -2 -33 -13 35 -11 -22 44 -36 40 -1 -27 -20 -44 -8 -46
right_child=4 2 -4 11 16 -7 7 9 10 34 -12 12 13 -15 15 -17 18 -19 42 20 36 -23 24 -25 -26 30 27 28 -30 -31 -32 32 -34 -35 38 -37 -38 -39 -40 -41 -42 -43 43 -45 45 -47
leaf_value=-0.011219453119337955 0.0045431998481836435 -0.030240658729925547 -0.00031416120458235906 0.0081164774827601743 -0.035006947622909478 -0.0025630651589864219 -0.058145332849767348 0.0016612308033767053 -0.012240218491423033 0.010254589670259112 0.038428378187247987 0.031797845921234753 0.040179537992184329 0.014037186863342165 0.034087214722017201 0.012083792587691551 -0.0025960461753227406 0.044964865780636021 0.034781013797803406 -0.0026077360101172259 -0.024836444915213501 -0.028561174632367507 -0.0030607461680446295 -0.021220298246965728 0.0029109390926436683 -0.00062386072588792676 0.0034871971649198209 -0.014037530276645118 0.004989712213939599 0.010149058454327549 0.013083070892965825 0.0081113301704570599 0.0196797968210012 -0.0007047507865262548 0.0027925151507195017 -0.027139639504378834 0.030754527265321765 0.0043079657253639854 0.0098321683658415572 -0.0013430687978540062 0.0059261117640902012 -0.014085106136045654 -0.079549813898364602 0.018821123411292825 0.032169409118192431 -0.21152605590500473
leaf_weight=8605.5595432519913 75625.339964896441 1165.8778167814016 44479.427723377943 3404.0235971212387 3107.7036827728152 7280.9965805113316 277.34953929483891 24282.150516852736 1960.3127168864012 3509.0131319835782 283673.96795308217 2835.10990113765 14629.921039313078 25547.808780774474 21596.438769742846 79365.546685263515 145481.91611973941 9070.8457961603999 4130.9657493084669 12755.90691575408 1207.6478333771229 14921.634760886431 171424.90109598637 15502.538340747356 354568.69074757397 52057.503156498075 271145.79443927109 30218.026559919119 40780.788963317871 115818.15440154076 14672.710923746228 67534.876010708511 42490.500405356288 30416.657610945404 95934.953905828297 5006.5265739113092 2993.457435131073 4390.2118048369884 97817.480606921017 72120.700685068965 205198.57153116167 16288.066865041852 426.58072243630886 933.60966509580612 21000.292008645833 35.612897396087646
leaf_count=23347 189377 4397 117723 11154 20078 20924 959 64266 5783 8588 1417249 10876 63109 78770 51372 218054 391819 41823 8271 35957 3833 48706 462444 48469 925832 131829 665816 82905 101792 285882 34145 166366 99222 86465 246480 14660 6974 12117 240446 190318 502088 44579 1729 2204 58493 227
internal_value=0.00786376 0.0186975 0.0288832 0.0323009 0.00360537 0.0368035 0.00656952 0.0100112 0.0378029 0.00874874 0.0380806 0.0168871 0.013825 0.0235565 0.0138573 0.0167905 -0.00079465 0.0349104 -0.00064786 -0.000829921 -0.0124654 -0.0166 -0.000289982 -0.00438956 0.000964719 0.00489649 0.00563674 0.00414943 -0.00310849 0.0054811 -0.000842365 0.0093056 0.012579 0.00206643 0.00558551 -0.0117302 0.0147734 0.0260977 0.00634656 0.0035765 0.00523599 -0.00383199 0.0231852 -0.0120293 0.0305859 0.0317561
internal_weight=2.51769e+06 710390 424465 379986 1.8073e+06 294081 1.07985e+06 353216 286800 327512 285634 85904.4 73429.5 40177.7 125244 100962 727456 12474.9 724348 718857 31878.6 27677.5 686978 160984 525994 726632 643613 457963 70998.8 386964 83018.3 185651 110025 33251.8 202268 8515.54 4201.11 25703.5 193752 285925 213804 68345.6 5491.16 1360.19 21313.3 21035.9
internal_count=7247917 2574026 1858273 1740550 4673891 1448353 2717575 915662 1427429 843866 1423032 292197 239220 141879 333692 269426 1956316 52977 1936238 1924034 95470 84663 1828564 440288 1388276 1801913 1591360 1136395 184697 951698 210553 454965 265588 97341 510174 23248 10807 71796 486926 715753 525435 176408 12204 3933 59679 58720
is_linear=0
shrinkage=0.043658


Tree=49
num_leaves=47
num_cat=0
split_feature=22 19 18 30 18 32 31 23 22 23 31 23 23 28 32 18 30 23 28 30 23 29 24 25 26 31 27 31 23 18 14 18 18 28 23 32 26 29 30 23 25 19 30 30 32 25
split_gain=57231.1 54976.1 21422.2 13677.7 11366 4665.99 8501.44 3101.31 3281.32 2757.47 22177.3 2441.22 2409.85 4156.71 2551.47 1886.02 1772.9 1743.02 1724.63 3527.32 2562.19 2465.63 2348.66 3349.83 2888.84 2311.41 2010.88 1656.15 1598.36 1590.61 5607.36 5038.16 1711.88 1432.42 1394.09 1350.65 1346.94 1302.42 1185.95 1149.35 1333.3 1130.65 1121.77 1110.83 1305.46 2990.81
threshold=1.0000000180025095e-35 66.500000000000014 1.0000000180025095e-35 0.38230393318173633 1.0000000180025095e-35 7.3185458183288583 66.450000762939467 0.62001636624336254 0.00063132536612330167 0.76285651326179515 70.850002288818374 0.76038458943367015 0.67412567138671886 0.4983748012712122 7.4105780124664316 0.5017452060066323 0.0066036370189105102 0.6738228201866151 -1.1726311165213883 0.45843178697796488 0.5799507498741151 70.539872949588926 67.637716934504837 9.8252981618563222 67.304141031041112 64.633331298828139 -7.8273898401397011 59.149999618530281 0.61485221982002269 0.3318732591516993 1.0000000180025095e-35 0.37397879600197181 0.48199920365415355 0.34495366870646543 0.76038458943367015 3.1233863830566411 69.991918392808643 67.840576819877938 0.53663556292412262 0.64923548698425304 6.8517164570418698 62.500000000000007 0.79733978878594514 0.82640294990990504 5.2941265106201181 9.0955184779314582
decision_type=2 2 2 2 2 2 2 2 2 2 2 2 2 2 2 2 2 2 2 2 2 2 2 2 2 2 2 2 2 2 2 2 2 2 2 2 2 2 2 2 2 2 2 2 2 2
left_child=1 38 3 5 7 9 -7 18 11 10 -3 16 17 35 -15 29 33 -5 19 21 27 26 23 24 -20 -24 -2 -21 -22 -6 32 -32 -31 -9 -8 -14 -18 42 -1 40 -17 -42 -13 44 45 -10
right_child=4 2 -4 12 15 6 34 8 43 -11 -12 37 13 14 -16 39 36 -19 22 20 28 -23 25 -25 -26 -27 -28 -29 -30 30 31 -33 -34 -35 -36 -37 -38 -39 -40 -41 41 -43 -44 -45 -46 -47
leaf_value=0.0057420417758141809 0.014373715390315249 0.039462198447139898 -0.00030044181301996719 0.007805205789572011 -0.0045224265162366242 0.03689525693309674 -0.022622296238621123 -0.072432282775384008 -0.0070735146969837896 0.044881556765841553 -0.024515780582932151 0.012284945411637795 0.031192748667861463 0.03538434113039185 0.013039831211825783 0.021866799781970626 0.008993494131080958 0.044708263642286993 0.0048723256228216339 0.0054077498691522379 0.016011869460420346 -0.048040910150182553 -0.0026197203162251531 -0.0053428073579485109 0.030205567951457662 -0.02887168226769014 -0.050707998898139733 -0.0071491021505096126 -0.026624577569095323 0.0007991565282092864 -0.0039782017644855268 0.01748949461798752 -0.0046422235810761525 0.016310337728196119 0.0070455499139178545 -0.00067372456353575702 0.017799601109882573 0.029610665648973498 7.796396931435621e-06 -0.026079646292582585 -0.014164367640915325 0.039649996628090128 -0.078471207452921105 -0.0075555011666059817 0.0067333964420657434 0.01142400644772089
leaf_weight=170169.68169496953 77341.601387307048 154171.41337218136 44479.970611065626 3385.6558370515704 138755.28159438074 23387.803506992757 6210.5432313978672 899.49386517703533 43237.321278125048 84266.788045987487 11068.350220285356 9056.9827753454447 2765.4857514575124 17494.3387375772 21977.828672558069 2734.5352301299572 315203.29906433076 8732.0950291752815 50001.427150592208 30511.304635196924 23355.721265748143 1256.1270915865898 17597.176437169313 60079.10111553967 10356.835774376988 10040.198864996433 915.52874754369259 58221.98054382205 1805.3116795271635 291492.86695178598 31086.550726220012 63193.67169445008 177184.94963544607 563.96365435421467 5874.0334895402193 30428.054115474224 36992.41608825326 18975.12861455977 115342.80273510516 8033.9630328416824 14035.017335772514 785.7267996519804 267.1815132573247 13206.322567984462 269294.09682845324 27104.768318429589
leaf_count=423114 179262 783032 117723 11154 378877 111181 23038 3406 115465 465100 46828 26750 10876 75135 66744 9709 812964 41823 121769 74786 52609 4132 44915 155135 21434 29795 3019 152414 5227 757025 83353 141562 477375 1399 19174 86465 87993 59511 292639 42163 63503 2749 1140 35021 663018 66411
internal_value=0.00756756 0.0181654 0.0283246 0.0317681 0.00345583 0.036348 0.0215319 0.00630484 0.00790246 0.0384544 0.0351767 0.0107065 0.0163737 0.0133678 0.0229432 -0.000760215 0.00971918 0.0343981 0.00286707 0.00558183 0.000655534 0.0126382 -0.000678785 0.00195511 0.00921932 -0.0121568 0.0136122 -0.00283134 0.0129525 -0.00033566 0.000696269 0.010411 -0.00125797 -0.0382324 -0.00820119 0.00198114 0.00991844 0.0230451 0.0034255 -0.0124023 -0.00614275 -0.011311 0.00968353 0.004867 0.00535005 5.40502e-05
internal_weight=2.50334e+06 699755 414242 369762 1.80359e+06 284979 35472.4 1.07628e+06 734801 249507 165240 381958 84783.5 72665.7 39472.2 727303 353659 12117.8 341482 193408 113894 79513.3 148075 120437 60358.3 27637.4 78257.1 88733.3 25161 701713 562958 94280.2 468678 1463.46 12084.6 33193.5 352196 28299.3 285512 25589.2 17555.3 14820.7 9324.16 352843 339636 70342.1
internal_count=7247917 2574026 1858273 1740550 4673891 1448353 153393 2717575 1873078 1294960 829860 993163 292197 239220 141879 1956316 905762 52977 844497 471449 285036 186413 373048 298338 143203 74710 182281 227200 57836 1838192 1459315 224915 1234400 4805 42212 97341 900957 87401 715753 118124 75961 66252 27890 879915 844894 181876
is_linear=0
shrinkage=0.043658


Tree=50
num_leaves=47
num_cat=0
split_feature=22 17 18 30 18 3 28 22 21 28 27 10 10 26 30 27 3 10 30 35 10 3 22 16 28 2 28 10 30 21 35 30 29 32 32 3 27 31 12 30 18 28 29 36 21 30
split_gain=53713.6 52525.2 20780.5 13525.5 10443.1 5818.76 2897 3273.36 2692 2473.51 1967.42 1896.31 3145.25 2096.59 1877.1 1852.26 2615.07 2004.53 1818 1720.7 3026.65 2062.86 1703.59 1649.17 1772.1 1638.7 1562.02 1524.73 1473.82 1602.62 1393.46 1379.82 1352.84 1944.62 1702.14 1343.1 1389.52 1335.86 1287.3 1236.22 1127.55 1134.34 1081.7 1022.71 1005.36 970.367
threshold=1.0000000180025095e-35 66.996527777777786 1.0000000180025095e-35 0.38230393318173633 1.0000000180025095e-35 10.500000000000002 0.062544310608337803 0.0020907900182438222 -0.00039073824882507319 -0.2034765623281018 1.0379576145737064 75.500000000000014 79.500000000000014 68.514968068346789 0.72612586352005792 4.2468542962635363 9.5000000000000018 67.500000000000014 0.1046650917773098 8.5000000000000018 79.500000000000014 10.500000000000002 0.00056193866171475482 51.500000000000007 -3.4551257773507946 6.5000000000000009 -2.3491951121329095 85.500000000000014 0.75554275623389466 -0.01333409547805786 11.500000000000002 0.014720244552075977 66.00105929894606 5.4206395149230966 5.4206395149230966 10.500000000000002 -7.966003979581898 68.149997711181655 70.500000000000014 0.80410984956636411 1.0000000180025095e-35 -1.7606102488860815 69.793167280780622 1.0000000180025095e-35 0.0011064410209655764 0.46684949806277737
decision_type=2 2 2 2 2 2 2 2 2 2 2 2 2 2 2 2 2 2 2 2 2 2 2 2 2 2 2 2 2 2 2 2 2 2 2 2 2 2 2 2 2 2 2 2 2 2
left_child=1 40 3 5 6 8 26 10 -3 -10 30 13 -13 -12 15 17 -17 -5 22 20 39 -22 44 42 -25 43 45 -27 29 -26 -8 -28 33 -33 -34 36 -24 -32 -30 -9 41 -1 -20 -21 -6 -2
right_child=4 2 -4 14 18 -7 7 19 9 -11 11 12 -14 -15 -16 16 -18 -19 23 25 21 -23 35 24 28 27 31 -29 38 -31 37 32 34 -35 -36 -37 -38 -39 -40 -41 -42 -43 -44 -45 -46 -47
leaf_value=-0.0057942146317368449 0.003530685829246657 -0.027132546548250754 -0.00036174970027074262 0.024800958438351475 -0.0050607447392184632 -0.0026369670872188763 0.024221291181061828 0.0033499018037366369 -0.011424466990016436 0.037604453254776668 0.011543460625699662 0.024462617641544976 0.0013039594304934108 0.0019868813751400694 -0.00084724817739100498 0.036653555184205919 0.012620789628804977 0.0040026895464552242 -0.0056349161569916153 -0.010372253243051723 -0.01412467908424518 -0.062634152062715664 0.009722122852916985 -0.066469626951661753 -0.022428491092147253 0.0061539723864418002 -0.0318201898201226 0.02907256735557353 -0.0034733466528041514 0.0012082943650162036 0.015110858328740651 0.014089980412491088 0.0019714786332714757 -0.0046402569539274749 0.0069498392604261947 0.013127385397431213 -0.037509335554189768 -0.026191465559005579 -0.021863504067833679 -0.031326026403405857 -0.00042964743624078169 0.0063711799823993227 -0.02870883549786352 -0.090252849372140925 0.044322762165221942 -0.0176138495752611
leaf_weight=15994.033611193299 7191.400203153491 1243.7896399907768 44564.793370425701 14062.161874916404 13756.354765824974 7270.2043617144227 32888.451751425862 26197.486530706286 1975.7216779142618 265661.79371876642 114173.07705008984 36117.062543436885 16188.169214598835 70946.630452990532 11104.338246397674 18928.155332840979 15862.730490781367 23751.550644494593 55667.505183786154 4597.3790362924337 4959.5556393712759 2519.9750514775515 1383.4117434769869 755.80475670099258 5518.4308630526066 24120.71121366322 1957.022924631834 7179.8624429404736 35310.078248277307 590552.63818976283 5103.7656627371907 13119.192975595593 184119.75024861842 54268.378212638199 452923.72083792835 1534.949029058218 8365.8064398020506 2109.419734120369 9131.2933189570904 2117.9712891876698 100472.2395260632 168658.31738611311 4162.0857391506433 327.20161864161491 833.29345807433128 9738.5055027008057
leaf_count=41602 17728 4687 118113 59185 43484 20924 87606 64923 5779 1416963 291727 103173 43663 187803 30508 83839 46000 72665 157184 12275 13449 8751 4795 3022 17934 58727 6150 15015 99120 1543885 14543 30526 472098 140920 1106338 4161 36728 6414 30676 6317 262102 411659 13674 1276 1653 28153
internal_value=0.00728196 0.0176428 0.02776 0.0312426 0.00331255 0.0359026 0.00605002 0.00931348 0.0369447 0.0372425 0.0114657 0.00995495 0.0172952 0.00788095 0.0158694 0.0184261 0.0256961 0.0117373 -0.000727401 0.00102002 -0.00576858 -0.0304691 -0.0120922 -0.000307982 0.000338777 0.0077281 0.00447293 0.0114113 0.000417622 0.000989457 0.02041 0.00478702 0.00488872 -0.000993744 0.00551099 -0.0248303 -0.0308068 0.00303184 -0.00725204 0.000755995 0.00329226 0.00531743 -0.00724015 -0.0156814 -0.00223979 -0.00863199
internal_weight=2.48939e+06 689550 404425 359860 1.79984e+06 276152 1.07286e+06 349547 268881 267638 277527 237425 52305.2 185120 83708.9 72604.6 34790.9 37813.7 726972 72020.1 35795 7479.53 25873.8 701098 641268 36225.2 723318 31300.6 640512 596071 40101.6 706388 704431 67387.6 637043 11284.2 9749.22 7213.19 44441.4 28315.5 285125 184652 59829.6 4924.58 14589.6 16929.9
internal_count=7247917 2574026 1858663 1740550 4673891 1448353 2717575 915662 1427429 1422742 734929 626366 146836 479530 292197 261689 129839 131850 1956316 180733 93440 22200 90821 1865495 1694637 87293 1801913 73742 1691615 1561819 108563 1756032 1749882 171446 1578436 45684 41523 20957 129796 71240 715363 453261 170858 13551 45137 45881
is_linear=0
shrinkage=0.043658


Tree=51
num_leaves=47
num_cat=0
split_feature=22 19 18 30 18 3 23 23 31 23 22 23 28 3 23 30 3 23 30 24 24 27 35 28 24 23 12 23 2 2 2 27 3 27 35 30 2 3 30 36 29 29 28 3 29 30
split_gain=50370.6 50314 19869.1 13364 9594.49 5658.63 3032.81 30452.2 4418.94 2741.07 3010.6 2318.09 3810.26 2668.82 2199.66 1861.66 1771.12 1754.52 1723.09 1696.63 2230.25 1632.86 2391.61 1674.82 2198.77 1510.69 1509.64 2138.42 1724.23 2239.2 1678.58 2304.07 1889.02 1493.51 1466.81 1530.65 1404.73 1365.44 1502.99 1352.96 2200.05 1274.15 1248.51 1191.99 1118.73 1102.54
threshold=1.0000000180025095e-35 66.500000000000014 1.0000000180025095e-35 0.38230393318173633 1.0000000180025095e-35 10.500000000000002 0.67412567138671886 0.71178066730499279 66.850002288818374 0.62001636624336254 0.00036339802383320079 0.67412567138671886 0.33753872353748365 7.5000000000000009 0.76153963804245006 0.12101227165023348 5.5000000000000009 0.6738228201866151 0.0066036370189105102 69.966282485590057 69.607555904069997 -8.5271354862498026 10.500000000000002 -1.9811817414248356 70.538706861689448 0.61382699012756359 87.500000000000014 0.80000919103622448 27.500000000000004 13.500000000000002 7.5000000000000009 4.2468542962635363 6.5000000000000009 -6.506618165993884 22.500000000000004 0.21837887698595806 11.500000000000002 2.5000000000000004 0.0066036370189105102 1.0000000180025095e-35 65.558165986386939 66.653130658751039 -2.9801156244444065 9.5000000000000018 67.840576819877938 0.47531450820381477
decision_type=2 2 2 2 2 2 2 2 2 2 2 2 2 2 2 2 2 2 2 2 2 2 2 2 2 2 2 2 2 2 2 2 2 2 2 2 2 2 2 2 2 2 2 2 2 2
left_child=1 45 3 5 9 6 8 -8 -3 16 14 17 43 -14 19 37 25 -5 -6 20 -11 23 36 -18 -25 34 27 30 29 -29 31 -20 -32 -24 35 -2 -23 -12 -39 42 -41 -30 -17 -13 -16 -1
right_child=4 2 -4 11 18 -7 7 -9 -10 10 15 12 13 -15 44 39 21 -19 26 -21 -22 22 33 24 -26 -27 -28 28 41 -31 32 -33 -34 -35 -36 -37 -38 38 -40 40 -42 -43 -44 -45 -46 -47
leaf_value=0.005925755857745069 0.014614020058412456 0.045074504884510203 -0.00027152460752666638 0.0067265918560908437 -0.039112924301836369 -0.0025180434847893668 -0.025216490050049164 0.038840492751645639 -0.047007998767360296 0.010458166045819789 0.018601045850246363 -0.0098734274981907601 0.033785753419025476 0.012017977078235927 0.0095176843729300551 -0.047508520719128124 -0.0056942024348905669 0.044318302501560908 -0.002438552393027019 0.018960198400127252 -0.00034767508522752548 -0.030226999395875424 -0.003719596400017238 0.0099270986145057697 -0.081298902071670273 -0.0179284641396831 0.022277303950098463 -0.0023499865511900173 -0.023673715330835208 -0.027288222360061013 -0.0018665491966797889 -0.020162162760912341 0.0033789661963021219 0.017005330862347134 -0.038132765895678419 -0.00078902441976218729 -0.0054158802010322443 -0.088816980537412743 -0.011322118465509392 -0.11937010743326802 -0.0055025943837408052 0.029478387897595677 0.0061514041298520953 0.0099979028692904915 0.032838350189944632 0.00049122667421582584
leaf_weight=138842.42867803574 13607.461347281933 74856.913641326129 44481.107936426997 3322.1315784081817 2218.4588762670755 7280.930806837976 15436.178614713252 169140.15608360618 1006.6055149361491 199345.41345185041 2954.0216449126601 14169.531928606331 16467.315831623971 30844.559371300042 5738.9773038178682 828.09222076833248 15463.267664089799 8228.696808796376 145423.66356343031 33520.5341078192 44538.480898879468 5820.420972943306 12226.46367764473 122302.91459819674 505.60144044458866 9349.2553772628307 5466.6139127761126 12742.09297528863 1205.1635002493858 14873.484662145376 243440.51036867499 15467.374420166016 282938.96034185588 14471.863876387477 1879.0956094264984 127650.81062014401 17210.669196069241 492.71126212924719 14946.683172032237 332.16282898932695 12211.507293343544 2997.3362916409969 401799.40408144891 9687.2100508585572 12379.011460579932 145954.42688204348
leaf_count=346018 31133 404057 117723 11154 15272 20924 78576 940548 4248 519831 6973 42574 73627 98760 17805 3120 40242 41823 391889 80665 119169 17287 31815 292924 1903 25751 12204 35957 3833 48706 659937 48469 733075 32993 5819 319957 44673 1965 40687 1509 32609 6974 1007978 24259 40767 369735
internal_value=0.00700505 0.0171279 0.0272147 0.0307036 0.00317468 0.0354426 0.0365038 0.0334834 0.0438526 0.00580478 0.00731514 0.0153657 0.0124213 0.0195945 0.0107132 0.00499897 0.00257064 0.0335069 -0.000695984 0.0097506 0.00848477 0.00540642 -0.00137802 0.00784647 0.00955146 -0.00092558 -0.000578351 -0.000752109 -0.011817 -0.0157816 -0.000239842 -0.00414245 0.000953008 0.00751426 0.000184974 0.000694737 -0.0116864 -0.0085925 -0.0137957 0.00560112 -0.00851866 0.0142349 0.00604103 -0.00180437 0.0254516 0.00314065
internal_weight=2.47607e+06 679718 394921 350440 1.79635e+06 267721 260440 184576 75863.5 1.06957e+06 729087 82719.4 71168.6 47311.9 295522 433565 340488 11550.8 726774 277404 243884 188001 49729.4 138272 122809 152487 724555 719089 31818.1 27615.6 687271 160891 526379 26698.3 143137 141258 23031.1 18393.4 15439.4 415171 12543.7 4202.5 402627 23856.7 18118 284797
internal_count=7247917 2574026 1858273 1740550 4673891 1448353 1427429 1019124 408305 2717575 1873078 292197 239220 172387 778237 1094841 844497 52977 1956316 719665 639000 461837 126768 335069 294827 382660 1941044 1928840 95470 84663 1833370 440358 1393012 64808 356909 351090 61960 49625 42652 1045216 34118 10807 1011098 66833 58572 715753
is_linear=0
shrinkage=0.043658


Tree=52
num_leaves=47
num_cat=0
split_feature=22 19 32 23 18 18 28 23 25 3 28 31 3 18 23 22 30 25 23 30 30 25 3 18 23 23 29 18 14 18 18 28 28 29 26 25 31 3 28 30 28 35 3 35 23 25
split_gain=47208.2 48081.8 19549.2 17718.7 8813.96 8307.53 5034.31 15632.4 12232.2 4372.91 5507.51 3616.94 3500 3244.84 2888.91 2689.38 3411.65 2628.34 2049.55 2079.66 1884.69 2347 1709.26 1707.07 1528.32 13248 1482.23 1447.98 5126.91 4616.62 1560 1442.56 2119.45 2135.66 1665.43 2802.29 2305.38 1380.14 1353.27 1252.18 1074.61 1071.81 1069.32 1069.48 1060.13 1206.74
threshold=1.0000000180025095e-35 66.500000000000014 6.0575938224792489 0.67412567138671886 1.0000000180025095e-35 1.0000000180025095e-35 0.34495366870646543 0.67412567138671886 7.8400263515661432 5.5000000000000009 0.44128561604330557 66.850002288818374 9.5000000000000018 1.0000000180025095e-35 0.67353153228759777 5.071011406169195e-05 0.37109699445554023 9.343313549060964 0.62001636624336254 0.023010296375251423 0.83554885362452103 9.7000039249117336 9.5000000000000018 0.5017452060066323 0.76285651326179515 0.71616274118423473 66.015725582007619 0.3318732591516993 1.0000000180025095e-35 0.37397879600197181 0.48199920365415355 -1.1726311165213883 -1.5928631873573182 70.539872949588926 67.630912563502008 9.8252981618563222 64.633331298828139 3.5000000000000004 -1.6315560533895741 0.4961270863286501 0.32248998622186625 8.5000000000000018 6.5000000000000009 8.5000000000000018 0.64923548698425304 6.8517164570418698
decision_type=2 2 2 2 2 2 2 2 2 2 2 2 2 2 2 2 2 2 2 2 2 2 2 2 2 2 2 2 2 2 2 2 2 2 2 2 2 2 2 2 2 2 2 2 2 2
left_child=1 42 5 14 15 6 7 11 -9 10 39 -3 13 -11 -4 16 -2 -12 31 37 22 -22 -21 27 25 -8 -26 -6 30 -30 -29 32 -17 -34 35 -33 -36 -20 -18 -5 -39 -14 43 -1 45 -25
right_child=4 2 3 9 23 -7 24 8 -10 12 17 -13 41 -15 -16 18 38 -19 19 20 21 -23 -24 44 26 -27 -28 28 29 -31 -32 34 33 -35 36 -37 -38 40 -40 -41 -42 -43 -44 -45 -46 -47
leaf_value=0.0035716863830885341 0.017491579816172304 0.04427874810304154 0.0014957028852410033 -0.022704773116334953 -0.0042588600604087316 -0.0033599819034740037 0.041385229115834019 0.024969065301496424 -0.037033950675593133 -0.042532707878396435 0.03504541556576922 -0.035561256546975721 -0.0024905766673852785 -0.0010404196712673415 0.044819394490225449 -0.0016262497321958575 -0.0115035832099953 -0.021088956369934395 0.014387404893874625 0.0050939094680520743 -0.00082069105865614604 -0.043847013039186207 0.010094013435214622 0.020698403511161177 -0.62519278181783289 -0.020053343732209173 0.044609055641713677 0.00081855255842249418 -0.0037448571210481128 0.016818948090572956 -0.0043767564042437633 0.0077544059862290158 0.0091437726081595051 -0.10291151660747952 -0.0022871440239952676 -0.0072702165737980251 -0.031341082175103022 -0.062615501585150377 0.0065829585855762558 0.0053563374344891531 -0.0055679887789422356 0.0093166966665975369 0.0057686427578437661 -0.0039851918084210678 -0.02508413939251344 -0.010765501813347338
leaf_weight=85399.651404775679 75978.053875543177 40833.17135329172 3228.6508842594922 4701.1419198140502 138693.92628139257 10677.968755945563 77850.392079193145 14165.280262921005 10605.019965432584 6622.6431762985885 21045.335824333131 1110.8390442803502 26949.425441104919 7851.6384066194296 32128.109128013253 66295.786190956831 8861.4633514732122 1719.6342611163855 1152.3793788328767 430715.3247249946 14790.483585231006 2888.2922607213259 186840.00496381521 2758.8137486726046 6.2416937276720992 7318.2698896154761 78346.586511164904 291351.86637959629 31077.896620728076 62972.234867200255 177137.47373109311 48114.68066470325 87034.000135809183 325.33854287862778 14320.702312082052 46555.120146438479 8178.4226541668177 1785.164014108479 71545.352560430765 8531.1806493923068 972.29397080093622 32116.359750464559 137784.1457927227 61331.298392608762 7883.4104109555483 14715.999225884676
leaf_count=213193 196688 226535 12098 17376 378877 29134 425198 69859 45214 27044 98912 4418 79141 21083 178625 168776 24035 6631 3254 1106006 38399 9390 473268 9709 97 32731 477199 757025 83353 141562 477375 115369 206976 1340 36458 121351 24450 6471 182594 21794 2750 85184 342281 160279 42163 66252
internal_value=0.00673793 0.0166225 0.0266636 0.0139914 0.0030424 0.034285 0.036031 0.0259237 -0.00157645 0.00531757 0.0177855 0.0421642 -0.000785349 -0.0200254 0.0408633 0.00556915 0.0108579 0.0308049 0.00466022 0.00600895 0.00620433 -0.00785048 0.00660669 -0.000665861 0.0401545 0.036106 0.0445552 -0.000263442 0.000721622 0.0100238 -0.00114581 0.00147721 0.00425962 0.00872636 -0.0021716 0.000365814 -0.0128484 -0.0257337 0.00458963 -0.00461293 -0.042502 0.00392944 0.00300663 0.000413003 -0.0117938 -0.00579793
internal_weight=2.46327e+06 670323 385808 144894 1.79294e+06 240914 230236 66714.3 24770.3 109537 35997.3 41944 73540.1 14474.3 35356.8 1.06635e+06 156385 22765 909968 639144 635234 17678.8 617555 726592 163521 85168.7 78352.8 701233 562539 94050.1 468489 270824 153655 87359.3 117169 94669.8 22499.1 3909.84 80406.8 13232.3 2757.46 59065.8 284515 146731 25358.2 17474.8
internal_count=7247917 2574026 1858273 547888 4673891 1310385 1281251 346026 115073 357165 144713 230953 212452 48127 190723 2717575 403317 105543 2314258 1639538 1627063 47789 1579274 1956316 935225 457929 477296 1838192 1459315 224915 1234400 674720 377092 208316 297628 236720 60908 12475 206629 39170 9221 164325 715753 373472 118124 75961
is_linear=0
shrinkage=0.043658


Tree=53
num_leaves=47
num_cat=0
split_feature=22 19 32 23 18 18 28 23 25 36 31 31 23 31 22 23 31 32 18 23 23 22 23 32 23 23 24 28 21 28 17 31 28 25 26 28 24 35 31 31 31 25 29 28 25 27
split_gain=44241.4 45940.9 19165 17109.4 8093.41 8056.28 5029.25 15158 11190 3589.75 4368.66 3460.9 2857.29 2524.78 2490.44 1885.71 1748.13 1604.35 1572.95 1564.74 12748.2 1548.1 1706.6 2485.16 1609.2 1525.97 1511.97 2647.09 1405 1412.22 1331.75 1365.2 1330.54 1751.86 1827.02 1614.67 1879.44 1199.7 1370.02 1183.73 1127.92 1077.41 1459.85 1299.45 1075.14 1200.27
threshold=1.0000000180025095e-35 66.500000000000014 6.0575938224792489 0.67412567138671886 1.0000000180025095e-35 1.0000000180025095e-35 0.34495366870646543 0.67412567138671886 6.8517164570418698 1.0000000180025095e-35 67.950000762939467 66.850002288818374 0.67353153228759777 63.633333206176765 5.071011406169195e-05 0.62001636624336254 62.149999618530281 7.0257461071014413 0.5017452060066323 0.76285651326179515 0.71616274118423473 0.0010199266812539799 0.75888618826866161 5.1881272792816171 0.80000919103622448 0.70196795463562023 68.886027505673511 0.72980704864715729 -0.01530104875564575 -3.4551257773507946 89.003472222222243 73.950000762939467 -1.0884573190013433 10.424657514426377 67.630912563502008 -1.5928631873573182 70.538706861689448 25.500000000000004 59.149999618530281 57.149999618530281 58.250000000000007 10.50666508754515 66.732712906130971 -1.1380374534236155 10.360322448072411 -8.2096485113265683
decision_type=2 2 2 2 2 2 2 2 2 2 2 2 2 2 2 2 2 2 2 2 2 2 2 2 2 2 2 2 2 2 2 2 2 2 2 2 2 2 2 2 2 2 2 2 2 2
left_child=1 -1 5 12 14 6 7 11 -9 26 13 -3 -4 -11 16 32 41 -18 28 20 -8 22 23 -17 -24 -12 -5 -28 -6 40 31 -31 35 34 -34 -16 -37 38 -23 -35 -30 44 43 -43 45 -2
right_child=4 2 3 9 18 -7 19 8 -10 10 25 -13 -14 -15 15 21 17 -19 -20 -21 -22 37 24 -25 -26 -27 27 -29 29 30 -32 -33 33 39 -36 36 -38 -39 -40 -41 -42 42 -44 -45 -46 -47
leaf_value=0.0028784571813852966 -0.0091615298829485128 0.044054790356948169 0.0014318617992845908 -0.0023560429598806663 -0.025800466650065669 -0.0032132459735873691 0.041063246161333382 0.027366748440820644 -0.031334841800428261 -0.034651162551983625 -0.28334619055605098 -0.033235258131001595 0.04461580289248885 0.041837100508899355 -0.0015546592840752539 0.0015588736499145305 0.017173392762086067 0.0064874351810268009 -0.011353969689616583 0.044368453880453372 -0.018877279118509768 -0.0063562424839366024 0.023282400474782181 0.0093790387993010881 0.00087423944682934139 -0.025626040585952477 -0.00099018330563950866 0.022603235732005421 -0.0049459026414889586 0.00026579271414212271 0.037250343947258374 -0.011649536935890856 0.0056703170886578443 0.021895512310423974 -0.013151220993913252 0.0074978874321755601 -0.096683458237057845 0.022174096261908451 0.0038585643078664824 -0.011754524737540446 -0.053897152203941749 -0.024719613107190785 0.023262485937939142 0.014208470124755259 -0.028276624690107569 0.011077849535828348
leaf_weight=284224.66755568981 11928.745374247432 39283.186840888113 3225.4389336779714 57814.39665427804 4078.7783869802952 10678.120576620102 75096.280767332762 12589.594878949225 12175.380798324943 888.88936557620764 44.647513709962368 1136.1055012345314 30892.904037568718 11006.936234898865 66320.455694690347 118314.03865371644 72135.157913729548 42592.674377441406 25198.259657971561 75315.767527598888 7432.1627331152558 28095.575210131705 22985.993541702628 224291.98712926358 8319.5827471464872 2153.5974381938577 21561.98114913702 15636.849306188524 1963.5462812334299 672698.68335549533 1828.3245547413826 18841.164460048079 49877.453853949904 2108.318687364459 12242.998467430472 103502.75176073611 331.04255424439907 6202.0240172743797 229055.86022301018 36251.868903204799 1652.2344234734774 3050.5388902723789 8907.8540694117546 3520.5682682022452 2822.3051505088806 10501.462424658239
leaf_count=715753 31907 226535 12098 177983 13360 29134 425198 65566 49507 3245 349 4418 178625 46722 168776 316908 188291 110424 118124 477296 32731 74093 69176 569850 23234 7140 60322 61404 5625 1754735 3541 54799 121176 4579 33133 248882 1340 14198 572079 96834 6132 8869 20340 8807 8573 26106
internal_value=0.0064808 0.0161314 0.0261247 0.0135496 0.00291548 0.0338313 0.035605 0.0254029 -0.001493 0.00511156 0.0256725 0.0418822 0.0405334 0.0361213 0.00534184 0.00446755 0.0104478 0.0132063 -0.000637091 0.039818 0.0356652 0.00576418 0.00757006 0.00667847 0.0173275 -0.0308691 0.00206154 0.00892744 -0.000251889 -0.000102371 3.95385e-05 -5.88391e-05 0.00141437 -0.00256912 0.00196081 0.00376675 0.00716565 0.00320015 0.00274251 -0.00990496 -0.0273157 0.00267781 0.0117471 -0.00386285 -0.00288124 0.000314072
internal_weight=2.45078e+06 661157 376932 143226 1.78962e+06 233707 223028 65184.3 24765 109107 14094.1 40419.3 34118.3 11895.8 1.06336e+06 907900 155459 114728 726261 157844 82528.4 637265 373912 342606 31305.6 2198.24 95013.2 37198.8 701063 696984 693368 691540 270635 100481 62120.5 170154 103834 263353 257151 38360.2 3615.78 40731.5 15479 6571.11 25252.5 22430.2
internal_count=7247917 2574026 1858273 547888 4673891 1310385 1281251 346026 115073 357165 57456 230953 190723 49967 2717575 2314258 403317 298715 1956316 935225 457929 1639538 979168 886758 92410 7489 299709 121726 1838192 1824832 1813075 1809534 674720 255722 154309 418998 250222 660370 646172 101413 11757 104602 38016 17676 66586 58013
is_linear=0
shrinkage=0.043658


Tree=54
num_leaves=47
num_cat=0
split_feature=22 19 32 17 18 18 28 31 27 3 31 28 30 12 25 30 22 30 30 30 31 27 22 32 30 35 30 3 25 3 1 35 30 12 29 30 27 2 10 10 18 27 31 32 10 28
split_gain=41448.5 44040.1 18815.2 12183 7775.08 7335.55 5017.1 12068.5 4571.45 4447.18 4312.58 4075.9 2874.22 2587.53 2476.48 2463.47 2769.53 2048.33 1940.89 1940.86 1839.64 1786.69 1838.8 1712.36 1617.41 1615.08 1525.45 1509.28 2392.55 2408.84 2291.43 2295.44 1568.67 1435.95 1366.81 1245.68 1231.22 1225.74 1119.54 15173.1 1070.44 1151.8 1359.33 975.06 941.645 2498.76
threshold=1.0000000180025095e-35 66.500000000000014 6.0575938224792489 67.003472222222243 1.0000000180025095e-35 1.0000000180025095e-35 0.34495366870646543 69.844444274902358 1.6262927221601802 5.5000000000000009 64.549999237060561 0.44128561604330557 0.2239434817342579 80.500000000000014 7.8400263515661432 0.74129065304788522 5.6062140215623569e-05 0.36858763470952616 0.014720244552075977 0.60397817976378898 63.738889694213874 -0.37501118855539056 0.0020907900182438222 2.3629051446914677 0.014720244552075977 9.5000000000000018 0.84405662707890017 6.5000000000000009 7.156243500955628 8.5000000000000018 1.5000000000000002 3.5000000000000004 0.44379770467181773 60.500000000000007 68.518683537096749 0.071426494832874429 -16.667521252247337 13.500000000000002 75.500000000000014 71.500000000000014 0.42617359329781745 -1.3297158375814175 68.049999237060561 2.2570792436599736 80.500000000000014 1.8346246422778585
decision_type=2 2 2 2 2 2 2 2 2 2 2 2 2 2 2 2 2 2 2 2 2 2 2 2 2 2 2 2 2 2 2 2 2 2 2 2 2 2 2 2 2 2 2 2 2 2
left_child=1 40 4 10 6 15 7 8 -3 11 19 35 37 -13 -9 16 17 -2 -18 -4 -14 23 -23 -20 43 -12 27 30 34 -30 32 -32 -26 36 -29 -5 -28 -11 39 -8 41 -1 -43 -7 -17 -46
right_child=5 2 3 9 -6 24 38 14 -10 12 25 13 20 -15 -16 44 18 -19 21 -21 -22 22 -24 -25 26 -27 33 28 29 -31 31 -33 -34 -35 -36 -37 -38 -39 -40 -41 -42 42 -44 -45 45 -47
leaf_value=0.0031551058271827425 0.016269475389358586 0.036228682072874267 0.042280215582344113 -0.30441248956668981 -0.0030421388462151026 0.010116601064573972 0.04064695243155992 0.0083680409195333906 -0.015503698181003412 -0.049118542223781599 -0.045592381241050597 0.032918273860152697 -0.021562098415902058 -0.044112530435544479 -0.03731041769784952 -0.0004966547179541135 -0.027782988866901469 0.0058880881505653029 -0.020401398463507112 -0.003781894555155279 0.0044309137777449213 0.0093058757930740716 0.0013146971131510323 0.0035518717547990096 -0.0039579990281367215 0.016587671451279203 -0.038323427958102362 -1.952351688101631e-05 0.0054505196328901735 -0.0028685631182899479 0.0016138190168700649 -0.0078898522139420977 0.0076014491252698298 -0.031176042863820693 0.011757354503239982 -0.001135333810556106 0.019442452934754648 -0.010834952777713722 0.043260146282409352 -0.041037803355759767 -0.0019028609447908475 0.017209351765771042 -0.019454103461243266 -0.047763832098376029 -0.10266026797002424 0.0090284898797763392
leaf_weight=189742.52751813829 76349.261516369879 50574.475594718009 31010.034217301756 25.81413546204567 10653.35290491581 743.94540800154209 72660.740947175771 3626.2473455555737 3479.6797529086471 2954.555250056088 1542.2648922353983 20963.16990609467 5686.1475734636188 865.39074751734734 6013.6737996712327 113451.75286053121 3471.2148903682828 68934.882513776422 5757.025039345026 1847.2683021053672 59440.029530134052 242695.12780274451 70923.162875682116 476878.52224852145 36178.616866230965 1645.6642731055617 962.0256527364254 27682.667047917843 96644.543113052845 211580.14096108079 70658.663343280554 154049.28538036346 58650.546108171344 5884.3655695319176 58425.911748602986 12000.527280859649 2614.044822499156 3462.3315161690116 75105.004279214889 4609.1688720136881 72128.183571949601 20008.920692995191 2132.7954335659742 2180.0166576877236 622.06225256621838 988.21173757314682
leaf_count=471271 201045 286494 183821 223 29048 2888 426417 18140 16171 11216 5553 102583 17649 2902 25272 292439 11167 177270 16510 6616 166715 652620 178536 1183116 99024 4136 3469 72476 246793 571789 187988 436086 147962 21237 143389 34890 6605 11208 488212 20383 190572 47940 6240 17228 2586 2480
internal_value=0.00618775 0.0156078 0.0255722 0.0130767 0.0333677 0.00274854 0.0351629 0.024873 0.0328984 0.00558365 0.0349867 0.0186202 -0.000585339 0.0298641 -0.0201273 0.00506421 0.00579858 0.0113437 0.00479121 0.0396905 0.0021614 0.00493322 0.00749872 0.00326614 -0.000631508 -0.0134931 -0.000500509 -0.000269701 0.00153734 -0.000260084 -0.00249974 -0.00490144 0.00319133 -0.0179165 0.00797122 -0.001788 0.0039011 -0.0284628 0.0394641 0.0357744 0.00269091 0.00425471 0.0136776 -0.0330362 -0.000967222 -0.0341177
internal_weight=2.4385e+06 652178 368166 141443 226722 1.78633e+06 216069 63694.1 54054.2 105398 36045.2 33854.9 71543.1 21828.6 9639.92 1.06007e+06 945009 145284 799725 32857.3 65126.2 796254 313618 482636 726255 3187.93 723331 713870 394333 308225 319537 224708 94829.2 9460.44 86108.6 12026.3 3576.07 6416.89 152375 77269.9 284012 211884 22141.7 2923.96 115062 1610.27
internal_count=7248375 2573672 1857649 547512 1310137 4674703 1281089 346077 302665 347386 200126 140598 206788 105485 43412 2717769 2420264 378315 2041949 190437 184364 2030782 831156 1199626 1956934 9689 1936818 1905507 1034447 818582 871060 624074 246986 31311 215865 35113 10074 22424 935012 446800 716023 525451 54180 20116 297505 5066
is_linear=0
shrinkage=0.043658


Tree=55
num_leaves=47
num_cat=0
split_feature=22 23 18 32 23 18 28 23 25 28 25 28 23 25 23 25 32 31 22 23 23 18 23 31 17 23 18 14 29 32 31 32 31 32 10 29 32 8 28 28 28 26 2 32 31 31
split_gain=38798.5 42149.3 18266.5 11780.1 16916.7 6733.77 4483.22 13479 10823 4470.8 4369.52 2188.08 3468.18 2438.75 2424.62 2410.43 2021.85 1939.99 1730.08 1484.84 10927.6 1456.69 1447.28 1431.17 1353.25 1478.92 1343.75 3658.02 1332.16 1782.21 2178.44 1817.41 1314.93 1270.52 1419.88 1302.85 1119.65 2178.02 1039.7 1035.02 1610.1 1151.16 1032.25 1017.47 976.08 974.081
threshold=1.0000000180025095e-35 0.67272245883941661 1.0000000180025095e-35 5.7179052829742441 0.67412567138671886 1.0000000180025095e-35 0.34495366870646543 0.67412567138671886 6.8517164570418698 0.50121447551252207 9.0816381836536078 0.062544310608337803 0.67387536168098461 6.3989045365870547 0.68846952915191661 6.4514310349130968 3.9164893627166752 66.850002288818374 5.071011406169195e-05 0.76285651326179515 0.71188408136367809 0.5017452060066323 0.7070213556289674 71.350002288818374 89.003472222222243 0.75377202033996593 0.3238001580432881 1.0000000180025095e-35 66.00105929894606 5.558277130126954 64.750000000000014 12.119084835052492 65.850002288818374 5.4206395149230966 61.500000000000007 70.603847596870267 11.834272384643556 0.6078576107927941 0.60324092853940259 0.062544310608337803 0.037030180532871083 65.970907854357179 2.5000000000000004 12.522202491760256 73.950000762939467 65.850002288818374
decision_type=2 2 2 2 2 2 2 2 2 2 2 2 2 2 2 2 2 2 2 2 2 2 2 2 2 2 2 2 2 2 2 2 2 2 2 2 2 2 2 2 2 2 2 2 2 2
left_child=1 39 3 6 45 11 7 17 -9 -6 -11 22 32 14 -14 23 -16 -3 -17 20 -8 24 28 -15 25 26 -7 -28 29 30 -2 -31 38 35 -35 -30 44 -38 -13 40 41 -1 -24 -23 -27 -5
right_child=5 2 -4 4 9 21 19 8 -10 10 -12 12 13 15 16 18 -18 -19 -20 -21 -22 43 42 -25 -26 36 27 -29 33 31 -32 -33 -34 34 -36 -37 37 -39 -40 -41 -42 -43 -44 -45 -46 -47
leaf_value=-0.0050935015132265223 0.016603859126131246 0.044787865137673799 -0.00070385698604540786 0.044255126927673215 -0.0056388299658690294 -0.0038006305497321393 0.040689748798928484 0.02826412053581364 -0.03192940390017264 0.024811523141115632 -0.0034800534399819782 0.029811051620307158 -0.14295355607641988 -0.028853699978315227 0.035742031348454474 0.014486684009831699 0.012086135982926354 -0.039121402972762072 0.0040068672018550256 0.044112318270616457 -0.015778358997154806 -0.013312020824706623 -0.097833212413828308 -0.13562806950370529 0.036989466330127688 -0.00744826818820663 -0.00040099874178091822 0.0093589982753345749 0.00049758283409462713 -0.007688988264565072 -0.043834069249565531 0.027549616368099675 0.0015128752783554892 0.0030136312776277195 0.0078685717568905463 0.021053925448089841 0.019069357582791154 -0.030697240515226338 -0.037493392008278829 0.01968729687977 -0.060602555183323012 0.0035155630525677537 -0.013523887078986581 0.022149323945687825 -0.029844967945982352 -0.030499256470538777
leaf_weight=33642.093871220946 13315.404356062412 30664.995424713939 45333.426031887531 33717.381179828197 32709.335598275065 122929.08252178133 67239.236543893814 11786.984274692833 11013.028605036438 31258.598347224295 15596.553070485592 19587.241729147732 181.32654839754105 1149.6401934921741 8697.4794297218323 34321.168810881674 33077.79585301131 534.24677713960409 239902.89878791571 68453.305488713086 7234.7385812476277 23316.597208082676 290.26159749925137 302.16372758895159 1856.4361390024424 49943.031683899462 424615.39871653914 88438.504726529121 174900.5033242777 51105.520910829306 1242.7427987754345 2950.5777289271355 4227.6903808116913 223587.65968982875 236028.89539983869 6080.9634148031473 7088.9782547801733 2195.0956835001707 447.37364150583744 6687.3190953582525 773.20512384176254 246624.72089473903 5952.7545015066862 1651.2944682836533 4006.52861584723 335.45309276133776
leaf_count=88464 30533 191994 120420 209433 102962 333443 411304 64637 44984 139645 48985 57961 873 3468 22220 98309 86345 2412 631766 470126 31161 111894 1233 1403 3590 145013 1108164 211565 453812 135435 4176 6203 12070 553507 585061 14179 16841 6949 1725 22242 3200 620501 17490 5991 13484 1202
internal_value=0.00594925 0.0151379 0.0251838 0.0289629 0.0177683 0.00263318 0.0354216 0.0247045 -0.00081085 0.00674733 0.0153941 0.00485619 0.00772916 0.00651388 0.0163197 0.00502145 0.0170113 0.0433508 0.00531851 0.0394706 0.0352041 -0.000604233 0.00348327 -0.0510834 -0.000235186 -0.000334026 0.000299082 0.00128139 0.0036675 -0.00211394 0.0114442 -0.00576545 0.023639 0.00428676 0.00550682 0.0011883 -0.00670167 0.00730222 0.0283079 0.0027125 0.00230857 0.00248215 -0.0174451 -0.0109665 -0.00911164 0.0435186
internal_weight=2.427e+06 643605 355877 310544 113617 1.78339e+06 196927 53999.3 22800 79564.5 46855.2 1.05735e+06 341895 317632 41956.6 275676 41775.3 31199.2 274224 142927 74474 726041 715455 1451.8 701073 699217 635983 513054 709212 68614.2 14558.1 54056.1 24262.3 640598 459617 180981 63233.6 9284.07 20034.6 287727 281040 280267 6243.02 24967.9 53949.6 34052.8
internal_count=7248375 2573672 1839265 1718845 502227 4674703 1216618 304027 109621 291592 188630 2717769 916140 844384 109438 734946 108565 194406 730075 912591 442465 1956934 1801629 4871 1839049 1835459 1653172 1319729 1782906 176347 34709 141638 71756 1606559 1138568 467991 182287 23790 59686 734407 712165 708965 18723 117885 158497 210635
is_linear=0
shrinkage=0.043658


Tree=56
num_leaves=47
num_cat=0
split_feature=22 23 18 30 18 3 23 23 23 28 3 31 30 22 30 36 26 27 3 30 30 22 30 22 3 1 3 30 28 3 21 25 3 27 12 28 30 25 25 23 21 23 27 27 26 25
split_gain=36288.1 40187.3 17545.3 11669.9 6181.16 4999.81 3910.02 28424.9 3056.31 2852.96 2972.92 2642.97 2259.32 2519.09 1883.35 1978.02 2736.89 1999.79 1851.94 1833.81 1521.08 1643.21 1498.63 1481.49 1431.39 2246.26 2218.41 2097.43 1678.3 1629.44 1389.37 1316.17 1236.4 1378.34 1189.11 1316.58 1128.23 1156.25 1502.68 1898.78 1083.36 997.09 994.442 940.671 905.931 1106.17
threshold=1.0000000180025095e-35 0.67272245883941661 1.0000000180025095e-35 0.38230393318173633 1.0000000180025095e-35 10.500000000000002 0.67412567138671886 0.71178066730499279 0.67412567138671886 0.4983748012712122 7.5000000000000009 66.850002288818374 0.74129065304788522 6.9690914455287513e-05 0.10778660262544416 1.0000000180025095e-35 66.695926005095004 -0.37501118855539056 4.5000000000000009 0.36858763470952616 0.1046650917773098 0.00056193866171475482 0.74129065304788522 0.00016055731224270484 6.5000000000000009 2.5000000000000004 8.5000000000000018 0.25848485449000086 0.52104214100205992 2.5000000000000004 0.00018614530563354495 9.7705536479375592 10.500000000000002 -7.966003979581898 70.500000000000014 -0.22545732589504275 0.53663556292412262 9.2777590251051016 10.805647036389518 0.66221755743026745 -0.0012135803699493406 0.68033981323242199 -13.417510731190232 5.3486499010806137 69.403701962133326 9.2484801745905845
decision_type=2 2 2 2 2 2 2 2 2 2 2 2 2 2 2 2 2 2 2 2 2 2 2 2 2 2 2 2 2 2 2 2 2 2 2 2 2 2 2 2 2 2 2 2 2 2
left_child=1 36 3 5 12 6 11 -8 -5 41 -11 -3 13 19 18 17 -17 -16 -15 -2 21 40 24 -20 25 31 28 -28 -26 -27 34 -22 33 -23 35 -24 37 42 -39 -40 -6 -10 -1 -36 45 -21
right_child=4 2 -4 8 20 -7 7 -9 9 10 -12 -13 -14 14 15 16 -18 -19 23 44 22 32 30 -25 26 29 27 -29 -30 -31 -32 -33 -34 -35 43 -37 -38 38 39 -41 -42 -43 -44 -45 -46 -47
leaf_value=-0.015492495296176917 0.015082693284248936 0.044907751489222963 -0.00067310973851984312 0.039316550361834374 -0.037315775460342128 -0.0025323394837388122 -0.025523863929014751 0.037018830634699421 -0.019026690344592628 0.037282183914229904 0.010359679799811781 -0.054165318212096802 -0.0011229687208008038 0.011094821043594166 0.0033430829564411475 -0.028807495412793597 0.015481266699436622 0.0080231858295739238 0.0044783519656441621 -0.0045850575266029861 0.0053505075824899096 0.010835008692205533 -0.0055001743911261402 -0.017698748815528232 0.0059075846914077726 0.001060548994072301 -0.0094700716904208213 0.0016546316185091839 0.027583025674416794 -0.0084886329911265102 -0.024451781490226629 -0.0044101717227254785 0.012895199732544198 -0.036351593270430513 -0.037809077330337122 0.012407081795748908 -0.00072833385537430877 0.0098604150562320546 -0.0098771956755509122 0.029762440749871284 0.0026068680335147257 0.0042171731260217697 0.0020609853288637413 -0.008089633546908389 0.015700472480360727 0.0077344126600839393
leaf_weight=6913.3696121573448 79545.44367506355 59738.715633045882 45334.631217062473 7917.0213865302503 1438.5274157822132 7142.4610533043742 15325.670489478856 143912.11965661868 4008.3370669260621 11679.305170431733 23646.277652807534 517.59723819792271 114871.0468948409 9760.6566758006811 457451.83738984168 7472.2903536036611 4128.9213302880526 280870.30310901254 8196.4889295399189 21994.603363551199 88184.946749657393 1379.0597793459892 34021.459607124329 19166.036777295172 106352.02528740466 50280.628751799464 38297.496717959642 206357.84445099533 7274.4474489986897 105567.25674173236 7430.0176048278809 37540.974155709147 1517.0806199461222 8164.8992668688297 3209.3277093470097 10163.273331940174 116009.76647970825 90666.484776180238 15351.3448125422 2709.7568229734898 13032.401599287987 28727.062140461057 55815.594557579607 5524.9157113283873 13549.355776138604 37709.052927136421
leaf_count=19424 212111 391827 120420 46022 5626 20687 78354 940523 11916 63133 78540 2425 297505 25263 1137252 23225 9664 747054 21612 59941 226978 4789 97490 54862 265217 134954 107794 537854 16221 298990 24129 102021 4124 36797 11563 25509 296563 227610 41695 6988 39364 85418 142127 17514 33628 95652
internal_value=0.00571942 0.0146761 0.0246557 0.0284502 0.00252293 0.0334142 0.034584 0.0309994 0.0136429 0.0106564 0.0192609 0.0440566 0.00465674 0.00536316 0.00436725 0.00484242 -0.0130446 0.00512348 -0.00523146 0.0104929 -0.000578135 -0.0110451 -0.000196467 -0.0110554 0.000423816 -0.00190544 0.00225439 -8.67784e-05 0.00729531 -0.00540779 -0.00677312 0.002436 -0.0237134 -0.029533 -0.00429088 -0.0013811 0.0025967 0.00484648 0.00756966 -0.00392969 -0.00136166 0.00137091 0.000126346 -0.0190104 0.00550889 0.00319591
internal_weight=2.41587e+06 635416 347949 302615 1.78045e+06 226637 219494 159238 75978 68061 35325.6 60256.3 1.05472e+06 939845 787047 749923 11601.2 738322 37123.2 152798 725737 25532 700205 27362.5 639856 281574 358282 244655 113626 155848 60349 125726 11061 9543.96 52919 44184.7 287466 171457 108728 18061.1 14470.9 32735.4 62729 8734.24 73253 59703.7
internal_count=7248375 2573672 1839265 1718845 4674703 1433816 1413129 1018877 285029 239007 141673 394252 2717769 2420264 2018932 1917195 32889 1884306 101737 401332 1956934 90700 1866234 76474 1690029 762943 927086 645648 281438 433944 176205 328999 45710 41586 152076 122999 734407 437844 276293 48683 44990 97334 161551 29077 189221 155593
is_linear=0
shrinkage=0.043658


Tree=57
num_leaves=47
num_cat=0
split_feature=18 28 32 23 31 23 23 28 25 23 30 23 23 23 23 10 2 35 31 28 2 30 30 1 28 26 25 23 35 27 26 31 26 30 31 23 31 30 12 32 31 31 27 12 2 35
split_gain=26570.4 30078.4 17238.3 18786.6 26800.4 10143.1 8618.83 7406.62 12510.8 6203.66 2643.44 2388.83 2245.26 2175.31 8978.95 6376.33 3066.69 2477.71 2129.35 2632.23 2073.01 2017.31 1934.65 1914.85 2237.97 1895.57 3188.45 5519.8 2084.98 1960.78 1801.53 1784.61 1770.77 1661.72 1656.71 1611.82 1610.44 1586.15 1703.54 1662.92 3599.02 2589.97 2721.76 2371.68 2282.18 2015.03
threshold=1.0000000180025095e-35 -0.048524402464354001 6.0575938224792489 0.76153963804245006 70.750000000000014 0.67412567138671886 0.67310780286788952 0.34495366870646543 10.131921292814646 0.71757391095161449 0.14380891888207301 0.770134598016739 0.7070213556289674 0.80000919103622448 0.79225191473960888 85.500000000000014 6.5000000000000009 15.500000000000002 74.350002288818374 0.74905168366454078 5.5000000000000009 0.63919029360146429 0.014720244552075977 2.5000000000000004 -2.3491951121329095 66.637280831173825 9.6358933468701107 0.6715412735939027 25.500000000000004 -13.417510731190232 66.338859325057555 56.527778625488288 67.526532368113351 0.60397817976378898 64.633331298828139 0.71757391095161449 65.450000762939467 0.84405662707890017 60.500000000000007 6.5170714855194101 60.95000076293946 61.149999618530281 9.811477006408106 86.500000000000014 13.500000000000002 2.5000000000000004
decision_type=2 2 2 2 2 2 2 2 2 2 2 2 2 2 2 2 2 2 2 2 2 2 2 2 2 2 2 2 2 2 2 2 2 2 2 2 2 2 2 2 2 2 2 2 2 2
left_child=1 12 3 4 7 6 10 8 -3 -9 -4 -5 21 14 33 17 -17 -15 19 -6 -13 25 -2 -23 -25 28 29 -28 30 -27 -1 -12 -20 -7 -8 -14 -26 39 -39 40 -24 44 -43 -44 -41 -46
right_child=22 2 5 11 18 13 34 9 -10 -11 31 20 35 15 -16 16 -18 -19 32 -21 -22 23 37 24 36 26 27 -29 -30 -31 -32 -33 -34 -35 -36 -37 -38 38 -40 41 -42 42 43 -45 45 -47
leaf_value=0.0031719546693252804 -0.032564287805983923 0.006554048818773776 -0.046660615194676271 0.042706291835872885 -0.012320933657034279 0.0070303867646501024 0.043352863393801566 0.037409929330315325 0.037222123760528129 -0.0031040145878178304 -0.058198673163227764 -0.16408247684260169 -0.082686065332302827 -0.035664977641613652 0.03780981297044101 -0.023733959796561118 0.015312981178556669 0.0031879079235447743 -0.063864774780531527 -0.061986968887862259 0.0061541911048529777 0.0047646958550320037 0.0035993437066762007 -0.038890776385907502 -0.0048860248524838059 -0.0066387402676958652 0.0091683603653219693 0.040714853937794705 0.023364682457653059 0.0049792481471592261 -0.0060288463941949606 0.014198453704866179 0.0024587577538752142 -0.0011577379198903326 -0.031012646256698157 -0.012826367791662779 0.010037252556015697 0.0044277409533767147 -0.030239344037247665 -0.0098775153252019347 -0.0062639677288469763 0.0046233035069678406 -0.010029865733065513 0.012501410314419857 0.011435690854896425 -0.0030749777047897669
leaf_weight=127031.52931305766 3593.3325095772743 72976.279892381281 1465.8752713650465 75887.691599264741 30955.936915054917 149329.82772745192 28496.862278677523 84038.01249203831 38851.804595991969 7879.1236819922924 659.66296750307083 148.1239285543561 918.80563448369503 11997.696151256561 16532.293450333178 4588.9708338901401 23292.101148083806 4231.754681840539 788.81768051534891 2176.9508738927543 1706.0141030326486 84576.809607721865 108605.43288131058 3372.4267400056124 99012.616814136505 30862.83396628499 129603.58885845542 11510.775942143053 7735.5575402230024 269148.05894128233 59588.695212349296 39798.933161836118 28028.548981435597 69100.193427473307 582.57609686255455 1999.4664149209857 16011.771681159735 4436.8814197331667 6907.9176632463932 64031.545600861311 201033.66544342041 332083.51187293231 46188.76181179285 11031.072642341256 24988.371127843857 67544.701078608632
leaf_count=315349 23694 269549 5347 514906 95276 458467 177427 471003 192268 22397 2470 772 3744 37379 46912 13893 57558 10624 3106 8357 4758 206522 275437 11056 255585 80593 314516 61898 17498 672093 156326 110456 81324 185818 1911 5728 38161 12368 24936 182840 561464 847831 136880 26843 61320 183715
internal_value=0.00549682 0.00895229 0.0156839 0.0226332 0.0171099 0.00886639 0.0235992 0.0247556 0.0172089 0.033937 0.0109311 0.0415101 0.00340366 0.00511794 0.00678803 -0.00377798 0.00888605 -0.0255341 -0.00803583 -0.0155844 -0.00744838 0.00353671 -0.000596333 -0.000252425 -0.00383644 0.00474698 0.00632968 0.0117417 0.00115472 0.00378407 0.000234077 0.0130179 0.000643044 0.00444006 0.0418629 -0.0348237 -0.00280862 -0.000463811 -0.016681 -0.000248751 -0.00280442 0.00120092 0.00310801 -0.00568613 -0.0035411 0.000843567
internal_weight=2.40533e+06 1.53489e+06 693514 343437 265695 350077 71003.9 203745 111828 91917.1 41924.5 77741.8 841373 279073 234962 44110.5 27881.1 16229.5 61950.3 33132.9 1854.14 838455 870445 202974 118397 635481 441125 141114 194356 300011 186620 40458.6 28817.4 218430 29079.4 2918.27 115024 866852 11344.8 855507 309639 545868 389303 57219.8 156565 92533.1
internal_count=7248375 4911047 2771978 1663716 1143280 1108262 297611 955217 461817 493400 118273 520436 2139069 810651 691197 119454 71451 48003 188063 103633 5530 2129597 2337328 511324 304802 1618273 1129100 376414 489173 752686 471675 112926 84430 644285 179338 9472 293746 2313634 37304 2276330 836901 1439429 1011554 163723 427875 245035
is_linear=0
shrinkage=0.043658


Tree=58
num_leaves=47
num_cat=0
split_feature=22 23 32 23 18 18 28 23 23 3 28 30 20 30 31 31 31 30 28 23 23 23 28 2 22 30 32 23 30 21 23 28 32 30 30 31 9 29 20 3 31 2 29 24 2 3
split_gain=31773.1 36367.3 17135.4 18764.3 7530.02 4881.51 4716.8 12585.3 6603.04 2997.53 5211.95 2477.95 2207.02 1926.29 1907.66 1859.38 1846.58 1836.59 1920.14 2817.66 1731.91 10827.9 1672.18 1952.71 1586.1 1428.36 1533.2 1305.6 1307.33 1281.16 1314.34 1624.42 1328.58 1263.32 1224.03 1219.43 1113.96 1084.53 1062.07 1042.23 1003.46 934.453 893.285 891.651 785.947 762.821
threshold=3.1870928314924075e-05 0.67272245883941661 5.7179052829742441 0.67412567138671886 1.0000000180025095e-35 1.0000000180025095e-35 0.34495366870646543 0.67412567138671886 0.71118247509002697 5.5000000000000009 0.44128561604330557 0.26887913702586758 80.500000000000014 0.82640294990990504 64.422222137451186 62.95000076293946 66.850002288818374 0.0066036370189105102 0.062544310608337803 0.67387536168098461 0.76285651326179515 0.71188408136367809 0.29936369354671227 7.5000000000000009 0.00195978754191809 0.031989530961966599 2.310603260993958 0.7070213556289674 0.25302758422504834 -0.014196097850799559 0.5190885365009309 -3.4551257773507946 2.8136487007141118 0.53663556292412262 0.4961270863286501 65.850002288818374 -0.22252093395631442 70.603847596870267 50.500000000000007 3.5000000000000004 64.950000762939467 9.5000000000000018 66.015725582007619 67.349030161577062 20.500000000000004 7.5000000000000009
decision_type=2 2 2 2 2 2 2 2 2 2 2 2 2 2 2 2 2 2 2 2 2 2 2 2 2 2 2 2 2 2 2 2 2 2 2 2 2 2 2 2 2 2 2 2 2 2
left_child=1 33 4 40 6 13 7 16 -9 10 34 -11 -12 17 -15 -13 -3 39 27 35 21 -8 45 43 -21 26 36 37 -29 -27 38 -32 -33 -1 -5 -20 -7 -19 -31 -2 -4 -40 -22 -24 -25 -16
right_child=5 2 3 9 -6 25 20 8 -10 11 12 15 -14 14 22 -17 -18 18 19 24 42 -23 23 44 -26 29 -28 28 -30 30 31 32 -34 -35 -36 -37 -38 -39 41 -41 -42 -43 -44 -45 -46 -47
leaf_value=0.0049305282856781929 0.011377471933114719 0.044303841714747057 0.043578643563634223 -0.020365854959470773 -0.0056336075239980287 0.06327086937135637 0.039772597483009042 -0.023558320990826866 0.021875280077057 -0.0190311943259526 0.031495372983078619 -0.027236137772872347 -0.035623528141853322 -0.015167559276524245 -0.12980582353495662 0.0043328183229850254 -0.032888200742681589 0.003166630033936484 0.027084241091604955 0.0080443225262211201 -0.44879790235706701 -0.014168758025364832 -0.11856286527468064 0.0082946934633260447 0.0005721847969490418 -0.021461552274960875 -0.037569648413667167 0.014801914023868249 -0.029588221916035804 -0.0035216476581697528 -0.064360811018242245 -0.010301956814917402 0.00078972320314529549 -0.00077946987703212875 0.0046423071110598601 0.00039513946036898618 -0.020598649316917943 0.014365712987562175 -0.038923167384365832 -0.048812287994201932 -0.0071652376008896033 -0.010896443040962777 0.043684127671923589 -0.031809134079146859 -0.039602800901020474 0.018894456248519809
leaf_weight=183555.36054612696 768.17472425103188 27657.119208473712 30257.276641022414 5856.7529183030128 9686.8683290034533 570.31803673505783 61770.337950009853 11828.841765545309 12582.365757852793 11910.330302752554 20421.907396353781 3766.4260213822126 978.42778958380222 19125.279585391283 66.199197754263878 63665.046780340374 603.4787807315588 650404.04397585243 18347.197804450989 225753.40400125831 6.9643948152661315 8012.9324711114168 418.6057405769825 3327.947803504765 71231.964758694172 5453.3069687634706 3770.2447256669402 1778.744413934648 4373.5570557266474 47634.337619096041 738.46737284958363 21283.516538828611 625779.87011761963 123570.01542233676 10274.385887891054 3969.1794757246971 641.03459842503071 16910.411286115646 3056.721920132637 1915.0693362727761 761.34146272391081 8783.9010559022427 61497.521459668875 490.65329192578793 812.30248631536961 8628.0323583334684
leaf_count=469882 2328 192483 210016 21133 26957 1368 413351 45537 69271 42501 107142 12023 3188 53172 299 182156 2545 1643070 57023 614702 80 34022 1858 8617 180259 18228 25106 4603 13708 134303 3040 61728 1655037 316375 26433 11514 2745 40676 10301 6812 2294 25591 471166 1515 2635 19582
internal_value=0.00528369 0.0135343 0.023337 0.0121471 0.0318829 0.00221854 0.0338585 0.0228213 -0.000140161 0.00413565 0.0143014 -0.000673087 0.0284264 0.00414707 -0.00625154 0.00256944 0.0426553 0.00449042 0.00458792 0.00737638 0.0382865 0.0335787 0.00615542 -0.0138264 0.00625214 -0.000544603 -0.0238408 0.00326586 -0.0167536 -0.000381768 -0.000219231 0.00035102 0.000424884 0.00263313 -0.00443726 0.0223375 0.0188863 0.00345043 -0.00643046 -0.0315796 0.042333 -0.0181321 0.0436279 -0.0717575 -0.0011022 0.017761
internal_weight=2.3947e+06 648664 341538 147892 193646 1.74603e+06 183960 52671.8 24411.2 116873 37531.5 79341.8 21400.3 1.02832e+06 32869 67431.5 28260.6 995452 992769 319302 131288 69783.3 13743.7 5049.51 296985 717712 4981.6 673467 6152.3 712730 707277 647802 647063 307125 16131.1 22316.4 1211.35 667314 59475 2683.24 31018.6 11840.6 61504.5 909.259 4140.25 8694.23
internal_count=7248375 2648555 1862298 606886 1255412 4599820 1228455 309836 114808 394576 157896 236680 110330 2662373 87678 194179 195028 2574695 2565555 863498 918619 447373 34506 14625 794961 1937447 29219 1702057 18311 1908228 1890000 1719805 1716765 786257 47566 68537 4113 1683746 170195 9140 212310 35892 471246 3373 11252 19881
is_linear=0
shrinkage=0.043658


Tree=59
num_leaves=47
num_cat=0
split_feature=18 28 32 23 31 23 23 30 23 28 30 23 3 30 3 23 30 25 31 23 26 23 3 35 1 2 35 36 18 2 30 31 10 28 21 30 28 29 25 35 3 35 32 36 3 1
split_gain=22839.5 26507.2 15771.1 18390.6 24669.4 9118.41 8328.65 7096.2 4662.6 3469.63 2381.85 2333.73 2298.63 2094.2 3006.32 2910.34 2065.29 2446.98 2031.41 3554.62 3375.38 1925.4 1980.78 3035.62 2675.5 2559.94 1977.63 2371.5 1801.78 1777.84 1714.35 1617.96 1566.37 1555.64 1551.08 1548.05 2033.15 1666.08 1536.67 1488.66 3404.13 3033.24 3029.63 3148.87 2148.61 1471.68
threshold=1.0000000180025095e-35 -0.048524402464354001 6.0575938224792489 0.76153963804245006 70.750000000000014 0.67412567138671886 0.67310780286788952 0.37109699445554023 0.71178066730499279 0.33753872353748365 0.14380891888207301 0.770134598016739 10.500000000000002 0.27137728960782198 7.5000000000000009 0.81285843253135692 0.83554885362452103 10.15104844016388 73.211109161376967 0.72947821021080028 67.465707038032747 0.7070213556289674 6.5000000000000009 4.5000000000000009 3.5000000000000004 15.500000000000002 3.5000000000000004 1.0000000180025095e-35 0.51980959995249199 5.5000000000000009 0.37919291286421369 56.527778625488288 88.500000000000014 -3.4551257773507946 -0.011681497097015379 0.21837887698595806 -0.2034765623281018 69.853818294054307 6.2133551011484034 12.500000000000002 6.5000000000000009 15.500000000000002 5.558277130126954 1.0000000180025095e-35 11.500000000000002 2.5000000000000004
decision_type=2 2 2 2 2 2 2 2 2 2 2 2 2 2 2 2 2 2 2 2 2 2 2 2 2 2 2 2 2 2 2 2 2 2 2 2 2 2 2 2 2 2 2 2 2 2
left_child=1 21 3 4 7 6 10 8 -3 -9 -4 -5 -8 14 15 -7 32 -18 19 -6 -20 22 23 25 -25 45 27 38 33 -13 -26 -12 -15 -2 -35 36 -28 -37 -24 42 41 -41 43 -36 -44 -1
right_child=28 2 5 11 18 13 12 9 -10 -11 31 29 -14 16 -16 -17 17 -19 20 -21 -22 -23 26 24 30 -27 35 -29 -30 -31 -32 -33 -34 34 39 37 -38 -39 -40 40 -42 -43 44 -45 -46 -47
leaf_value=0.0064922272690858445 -0.026716212638189574 0.022559103763469673 -0.043851280729583685 0.042257068844012466 -0.0072714035029345977 0.017313498930598876 0.043206369251826929 -9.9108266227815198e-05 0.038700466010996581 0.023232018684256943 -0.05478079334309275 -0.1477952919726131 -0.044328426143442935 0.0065172540586295605 -0.013577735498099108 -0.043248097461898713 -0.0041708225079624371 -0.065085777283167071 -0.078400468484103675 -0.057462864782191606 -0.0022618806025088132 -0.031922039163721168 -0.021579016854220937 0.0021428183508285124 0.0032513102466641569 0.010338601045727458 -0.0039080751994661177 -0.088602904470070437 -0.011836313154627793 0.0056312009045234061 -0.0091207343311706952 0.013358704369854963 0.027000771610327774 -0.018552487563313472 -0.0069537895586497898 0.0076394444764045274 0.019663768505314462 0.019340040503923475 0.0020508580237247769 0.0071549152455267677 0.0059098679852149383 -0.009254025426481639 0.0015826240917182894 -0.081029072101040767 -0.0078622221051388788 -0.0058004489369013522
leaf_weight=33836.14637549594 4199.4782871454954 91801.877876274288 1499.0072356015444 70648.37620845437 8113.4274940490723 13908.413065623492 26491.317389134318 29464.30746325478 54278.460038535297 20672.638962175697 675.56952291727066 157.27518381178379 584.31971647590399 217551.31658028066 25629.493772931397 1696.8872578144073 9526.6066094264388 1447.9442803859711 1135.5808550417423 4023.0771091431379 48773.104854188859 2976.5136234536767 5617.1358173303306 174914.61391669139 27659.74656932056 103676.51839243993 38927.48557113111 573.28910358250141 26198.932809263468 1692.6174458190799 93534.848007559776 39210.438306551427 7356.3058186322451 8573.6434257477522 109629.671256423 201754.71218335629 8496.7135942727327 26209.551484800875 79270.794849723577 31535.637920022011 197238.89939654619 67284.535822346807 371805.2901379317 1104.7724381759763 52375.822184666991 41124.212274730206
leaf_count=84952 13740 413411 5347 514906 25561 56328 177191 90460 369858 81488 2470 772 2147 623148 76644 5391 26023 5211 4518 14686 143298 9472 16232 439758 73255 254226 102477 2435 125647 4758 247900 110456 17906 26680 307976 502001 27336 60736 207807 79241 481382 189993 963980 4351 144338 110482
internal_value=0.00507706 0.0083147 0.0147451 0.0215596 0.0161052 0.00822289 0.0224908 0.0236927 0.0285567 0.00952081 0.0101739 0.0409896 0.0413171 0.00469803 -0.00437922 0.0107278 0.00628485 -0.0122083 -0.00789006 -0.0239096 -0.00399443 0.00312832 0.00325318 0.00139999 -0.00131154 0.00589466 0.00569128 -0.000110462 -0.000560906 -0.00741508 -0.00629708 0.0122044 0.00718725 -0.000210793 -7.82048e-05 0.00749174 0.000315098 0.00898471 0.000487187 0.000112402 0.00259623 -0.00401754 -0.00126231 -0.00769289 0.000416411 -0.000251645
internal_weight=2.38486e+06 1.51491e+06 676338 330761 258262 345578 68460.7 196217 146080 50136.9 41385 72498.3 27075.6 277117 41234.8 15605.3 235882 10974.6 62045.2 12136.5 49908.7 838572 835596 474746 296109 178637 360850 85461.2 869947 1849.89 121195 39886 224908 843748 839548 275388 47424.2 227964 84887.9 830975 296059 98820.2 534916 110734 424181 74960.4
internal_count=7248375 4911047 2771978 1663716 1143280 1108262 297611 955217 783269 171948 118273 520436 179338 810651 138363 61719 672288 31234 188063 40247 147816 2139069 2129597 1210573 760913 449660 919024 226474 2337328 5530 321155 112926 641054 2211681 2197941 692550 129813 562737 224039 2171261 750616 269234 1420645 312327 1108318 195434
is_linear=0
shrinkage=0.043658


Tree=60
num_leaves=47
num_cat=0
split_feature=28 32 23 31 23 28 25 23 23 19 20 30 23 30 3 1 35 35 36 32 32 3 23 28 31 3 25 28 30 15 35 25 32 27 31 31 32 27 31 31 28 24 35 19 31 25
split_gain=21296.4 15641.4 23276.7 22757.8 10909.3 9294.12 15343.4 8851.62 7841.9 7262.85 5318.22 4494.62 4355.81 3568.11 3331.72 4031.31 3710.27 3190.67 5007.13 3204.36 3164.88 2962.96 4814.43 3117.06 2996.25 2695.65 3179.96 2871.53 2639.91 2936.83 2440.5 3154.1 2425.31 2351.11 2211.11 2073.99 2066.25 2148.23 2065.36 2022.89 1976.07 1969.31 2490.72 2057.43 3866.8 3076.93
threshold=-0.069309431080407449 6.0575938224792489 0.76153963804245006 70.750000000000014 0.67412567138671886 0.34495366870646543 10.131921292814646 0.67353153228759777 0.71616274118423473 69.500000000000014 76.500000000000014 0.27620033212380696 0.71178066730499279 0.83554885362452103 6.5000000000000009 2.5000000000000004 15.500000000000002 11.500000000000002 1.0000000180025095e-35 1.8870900869369509 4.9581568241119394 7.5000000000000009 0.80000919103622448 0.42245425006385889 63.211111068725593 11.500000000000002 6.1817556085820309 -1.2625817954638388 0.25848485449000086 75.500000000000014 22.500000000000004 9.0816381836536078 15.618542194366457 -23.415504547049206 64.950000762939467 75.350002288818374 7.6684777736663827 0.63253465976660561 63.738889694213874 62.750000000000007 -0.033206233384268709 70.671273697881318 10.500000000000002 54.500000000000007 59.350000381469734 10.899932866173133
decision_type=2 2 2 2 2 2 2 2 2 2 2 2 2 2 2 2 2 2 2 2 2 2 2 2 2 2 2 2 2 2 2 2 2 2 2 2 2 2 2 2 2 2 2 2 2 2
left_child=14 2 3 5 7 6 9 36 12 -2 -4 21 -7 32 15 -1 41 18 19 -16 -10 22 23 -6 -23 26 -21 -27 30 35 -5 -32 38 -18 -9 -30 -3 40 -13 -8 -38 43 -43 44 -17 -45
right_child=1 4 10 28 11 8 39 34 20 -11 -12 13 -14 -15 17 16 33 -19 -20 25 -22 24 -24 -25 -26 27 -28 -29 29 -31 31 -33 -34 -35 -36 -37 37 -39 -40 -41 -42 42 -44 45 -46 -47
leaf_value=0.0031569105814695966 -0.0065721243787961979 0.020065087713529699 0.041751301555337447 0.00037310702730200123 -0.0097890571627017326 0.021951076911317782 0.012864762712720119 0.042775507252586588 -0.034196543183077278 0.018805295504486771 -0.014760239441783002 -0.00080652955366756248 0.042334261500794806 -0.016336686393950348 -0.088496656520663533 0.0034597835498841054 -0.069804578348244786 0.007130675903630041 -0.065343195458878373 -0.015794739663703008 0.012132020084118428 -0.063967293837525835 -0.041038451414637404 0.027195519130636451 -0.010495435451110331 -0.021414494037095923 0.0046350301559424595 -0.00084360792247136157 -0.01933265982209377 0.032703528254512886 -0.11104011901836115 -0.0070596208684664515 -0.040286249433046345 -0.010347869536385708 -0.058650604519703067 -0.094919638163880077 0.013095626677702865 0.015949951992039711 0.0072264260310442585 0.037851438647313287 -0.012832020489803701 -0.046369821488973 0.03159328718834338 0.0022331861309228293 -0.015820507996051867 -0.017909321912304099
leaf_weight=340210.54266346619 64982.923390977085 28217.89540412277 68453.155179429799 48435.654992647469 6566.7046802639961 33804.230139944702 7520.2167262919247 24503.526630364358 4097.9131038859487 32119.6270734258 3328.3109909966588 76849.90416700393 48876.635138548911 15113.003280833364 754.20480474829674 36782.05355527997 1286.5407452881336 300130.59181238711 2156.5189294666052 15382.024761363864 8945.8353210166097 2075.6043155789375 3488.2280879616737 12827.94000576064 52969.671323876828 17626.306284293532 259650.0933059901 48587.612707063556 29814.3297611624 2065.4416253119707 870.79545059800148 1538.3346993252635 2211.3019352480769 86192.875041976571 416.56477254629135 708.30748388916254 8677.341716080904 18888.916252497584 295895.24565265328 34554.454474158585 15812.296953044832 3612.7533362954855 996.3680028617382 249257.65216489881 43010.692332223058 15344.831492051482
leaf_count=869090 222627 75479 516695 140693 19760 134778 19699 174815 13566 121443 10594 207486 350697 46626 3030 95373 5160 743527 8237 44653 24176 8411 11774 51464 159069 51529 680173 126650 91231 6270 3939 4416 7475 240076 1537 3054 22164 51706 820278 187305 46764 12205 2085 644128 123532 43529
internal_value=0.00490774 0.00995094 0.0166733 0.0116093 0.00530531 0.0185662 0.0113642 0.0186696 0.0290374 0.0018222 0.039131 0.00254914 0.0340006 0.00446148 0.00151966 -0.000405727 -0.00318258 0.00384073 0.000971643 0.00138982 -0.0024227 -0.00702305 0.00618019 0.014673 -0.0125118 0.00158851 0.00349242 -0.00631969 -0.00797732 -0.0176776 -0.00176002 -0.0446472 0.00529979 -0.0112224 0.0410798 -0.021087 0.0108694 0.00488743 0.00557024 0.0333855 -0.003645 -0.00116736 -0.0295154 -0.000787955 -0.00693283 0.00106506
internal_weight=2.37561e+06 954630 390116 318335 564514 234902 139177 96516.5 95724.6 97102.6 71781.5 467998 82680.9 390069 1.42098e+06 776694 436484 644287 344157 342000 13043.7 77928.1 22882.9 19394.6 55045.3 341246 275032 66213.9 83432.9 32588.1 50844.8 2409.13 374956 87479.4 24920.1 30522.6 71596.5 43378.6 372745 42074.7 24489.6 349004 4609.12 344395 79792.7 264602
internal_count=7248968 3555991 1851183 1323894 1704808 1074291 551074 372465 523217 344070 527289 1332343 485475 1081865 3692977 2035178 1166088 1657799 914272 906035 37742 250478 82998 71224 167480 903005 724826 178179 249603 100555 149048 8355 1035239 245236 176352 94285 196113 120634 1027764 207004 68928 920852 14290 906562 218905 687657
is_linear=0
shrinkage=0.043658


Tree=61
num_leaves=47
num_cat=0
split_feature=22 27 32 23 18 18 23 23 23 23 3 27 23 25 25 23 30 30 30 23 23 23 23 31 27 26 3 35 26 30 2 25 25 2 27 27 35 2 23 25 1 31 35 31 35 30
split_gain=25908.6 31113.4 17318.1 10228.5 6194.09 4048 4036.83 3854.49 14607.2 4093.51 3369.93 3269.48 3003.15 2567.26 2450.51 7325.13 1821.32 1710.68 1688.71 1652.9 2867.3 3562.08 2377.82 1593.21 1626.44 2011.7 1496.61 1970.35 1814.7 1331.62 1321.59 1678.11 2002.4 1803.23 1515.82 1296.42 2377.93 2052 1429.67 1568.65 1335.08 1250.36 1242.08 1135.33 1131.71 1129.38
threshold=3.1870928314924075e-05 0.17363108313121958 5.7179052829742441 0.67412567138671886 1.0000000180025095e-35 1.0000000180025095e-35 0.6738228201866151 0.76285651326179515 0.71188408136367809 0.71178066730499279 5.5000000000000009 3.462403100053344 0.76038458943367015 9.5261594602255819 9.6210082143492226 0.67310780286788952 0.0066036370189105102 0.22097003943304927 0.82640294990990504 0.66057932376861583 0.67387536168098461 0.6708858609199525 0.68033981323242199 64.422222137451186 4.2468542962635363 68.783221985678964 6.5000000000000009 22.500000000000004 60.212565472597966 0.0066036370189105102 7.5000000000000009 7.1255508266139804 7.9271654433146646 19.500000000000004 -14.19376905975763 3.0897874079750882 3.5000000000000004 4.5000000000000009 0.53470870852470409 7.8522372461117955 1.0000000180025095e-35 63.527778625488288 14.500000000000002 66.850002288818374 11.500000000000002 0.66727443839682332
decision_type=2 2 2 2 2 2 2 2 2 2 2 2 2 2 2 2 2 2 2 2 2 2 2 2 2 2 2 2 2 2 2 2 2 2 2 2 2 2 2 2 2 2 2 2 2 2
left_child=1 14 4 6 7 16 -4 8 9 -3 11 -5 -10 -13 -1 -16 -2 -12 19 26 21 -21 -22 -20 -25 -26 27 -18 -28 -7 35 34 42 -34 -32 38 40 -38 39 -31 -37 -19 -33 -17 -40 -36
right_child=5 2 3 10 -6 29 -8 -9 12 -11 17 13 -14 -15 15 43 18 41 23 20 22 -23 -24 24 25 -27 28 -29 -30 30 31 32 33 -35 45 36 37 -39 44 -41 -42 -43 -44 -45 -46 -47
leaf_value=-0.00036953190350056699 -0.032377436635465391 0.024010167643155497 0.0070007402628789843 -0.0032112194372883682 -0.0054952298479262612 -0.036369241669604015 0.044207954731159335 0.043131368586034093 -0.029578558593260518 0.042538693358275828 -0.021524328576227943 0.031733876241827517 0.023364786847301536 -0.020012919484210204 0.0043788625561084205 0.041818206953574556 0.00094422970480855829 -0.019709728296355727 -0.013931424315791608 0.0072081816754459137 -0.0086378808567272557 0.025526224421852019 0.0052427226178395859 0.015487052631371971 -0.048428604963236387 0.011960508297560717 -0.060480566464732155 -0.023518724196112003 0.00538150157371788 -0.059284539904799795 0.035963547023760742 -0.0084516703363155428 0.0027683607094857962 -0.002998015801956569 0.0063967982241439963 -0.04729472118022842 -0.038121978151788312 -0.0093056226192850637 -0.003948096644561621 -0.010072077570680692 0.010758865094282857 0.0029354908899978482 -0.034907692597638242 -0.04650846058547687 0.0046354560728876478 -0.0060306806369770059
leaf_weight=177412.8254699856 2655.4361811056733 39774.762705963105 7662.1870573312044 10838.159743290395 8050.0896797329187 1972.4996760189533 20240.594075322151 54811.591318495572 8910.6754091829062 53029.75038189441 7065.6733342297375 18136.259430021048 2649.1571477241814 2032.0241481512785 142442.32516462356 11826.576926492155 288503.65294505656 5050.8774812370539 19384.084228776395 66559.865078628063 25236.191513091326 29071.448233485222 346424.50486980379 9529.5342821627855 2026.1016905903816 2185.3464591428638 800.16867995262146 6415.0433681607246 223132.97205209732 1340.9143099784851 3002.6057425439358 17323.30175358057 218372.02435225993 196265.0757117793 92195.001512229443 827.04010015726089 7892.6448145061731 11681.778745055199 71251.635722495615 15560.7259234339 8666.6718975007534 58166.182538323104 4203.2618043571711 283.95443526655436 49697.763633936644 16420.08070833981
leaf_count=464217 9168 261504 24232 37129 22533 15258 159321 471733 35667 396568 25868 97526 12011 8131 359543 85062 718929 15585 53461 178446 68518 90005 929880 22224 6851 5591 2796 18494 558196 5212 6773 50175 576551 535949 233137 3087 27409 33923 195828 44797 22672 171809 13634 1097 126325 46143
internal_value=0.00471363 0.0123112 0.0225918 0.0105859 0.0318671 0.00196762 0.0339909 0.0337567 0.0288331 0.0345977 0.00413827 0.0161275 -0.0174452 0.02652 0.00313144 0.00715027 0.00373177 -0.00115094 0.00382585 0.00415154 0.00603495 0.0127768 0.0043002 -0.00587003 0.00550175 -0.0170918 0.00245528 0.000412098 0.00514613 -0.000547928 -0.000449057 0.00058727 -0.00063512 3.88852e-05 0.00536398 -0.00385001 -0.0122288 -0.020925 -0.00208318 -0.0139768 0.00570094 0.00112613 -0.0136177 0.0397467 -0.00042111 0.00451802
internal_weight=2.36698e+06 628384 296418 129192 167226 1.7386e+06 27902.8 159176 104364 92804.5 101289 31006.4 11559.8 20168.3 331966 154553 1.02192e+06 70282.7 1.01927e+06 986144 467292 95631.3 371661 33125.1 13741 4211.45 518852 294919 223933 716673 714701 547781 436164 414637 111618 166919 29068.1 19574.4 137851 16901.6 9493.71 63217.1 21526.6 12110.5 120949 108615
internal_count=7248968 2649536 1739617 539601 1200016 4599432 183553 1177483 705750 658072 356048 142786 47678 105657 909919 445702 2662559 213262 2653391 2565264 1266849 268451 998398 88127 34666 12442 1298415 737423 560992 1936873 1921615 1462362 1176309 1112500 286053 459253 87091 61332 372162 50009 25759 187394 63809 86159 322153 279280
is_linear=0
shrinkage=0.043658


Tree=62
num_leaves=47
num_cat=0
split_feature=22 27 32 23 18 23 23 23 23 18 3 28 23 25 23 25 30 30 22 23 25 30 24 30 28 17 30 22 30 24 25 25 28 31 28 2 31 23 25 24 27 30 31 28 21 24
split_gain=24138.3 29537.9 16844.6 9779.99 5973.38 4011.13 3897.21 13920 4126.24 3713.46 3133.75 3793.88 2702.54 2255.32 7030.91 2101.32 1655.16 1589.15 1995.85 2124.76 2105.12 1553.87 1552.56 1549.96 1336.19 1261.32 1297.88 1629.77 1306.92 1224.46 1441.28 2091.92 1432.4 1329.76 1280.11 1267.86 1137 1104.39 1091.35 1185.97 1323.91 1180.45 1073.79 1053.35 1021.95 999.49
threshold=3.1870928314924075e-05 0.17363108313121958 5.7179052829742441 0.67412567138671886 1.0000000180025095e-35 0.6738228201866151 0.76285651326179515 0.71188408136367809 0.71178066730499279 1.0000000180025095e-35 5.5000000000000009 0.44614536317058157 0.76038458943367015 9.6210082143492226 0.67310780286788952 9.3030245015221311 0.0066036370189105102 0.74129065304788522 0.00024999678123097184 0.76153963804245006 11.033104770833811 0.22097003943304927 69.966282485590057 0.14380891888207301 -1.0399312800089568 89.003472222222243 0.11758231336299686 0.00055694222092278836 0.066140830751489008 70.484241202647723 8.8806787446211626 9.070524863554267 -0.25239023364365881 67.738887786865249 -0.14099144702994673 5.5000000000000009 63.527778625488288 0.69585964083671581 10.87368783734523 67.528970139493438 -0.73281789986724977 0.45261964089942369 66.850002288818374 0.24922696790065269 -0.0019492506980895994 67.688071068775898
decision_type=2 2 2 2 2 2 2 2 2 2 2 2 2 2 2 2 2 2 2 2 2 2 2 2 2 2 2 2 2 2 2 2 2 2 2 2 2 2 2 2 2 2 2 2 2 2
left_child=1 13 4 5 6 -4 7 8 -3 16 11 45 -9 37 38 -13 -2 18 19 22 23 -12 -18 -20 -22 26 27 44 -29 30 35 -32 33 -31 -34 -28 -23 -1 41 40 -40 -15 -16 -39 -11 -5
right_child=9 2 3 10 -6 -7 -8 12 -10 25 21 15 -14 14 42 -17 17 -19 20 -21 24 36 -24 -25 -26 -27 29 28 -30 32 31 -33 34 -35 -36 -37 -38 43 39 -41 -42 -43 -44 -45 -46 -47
leaf_value=0.00021625682758542587 -0.030703583803381729 0.023453083821590195 0.0067173333616171753 0.0030250381701622574 -0.0052558044226710269 0.044058348943437527 0.042959284792220553 -0.027691926118964361 0.042321893304440222 -0.036555517858039635 -0.020446147729096368 0.031814765353344494 0.022788323711751202 0.0097637252517489941 0.041527861646710858 -0.017003761031783235 0.0053170663236254681 -0.0012183819973039434 -0.0061617709765232542 0.025588647674670426 0.0044475218829162109 -0.018715355440392007 0.015846922791517035 0.0037865516121890581 -0.017625641215538723 0.035657924919078557 -0.0047103558466293216 -0.038579694307843339 -0.010627834377929227 -0.0091233808941993764 -0.011374255569072584 -0.00047072778381134335 0.041293514701518187 -0.043343991062768109 -0.008331971790648901 0.0044432098448849901 0.0028108981905759847 -0.027041042988763943 -0.012485670128601696 0.024499921355750232 0.029352079285957653 0.0011444234154693745 -0.043540332353348067 0.05133788682021323 0.0025676398760843683 -0.026804897971971532
leaf_weight=172708.15570272878 2677.4441191852093 38960.064940035343 7637.3947789296508 8128.3461416363716 8049.3650191277266 19440.295327786356 52675.697615914047 9097.8742566108704 51018.745250292122 1379.2408433035016 7112.4519453942776 17709.675550021231 2598.7217131331563 65231.541047584265 11398.78416807577 1856.6063203513622 323089.70242975652 112827.26331554353 31804.061223879457 11097.710137702525 7873.8005329370499 5086.1998823061585 29092.575353190303 485814.7520468533 15549.696200467646 1831.6361414939165 34294.42825601995 4885.0588319972157 9180.4669285714626 5138.9656777083874 36471.769929990172 416958.83502441645 1394.1995513290167 3739.5204426944256 3423.2142253518105 181377.70313355327 58094.058454554528 4370.5731393694878 16615.140985533595 2287.0468178987503 1578.4843156337738 56532.959433134645 289.93374488502741 353.14874809235334 16448.763602353632 2906.3283297941089
leaf_count=448055 9168 261504 24232 24505 22533 159321 471733 35667 396568 5350 25868 101071 12011 161383 85062 7171 845739 293044 86393 40449 19191 15585 72448 1252314 43813 3563 94486 26822 28685 14874 104908 1115108 2769 12673 9628 469335 171809 14799 45804 5039 4111 143206 1097 1363 48672 10039
internal_value=0.00452766 0.0119093 0.0220747 0.0102292 0.031409 0.0335263 0.0333211 0.0283277 0.0341519 0.0018845 0.00397665 0.0156381 -0.016476 0.00300141 0.00686831 0.0271823 0.00357684 0.00366708 0.00427662 0.00677962 0.00259598 -0.00109994 0.00618691 0.00317529 -0.0102056 -0.000524193 -0.00061693 -0.00922521 -0.0203361 -0.000214831 4.96723e-05 -0.00134776 -0.0131371 -0.0235373 0.00602965 0.00298767 0.0010779 -0.00035336 0.00419363 -0.00513056 -0.00885555 0.00576198 0.0394173 -0.0211801 -0.000458984 -0.0048314
internal_weight=2.35809e+06 621738 290372 127971 162400 27077.7 154351 101675 89978.8 1.73635e+06 100894 30601 11696.6 331366 153934 19566.3 1.01983e+06 1.01715e+06 904322 363280 541042 70292.7 352182 517619 23423.5 716524 714692 31893.5 14065.5 682799 669103 453431 13695.9 8878.49 4817.41 215672 63180.3 177432 142245 20480.7 18193.6 121765 11688.7 4723.72 17828 11034.7
internal_count=7248968 2649536 1739617 539601 1200016 183553 1177483 705750 658072 4599432 356048 142786 47678 909919 445702 108242 2662559 2653391 2360347 958636 1401711 213262 918187 1338707 63004 1936873 1933310 109529 55507 1823781 1783837 1220016 39944 27547 12397 563821 187394 464217 359543 54954 49915 304589 86159 16162 54022 34544
is_linear=0
shrinkage=0.043658


Tree=63
num_leaves=47
num_cat=0
split_feature=22 27 32 23 18 23 23 23 23 18 31 36 31 31 25 23 25 29 27 25 35 23 23 24 32 10 22 24 25 25 12 27 18 23 31 27 23 23 25 23 23 27 12 27 12 31
split_gain=22510.1 27745.5 15760.6 9108.99 6463.25 4680.7 13302.1 4551.54 4206.56 2980.37 2723.72 2553.69 4069.25 2719.15 2330.94 6643.62 1557.5 1501.39 1609.75 1501.12 1465.42 1410.21 2120.86 1385.31 1244.7 2066.14 1216.66 1164.56 1356.1 1705.72 1517.14 1068.43 1044.17 1036.93 1033.38 996.543 992.415 1064.57 1121.36 990.747 975.237 1509.77 1001.84 971.54 974.833 955.213
threshold=4.3922832279037738e-05 0.17363108313121958 5.7179052829742441 0.67412567138671886 1.0000000180025095e-35 0.76285651326179515 0.71188408136367809 0.71178066730499279 0.6738228201866151 1.0000000180025095e-35 74.211109161376967 1.0000000180025095e-35 67.950000762939467 63.527778625488288 9.6210082143492226 0.67310780286788952 0.96683895185324353 68.885359304288642 6.342469311936747 3.1705488435071909 26.500000000000004 0.89309459924697887 0.80000919103622448 66.780204458125056 4.3748011589050302 68.500000000000014 0.01048190070220022 70.484241202647723 8.8806787446211626 9.070524863554267 86.500000000000014 0.63253465976660561 0.38009680605480339 0.49977821111679083 67.738887786865249 -1.4873055551514545 0.55033984780311596 0.69498762488365184 7.425972896047436 0.62118539214134227 0.49092386662960058 -14.752139294415704 47.500000000000007 -9.5064342825882786 55.500000000000007 66.850002288818374
decision_type=2 2 2 2 2 2 2 2 2 2 2 2 2 2 2 2 2 2 2 2 2 2 2 2 2 2 2 2 2 2 2 2 2 2 2 2 2 2 2 2 2 2 2 2 2 2
left_child=1 14 4 8 5 6 7 -3 31 16 -8 17 13 -13 36 32 35 -5 -19 24 21 22 -21 -14 25 -18 27 28 -11 33 -31 -4 40 -30 -34 -2 -1 -38 -39 -28 42 -42 -16 44 -29 -17
right_child=9 2 3 11 -6 -7 10 -9 -10 26 -12 12 23 -15 15 45 19 18 -20 20 -22 -23 -24 -25 -26 -27 39 43 29 30 -32 -33 34 -35 -36 -37 37 38 -40 -41 41 -43 -44 -45 -46 -47
leaf_value=-0.0079533029086773649 -0.043172795380292367 0.022588865758733073 -0.0163494071310889 -0.0024357362383707632 -0.0049834372986589433 0.042785576195043945 -0.033565300925378697 0.042066611523011187 0.043821214120476286 0.0028693391513774456 0.0040933170887050268 -0.03332152868627742 -0.057472924546443815 0.039936143708238059 -0.0016790242297070202 0.041194205526638744 0.022984774525106992 0.00020326231712810341 0.020301785291101302 0.0032162590268912917 0.01736425277368002 0.029105080026676427 -0.0085042610982564871 0.014838698140501266 -0.012462627939714019 -0.13518422105470151 0.013253139901758903 -0.01806138237896468 0.015068603315237345 -0.0009326810443201427 0.01968711596009148 0.017046307535795321 -0.0048560882747289893 -0.012976711810645537 0.011372869797004645 0.028366484834334765 0.0017924483860012074 -0.0019002041068631533 -0.04022962104132502 -0.015753939318949594 0.01883590540175098 0.0054210102236476772 -0.045200509147061647 -0.0063638585032737074 -0.070208434969211905 -0.034933587960998144
leaf_weight=26356.921359434724 394.26296915113926 42792.453651145101 2587.0463095605373 62810.817968580872 9590.2108294516802 51193.383678313345 6127.25451849401 49113.043477948755 18744.282500594854 212524.68997882307 9093.0338714420795 1069.7084659412503 1436.2790379151702 9926.8154136426747 6140.258815407753 11079.307579509914 249.6459399163723 16683.619436677545 13944.168065641075 909633.2424627468 13629.804884575307 3911.6357198953629 30410.581160150468 778.61005484312773 3845.3618771880865 425.800657376647 2615.579755499959 2253.1917136907578 2730.8664255291224 412299.18898355961 6915.2093674838543 6205.8440817706287 33624.617200575769 31445.898930877447 9617.2190804034472 6305.4545462056994 167537.54159167781 3761.7986434400082 2372.3983652442694 15804.616371504962 19031.562490880489 100085.31923646852 1206.1603949666023 10039.652875639498 980.82529303431511 323.2315017580986
leaf_count=71113 1430 275108 8877 197587 26840 474309 23781 396670 159593 557394 34286 3922 5579 51255 15772 85367 537 52778 60235 2371648 33192 9520 83183 2057 11200 1974 7447 6940 6974 1115456 15970 19013 90517 91264 23034 17203 431613 11991 8249 54761 43769 252593 3916 28081 3813 1157
internal_value=0.00434821 0.0110218 0.0209037 0.00974895 0.0298182 0.0319264 0.0267369 0.0329976 0.0321343 0.00161203 -0.0110668 0.00396898 0.0219351 0.0328094 0.00318912 0.00677724 0.00317877 0.00142867 0.00935382 0.00303269 0.00315118 0.00294595 0.00283709 -0.0320516 -0.0220652 -0.0767226 -0.000563766 -0.000263502 -8.26455e-06 -0.00135713 -0.000592534 0.00722018 0.00460975 -0.0107357 -0.00124659 0.0241557 -5.95774e-05 0.00113838 -0.0167249 -0.0116349 0.00661225 0.00756437 -0.00882529 -0.013068 -0.0338787 0.0390357
internal_weight=2.34965e+06 683233 302097 134187 167909 158319 107126 91905.5 27537.2 1.66642e+06 15220.3 106650 13211.4 10996.5 381136 181108 968806 93438.6 30627.8 962106 957585 943955 940044 2214.89 4520.81 675.447 697610 679190 665916 453391 419214 8792.89 169705 34176.8 43241.8 6699.72 200029 173672 6134.2 18420.2 126463 119117 7346.42 13273.7 3234.02 11402.5
internal_count=7248968 2830981 1791890 560896 1230994 1204154 729845 671778 187483 4417987 58067 373413 62813 55177 1039091 516125 2529887 310600 113013 2511254 2497543 2464351 2454831 7636 13711 2511 1888100 1825892 1787058 1229664 1131426 27890 429601 98238 113551 18633 522966 451853 20240 62208 316050 296362 19688 38834 10753 86524
is_linear=0
shrinkage=0.043658


Tree=64
num_leaves=47
num_cat=0
split_feature=22 27 18 30 3 23 23 23 30 18 3 28 30 23 23 23 23 30 3 31 23 22 23 27 28 28 29 29 31 29 2 28 21 10 2 17 23 2 3 28 12 27 35 28 31 28
split_gain=20936.3 26266.8 12220.9 9013.77 3738.76 2746.49 16122.7 4061.79 2746.18 2710.88 2143.59 2186.61 2008.82 2029.91 4611.32 2313.09 1775.65 1421.78 1417.16 1393.91 1359.13 1628.73 1563.77 1333.07 1326.81 2141.05 1748.42 1742.13 1879.1 1466.92 1249.94 1814.14 1214.95 1191.78 1169.33 1354.87 1482.71 2076.21 1445.66 1236.11 1434.12 1358.31 2124.41 1251.47 1091.35 1078.73
threshold=4.3922832279037738e-05 0.17363108313121958 1.0000000180025095e-35 0.35042422820446301 10.500000000000002 0.76285651326179515 0.71188408136367809 0.76543691754341137 0.0066036370189105102 1.0000000180025095e-35 5.5000000000000009 0.51241352477553004 0.45843178697796488 0.68226605653762828 0.6738228201866151 0.67387536168098461 0.67412567138671886 0.0066036370189105102 3.5000000000000004 70.250000000000014 0.62001636624336254 0.00087832493323351378 0.76038458943367015 10.864598388430752 -1.1726311165213883 -1.5928631873573182 70.539872949588926 67.638161600799322 64.211109161376967 67.527805830640773 7.5000000000000009 1.2411472216289925 0.0027699470520019536 88.500000000000014 7.5000000000000009 89.003472222222243 0.80000919103622448 26.500000000000004 6.5000000000000009 -2.4752107939158283 43.500000000000007 3.0897874079750882 3.5000000000000004 0.35988141344175917 63.633333206176765 -3.4551257773507946
decision_type=2 2 2 2 2 2 2 2 2 2 2 2 2 2 2 2 2 2 2 2 2 2 2 2 2 2 2 2 2 2 2 2 2 2 2 2 2 2 2 2 2 2 2 2 2 2
left_child=1 12 3 4 5 6 -3 -7 18 20 11 16 13 14 17 -16 -5 -1 -2 -17 24 22 32 -24 25 -10 -27 29 -29 -26 31 -23 -22 -32 39 36 38 -38 -36 40 -11 43 -43 -41 -13 -14
right_child=8 2 -4 10 -6 7 -8 -9 9 34 -12 44 45 -15 15 19 -18 -19 -20 -21 21 30 23 -25 27 26 -28 28 -30 -31 33 -33 -34 -35 35 -37 37 -39 -40 41 -42 42 -44 -45 -46 -47
leaf_value=-0.065505414142793345 0.016672020468237837 0.033708927865205823 -0.00031738461589084417 0.032418831778557124 -0.0034273880972186138 0.042799096904328308 -0.014975106696349119 -0.013329763559052622 -0.0024522910915962745 -0.01006802411696732 0.0068825432797086387 -0.024611857867891981 -0.045949815074719125 -0.015248030388223022 0.041934464279483476 -0.031946237624990347 0.0015237187409292304 0.0055079497331189213 -0.045632916725711903 0.024113140402599341 0.0057532482307692664 -0.0012816446763970106 0.023489698055903726 0.0034407446811629853 -0.0014815635821571499 0.007753471318439736 -0.093115651406581526 -0.0031055634074392954 -0.027473572486062175 0.019506699618267166 0.002912848834053077 -0.026583781827918238 -0.01065718216173117 0.030411425674044541 -0.0015447052167745791 0.045927665255361579 -0.015820285495227317 0.013541667376660831 0.0031412316154593584 -0.001751600093640449 -0.06894993381671434 0.0053095233252893285 -0.020019453500221929 0.03305676953269359 0.039452173681019512 0.00024583382707803539
leaf_weight=539.13023438304663 870.24169284850359 100834.57974173129 45894.665290951729 5253.6307815797627 6199.2607363834977 46106.85999263823 14878.561070516706 2595.6047879904509 72586.089095532894 2466.5094285607338 52240.096702851355 531.32770697027445 968.14104284346104 7916.8033094368875 10328.749646440148 1448.3394310921431 10907.413853488863 159600.96709185094 3469.8414455503225 2030.6198677569628 340555.41525190324 56959.047493822873 17357.864489160478 9942.2366582006216 100025.78130362928 98685.460356488824 328.56415396928787 14945.548246830702 10113.438077226281 6777.1693873107433 218755.38875328004 5966.929187387228 8821.5374564826488 3045.8210512399673 233578.10162696242 1250.8353170752525 21316.342961713672 5849.685610383749 271171.86801151186 128257.97266483307 1158.8942945897579 9388.411558508873 19256.373583495617 1999.3250544369221 10948.228551670909 197524.05771154165
leaf_count=2385 2736 776693 122043 37043 18209 444650 60277 8463 186214 7776 202373 2406 3314 26370 85572 4757 41670 405319 20798 4728 911721 147693 61286 29572 254080 239598 1321 38420 29736 15443 557196 17527 24907 6717 635860 2232 65787 15196 705982 344999 4788 25530 60523 4349 78063 506646
internal_value=0.00417517 0.0106501 0.0203936 0.0241882 0.0298549 0.0311099 0.027449 0.0398076 0.00154325 0.0016339 0.0120848 0.0219169 0.00305748 0.00637212 0.00735613 0.031564 0.0115674 0.00526883 -0.0331391 0.000773707 0.00313175 0.00424164 0.00612522 0.0161884 0.000712701 0.00324327 0.00741866 -0.00258046 -0.0129403 -0.000149714 0.00174975 -0.00368099 0.00533888 0.00329049 -0.000443475 0.000544742 0.00043801 -0.00949761 0.000972761 -0.00368531 -0.0288919 -0.00311019 -0.0117177 -0.00121728 0.0364866 2.04854e-05
internal_weight=2.34165e+06 676747 296390 250496 170615 164416 115713 48702.5 1.6649e+06 1.66056e+06 79880.7 27640.6 380357 181865 173948 13807.7 16161 160140 4340.08 3478.96 964866 661404 376677 27300.1 303462 171600 99014 131862 25059 106803 284727 62926 349377 221801 695694 533167 531916 27166 504750 162527 3625.4 158902 28644.8 130257 11479.6 198492
internal_count=7248968 2830981 1791890 1669847 1308292 1290083 836970 453113 4417987 4394453 361555 159182 1039091 529131 502761 95057 78713 407704 23534 9485 2521431 1756619 1027486 90858 764812 427133 240919 337679 68156 269523 729133 165220 936628 563913 1873022 1425057 1422825 80983 1341842 447965 12564 435401 86053 349348 80469 509960
is_linear=0
shrinkage=0.043658


Tree=65
num_leaves=47
num_cat=0
split_feature=22 27 18 30 27 23 23 30 18 25 23 23 23 23 23 10 25 28 25 35 36 28 30 23 23 30 12 23 2 2 2 25 27 29 2 2 25 23 23 28 30 25 27 23 35 2
split_gain=19445.2 24825 11642.6 8798.65 3396.78 4437.15 14035.3 2540.36 2485.9 2052.75 6112 1928.78 4484.43 5660.51 3000.12 1971.22 1424.59 1420.46 1370.85 1344.76 1356.32 1244.17 1296.89 1208.88 1354.29 1208.61 1101.29 1521.19 1596.51 2152.03 1271.38 1801.96 1701.34 1079.04 1039.58 1325.96 1019.92 2005.76 985.637 982.114 976.502 942.34 904.696 903.907 882.922 867.747
threshold=4.3922832279037738e-05 0.17363108313121958 1.0000000180025095e-35 0.35042422820446301 7.7721813235094368 0.76285651326179515 0.71188408136367809 0.0066036370189105102 1.0000000180025095e-35 9.6210082143492226 0.67310780286788952 0.76038458943367015 0.71188408136367809 0.71178066730499279 0.80000919103622448 85.500000000000014 0.96683895185324353 -2.657172160610449 3.1705488435071909 26.500000000000004 1.0000000180025095e-35 0.75392597193725341 0.36342300761804874 0.76153963804245006 0.80000919103622448 0.53663556292412262 87.500000000000014 0.80000919103622448 27.500000000000004 13.500000000000002 7.5000000000000009 10.805647036389518 4.2468542962635363 66.653130658751039 16.500000000000004 20.500000000000004 10.805647036389518 0.6637515425682069 0.75615385174751293 -2.657172160610449 0.0066036370189105102 9.0955184779314582 5.4595140976471734 0.76543691754341137 17.500000000000004 2.5000000000000004
decision_type=2 2 2 2 2 2 2 2 2 2 2 2 2 2 2 2 2 2 2 2 2 2 2 2 2 2 2 2 2 2 2 2 2 2 2 2 2 2 2 2 2 2 2 2 2 2
left_child=1 9 3 4 5 6 -3 -2 16 39 25 12 13 -5 43 -16 17 -9 -18 20 -20 -19 -23 -6 -25 36 27 30 29 -29 32 -32 -10 -30 -28 -36 45 -38 -14 -1 -41 -21 -7 -13 -4 -11
right_child=7 2 44 11 23 42 -8 8 26 10 -12 14 38 -15 15 -17 18 21 19 41 -22 22 -24 24 -26 -27 34 28 33 -31 31 -33 -34 -35 35 -37 37 -39 -40 40 -42 -43 -44 -45 -46 -47
leaf_value=-0.022702862182884642 -0.032075997145366908 0.03233059376358257 -0.0030403571271294559 0.0055439798021292338 -0.057370011177174829 -0.67879352157042128 -0.011755893879887711 -0.048902813557633297 -0.0020901166717568853 0.023932040797632757 0.038398449214103285 0.041327702506590354 -0.0098406361833047861 0.043538896962735552 -0.041798302917346798 0.012020669822273362 -0.021038793050061781 0.033229211208846039 0.002983753352949784 0.0014970808753868988 -0.010704749406634203 -0.018553688099466673 -0.27092896467049932 0.023617309226019186 -0.016129109022826729 -0.00090597737865744218 0.030327637136458644 -0.00060096799045571754 -0.020256377436538388 -0.025197526540100837 0.0017588494449761367 -0.0072846388561690224 -0.01753514363587369 0.028501044794511161 -0.077585601996808473 0.01553334843881638 -0.0070353257959816073 0.030613336195622454 -0.067478569021359819 -0.084433594187945965 0.00041237932394552892 0.025447408821653333 0.042759146164496137 0.02126276575367312 0.013094547857870049 0.007732569638955941
leaf_weight=3602.4649352729321 4289.5356801822782 99980.640640120953 38110.642648115754 29203.000214755535 636.1155673339963 3.2563122175633898 15960.895667389035 481.40056692063808 138866.5307938531 6814.4787395894527 10647.261400636286 8872.4699795283377 15844.216016095132 10044.223651252687 1826.5685352310538 4474.8962964937091 4552.1629564017057 5810.3059833943844 924550.34797111899 4944.5207995250821 14005.662788130343 219.28525713831186 47.111942738294601 3614.1119230724871 2982.1219541430473 56634.851209953427 4036.3796937912703 12603.824700430036 1202.2105967998505 14673.690321013331 458448.40740718693 46229.913133241236 15069.011083222926 3084.7020924687386 426.59800316393375 919.6806915551424 18600.597791433334 3154.5183294266462 586.39730355143547 258.83197192847729 196037.73836771399 8539.6398638188839 42843.909693751484 8268.7317150048912 7784.5842188447714 83939.727327555418
leaf_count=10851 23534 783132 103406 124643 2749 63 61604 1768 376032 15331 86524 67512 50142 69497 5995 12325 13711 15643 2416440 13231 39455 871 351 22664 8602 145302 8249 35703 3807 48551 1213322 128520 47737 7168 1745 2188 50137 8252 2471 1280 510835 19961 429478 28970 18637 210579
internal_value=0.00400872 0.0102838 0.0198773 0.0236555 0.0293654 0.0306981 0.0262615 0.00147784 0.00156461 0.00293026 0.00631509 0.0116742 0.00725106 0.0152678 0.0221793 -0.0035792 0.0030009 0.0232794 0.00286187 0.00297616 0.00277948 0.0289987 -0.0632461 0.000104114 0.00564766 0.00429548 -0.00042422 -0.000577639 -0.00994012 -0.0138326 -0.000128931 0.000930434 -0.00360208 0.0148268 0.0192468 -0.0139729 0.00691382 -0.001576 -0.0118981 -0.00011408 0.000300462 0.0166653 0.0427033 0.0316489 -0.000303524 0.00894899
internal_weight=2.33373e+06 670727 291037 245142 166021 158789 115942 1.663e+06 1.65871e+06 379690 179791 79120.5 55677.8 39247.2 23442.7 6301.46 963150 6558.1 956592 952040 938556 6076.7 266.397 7232.35 6596.23 169144 695561 690178 31564.4 27277.5 658614 504678 153936 4286.91 5382.66 1346.28 112509 21755.1 16430.6 199899 196297 13484.2 42847.2 17141.2 45895.2 90754.2
internal_count=7248968 2830981 1791890 1669847 1308292 1274277 844736 4417987 4394453 1039091 516125 361555 246753 194140 114802 18320 2521431 18633 2502798 2489087 2455895 16865 1222 34015 31266 429601 1873022 1860840 95229 84254 1765611 1341842 423769 10975 12182 3933 284299 58389 52613 522966 512115 33192 429541 96482 122043 225910
is_linear=0
shrinkage=0.043658


Tree=66
num_leaves=47
num_cat=0
split_feature=22 27 32 23 23 23 23 23 23 3 28 30 31 28 30 25 23 23 19 23 19 35 3 2 31 31 30 3 31 19 25 30 27 28 27 31 30 23 3 22 30 3 2 2 4 26
split_gain=17788.9 23583.2 13823.7 8049.66 7091.68 13443.2 6869.29 11872.5 4374.71 2497.63 3015.01 2433.38 2254.18 2229.05 2181.38 2632.67 2274.04 4884.1 2088.77 3103.43 6251.69 3456.51 5624.29 3326.25 2076.31 2029.4 1975.07 1936.52 1624.14 1600.99 1991.94 1491.86 1305.25 1260.46 1195.09 1169.19 1167.37 1162.02 1506.77 1149.86 1106.93 1090.58 1815.12 1121.19 1041.01 1186.53
threshold=4.9440318253550975e-05 0.17363108313121958 5.7179052829742441 0.67412567138671886 0.76285651326179515 0.71188408136367809 0.71178066730499279 0.67412567138671886 0.6738228201866151 5.5000000000000009 0.44128561604330557 0.031989530961966599 70.250000000000014 -3.4551257773507946 0.45557139690883769 7.8952555202204637 0.68226605653762828 0.67353153228759777 88.500000000000014 0.80000919103622448 78.500000000000014 9.5000000000000018 10.500000000000002 5.5000000000000009 74.211109161376967 57.049999237060554 0.74129065304788522 7.5000000000000009 70.049999237060561 28.500000000000004 9.0273315853933287 0.29586035264799254 0.63253465976660561 0.52665506749732949 0.49396914771930517 61.95000076293946 0.0066036370189105102 0.62001636624336254 5.5000000000000009 0.00015330813291015053 0.060757335152162896 10.500000000000002 21.500000000000004 14.500000000000002 1.0000000180025095e-35 65.851268505936659
decision_type=2 2 2 2 2 2 2 2 2 2 2 2 2 2 2 2 2 2 2 2 2 2 2 2 2 2 2 2 2 2 2 2 2 2 2 2 2 2 2 2 2 2 2 2 2 2
left_child=1 14 4 8 5 6 7 -3 32 10 40 28 -12 25 15 -1 17 36 19 20 26 22 -21 -23 -7 -13 -15 -22 39 -27 -31 34 -4 -26 -11 -33 -17 38 44 -2 -5 43 -43 -40 -16 -46
right_child=11 2 3 9 -6 24 -8 -9 -10 31 12 13 -14 18 37 16 -18 -19 -20 21 27 23 -24 -25 33 29 -28 -29 -30 30 -32 35 -34 -35 -36 -37 -38 -39 41 -41 -42 42 -44 -45 45 -47
leaf_value=-0.0073360143964741843 -0.0064781246529116362 0.038291688962858735 -0.018138639388633707 -0.19592630563205832 0.041992849880902072 -0.023432829682640658 0.041454217876156801 -0.0045254110519869313 0.043397653735214987 -0.12472906821766294 0.029254395080445091 0.015542758303054734 -0.020815360711432911 0.0020966260868483595 -0.0039043302652716854 -0.059319353690139638 -0.025102438184843597 0.035343634890139336 0.026187508046235698 -0.0048781307182412309 -0.10691442823144043 -0.049973352145344346 -0.042287553919498705 0.0067994833990720109 -0.016815761539846645 0.041813602842116396 -0.0031130550971290452 0.03296632292218598 0.0026904150384767698 -0.065027894788595914 -0.0021621646097864013 -0.029027138451114518 0.01710944049739278 0.012557779460466862 -0.011758858876570391 0.0033218284412585789 0.0069500484431551041 0.0037186178984176393 -0.0027631574099296736 -0.043898123051782756 -0.0021631706082063285 0.0030722085362638457 -0.021460074079643853 0.012714421554534889 0.0067301387828564031 -0.02126750643678681
leaf_weight=24164.177362926304 2329.1006603986025 25836.666895821691 2872.9995970278978 56.39599184691906 46087.868659876287 9875.769672062248 44663.17496811226 23634.584990072995 17113.137320127338 180.60612550377846 17683.142083909363 1847.6372051239014 1897.6230892315507 1348282.5310611352 48129.700860992074 508.20152255147696 3861.1351472511888 12249.6074404791 6522.3798496574163 22873.950250774622 191.21915237605572 2114.8469525128603 11517.021355614066 28122.906117096543 4086.2916149497032 436.10250970721245 154608.1842154935 13652.760371297598 4172.2480743899941 3136.0735309422016 1385.0792427510023 2206.8788092955947 6607.263616848737 8739.6812950819731 14862.919997267425 60737.001122891903 159312.49225934222 89486.610181130469 14432.091887131333 4773.5397035628557 12450.73655802384 18021.085715651512 8441.0312667191029 23358.585712119937 3553.5957151800394 15332.605019465089
leaf_count=68769 8030 204819 9946 362 476649 34320 397328 96657 159607 873 105244 4968 8105 3541953 125457 2225 12696 92420 15429 64800 832 7367 39826 72487 13997 944 418344 35257 12766 12690 4014 7068 20685 31278 51260 177316 402825 227720 37838 28498 37405 45088 24293 55069 8650 44422
internal_value=0.00383939 0.00953924 0.0189011 0.00866183 0.0274903 0.0217695 0.029042 0.017836 0.0302182 0.00345392 0.0137063 0.00128241 0.0244018 0.0014253 0.00287475 0.00617618 0.0080321 0.00877564 0.00153216 0.00143046 0.0018297 -0.00793891 -0.0174061 0.00282856 -0.0083862 -0.0235081 0.00156068 0.0310336 -0.0189283 -0.0380637 -0.0457697 -0.000764376 0.00642708 0.00319921 -0.0131158 0.00218756 0.00673928 -0.000117703 -0.00273297 -0.031628 -0.00303801 0.00204393 -0.00475313 0.00680352 -0.00731297 -0.0159993
internal_weight=2.32641e+06 720444 299593 136669 162924 116836 94134.4 49471.3 26593.4 110075 32087.9 1.60597e+06 19580.8 1.59469e+06 420851 200096 175931 172070 1.58789e+06 1.58136e+06 1.51673e+06 64628.7 34391 30237.8 22701.7 6804.89 1.50289e+06 13844 11274.9 4957.26 4521.15 77987.4 9480.26 12826 15043.5 62943.9 159821 220755 131269 7102.64 12507.1 64252.8 26462.1 37790.7 67015.9 18886.2
internal_count=7248596 2980391 1832919 577871 1255048 778399 698804 301476 190238 387633 151116 4268205 113349 4218911 1147472 578935 510166 497470 4196295 4180866 3996386 184480 104626 79854 79595 22616 3960297 36089 49294 17648 16704 236517 30631 45275 52133 184384 405050 568537 340817 36528 37767 162288 69381 92907 178529 53072
is_linear=0
shrinkage=0.043658


Tree=67
num_leaves=47
num_cat=0
split_feature=22 28 32 23 23 23 23 23 23 3 28 30 3 30 25 19 23 36 32 35 28 19 23 19 32 31 31 25 28 31 19 25 35 24 23 31 32 30 24 28 25 35 27 2 23 30
split_gain=16523.7 22294.4 13133.8 7694.05 7294.03 12559.6 7032.97 10992.8 4229.02 2456.51 2605.92 2304.82 2219.14 2195.85 2665.72 2353.19 4163.91 2161.09 3321.68 4818.01 2081.5 1889.68 2596.15 5923.29 3167.47 1869.91 1762.29 1749.07 2186.17 1532.07 1462.08 1829.69 1418.93 1379.38 1378.52 1353.74 1254.2 1232.68 1226.15 1177.09 1199.82 1164.01 1106.85 1037.48 1025.73 1018.86
threshold=4.9999604119414162e-05 0.01904526819661418 5.7179052829742441 0.67412567138671886 0.76285651326179515 0.71188408136367809 0.71178066730499279 0.67412567138671886 0.6738228201866151 5.5000000000000009 0.44128561604330557 0.031989530961966599 1.5000000000000002 0.45557139690883769 7.8952555202204637 65.500000000000014 0.68226605653762828 1.0000000180025095e-35 5.5246915817260751 13.500000000000002 -3.4551257773507946 88.500000000000014 0.80000919103622448 78.500000000000014 11.834272384643556 57.049999237060554 74.211109161376967 10.805647036389518 -1.3757686781033638 70.316669464111342 28.500000000000004 9.0273315853933287 22.500000000000004 66.67761741323298 0.67353153228759777 63.738889694213874 9.0104875564575213 0.28548761028868236 69.966282485590057 0.062544310608337803 9.1340501045207976 23.500000000000004 -17.754164444724697 7.5000000000000009 0.770134598016739 0.80410984956636411
decision_type=2 2 2 2 2 2 2 2 2 2 2 2 2 2 2 2 2 2 2 2 2 2 2 2 2 2 2 2 2 2 2 2 2 2 2 2 2 2 2 2 2 2 2 2 2 2
left_child=1 13 4 8 5 6 7 -3 39 10 -5 29 -12 14 -1 27 34 20 19 -19 25 22 23 -22 -24 -13 38 -16 -29 -2 -27 -32 33 36 -17 -11 -20 -37 -7 40 -4 -28 -15 -23 -6 -35
right_child=11 2 3 9 44 26 -8 -9 -10 35 12 17 -14 42 15 16 -18 18 32 -21 21 43 24 -25 -26 30 41 28 -30 -31 31 -33 -34 45 -36 37 -38 -39 -40 -41 -42 -43 -44 -45 -46 -47
leaf_value=-0.0076048795092809049 -0.030310364635241276 0.037692421794840121 -0.083210103332830035 -0.0015703745577828805 0.042362618162631094 -0.028637382252608888 0.041215595024785931 -0.0035413591026740902 0.043239165095252996 -0.019043657524729387 0.0010465326854675362 0.014853098311093143 0.033381406906892078 -0.010703646473803938 0.0071850471948837315 0.015910004739525505 -0.023481307621981033 -0.090085483542797162 -0.01142179380172958 0.015105438437642419 0.0016581390363948946 -0.013181713852501119 -0.012495217628114804 0.03150252483680728 0.010862091396005477 0.039808734402207314 0.0046432439782385206 0.024759462925383197 -0.015690914385084517 0.0040283088612265167 -0.062792993569691688 -0.0022484594667418955 0.040083547001344227 0.007973988171783377 0.035045413898308328 -0.011005164345714535 -0.050567738561129214 0.0037504650829531237 0.0072434642959745112 0.016692542175383303 -0.0046436871742012208 -0.12087001933155786 0.00069844536232014514 0.033326043916456709 -0.037771210432000997 -0.061472964081279169
leaf_weight=24035.681789405644 7308.3241724669933 24621.744349244982 437.64512585103512 12985.936670430005 44222.527512419969 8161.6822940781713 42992.938833855093 24671.442806277424 16415.725523687899 7015.9533471614122 5769.1888024620712 1840.6635316759348 13541.817918237299 17597.351885020733 130756.52935512364 16925.872208733112 3994.9217874184251 2203.5054611563683 10120.76689837873 1331.2456621825695 1464786.8921157122 1104.5688542053103 48375.921887174249 12786.113295689225 14348.120934709907 433.29606708884239 13101.032920576632 3151.1132984012365 13273.414550319314 3745.5378093421459 3094.5735336691141 1373.8823254853487 1258.5863609164953 9010.2601263597608 12458.335133582354 13213.326949778944 1844.3200936317444 58860.880870383233 2334.3072218522429 6827.4346860125661 2413.3655331395566 142.30709366500378 208429.15184356645 5302.0171274840832 306.48339208588004 421.42906987667084
leaf_count=67549 37367 201033 1714 38969 476574 28735 397353 99407 159340 22427 26011 4946 87683 49094 325895 46497 12970 9226 29276 3107 3856132 3157 142892 33894 35595 939 45956 7162 37553 11455 12652 3989 2565 22671 96869 45288 6537 172069 7314 21459 8106 725 533439 12169 1228 1608
internal_value=0.00368536 0.00912995 0.0183093 0.00840523 0.0267901 0.0210253 0.0283105 0.0170547 0.0297438 0.0034063 0.0135521 0.00119131 0.0237215 0.00277683 0.00605362 0.00787182 0.0183376 0.00133033 -0.0111062 -0.0504683 0.00154001 0.00164552 0.00154711 0.0019164 -0.00715217 -0.0226646 -0.00729565 0.00549826 -0.00793008 -0.0186746 -0.0367536 -0.0441789 -0.00496459 -0.00761464 0.0240232 -0.000736754 -0.0174563 0.00104527 -0.0206572 0.00685364 -0.0167066 0.00329377 -0.000189255 0.025307 0.041811 0.00487023
internal_weight=2.31935e+06 728658 298036 137481 160554 116025 92286.1 49293.2 26094.2 111387 32296.9 1.59069e+06 19311 430622 204596 180560 33379.1 1.57964e+06 26190.1 3534.75 1.55345e+06 1.5467e+06 1.5403e+06 1.47757e+06 62724 6742.42 23739.3 147181 16424.5 11053.9 4901.75 4468.46 22655.4 21396.8 29384.2 79090.2 11965.1 72074.2 10496 9678.45 2851.01 13243.3 226027 6406.59 44529 9431.69
internal_count=7248596 3018419 1841391 583066 1258325 780523 697793 300440 190619 392447 152663 4230177 113694 1177028 594495 526946 156336 4181355 74990 12333 4106365 4083839 4068513 3890026 178487 22526 82730 370610 44715 48822 17580 16641 62657 60092 143366 239784 35813 217357 36049 31279 9820 46681 582533 15326 477802 24279
is_linear=0
shrinkage=0.043658


Tree=68
num_leaves=47
num_cat=0
split_feature=28 18 32 10 31 28 25 10 10 31 26 31 3 3 1 35 2 3 35 3 32 25 28 35 25 29 13 35 31 2 26 32 19 35 2 31 31 17 26 25 27 9 25 27 29 26
split_gain=13008.9 13307.3 9438.43 14414.6 18032.4 6593.29 11811.9 4589.16 3769.97 4651.4 2909.56 2763.69 3276.01 2755.99 3858.84 3253.05 4425.52 5274.61 3588.43 2969.89 5616.64 3859.05 3064.6 3031.74 2954.04 3714.79 4537.26 2895.14 3146.38 2719.69 2696.86 2768.32 2692 2581.05 3016.94 2438.21 2345.59 2308.27 2765.93 2203.45 2611.68 2270.24 2181.15 2062.24 2033.41 1992.1
threshold=-0.069309431080407449 1.0000000180025095e-35 6.0575938224792489 75.500000000000014 70.750000000000014 0.34495366870646543 10.131921292814646 71.500000000000014 67.500000000000014 64.549999237060561 67.526532368113351 56.527778625488288 4.5000000000000009 6.5000000000000009 2.5000000000000004 21.500000000000004 14.500000000000002 5.5000000000000009 14.500000000000002 8.5000000000000018 5.5956327915191659 4.41244260252006 -0.10475007599436781 7.5000000000000009 9.049211183378512 69.639497862738494 60.979166666666679 1.5000000000000002 62.350000381469734 7.5000000000000009 66.459748279493269 9.9654960632324237 61.500000000000007 15.500000000000002 29.500000000000004 70.850002288818374 74.211109161376967 57.003472222222229 67.811401390604871 10.690777695793068 -1.0573029356889305 1.0000000180025095e-35 9.4015492013071214 -9.7483114419373518 61.11185529964618 65.458292519024198
decision_type=2 2 2 2 2 2 2 2 2 2 2 2 2 2 2 2 2 2 2 2 2 2 2 2 2 2 2 2 2 2 2 2 2 2 2 2 2 2 2 2 2 2 2 2 2 2
left_child=13 2 3 4 5 6 -2 -7 9 11 35 12 -4 14 -1 16 17 43 -19 21 24 23 27 -15 25 26 -21 28 -23 30 31 -10 44 -18 -35 -6 -12 38 -17 40 -26 -41 -13 -16 -22 -3
right_child=1 45 8 -5 10 7 -8 -9 29 -11 36 42 -14 19 15 37 33 18 -20 20 32 22 -24 -25 39 -27 -28 -29 -30 -31 -32 -33 -34 34 -36 -37 -38 -39 -40 41 -42 -43 -44 -45 -46 -47
leaf_value=0.0026622469611342786 0.0018511305369100558 0.012670725562773374 0.0092753629495216927 0.036378331227680714 0.041356939967862411 0.033292502397912982 0.033918093952807649 -0.0030191076142574544 -0.037321607654362578 -0.0072802509711460423 -0.016488001436940448 0.00050875109075007498 -0.16639283303415434 -0.084931467054212451 -0.011729828519823309 0.014894026154249944 0.0037016537111741834 -0.040958834522301237 -0.0072011301271197124 -0.0056528040483495691 -0.091490822870009161 -0.033204373807947621 -0.036846185844228635 -0.0039723130629962401 0.0032903714436609611 0.00049388349093603756 -0.071655232092506543 0.0064313915904533128 0.029299909274852428 0.0060993400488551725 0.0011382354869363034 -0.00016722322714626367 0.0067264469302038034 -0.003971705944433304 -0.039849307167994993 -0.10618492630972166 0.0012219949869030911 -0.033416321514705305 -0.045336414467608381 -0.0086636296326306587 -0.081912389962913557 -0.067373573184473873 0.025272074172907638 -0.0014419098586316895 -0.00086719720668476251 -0.0013531137054224925
leaf_weight=338511.87295102328 68841.130202353001 20872.466941066086 536.36772348731756 58246.914037713781 271.96489977836609 62900.913164973259 32105.348453562707 7415.8611187189817 8341.9306010678411 14200.098271943629 27960.209641590714 7879.6880660802126 324.82093045860529 1526.3616667538881 55471.029672369361 5196.9205352962017 180856.24546710402 14031.97337834537 10488.302920758724 3052.8071212172508 473.04329758882523 1679.3356416672468 2967.6094372905791 2087.3477708101273 19001.416973650455 4434.1389460787177 5677.1721329949796 234332.94522599876 17853.672655306756 206824.86925210431 40913.417807001621 7055.1494666673243 150107.85454436392 37245.812051862478 5076.1767475008965 991.82807143777609 29077.730427160859 11566.306900292635 2017.2928029745817 3221.558591902256 711.32635464519262 2057.0723508894444 48565.753857471049 112367.74940412492 189896.58207203448 257325.88581537455
leaf_count=869164 274619 51250 1822 538029 2154 470798 193733 21054 30463 40877 84477 25522 1696 5902 154921 12624 464777 46484 29030 8277 2011 5184 9875 5641 54144 11805 21438 601940 39747 615361 122746 21532 380616 99700 16926 4190 81753 37075 6930 8769 2808 7475 261224 297741 493321 710971
internal_value=0.00353717 0.00763696 0.0111847 0.0169816 0.0120601 0.0191993 0.0120499 0.0294629 0.00619902 0.0150882 -0.00891132 0.0206309 -0.0569852 0.000921915 -0.000832102 -0.00355564 -0.00275237 -0.00760538 -0.0265195 0.00304302 0.000574665 0.00663146 0.00726185 -0.0381696 -0.0153093 -0.0320469 -0.0485753 0.00777748 0.0239259 0.00378339 -0.00472286 -0.0202973 0.0023547 0.00143046 -0.00827506 -0.0744312 -0.00745946 -0.0213285 -0.00194781 -0.0064926 0.000215467 -0.0315439 0.0218152 -0.00484211 -0.00109243 -0.000300928
internal_weight=2.31256e+06 900652 622454 287812 229565 171263 100946 70316.8 334642 71506.7 58301.7 57306.6 861.189 1.41191e+06 772830 434318 415537 192359 24520.3 639080 378633 260447 256834 3613.71 38155.5 13164.1 8729.98 253866 19533 263135 56310.5 15397.1 340477 223178 42322 1263.79 57037.9 18780.5 7214.21 24991.4 19712.7 5278.63 56445.4 167839 190370 278198
internal_count=7248596 3554271 2792050 1670807 1132778 960204 468352 491852 1121243 331141 172574 290264 3518 3694325 2035372 1166208 1109579 528176 75514 1658953 990664 668289 656746 11543 114716 41520 29715 646871 44931 790102 174741 51995 875948 581403 116626 6344 166230 56629 19554 73196 56952 16244 286746 452662 495332 762221
is_linear=0
shrinkage=0.043658


Tree=69
num_leaves=47
num_cat=0
split_feature=22 28 32 23 23 23 23 23 23 3 28 30 3 30 25 19 23 28 12 25 24 19 23 31 24 25 3 24 25 28 23 27 22 23 2 30 31 30 3 35 31 35 28 35 25 28
split_gain=14539.6 19935.2 12164.3 7249.07 11664.5 7104.76 7035.59 10491.1 4178.87 2279.04 2464.09 2188.25 2127.53 1963.7 2400.52 2123.85 3787.97 1851.58 1820.22 1809.19 2050.98 1838.98 2432.92 1719.93 2728.8 2255.41 3425.78 1851.55 1599.1 2025 1538.81 1534.18 1408.36 1374.49 1271.63 1244.18 1227.78 1211.4 1187.6 1158.57 1507.39 1079.73 1064.9 1063.84 1060.08 1015.74
threshold=4.9999604119414162e-05 0.01904526819661418 5.7179052829742441 0.76285651326179515 0.71188408136367809 0.67412567138671886 0.71178066730499279 0.67412567138671886 0.6738228201866151 5.5000000000000009 0.44128561604330557 0.0066036370189105102 1.5000000000000002 0.45557139690883769 7.8952555202204637 65.500000000000014 0.68226605653762828 -3.4551257773507946 40.500000000000007 5.7333240670131476 70.743850446677385 88.500000000000014 0.80000919103622448 62.049999237060554 65.19350882456915 0.96683895185324353 9.5000000000000018 63.073835467049356 10.805647036389518 -1.2328472173705511 0.76153963804245006 -3.9071771633792163 1.0000000180025095e-35 0.67353153228759777 16.500000000000004 0.076506124735200215 63.738889694213874 0.21287951186004037 3.5000000000000004 3.5000000000000004 56.45000076293946 12.500000000000002 0.062544310608337803 23.500000000000004 9.1340501045207976 -3.4551257773507946
decision_type=2 2 2 2 2 2 2 2 2 2 2 2 2 2 2 2 2 2 2 2 2 2 2 2 2 2 2 2 2 2 2 2 2 2 2 2 2 2 2 2 2 2 2 2 2 2
left_child=1 13 3 4 6 8 7 -3 42 10 -7 38 -12 14 -1 28 33 18 39 23 21 22 -21 24 27 -25 -27 -19 -16 -30 32 -26 -6 -17 -22 -11 -37 -36 -2 40 -13 -41 44 -32 -4 -15
right_child=11 2 5 -5 30 9 -8 -9 -10 35 12 17 -14 45 15 16 -18 19 -20 20 34 -23 -24 25 31 26 -28 -29 29 -31 43 -33 -34 -35 37 36 -38 -39 -40 41 -42 -43 -44 -45 -46 -47
leaf_value=-0.0072458192710618324 0.017100376004213144 0.037048021249073686 -0.077839961583335879 0.041457506272134528 -0.019837912851574629 -0.0016412513977463903 0.04082510012699541 -0.0038807734806897221 0.042997482972092597 -0.045075456647761698 0.00095652650073874818 0.051894349362544924 0.032783165315569379 -0.043266065703884124 0.0068075760784272613 0.014965897989987527 -0.022094658779961428 0.0014121654497057283 -0.057422433695429424 0.0012029978794844431 -0.055609027989365761 0.024445696407143846 -0.0074989610153038035 0.031647003738132042 0.023262270812248628 -0.0085715796810938924 0.011824054812106516 -0.051469613578661234 0.017776422736499643 -0.01687374674640503 0.032747139159426182 -0.005863041613192909 0.0026486397499953383 0.034358971295014744 -0.084937821788295259 -0.017648119745099031 0.0015768159243175308 0.0085792753451863196 -0.043287871909919021 0.020427677200904132 -0.06391249730192225 -0.036619914630679422 0.015764133246850963 -0.37760621855510906 -0.0046033780364999706 -2.1924532639858013e-05
leaf_weight=24098.116470552981 772.02099693566561 23274.916100937873 446.53818702697754 41380.144498446956 12657.086703173816 12966.053084641695 40298.296517424285 24503.729887016118 15414.564975205809 1192.5473021641374 5760.7177519872785 266.21096125245094 13124.704635400325 1040.0079057514668 130310.60537091643 16648.942835181952 4036.51896494627 7120.2069645822048 1938.2103495895863 1393629.8870035559 1954.293144017458 6307.0908887088299 64052.530646711588 4696.3207516744733 28008.467627704144 36088.798915274441 27779.526061631739 1533.7489868551493 4382.5208960622549 12062.929179988801 1926.5700190737844 3930.7524606510997 9143.7215802893043 11978.447091702372 313.02083724737167 6953.5146810337901 70794.011051204056 1684.6776786893606 3164.9668335318565 2565.8457366675138 1095.8144817352295 839.10753008723259 6722.8940004445612 12.060938745737074 2408.4117222838104 224809.90207696334
leaf_count=67549 2408 201033 1714 477802 46851 38969 397353 99407 159340 4882 26011 482 87683 3585 325895 46497 12970 18324 8086 3694285 6886 15326 183062 13135 61326 100223 70479 5170 10398 34317 9525 11214 26221 96869 1269 22021 212881 4257 20287 6597 4393 2968 21459 133 8106 578948
internal_value=0.00339444 0.00854821 0.0174134 0.0258462 0.0200688 0.00789911 0.0273895 0.0160572 0.0289254 0.00315594 0.0130135 0.0010627 0.0230751 0.00258161 0.00569186 0.00742956 0.0174979 0.00114351 -0.0217496 0.00124084 0.000837613 0.000922403 0.000820619 0.00666339 0.0137856 0.00244667 0.000299449 -0.00795999 0.0051886 -0.00763964 -0.00709169 0.0196777 -0.0104064 0.0230806 -0.0305709 -0.00082145 -0.000142574 -0.00607421 -0.0314451 -0.00724419 -0.0412741 0.00636764 0.00627743 0.0301816 -0.0160607 -0.000221084
internal_weight=2.30609e+06 718348 288980 153197 111816 135784 88076.9 47778.6 24992.4 110792 31851.5 1.58774e+06 18885.4 429368 203518 179420 32663.9 1.5838e+06 6705.19 1.5771e+06 1.46794e+06 1.46399e+06 1.45768e+06 109158 40593.2 68564.6 63868.3 8653.96 146756 16445.5 23739.4 31939.2 21800.8 28627.4 3951.99 78940.1 77747.5 1997.7 3936.99 4766.98 1362.03 3404.95 9577.84 1938.63 2854.95 225850
internal_count=7248596 3018419 1841391 1258325 780523 583066 697793 300440 190619 392447 152663 4230177 113694 1177028 594495 526946 156336 4207482 22526 4184956 3905085 3892673 3877347 279871 96034 183837 170702 23494 370610 44715 82730 72540 73072 143366 12412 239784 234902 5526 22695 14440 4875 9565 31279 9658 9820 582533
is_linear=0
shrinkage=0.043658


end of trees

feature_importances:
headroom_to_ondemand=557
family_stress_index=384
family_hour_zscore=264
month=217
family_avg_savings=204
price_volatility_6h=202
savings_std_144=187
family_hour_std_savings=160
family_std_savings=144
days_to_nearest_event=144
family_hour_deviation=132
day_of_month=99
family_dow_avg_savings=70
savings_lag_6=63
family_weekend_avg_savings=50
savings_min_144=49
family_hour_avg_savings=47
price_velocity_1h=43
pool_historical_zero_rate=41
savings_lag_144=38
day_of_week=35
savings_lag_24=18
savings_std_24=16
savings_mean_144=16
day_cos=11
savings_max_144=10
savings_mean_24=6
savings_min_24=6
day_sin=5
is_weekend=1
savings_max_24=1

parameters:
[boosting: gbdt]
[objective: binary]
[metric: auc]
[tree_learner: serial]
[device_type: cpu]
[data_sample_strategy: bagging]
[data: ]
[valid: ]
[num_iterations: 1000]
[learning_rate: 0.043658]
[num_leaves: 47]
[num_threads: 8]
[seed: 42]
[deterministic: 0]
[force_col_wise: 0]
[force_row_wise: 0]
[histogram_pool_size: -1]
[max_depth: 7]
[min_data_in_leaf: 29]
[min_sum_hessian_in_leaf: 0.095147]
[bagging_fraction: 0.75301]
[pos_bagging_fraction: 1]
[neg_bagging_fraction: 1]
[bagging_freq: 6]
[bagging_seed: 400]
[bagging_by_query: 0]
[feature_fraction: 0.845966]
[feature_fraction_bynode: 1]
[feature_fraction_seed: 30056]
[extra_trees: 0]
[extra_seed: 12879]
[early_stopping_round: 0]
[early_stopping_min_delta: 0]
[first_metric_only: 0]
[max_delta_step: 0]
[lambda_l1: 0.079073]
[lambda_l2: 0.055601]
[linear_lambda: 0]
[min_gain_to_split: 0]
[drop_rate: 0.1]
[max_drop: 50]
[skip_drop: 0.5]
[xgboost_dart_mode: 0]
[uniform_drop: 0]
[drop_seed: 17869]
[top_rate: 0.2]
[other_rate: 0.1]
[min_data_per_group: 100]
[max_cat_threshold: 32]
[cat_l2: 10]
[cat_smooth: 10]
[max_cat_to_onehot: 4]
[top_k: 20]
[monotone_constraints: ]
[monotone_constraints_method: basic]
[monotone_penalty: 0]
[feature_contri: ]
[forcedsplits_filename: ]
[refit_decay_rate: 0.9]
[cegb_tradeoff: 1]
[cegb_penalty_split: 0]
[cegb_penalty_feature_lazy: ]
[cegb_penalty_feature_coupled: ]
[path_smooth: 0]
[interaction_constraints: ]
[verbosity: -1]
[saved_feature_importance_type: 0]
[use_quantized_grad: 0]
[num_grad_quant_bins: 4]
[quant_train_renew_leaf: 0]
[stochastic_rounding: 1]
[linear_tree: 0]
[max_bin: 255]
[max_bin_by_feature: ]
[min_data_in_bin: 3]
[bin_construct_sample_cnt: 200000]
[data_random_seed: 175]
[is_enable_sparse: 1]
[enable_bundle: 1]
[use_missing: 1]
[zero_as_missing: 0]
[feature_pre_filter: 1]
[pre_partition: 0]
[two_round: 0]
[header: 0]
[label_column: ]
[weight_column: ]
[group_column: ]
[ignore_column: ]
[categorical_feature: ]
[forcedbins_filename: ]
[precise_float_parser: 0]
[parser_config_file: ]
[objective_seed: 16083]
[num_class: 1]
[is_unbalance: 0]
[scale_pos_weight: 3.08559]
[sigmoid: 1]
[boost_from_average: 1]
[reg_sqrt: 0]
[alpha: 0.9]
[fair_c: 1]
[poisson_max_delta_step: 0.7]
[tweedie_variance_power: 1.5]
[lambdarank_truncation_level: 30]
[lambdarank_norm: 1]
[label_gain: ]
[lambdarank_position_bias_regularization: 0]
[eval_at: ]
[multi_error_top_k: 1]
[auc_mu_weights: ]
[num_machines: 1]
[local_listen_port: 12400]
[time_out: 120]
[machine_list_filename: ]
[machines: ]
[gpu_platform_id: -1]
[gpu_device_id: -1]
[gpu_use_dp: 0]
[num_gpu: 1]

end of parameters

pandas_categorical:[]
