tree
version=v4
num_class=1
num_tree_per_iteration=1
label_index=0
max_feature_idx=36
objective=regression
feature_names=hour day_of_week day_of_month month is_weekend is_business_hours hour_sin hour_cos day_sin day_cos savings_lag_6 savings_lag_24 savings_lag_144 savings_mean_24 savings_std_24 savings_min_24 savings_max_24 savings_mean_144 savings_std_144 savings_min_144 savings_max_144 price_velocity_1h price_volatility_6h headroom_to_ondemand family_hour_avg_savings family_hour_std_savings family_dow_avg_savings family_hour_deviation family_hour_zscore family_weekend_avg_savings family_stress_index family_avg_savings family_std_savings is_holiday is_stress_event days_to_nearest_event pool_historical_zero_rate
feature_infos=[0:23] [0:6] [1:31] [1:12] [0:1] [0:1] [-1:1] [-1:1] [-0.97492791218182362:0.97492791218182362] [-0.90096886790241903:1] [22:90] [22:90] [22:90] [22:90] [0:1.0179547554135804] [22:90] [22:90] [22.375:90] [0:1.3992311130933803] [22:90] [23:90] [-0.026660799980163574:0.03427577018737793] [0:0.037217218873630206] [0.22720584273338318:0.90000003576278687] [57.98341094295693:76] [0:11.35008842400093] [57.967921777167852:76] [-42.056703660059441:24.20639593597943] [-5:3.2151860207724048] [57.9991483853386:76] [0:0.95230420815335415] [52.200000762939453:76] [0:17.986413955688477] [0:1] [0:1] [0:29] [0:4.9381022453308105]
tree_sizes=2220 2293 2298 2283 2281 2280 2260 2266 2285 2255 2287 2260 2270 2258 2270 2291 2267 2242 2268 2262 2258 2262 2275 2283 2259 2249 2278 2257 2259 2290 2279 2256 2280 2275 2257 2297 2305 2277 2286 2269 2285 2289 2263 2270 2291 2273 2290 2268 2294 2303 2305 2293 2296 2308 2305 2294 2338 2314 2297 2333 2329 2324 2311 2334 2318 2333 2318 2355 2352 2347 2312 2323 2333 2309 2309 2316 2360 2328 2359 2350 2337 2350 2314 2318 2308 2279 2317 2300 2305 2292 2315 2304 2293 2281 2332 2260 2325 2309 2242 2291 2301 2223 2319 2277 2307 2269 2261 2262 2258 2229 2259 2263 2261 2254 2211 2286 2241 2249 2184 2188 2213 2290 2174 2227 2136 2254 2168 2232 2260 2288 2215 2264

Tree=0
num_leaves=21
num_cat=0
split_feature=13 10 10 10 10 13 10 13 10 16 13 16 10 10 10 10 10 10 10 10
split_gain=3.89202e+08 9.93171e+07 6.38046e+07 2.06971e+07 1.75184e+07 1.41245e+07 1.08659e+07 2.75333e+06 2.68756e+06 2.26256e+06 2.10715e+06 1.51089e+06 1.2109e+06 1.15661e+06 1.08033e+06 1.05898e+06 445256 441779 413104 308769
threshold=63.979166666666679 72.500000000000014 54.500000000000007 80.500000000000014 68.500000000000014 46.020833333333336 59.500000000000007 65.979166666666671 38.500000000000007 51.500000000000007 75.020833333333357 57.500000000000007 84.500000000000014 61.500000000000007 77.500000000000014 70.500000000000014 49.500000000000007 66.500000000000014 43.500000000000007 32.500000000000007
decision_type=2 2 2 2 2 2 2 2 2 2 2 2 2 2 2 2 2 2 2 2
left_child=2 4 5 10 7 8 11 -2 19 16 -3 -4 -5 -8 -12 -6 -7 -9 -10 -1
right_child=1 3 6 12 15 9 13 17 18 -11 14 -13 -14 -15 -16 -17 -18 -19 -20 -21
leaf_value=62.980814390002038 65.60657099789664 66.306262498009374 64.968967618400725 66.959034116409597 65.980305127754193 64.378239708015869 65.304264494214479 65.716401381493057 63.87723725018791 64.744330885255764 66.471627839166558 65.150635243978613 67.287365580792937 65.455143883203874 66.69074831607513 66.106189817584266 64.554195093909541 65.808505732601802 64.147224390953724 63.443234363753888
leaf_weight=11525 704383 430164 553825 101710 626628 149563 515579 392204 61702 373693 780771 484431 168377 646219 151677 947562 177598 1173229 66477 27932
leaf_count=11525 704383 430164 553825 101710 626628 149563 515579 392204 61702 373693 780771 484431 168377 646219 151677 947562 177598 1173229 66477 27932
internal_value=65.6925 66.072 65.0151 66.5629 65.8635 64.4698 65.2303 65.7299 63.8503 64.618 66.4438 65.0537 67.1637 65.3882 66.5073 66.0561 64.4738 65.7854 64.0173 63.3081
internal_weight=8.54525e+06 5.4767e+06 3.06854e+06 1.6327e+06 3.84401e+06 868490 2.20005e+06 2.26982e+06 167636 700854 1.36261e+06 1.03826e+06 270087 1.1618e+06 932448 1.57419e+06 327161 1.56543e+06 128179 39457
internal_count=8545249 5476705 3068544 1632699 3844006 868490 2200054 2269816 167636 700854 1362612 1038256 270087 1161798 932448 1574190 327161 1565433 128179 39457
is_linear=0
shrinkage=1


Tree=1
num_leaves=21
num_cat=0
split_feature=16 13 13 15 13 13 16 15 16 13 13 15 13 13 15 13 16 13 13 15
split_gain=3.33116e+08 7.66692e+07 6.33535e+07 1.59577e+07 1.41916e+07 1.3933e+07 1.0008e+07 2.88839e+06 2.40228e+06 1.38455e+06 1.27643e+06 1.23609e+06 1.20245e+06 1.04793e+06 1.03424e+06 475087 447378 444139 438301 353876
threshold=64.500000000000014 73.020833333333357 55.020833333333336 80.500000000000014 47.020833333333336 68.979166666666671 60.500000000000007 39.500000000000007 52.500000000000007 58.020833333333336 77.020833333333357 70.500000000000014 66.020833333333357 85.020833333333357 62.500000000000007 44.020833333333336 50.500000000000007 71.979166666666671 75.020833333333357 33.500000000000007
decision_type=2 2 2 2 2 2 2 2 2 2 2 2 2 2 2 2 2 2 2 2
left_child=2 5 4 10 7 12 9 19 16 -4 18 -7 -2 -5 -8 -9 -6 -13 -3 -1
right_child=1 3 6 13 8 11 14 15 -10 -11 -12 17 -14 -15 -16 -17 -18 -19 -20 -21
leaf_value=-2.4555239635356627 -0.013043734470007217 0.60855711846900562 -0.60159488728072352 1.2112613919133399 -1.1483691535837919 0.26829563371317439 -0.2882563564966108 -1.6240736075405531 -0.80854008768431007 -0.43283782470608767 0.92295808481534269 0.36819704996950992 0.10739627990403761 1.5081051546648678 -0.15107439117287627 -1.3621926102212154 -0.98886606906095753 0.47071061138322873 0.72032575295719481 -2.0112065604444731
leaf_weight=14984 767679 265575 631133 131864 191376 624033 607677 71097 423787 485507 154987 754926 1198108 136757 633667 86931 206257 348754 778927 31223
leaf_count=14984 767679 265575 631133 131864 191376 624033 607677 71097 423787 485507 154987 754926 1198108 136757 633667 86931 206257 348754 778927 31223
internal_value=-7.78543e-05 0.379711 -0.579431 0.838978 -1.07234 0.197159 -0.365028 -1.6328 -0.932994 -0.528221 0.721762 0.352807 0.0603621 1.36239 -0.218229 -1.48002 -1.06563 0.400591 0.691908 -2.15531
internal_weight=8.54525e+06 5.16161e+06 3.38364e+06 1.46811e+06 1.02566e+06 3.6935e+06 2.35798e+06 204235 821420 1.11664e+06 1.19949e+06 1.72771e+06 1.96579e+06 268621 1.24134e+06 158028 397633 1.10368e+06 1.0445e+06 46207
internal_count=8545249 5161610 3383639 1468110 1025655 3693500 2357984 204235 821420 1116640 1199489 1727713 1965787 268621 1241344 158028 397633 1103680 1044502 46207
is_linear=0
shrinkage=0.075129


Tree=2
num_leaves=21
num_cat=0
split_feature=23 23 23 23 23 23 23 23 23 10 23 23 23 23 23 23 23 23 10 15
split_gain=2.85194e+08 7.21207e+07 4.73931e+07 1.49512e+07 1.28227e+07 1.04159e+07 8.08766e+06 2.03855e+06 1.91456e+06 1.64138e+06 1.44875e+06 1.12459e+06 920919 917049 853529 836299 350960 325482 280127 258188
threshold=0.64112070202827465 0.73115593194961559 0.55033984780311596 0.81285843253135692 0.68942305445671093 0.46038834750652319 0.59950739145278942 0.51033937931060802 0.66057932376861583 37.500000000000007 0.75117507576942455 0.57130533456802379 0.62001636624336254 0.78044295310974132 0.86075130105018627 0.70961382985115062 0.52983984351158153 0.67927435040473949 48.500000000000007 41.500000000000007
decision_type=2 2 2 2 2 2 2 2 2 2 2 2 2 2 2 2 2 2 2 2
left_child=2 4 5 10 8 9 11 18 -2 -1 -3 -4 -8 -12 -5 -6 -9 -10 -7 -11
right_child=1 3 6 14 15 7 12 16 17 19 13 -13 -14 -15 -16 -17 -18 -19 -20 -21
leaf_value=-2.0880910479283035 -0.070881621703148781 0.5040690229069652 -0.64909347366450532 1.1302738321670083 0.24356981085572993 -1.1916841504941349 -0.33295807756690682 -0.91136664649844901 0.063359482204143086 -1.6611567635885101 0.66004866163061116 -0.48616202308253992 -0.20011737512831884 0.85808905896232457 1.3999812788281607 0.35468470013374748 -0.78045215553466707 0.15232597789810023 -1.0333387906859195 -1.4116476302099814
leaf_weight=33873 688671 307870 379711 132981 625286 107946 527986 203472 1257644 34025 883455 645778 666273 155161 131966 983966 267660 284640 151745 75140
leaf_count=33873 688671 307870 379711 132981 625286 107946 527986 203472 1257644 34025 883455 645778 666273 155161 131966 983966 267660 284640 151745 75140
internal_value=-7.20153e-05 0.326881 -0.576237 0.748718 0.149869 -1.0449 -0.391734 -0.930151 0.0332717 -1.6312 0.647206 -0.546491 -0.258847 0.689635 1.26461 0.31151 -0.836992 0.0797789 -1.09916 -1.48942
internal_weight=8.54525e+06 5.45164e+06 3.09361e+06 1.61143e+06 3.84021e+06 873861 2.21975e+06 730823 2.23096e+06 143038 1.34649e+06 1.02549e+06 1.19426e+06 1.03862e+06 264947 1.60925e+06 471132 1.54228e+06 259691 109165
internal_count=8545249 5451640 3093609 1611433 3840207 873861 2219748 730823 2230955 143038 1346486 1025489 1194259 1038616 264947 1609252 471132 1542284 259691 109165
is_linear=0
shrinkage=0.075129


Tree=3
num_leaves=21
num_cat=0
split_feature=10 10 10 10 10 10 10 10 15 10 10 10 10 10 10 10 10 10 13 10
split_gain=2.43985e+08 5.58456e+07 4.67357e+07 1.16745e+07 1.04973e+07 1.00811e+07 7.32966e+06 2.21217e+06 1.7114e+06 1.15767e+06 1.03563e+06 938590 852159 762776 594229 368440 356802 311200 283982 277090
threshold=64.500000000000014 73.500000000000014 55.500000000000007 81.500000000000014 46.500000000000007 68.500000000000014 60.500000000000007 51.500000000000007 38.500000000000007 77.500000000000014 58.500000000000007 70.500000000000014 66.500000000000014 62.500000000000007 86.500000000000014 53.500000000000007 71.500000000000014 75.500000000000014 49.020833333333336 42.500000000000007
decision_type=2 2 2 2 2 2 2 2 2 2 2 2 2 2 2 2 2 2 2 2
left_child=2 5 4 9 8 12 10 18 -1 17 -4 -7 -2 -8 -5 -9 -13 -3 -6 -10
right_child=1 3 6 14 7 11 13 15 19 -11 -12 16 -14 -15 -16 -17 -18 -19 -20 -21
leaf_value=-1.8861726982456823 -0.0092450920629741466 0.52264312514683464 -0.51254429284118319 1.0997930187041054 -1.0414680776710012 0.22768251703096248 -0.24707913379182966 -0.78642418024153427 -1.4794071410234475 0.80234603878644783 -0.36677635802561898 0.31321106019547651 0.092616193431039245 -0.12917528232710662 1.3407657642834712 -0.66058066759856404 0.40397050844432775 0.61707419528567187 -0.90093072781205785 -1.2459906853163396
leaf_weight=39885 766394 263902 633012 155597 143891 626628 581078 231072 42954 174286 486569 756318 1173229 663186 91881 304235 361285 776992 186222 86633
leaf_count=39885 766394 263902 633012 155597 143891 626628 581078 231072 42954 174286 486569 756318 1173229 663186 91881 304235 361285 776992 186222 86633
internal_value=-6.66198e-05 0.326168 -0.494064 0.718926 -0.915116 0.170225 -0.309728 -0.80923 -1.45582 0.623139 -0.449194 0.301284 0.0523682 -0.184237 1.18926 -0.714903 0.342551 0.593133 -0.96219 -1.32336
internal_weight=8.54525e+06 5.14651e+06 3.39874e+06 1.46266e+06 1.03489e+06 3.68385e+06 2.36384e+06 865420 169472 1.21518e+06 1.11958e+06 1.74423e+06 1.93962e+06 1.24426e+06 247478 535307 1.1176e+06 1.04089e+06 330113 129587
internal_count=8545249 5146512 3398737 1462658 1034892 3683854 2363845 865420 169472 1215180 1119581 1744231 1939623 1244264 247478 535307 1117603 1040894 330113 129587
is_linear=0
shrinkage=0.075129


Tree=4
num_leaves=21
num_cat=0
split_feature=23 23 23 13 23 23 23 23 10 23 23 23 23 23 23 23 23 10 10 10
split_gain=2.08877e+08 5.32579e+07 3.42298e+07 1.11826e+07 9.27043e+06 7.64328e+06 5.7308e+06 1.49184e+06 1.22381e+06 1.1968e+06 1.10588e+06 1.05658e+06 1.04955e+06 935549 572214 376053 259419 238450 231752 208072
threshold=0.64029967784881603 0.72947821021080028 0.55033984780311596 79.979166666666671 0.68226605653762828 0.46038834750652319 0.60077652335166942 0.51033937931060802 36.500000000000007 0.66057932376861583 0.84335336089134227 0.75117507576942455 0.70091050863266002 0.57847285270690929 0.62118539214134227 0.770134598016739 0.53233033418655407 87.500000000000014 41.500000000000007 48.500000000000007
decision_type=2 2 2 2 2 2 2 2 2 2 2 2 2 2 2 2 2 2 2 2
left_child=2 4 5 11 9 8 13 19 -1 -2 -5 -3 -6 -4 -8 -13 -9 -12 -10 -7
right_child=1 3 6 10 12 7 14 16 18 -11 17 15 -14 -15 -16 -17 -18 -19 -20 -21
leaf_value=-1.8310148523191172 -0.062535838126670615 0.42710107058121205 -0.53433302591121989 0.86907329478215867 0.16210325329989259 -1.0201479106448721 -0.27814044626719586 -0.77237213457455711 -1.4372678009010502 0.057791449265348308 1.1021402838504892 0.55996462013959647 0.28794716144444604 -0.39297027932858564 -0.17122704891564894 0.68357992746696405 -0.66086370505429382 1.2857543415195631 -1.209678362960914 -0.8836787007254614
leaf_weight=29121 715491 338896 530898 122673 534801 107946 527858 233510 37821 1341031 126873 828860 1244678 526129 608043 166881 237622 58276 76096 151745
leaf_count=29121 715491 338896 530898 122673 534801 107946 527858 233510 37821 1341031 126873 828860 1244678 526129 608043 166881 237622 58276 76096 151745
internal_value=-6.16309e-05 0.277847 -0.496514 0.63583 0.12457 -0.894125 -0.338069 -0.795826 -1.39636 0.015928 1.04402 0.541684 0.250126 -0.463971 -0.22091 0.580682 -0.716132 1.15994 -1.28524 -0.940406
internal_weight=8.54525e+06 5.47846e+06 3.06679e+06 1.64246e+06 3.836e+06 873861 2.19293e+06 730823 143038 2.05652e+06 307822 1.33464e+06 1.77948e+06 1.05703e+06 1.1359e+06 995741 471132 185149 113917 259691
internal_count=8545249 5478460 3066789 1642459 3836001 873861 2192928 730823 143038 2056522 307822 1334637 1779479 1057027 1135901 995741 471132 185149 113917 259691
is_linear=0
shrinkage=0.075129


Tree=5
num_leaves=21
num_cat=0
split_feature=23 23 23 10 23 23 23 10 23 23 23 23 23 23 10 23 15 10 23 23
split_gain=1.78768e+08 4.12348e+07 3.39391e+07 8.61618e+06 7.82325e+06 7.47377e+06 5.09046e+06 1.5085e+06 1.40271e+06 859574 753616 722031 618528 518511 438936 254306 251786 250808 237874 227287
threshold=0.64923548698425304 0.73942306637763988 0.5607682764530183 81.500000000000014 0.47766967117786413 0.69124999642372142 0.61040237545967113 39.500000000000007 0.52206307649612438 0.77471512556076061 0.58117648959159862 0.66970753669738781 0.71039602160453807 0.63059458136558544 86.500000000000014 0.72058704495430004 32.500000000000007 43.500000000000007 0.53944709897041332 0.75888618826866161
decision_type=2 2 2 2 2 2 2 2 2 2 2 2 2 2 2 2 2 2 2 2
left_child=2 5 4 9 7 11 10 16 -6 19 -4 -2 -7 -8 -5 -14 -1 -9 -10 -3
right_child=1 3 6 14 8 12 13 17 18 -11 -12 -13 15 -15 -16 -17 -18 -19 -20 -21
leaf_value=-1.8832169942964931 -0.011114400811564732 0.44242235195210189 -0.46162539199027258 0.94137846704933181 -0.80428316275475653 0.19841487794039742 -0.20880216966066115 -1.2190450942531132 -0.66919040787254613 0.67482816261433298 -0.33367684330905545 0.081431075455280583 0.26907714991521919 -0.11038351555473505 1.1484839467695696 0.34725971493374364 -1.4798906719037845 -1.0185895595179117 -0.5657504402957001 0.52462049556910051
leaf_weight=11772 777642 251790 412502 155597 323396 598821 590644 55436 204438 199629 702074 1226078 756374 618594 91881 340571 33951 96730 324985 772344
leaf_count=11772 777642 251790 412502 155597 323396 598821 590644 55436 204438 199629 702074 1226078 756374 618594 91881 340571 33951 96730 324985 772344
internal_value=-5.70109e-05 0.277544 -0.42542 0.613972 -0.779753 0.14375 -0.26521 -1.20533 -0.681001 0.532211 -0.38103 0.0455143 0.259826 -0.158455 1.01827 0.293351 -1.58374 -1.09162 -0.605694 0.504412
internal_weight=8.54525e+06 5.17073e+06 3.37452e+06 1.47124e+06 1.05071e+06 3.69949e+06 2.32381e+06 197889 852819 1.22376e+06 1.11458e+06 2.00372e+06 1.69577e+06 1.20924e+06 247478 1.09694e+06 45723 152166 529423 1.02413e+06
internal_count=8545249 5170727 3374522 1471241 1050708 3699486 2323814 197889 852819 1223763 1114576 2003720 1695766 1209238 247478 1096945 45723 152166 529423 1024134
is_linear=0
shrinkage=0.075129


Tree=6
num_leaves=21
num_cat=0
split_feature=23 23 23 10 23 23 23 23 10 23 10 23 10 23 23 23 10 10 23 23
split_gain=1.52978e+08 3.90063e+07 2.50789e+07 8.23979e+06 6.84043e+06 5.43993e+06 4.44862e+06 1.0318e+06 908747 850243 841173 806504 772490 640010 540999 264111 191810 168440 158272 154605
threshold=0.64029967784881603 0.72947821021080028 0.54824754595756542 79.500000000000014 0.68125599622726452 0.46038834750652319 0.59703248739242565 0.51033937931060802 36.500000000000007 0.65978154540061962 83.500000000000014 0.69993185997009288 74.500000000000014 0.56993085145950328 0.6191176474094392 0.770134598016739 87.500000000000014 41.500000000000007 0.49092386662960058 0.52983984351158153
decision_type=2 2 2 2 2 2 2 2 2 2 2 2 2 2 2 2 2 2 2 2
left_child=2 4 5 12 9 8 13 18 -1 -2 -5 -6 -3 -4 -8 -14 -12 -10 -7 -9
right_child=1 3 6 10 11 7 14 19 17 -11 16 -13 15 -15 -16 -17 -18 -19 -20 -21
leaf_value=-1.5703368515389367 -0.056052943196965903 0.36208311834136531 -0.48708330849188936 0.73331630919313762 0.13565159043422803 -0.87216491238449401 -0.25108467276491703 -0.6654769585721354 -1.2292254089809558 0.046736260129606952 0.93983425935938059 0.24553457933519157 0.47837670375067587 -0.36305355567828035 -0.15082195620797784 0.58224210410490762 1.1028973905885218 -1.0353832874107409 -0.75398724250851079 -0.57631881308699484
leaf_weight=29055 686692 324218 378939 116391 536020 114228 557449 203132 37885 1341678 135423 1270984 843992 617504 667486 165249 58246 76276 145447 238943
leaf_count=29055 686692 324218 378939 116391 536020 114228 557449 203132 37885 1341678 135423 1270984 843992 617504 667486 165249 58246 76276 145447 238943
internal_value=5.47382e-05 0.237862 -0.424855 0.54409 0.106638 -0.773226 -0.292341 -0.687109 -1.1952 0.0119376 0.892945 0.21294 0.462973 -0.410221 -0.19645 0.495383 0.988877 -1.09971 -0.805973 -0.617287
internal_weight=8.54524e+06 5.47889e+06 3.06634e+06 1.64352e+06 3.83537e+06 844966 2.22138e+06 701750 143216 2.02837e+06 310060 1.807e+06 1.33346e+06 996443 1.22494e+06 1.00924e+06 193669 114161 259675 442075
internal_count=8545237 5478893 3066344 1643519 3835374 844966 2221378 701750 143216 2028370 310060 1807004 1333459 996443 1224935 1009241 193669 114161 259675 442075
is_linear=0
shrinkage=0.075129


Tree=7
num_leaves=21
num_cat=0
split_feature=15 15 15 15 15 20 15 15 15 15 15 15 15 15 15 15 15 15 15 15
split_gain=1.30893e+08 2.98023e+07 2.52714e+07 6.27897e+06 5.71834e+06 5.37417e+06 3.91846e+06 1.1798e+06 933007 655800 634961 585619 404683 346538 323269 260979 257387 191347 179920 155336
threshold=64.500000000000014 73.500000000000014 55.500000000000007 81.500000000000014 47.500000000000007 69.500000000000014 60.500000000000007 40.500000000000007 51.500000000000007 66.500000000000014 78.500000000000014 58.500000000000007 62.500000000000007 71.500000000000014 85.500000000000014 34.500000000000007 67.500000000000014 53.500000000000007 75.500000000000014 44.500000000000007
decision_type=2 2 2 2 2 2 2 2 2 2 2 2 2 2 2 2 2 2 2 2
left_child=2 5 4 10 7 9 11 15 -6 -2 18 -4 -8 -7 -5 -1 -11 -10 -3 -9
right_child=1 3 6 14 8 13 12 19 17 16 -12 -13 -14 -15 -16 -17 -18 -19 -20 -21
leaf_value=-1.5376164910633277 -0.0059762969583795735 0.38397238787444138 -0.37420568335566828 0.7793249336248762 -0.68788127543479105 0.21454869648135821 -0.17882892066983824 -1.0014598239944974 -0.57308467421579912 0.056043398557684976 0.61409229443007085 -0.26474084757108818 -0.093053851049917716 0.2990577689825431 0.95209898774239854 -1.1965053338235783 0.12287078946927434 -0.48271084552130783 0.45544833693030884 -0.84831765663021963
leaf_weight=19496 764726 262421 635023 112717 294917 1147789 583272 64229 232488 888184 129595 487731 663773 359716 133585 36142 513314 306721 819883 89515
leaf_count=19496 764726 262421 635023 112717 294917 1147789 583272 64229 232488 888184 129595 487731 663773 359716 133585 36142 513314 306721 819883 89515
internal_value=5.06139e-05 0.239851 -0.360492 0.527218 -0.668556 0.125788 -0.224839 -1.01958 -0.580441 0.0499847 0.456936 -0.326654 -0.133173 0.234714 0.873032 -1.31604 0.0805197 -0.521677 0.438118 -0.912297
internal_weight=8.54524e+06 5.13193e+06 3.41331e+06 1.4582e+06 1.04351e+06 3.67373e+06 2.3698e+06 209382 834126 2.16622e+06 1.2119e+06 1.12275e+06 1.24704e+06 1.5075e+06 246302 55638 1.4015e+06 539209 1.0823e+06 153744
internal_count=8545237 5131930 3413307 1458201 1043508 3673729 2369799 209382 834126 2166224 1211899 1122754 1247045 1507505 246302 55638 1401498 539209 1082304 153744
is_linear=0
shrinkage=0.075129


Tree=8
num_leaves=21
num_cat=0
split_feature=23 23 23 23 23 23 23 23 23 23 23 23 23 23 23 10 23 10 23 23
split_gain=1.12055e+08 2.55918e+07 2.15556e+07 5.52298e+06 5.04677e+06 4.46113e+06 3.14051e+06 1.11275e+06 788610 583942 476985 427405 385832 373287 236905 230555 222381 176386 161596 129980
threshold=0.6500944495201112 0.73783370852470409 0.56220871210098278 0.81285843253135692 0.48495049774646765 0.69888237118721019 0.60919544100761425 0.41084934771060949 0.52983984351158153 0.67029699683189403 0.770134598016739 0.58235433697700512 0.85320976376533519 0.63059458136558544 0.71903863549232494 31.500000000000004 0.68033981323242199 74.500000000000014 0.44825132191181188 0.5066039264202119
decision_type=2 2 2 2 2 2 2 2 2 2 2 2 2 2 2 2 2 2 2 2
left_child=2 5 4 10 7 9 11 15 19 -2 17 -4 -5 -8 -7 -1 -11 -3 -9 -6
right_child=1 3 6 12 8 14 13 18 -10 16 -12 -13 -14 -15 -16 -17 -18 -19 -20 -21
leaf_value=-1.5775677847803755 -0.0059268666374807533 0.32717873136256237 -0.36067652663637206 0.6818937808782235 -0.66479973904823619 0.19947068506927637 -0.16756957429042796 -0.93096568726726736 -0.46304837388773384 0.051987911033507243 0.51890133326366483 -0.2628550617024894 0.86703419034189366 -0.086028550164636952 0.27105140289311619 -1.1522864183088017 0.11333473597078754 0.40900526491245215 -0.77809058519589036 -0.57408128160138572
leaf_weight=8483 777049 180503 414913 105399 144193 1101885 620194 59796 471835 886309 209917 642524 159993 647967 341972 47496 534762 843992 112444 233611
leaf_count=8483 777049 180503 414913 105399 144193 1101885 620194 59796 471835 886309 209917 642524 159993 647967 341972 47496 534762 843992 112444 233611
internal_value=4.68015e-05 0.221389 -0.334347 0.482577 -0.612072 0.11383 -0.205629 -0.925744 -0.527817 0.0464392 0.415729 -0.301238 0.793508 -0.125906 0.216424 -1.21674 0.0750733 0.394589 -0.831165 -0.608705
internal_weight=8.54524e+06 5.14178e+06 3.40346e+06 1.4998e+06 1.07786e+06 3.64198e+06 2.3256e+06 228219 849639 2.19812e+06 1.23441e+06 1.05744e+06 265392 1.26816e+06 1.44386e+06 55979 1.42107e+06 1.0245e+06 172240 377804
internal_count=8545237 5141781 3403456 1499804 1077858 3641977 2325598 228219 849639 2198120 1234412 1057437 265392 1268161 1443857 55979 1421071 1024495 172240 377804
is_linear=0
shrinkage=0.075129


Tree=9
num_leaves=21
num_cat=0
split_feature=23 23 23 10 23 23 23 16 23 23 10 23 23 23 23 23 23 23 10 23
split_gain=9.59219e+07 2.42237e+07 1.59701e+07 5.09176e+06 4.29598e+06 3.65205e+06 2.61078e+06 707509 627409 609751 538185 416561 398748 378230 277811 156833 145554 142586 120516 109896
threshold=0.64112070202827465 0.73115593194961559 0.55232957005500805 79.500000000000014 0.68737804889678966 0.47002477943897253 0.60077652335166942 37.500000000000007 0.66138610243797313 0.51323893666267406 83.500000000000014 0.75377202033996593 0.57293695211410534 0.7087531089782716 0.62118539214134227 0.770134598016739 0.88134998083114635 0.43139706552028662 30.500000000000004 0.53944709897041332
decision_type=2 2 2 2 2 2 2 2 2 2 2 2 2 2 2 2 2 2 2 2
left_child=2 4 5 11 8 7 12 18 -2 -7 -5 -3 -4 -6 -8 -13 -12 -9 -1 -11
right_child=1 3 6 10 13 9 14 17 -10 19 16 15 -14 -15 -16 -17 -18 -19 -20 -21
leaf_value=-1.517854590065592 -0.040060168039857694 0.29676286683835895 -0.37285569432485466 0.57994318327724448 0.13327105147498058 -0.6192144796199851 -0.18768774125641527 -0.93505227851949313 0.045763577144230988 -0.50437496506168322 0.74380240890843841 0.38016291772522176 -0.27590470104083697 0.20650691556984777 -0.11392298653654512 0.4605485882021485 0.88898016975363692 -0.77731639459444057 -1.1540920511185133 -0.42957489352190548
leaf_weight=6352 718438 335693 380130 116391 656212 261146 527678 52396 1453437 293542 139566 801396 647014 1011713 634955 165249 54103 84595 27052 178179
leaf_count=6352 718438 335693 380130 116391 656212 261146 527678 52396 1453437 293542 139566 801396 647014 1011713 634955 165249 54103 84595 27052 178179
internal_value=4.32763e-05 0.189631 -0.33415 0.434009 0.0870133 -0.599954 -0.224508 -0.913249 0.0173738 -0.527111 0.707626 0.368866 -0.311785 0.177694 -0.147402 0.393905 0.78436 -0.837649 -1.22328 -0.476122
internal_weight=8.54524e+06 5.4522e+06 3.09304e+06 1.6124e+06 3.8398e+06 903262 2.18978e+06 170395 2.17188e+06 732867 310060 1.30234e+06 1.02714e+06 1.66792e+06 1.16263e+06 966645 193669 136991 33404 471721
internal_count=8545237 5452198 3093039 1612398 3839800 903262 2189777 170395 2171875 732867 310060 1302338 1027144 1667925 1162633 966645 193669 136991 33404 471721
is_linear=0
shrinkage=0.075129


Tree=10
num_leaves=21
num_cat=0
split_feature=23 23 23 23 23 23 23 16 23 23 23 23 23 23 23 16 23 23 23 23
split_gain=8.20875e+07 1.8573e+07 1.59951e+07 4.02343e+06 3.99731e+06 3.30123e+06 2.02701e+06 814725 703209 458350 407322 283176 242389 202044 199971 172050 157932 123477 120169 112008
threshold=0.65078735351562511 0.73942306637763988 0.56684723496437084 0.48495049774646765 0.8240671455860139 0.69888237118721019 0.61154127120971691 40.500000000000007 0.53233033418655407 0.78756210207939159 0.6708858609199525 0.59103864431381237 0.63151890039443981 0.87313267588615429 0.71903863549232494 34.500000000000007 0.68033981323242199 0.44825132191181188 0.76038458943367015 0.50297555327415477
decision_type=2 2 2 2 2 2 2 2 2 2 2 2 2 2 2 2 2 2 2 2
left_child=2 5 3 7 9 10 11 15 19 18 -2 -4 -8 -6 -7 -1 -12 -9 -3 -5
right_child=1 4 6 8 13 14 12 17 -10 -11 16 -13 -14 -15 -16 -17 -18 -19 -20 -21
leaf_value=-1.2310165938941982 -0.0026256647861790288 0.30199774802217172 -0.28415650044134616 -0.57828768896224192 0.64838538437602855 0.17056564435085017 -0.13789124133894853 -0.7994917439010093 -0.38444034849381847 0.48253320502960984 0.045205343628390147 -0.20530177581158279 -0.071255301512405389 0.7946539065807301 0.23442350283544039 -0.94972547724617518 0.097242937185952824 -0.66734297301728973 0.35914433322930028 -0.49089109730755781
leaf_weight=18922 779643 280679 527335 115494 157033 1101885 587671 61890 530601 154774 856363 501520 647703 80712 369651 34963 534762 112444 798927 292265
leaf_count=18922 779643 280679 527335 115494 157033 1101885 587671 61890 530601 154774 856363 501520 647703 80712 369651 34963 534762 112444 798927 292265
internal_value=4.00179e-05 0.190755 -0.284265 -0.510264 0.415953 0.0997351 -0.167826 -0.79318 -0.441455 0.361622 0.0408459 -0.245718 -0.102954 0.698043 0.186607 -1.04851 0.0652091 -0.714258 0.344287 -0.515646
internal_weight=8.54524e+06 5.11443e+06 3.43081e+06 1.16658e+06 1.47212e+06 3.6423e+06 2.26423e+06 228219 938360 1.23438e+06 2.17077e+06 1.02886e+06 1.23537e+06 237745 1.47154e+06 53885 1.39112e+06 174334 1.07961e+06 407759
internal_count=8545237 5114429 3430808 1166579 1472125 3642304 2264229 228219 938360 1234380 2170768 1028855 1235374 237745 1471536 53885 1391125 174334 1079606 407759
is_linear=0
shrinkage=0.075129


Tree=11
num_leaves=21
num_cat=0
split_feature=23 23 23 10 23 23 23 23 23 23 23 23 23 23 23 23 16 16 10 23
split_gain=7.02641e+07 1.80566e+07 1.14118e+07 3.8728e+06 3.12006e+06 2.41218e+06 2.10235e+06 444166 434624 412214 405152 390342 389824 307096 241990 124342 101401 84794.7 80194.9 78048.8
threshold=0.63935959339141857 0.7281077802181245 0.54603451490402233 79.500000000000014 0.68033981323242199 0.46038834750652319 0.59220868349075328 0.36539216339588171 0.50297555327415477 0.65978154540061962 0.84335336089134227 0.70196795463562023 0.74889159202575695 0.61808258295059215 0.56993085145950328 0.770134598016739 88.500000000000014 42.500000000000007 29.500000000000004 0.52206307649612438
decision_type=2 2 2 2 2 2 2 2 2 2 2 2 2 2 2 2 2 2 2 2
left_child=2 4 5 12 9 7 14 18 -7 -2 -5 -6 -3 -8 -4 -14 -12 -9 -1 -10
right_child=1 3 6 10 11 8 13 17 19 -11 16 -13 15 -15 -16 -17 -18 -19 -20 -21
leaf_value=-1.3761060049425993 -0.039477182613751965 0.24153816413189036 -0.33250349723619327 0.5009699532966726 0.093674933802753477 -0.56382387599933481 -0.17817479059904076 -0.8156016617885129 -0.47094495903837591 0.031349054162488302 0.6497874307610122 0.16722579862323508 0.32316423951476736 -0.10550431586220464 -0.25467946778837697 0.39434024125909273 0.79317580451865355 -0.687197598534107 -1.0286928964501765 -0.40772629362981994
leaf_weight=4519 716926 337417 411506 124532 619487 200497 646777 54900 177356 1313778 151409 1188900 857310 666427 499001 165249 34119 61648 22149 291330
leaf_count=4519 716926 337417 411506 124532 619487 200497 646777 54900 177356 1313778 151409 1188900 857310 666427 499001 165249 34119 61648 22149 291330
internal_value=3.70038e-05 0.159967 -0.290161 0.366189 0.0702585 -0.531141 -0.202123 -0.810978 -0.471251 0.00634434 0.605796 0.14203 0.311561 -0.141296 -0.289852 0.334667 0.676158 -0.747684 -1.08758 -0.431649
internal_weight=8.54524e+06 5.50913e+06 3.03611e+06 1.67004e+06 3.83909e+06 812399 2.22371e+06 143216 669183 2.0307e+06 310060 1.80839e+06 1.35998e+06 1.3132e+06 910507 1.02256e+06 185528 116548 26668 468686
internal_count=8545237 5509127 3036110 1670036 3839091 812399 2223711 143216 669183 2030704 310060 1808387 1359976 1313204 910507 1022559 185528 116548 26668 468686
is_linear=0
shrinkage=0.075129


Tree=12
num_leaves=21
num_cat=0
split_feature=23 23 23 13 23 10 23 10 10 23 23 23 23 23 13 15 23 10 23 23
split_gain=6.01031e+07 1.41096e+07 1.11475e+07 2.94176e+06 2.61842e+06 2.51476e+06 1.78718e+06 543722 392495 378232 308202 260091 236110 216487 124281 111813 92700.2 89382 86206.1 79801.1
threshold=0.64764782786369335 0.73942306637763988 0.55757284164428722 82.020833333333357 0.69211795926094066 47.500000000000007 0.60206305980682384 39.500000000000007 78.500000000000014 0.5190885365009309 0.66920122504234325 0.62774425745010387 0.71039602160453807 0.5799507498741151 87.020833333333357 30.500000000000004 0.76038458943367015 43.500000000000007 0.72058704495430004 0.54176726937294017
decision_type=2 2 2 2 2 2 2 2 2 2 2 2 2 2 2 2 2 2 2 2
left_child=2 4 5 8 10 7 13 15 16 -7 -2 -8 -6 -4 -5 -1 -3 -9 -14 -11
right_child=1 3 6 14 12 9 11 17 -10 19 -12 -13 18 -15 -16 -17 -18 -19 -20 -21
leaf_value=-1.2115867640580638 -0.010862086069879765 0.25805865737280165 -0.27690236917719419 0.57428923134859289 0.11248099688615207 -0.46896042566501067 -0.13623731700815916 -0.70665109142216687 0.42240093035590942 -0.38865526966759373 0.048372516696476998 -0.070342855913672037 0.15794728299995614 -0.20564013141883705 0.70142715161527225 -0.87526610343508993 0.30812863528255158 -0.58886825825079925 0.20347547683872105 -0.32856050026989397
leaf_weight=6512 808797 280858 441111 162105 570402 283954 700853 55477 156714 265437 1281117 653217 756519 529410 59277 39074 812617 105646 340361 235317
leaf_count=6512 808797 280858 441111 162105 570402 283954 700853 55477 156714 265437 1281117 653217 756519 529410 59277 39074 812617 105646 340361 235317
internal_value=2.7683e-05 0.158705 -0.250178 0.355905 0.0814678 -0.461106 -0.160219 -0.694238 0.311205 -0.399694 0.0254487 -0.104449 0.151687 -0.23803 0.608333 -0.923318 0.295268 -0.629424 0.172075 -0.360415
internal_weight=8.54478e+06 5.22877e+06 3.31601e+06 1.47157e+06 3.7572e+06 991417 2.32459e+06 206709 1.25019e+06 784708 2.08991e+06 1.35407e+06 1.66728e+06 970521 221382 45586 1.09348e+06 161123 1.09688e+06 500754
internal_count=8544775 5228767 3316008 1471571 3757196 991417 2324591 206709 1250189 784708 2089914 1354070 1667282 970521 221382 45586 1093475 161123 1096880 500754
is_linear=0
shrinkage=0.075129


Tree=13
num_leaves=21
num_cat=0
split_feature=16 16 16 15 15 15 16 15 16 16 15 15 15 15 15 16 15 16 16 15
split_gain=5.14048e+07 1.31986e+07 8.35925e+06 2.78825e+06 2.35823e+06 1.8764e+06 1.41232e+06 392902 300638 300306 292896 292402 256454 228839 147128 100700 93544 67631.2 57661 52710.4
threshold=63.500000000000007 72.500000000000014 54.500000000000007 79.500000000000014 67.500000000000014 46.500000000000007 59.500000000000007 35.500000000000007 65.500000000000014 84.500000000000014 50.500000000000007 69.500000000000014 74.500000000000014 56.500000000000007 61.500000000000007 42.500000000000007 76.500000000000014 88.500000000000014 27.500000000000004 70.500000000000014
decision_type=2 2 2 2 2 2 2 2 2 2 2 2 2 2 2 2 2 2 2 2
left_child=2 4 5 12 8 7 13 18 -2 -5 -7 -6 -3 -4 -8 -9 -14 -11 -1 -13
right_child=1 3 6 9 11 10 14 15 -10 17 -12 19 16 -15 -16 -17 -18 -19 -20 -21
leaf_value=-1.3574516765430651 -0.034278850554772242 0.21039926265365813 -0.28038621756842141 0.43702843653680112 0.078388863040995294 -0.45977051120980511 -0.14070099914577089 -0.70060564494328648 0.02645802885788064 0.5624598619568314 -0.35608318485840879 0.11725292258064338 0.27706615015634711 -0.20677892640592171 -0.086748289568320536 -0.57315664280629752 0.33896732497042786 0.68087591639991429 -0.91690675974721658 0.15214124275731178
leaf_weight=1815 705615 324540 372901 138099 575150 231585 539932 57284 1321479 135847 457692 331185 841542 660969 604915 89970 164785 34058 22257 933155
leaf_count=1815 705615 324540 372901 138099 575150 231585 539932 57284 1321479 135847 457692 331185 841542 660969 604915 89970 164785 34058 22257 933155
internal_value=2.55955e-05 0.13694 -0.247983 0.315616 0.0612078 -0.446228 -0.169676 -0.668741 0.00531601 0.519316 -0.390921 0.1228 0.268474 -0.233328 -0.112193 -0.622738 0.287203 0.586198 -0.950141 0.143003
internal_weight=8.54478e+06 5.50546e+06 3.03932e+06 1.63887e+06 3.86658e+06 860603 2.17872e+06 171326 2.02709e+06 308004 689277 1.83949e+06 1.33087e+06 1.03387e+06 1.14485e+06 147254 1.00633e+06 169905 24072 1.26434e+06
internal_count=8544775 5505455 3039320 1638871 3866584 860603 2178717 171326 2027094 308004 689277 1839490 1330867 1033870 1144847 147254 1006327 169905 24072 1264340
is_linear=0
shrinkage=0.075129


Tree=14
num_leaves=21
num_cat=0
split_feature=10 10 10 10 16 10 10 10 16 15 10 15 16 16 16 10 16 10 10 10
split_gain=4.39963e+07 1.00587e+07 8.45873e+06 2.15686e+06 1.94274e+06 1.82574e+06 1.32119e+06 477719 287189 253866 245275 216165 136708 111466 104017 94543.1 90356.8 71818.7 63296.2 39784
threshold=64.500000000000014 73.500000000000014 55.500000000000007 82.500000000000014 48.500000000000007 69.500000000000014 60.500000000000007 40.500000000000007 78.500000000000014 66.500000000000014 52.500000000000007 57.500000000000007 62.500000000000007 71.500000000000014 33.500000000000007 67.500000000000014 87.500000000000014 44.500000000000007 75.500000000000014 58.500000000000007
decision_type=2 2 2 2 2 2 2 2 2 2 2 2 2 2 2 2 2 2 2 2
left_child=2 5 4 8 7 9 11 14 18 -2 -6 -4 -8 -7 -1 -11 -5 -9 -3 -13
right_child=1 3 6 16 10 13 12 17 -10 15 -12 19 -14 -15 -16 -17 -18 -19 -20 -21
leaf_value=-0.94267375633601813 -0.0048357790855909138 0.22096276212599392 -0.23401484703145206 0.492823168178736 -0.37695718216239427 0.12585158604381733 -0.10536642474163302 -0.58218048634887953 0.36069847888694295 0.032768798979819727 -0.2926941423053897 -0.19176196405759227 -0.055353572135542213 0.17371545219059245 -0.70678496934704804 0.071936019457237571 0.60136158630708492 -0.48479053725623206 0.26325843841365099 -0.15345450658995199
leaf_weight=14292 780021 264170 410149 160641 358866 1081874 566024 63788 160261 877690 426986 223245 678039 368061 40359 576238 59277 129600 818652 486542
leaf_count=14292 780021 264170 410149 160641 358866 1081874 566024 63788 160261 877690 426986 223245 678039 368061 40359 576238 59277 129600 818652 486542
internal_value=2.3666e-05 0.138539 -0.20979 0.305201 -0.389032 0.0723515 -0.131398 -0.572343 0.266832 0.0297416 -0.331174 -0.190594 -0.0781085 0.138002 -0.768478 0.048292 0.52208 -0.516915 0.25294 -0.165503
internal_weight=8.54478e+06 5.14688e+06 3.39789e+06 1.463e+06 1.03389e+06 3.68388e+06 2.364e+06 248039 1.24308e+06 2.23395e+06 785852 1.11994e+06 1.24406e+06 1.44994e+06 54651 1.45393e+06 219918 193388 1.08282e+06 709787
internal_count=8544775 5146885 3397890 1463001 1033891 3683884 2363999 248039 1243083 2233949 785852 1119936 1244063 1449935 54651 1453928 219918 193388 1082822 709787
is_linear=0
shrinkage=0.075129


Tree=15
num_leaves=21
num_cat=0
split_feature=23 23 23 10 23 23 23 23 10 23 23 23 23 23 15 10 23 10 23 23
split_gain=3.76875e+07 8.51054e+06 7.34908e+06 1.82108e+06 1.69025e+06 1.55301e+06 1.13921e+06 423251 239418 209876 203559 158628 138176 102488 92018.5 80463.9 76531.4 62362.8 44944.8 44002.5
threshold=0.65078735351562511 0.74113664031028759 0.5607682764530183 82.500000000000014 0.49092386662960058 0.69993185997009288 0.60792675614357006 0.41084934771060949 78.500000000000014 0.5372087061405183 0.67821946740150463 0.58602210879325878 0.62871307134628307 0.71903863549232494 31.500000000000004 86.500000000000014 0.66848108172416698 44.500000000000007 0.76038458943367015 0.51033937931060802
decision_type=2 2 2 2 2 2 2 2 2 2 2 2 2 2 2 2 2 2 2 2
left_child=2 5 4 8 7 10 11 14 18 19 16 -4 -8 -7 -1 -5 -2 -9 -3 -6
right_child=1 3 6 15 9 13 12 17 -10 -11 -12 -13 -14 -15 -16 -17 -18 -19 -20 -21
leaf_value=-0.93254878431106825 -0.005143849106804938 0.20753663770110867 -0.20681207951992456 0.44429974718026055 -0.37244645066931231 0.11617312946323369 -0.10035179821286906 -0.53708487133357719 0.33428055640986626 -0.26087882267531365 0.06502055899937989 -0.14860324966323685 -0.051492682814331871 0.16082815840429801 -0.66709405037892389 0.53642725569455663 0.028333508937973685 -0.44674697431835514 0.24382694852535722 -0.32189905983566097
leaf_weight=8742 666502 252495 529572 127881 145381 1073364 587180 62625 158178 353828 619673 527449 736492 397548 47072 92037 913999 138661 812617 293479
leaf_count=8742 666502 252495 529572 127881 145381 1073364 587180 62625 158178 353828 619673 527449 736492 397548 47072 92037 913999 138661 812617 293479
internal_value=2.18826e-05 0.129245 -0.192629 0.283816 -0.358224 0.0684792 -0.119609 -0.525616 0.248033 -0.303933 0.028525 -0.177766 -0.0731666 0.128242 -0.708677 0.482856 0.014216 -0.474854 0.235224 -0.338644
internal_weight=8.54478e+06 5.11429e+06 3.43048e+06 1.44321e+06 1.04979e+06 3.67109e+06 2.38069e+06 257100 1.22329e+06 792688 2.20017e+06 1.05702e+06 1.32367e+06 1.47091e+06 55814 219918 1.5805e+06 201286 1.06511e+06 438860
internal_count=8544775 5114294 3430481 1443208 1049788 3671086 2380693 257100 1223290 792688 2200174 1057021 1323672 1470912 55814 219918 1580501 201286 1065112 438860
is_linear=0
shrinkage=0.075129


Tree=16
num_leaves=21
num_cat=0
split_feature=23 23 23 23 23 23 16 16 23 23 23 23 23 23 23 23 16 16 16 23
split_gain=3.22669e+07 8.27207e+06 5.26819e+06 1.81949e+06 1.39421e+06 1.06403e+06 1.03619e+06 217502 209168 192710 189380 174205 166163 151845 120625 79881 43737.7 43550.1 39542.1 27881.5
threshold=0.63935959339141857 0.72654128074646007 0.54176726937294017 0.80000919103622448 0.68033981323242199 0.59103864431381237 45.500000000000007 35.500000000000007 0.74889159202575695 0.65891316533088695 0.49977821111679083 0.70788720250129711 0.85320976376533519 0.61705884337425243 0.56993085145950328 0.77471512556076061 88.500000000000014 27.500000000000004 41.500000000000007 0.5190885365009309
decision_type=2 2 2 2 2 2 2 2 2 2 2 2 2 2 2 2 2 2 2 2
left_child=2 4 6 8 9 14 7 17 -3 -2 -8 -6 -5 -7 -4 -10 -14 -1 -9 -12
right_child=1 3 5 12 11 13 10 18 15 -11 19 -13 16 -15 -16 -17 -18 -19 -20 -21
leaf_value=-1.1146267233935647 -0.02791943149161883 0.16207294359712737 -0.22810137846202838 0.35464536682933218 0.070225062733514629 -0.12294869999246275 -0.39256509940241252 -0.56855495928906186 0.21936455299128146 0.020972448659107999 -0.32343747442291626 0.11735320851864876 0.44825469907814719 -0.07236755647055812 -0.17420536637650322 0.27764034400362464 0.5442427186804446 -0.73138826044760896 -0.47777911918498539 -0.28479590630153556
leaf_weight=1815 688126 365893 467312 131319 825933 646827 174834 42383 884560 1343362 174857 954121 125789 694882 470276 156217 34058 21656 75118 265437
leaf_count=1815 688126 365893 467312 131319 825933 646827 174834 42383 884560 1343362 174857 954121 125789 694882 470276 156217 34058 21656 75118 265437
internal_value=2.02341e-05 0.108386 -0.196669 0.246318 0.0469448 -0.139663 -0.368515 -0.552235 0.210934 0.0044113 -0.326411 0.0954861 0.417265 -0.0967523 -0.201068 0.228112 0.468708 -0.761039 -0.510524 -0.300142
internal_weight=8.54478e+06 5.50938e+06 3.0354e+06 1.69784e+06 3.81154e+06 2.2793e+06 756100 140972 1.40667e+06 2.03149e+06 615128 1.78005e+06 291166 1.34171e+06 937588 1.04078e+06 159847 23471 117501 440294
internal_count=8544775 5509378 3035397 1697836 3811542 2279297 756100 140972 1406670 2031488 615128 1780054 291166 1341709 937588 1040777 159847 23471 117501 440294
is_linear=0
shrinkage=0.075129


Tree=17
num_leaves=21
num_cat=0
split_feature=10 10 15 16 10 10 10 10 16 10 10 10 16 10 10 10 10 10 10 10
split_gain=2.75854e+07 7.03975e+06 4.53247e+06 1.49871e+06 1.247e+06 956068 866276 188280 172077 171688 157729 149964 143991 132147 103056 50629 47188.9 38683.5 35078.9 26609.5
threshold=63.500000000000007 72.500000000000014 53.500000000000007 79.500000000000014 67.500000000000014 58.500000000000007 45.500000000000007 35.500000000000007 70.500000000000014 83.500000000000014 65.500000000000014 49.500000000000007 61.500000000000007 74.500000000000014 56.500000000000007 76.500000000000014 88.500000000000014 28.500000000000004 42.500000000000007 69.500000000000014
decision_type=2 2 2 2 2 2 2 2 2 2 2 2 2 2 2 2 2 2 2 2
left_child=2 4 6 13 10 14 7 17 19 -5 -2 -8 -7 -3 -4 -15 -11 -1 -9 -6
right_child=1 3 5 9 8 12 11 18 -10 16 -12 -13 -14 15 -16 -17 -18 -19 -20 -21
leaf_value=-0.96518580153882017 -0.024384834526117376 0.1539516750567608 -0.2121588382603139 0.30827549091029949 0.056435891296070892 -0.11245152504592526 -0.36194804787258222 -0.51222681079911558 0.11188726177747824 0.40628537800982267 0.019763834956526661 -0.27907765225220965 -0.063909116152307779 0.20233139348246029 -0.16209979230781288 0.24794041800003583 0.50442849693757186 -0.66764441812437869 -0.43055621560081714 0.083352766496132186
leaf_weight=2797 705032 314135 486922 118046 576238 740623 174514 58850 956396 160038 1297114 419676 645552 842964 443611 164133 33437 20970 59940 323787
leaf_count=2797 705032 314135 486922 118046 576238 740623 174514 58850 956396 160038 1297114 419676 645552 842964 443611 164133 33437 20970 59940 323787
internal_value=1.87063e-05 0.100678 -0.181007 0.231446 0.0453436 -0.129388 -0.34332 -0.509641 0.0896982 0.379681 0.0042174 -0.303417 -0.089845 0.196495 -0.188294 0.209765 0.423248 -0.702673 -0.471018 0.0661194
internal_weight=8.54478e+06 5.49132e+06 3.05346e+06 1.63275e+06 3.85857e+06 2.31671e+06 736747 142557 1.85642e+06 311521 2.00215e+06 594190 1.38618e+06 1.32123e+06 930533 1.0071e+06 193475 23767 118790 900025
internal_count=8544775 5491320 3053455 1632753 3858567 2316708 736747 142557 1856421 311521 2002146 594190 1386175 1321232 930533 1007097 193475 23767 118790 900025
is_linear=0
shrinkage=0.075129


Tree=18
num_leaves=21
num_cat=0
split_feature=23 23 23 10 23 23 23 10 23 23 23 23 23 23 23 16 23 23 23 23
split_gain=2.36403e+07 5.28175e+06 4.68401e+06 1.1515e+06 950248 947163 884296 191301 169104 150252 117787 116673 112241 73810.2 53995.5 42227.9 37334.9 37210.2 30420.3 27568.7
threshold=0.65169131755828869 0.74113664031028759 0.55421933531761181 82.500000000000014 0.697888344526291 0.47002477943897253 0.60441744327545177 37.500000000000007 0.5190885365009309 0.78756210207939159 0.5799507498741151 0.6708858609199525 0.62967428565025341 0.71903863549232494 0.87313267588615429 29.500000000000004 0.67927435040473949 0.49589791893959051 0.43139706552028662 0.76038458943367015
decision_type=2 2 2 2 2 2 2 2 2 2 2 2 2 2 2 2 2 2 2 2
left_child=2 4 5 9 11 7 10 15 17 19 -4 -2 -8 -6 -5 -1 -13 -7 -9 -3
right_child=1 3 6 14 13 8 12 18 -10 -11 -12 16 -14 -15 -16 -17 -18 -19 -20 -21
leaf_value=-0.83138955818568983 -0.001527512450722592 0.16396684346231413 -0.1763414241476669 0.35461886190032621 0.090258965292906584 -0.3345370110608622 -0.081174087864726643 -0.46104963601365068 -0.22940418694474607 0.26128778324714086 -0.12669253352562265 0.025374108945722507 -0.039231920561686076 0.12788793042244587 0.43183588584816024 -0.5825925629144344 0.050819651011637698 -0.28148173881679411 -0.3879105489727257 0.19245437220122813
leaf_weight=4431 749524 252359 498722 139213 1128996 118144 704069 51797 443224 172390 587356 828795 737229 397941 80791 29495 535924 202584 84471 798524
leaf_count=4431 749524 252359 498722 139213 1128996 118144 704069 51797 443224 172390 587356 828795 737229 397941 80791 29495 535924 202584 84471 798524
internal_value=1.13242e-05 0.103113 -0.151429 0.224737 0.0549038 -0.29518 -0.0982973 -0.455458 -0.259473 0.196278 -0.149491 0.0222872 -0.0597205 0.100066 0.382975 -0.615095 0.0353666 -0.301026 -0.415713 0.185613
internal_weight=8.54598e+06 5.08446e+06 3.46152e+06 1.44328e+06 3.64118e+06 934146 2.52738e+06 170194 763952 1.22327e+06 1.08608e+06 2.11424e+06 1.4413e+06 1.52694e+06 220004 33926 1.36472e+06 320728 136268 1.05088e+06
internal_count=8545979 5084457 3461522 1443277 3641180 934146 2527376 170194 763952 1223273 1086078 2114243 1441298 1526937 220004 33926 1364719 320728 136268 1050883
is_linear=0
shrinkage=0.075129


Tree=19
num_leaves=21
num_cat=0
split_feature=23 23 23 23 23 23 23 16 23 23 23 23 23 23 23 23 10 23 23 23
split_gain=2.0234e+07 4.95575e+06 3.54378e+06 1.07253e+06 876135 782333 607159 163673 131485 131018 130037 86522.5 80976.2 72713.7 60971.2 54138.2 37301 27471.2 26430.8 21014.9
threshold=0.643567055463791 0.73279127478599559 0.55232957005500805 0.8240671455860139 0.690381020307541 0.47002477943897253 0.60077652335166942 37.500000000000007 0.66920122504234325 0.51634138822555553 0.770134598016739 0.5799507498741151 0.71118247509002697 0.62221345305442821 0.86670097708702099 0.74889159202575695 26.500000000000004 0.49589791893959051 0.43139706552028662 0.65653845667839061
decision_type=2 2 2 2 2 2 2 2 2 2 2 2 2 2 2 2 2 2 2 2
left_child=2 4 5 10 8 7 11 16 19 17 15 -4 -6 -8 -5 -3 -1 -7 -9 -2
right_child=1 3 6 14 12 9 13 18 -10 -11 -12 -13 -14 -15 -16 -17 -18 -19 -20 -21
leaf_value=-0.94477337871478784 -0.021425521685998303 0.13318516471587263 -0.16416329285831879 0.31365579841750324 0.063874181069173294 -0.30940364291504002 -0.08525069263647421 -0.42678246304903261 0.027376554782131489 -0.21657131441495017 0.22501093889293633 -0.1205228429531935 0.098194841601659436 -0.048765659906179357 0.39025307499009088 0.17275257901518454 -0.55321187492143198 -0.2624706765382438 -0.3587673257408372 0.00096151844121650665
leaf_weight=1435 459009 252766 529571 132213 653097 118144 556372 52190 1226587 440717 237327 497177 956053 691557 105451 856894 32098 174242 84471 488608
leaf_count=1435 459009 252766 529571 132213 653097 118144 556372 52190 1226587 440717 237327 497177 956053 691557 105451 856894 32098 174242 84471 488608
internal_value=1.04687e-05 0.0889585 -0.150234 0.200498 0.0422404 -0.27613 -0.10024 -0.42124 0.0111374 -0.242441 0.174535 -0.143032 0.0842653 -0.065032 0.347642 0.16374 -0.569977 -0.281435 -0.384743 -0.00988237
internal_weight=8.54598e+06 5.368e+06 3.17797e+06 1.58465e+06 3.78335e+06 903297 2.27468e+06 170194 2.1742e+06 733103 1.34699e+06 1.02675e+06 1.60915e+06 1.24793e+06 237664 1.10966e+06 33533 292386 136661 947617
internal_count=8545979 5368005 3177974 1584651 3783354 903297 2274677 170194 2174204 733103 1346987 1026748 1609150 1247929 237664 1109660 33533 292386 136661 947617
is_linear=0
shrinkage=0.075129


Tree=20
num_leaves=21
num_cat=0
split_feature=10 10 10 13 10 10 10 13 13 10 13 10 13 15 16 10 10 10 10 10
split_gain=1.72975e+07 4.41317e+06 2.86582e+06 1.05669e+06 651060 602276 537808 145882 112694 110658 103762 97463.2 89671.9 77294.2 65536.8 30725.8 28863.3 26603.3 15572.8 14582.9
threshold=63.500000000000007 71.500000000000014 53.500000000000007 79.020833333333357 67.500000000000014 58.500000000000007 44.500000000000007 74.020833333333357 49.979166666666679 84.500000000000014 35.020833333333336 65.500000000000014 61.020833333333336 69.500000000000014 56.500000000000007 76.500000000000014 88.500000000000014 26.500000000000004 60.500000000000007 66.500000000000014
decision_type=2 2 2 2 2 2 2 2 2 2 2 2 2 2 2 2 2 2 2 2
left_child=2 4 6 7 11 14 10 -3 -8 -5 17 -2 18 -6 -4 -9 -11 -1 -7 -13
right_child=1 3 5 9 13 12 8 15 -10 16 -12 19 -14 -15 -16 -17 -18 -19 -20 -21
leaf_value=-0.87380926576245233 -0.019120195111980764 0.11612997856714578 -0.16827115210118204 0.25255541678430093 0.044974990052289381 -0.096803839300040398 -0.29060093014318983 0.1599249889992404 -0.22207153494179827 0.32691019483791395 -0.3844497613392785 0.003756437335866108 -0.05062836266913668 0.078866058281069906 -0.12851132948299845 0.19545811014594264 0.40476653570770627 -0.53998713555300681 -0.073864279728109369 0.020947629141031539
leaf_weight=1435 705598 501623 483976 142962 586303 486251 202432 847361 409345 135092 94863 405044 646258 1078597 453053 163940 33561 22260 254453 891572
leaf_count=1435 705598 501623 483976 142962 586303 486251 202432 847361 409345 135092 94863 405044 646258 1078597 453053 163940 33561 22260 254453 891572
internal_value=9.67601e-06 0.0797219 -0.143312 0.175203 0.0322162 -0.102516 -0.273129 0.149255 -0.244747 0.301184 -0.41958 0.00334963 -0.0710798 0.0669312 -0.149047 0.165685 0.342404 -0.560215 -0.0889235 0.0155774
internal_weight=8.54598e+06 5.49165e+06 3.05433e+06 1.82454e+06 3.66711e+06 2.32399e+06 730335 1.51292e+06 611777 311615 118558 2.00221e+06 1.38696e+06 1.6649e+06 937029 1.0113e+06 168653 23695 740704 1.29662e+06
internal_count=8545979 5491653 3054326 1824539 3667114 2323991 730335 1512924 611777 311615 118558 2002214 1386962 1664900 937029 1011301 168653 23695 740704 1296616
is_linear=0
shrinkage=0.075129


Tree=21
num_leaves=21
num_cat=0
split_feature=23 23 23 13 23 23 23 23 23 13 23 23 23 23 23 23 23 23 10 23
split_gain=1.48223e+07 3.84175e+06 2.40746e+06 881913 595021 478313 471861 121551 109884 94657 88660.9 74528.5 68428.7 60183.4 54840.9 29344.8 27000.6 25223.5 25048.2 15892.6
threshold=0.63859808444976818 0.72213184833526622 0.54176726937294017 79.020833333333357 0.67927435040473949 0.47002477943897253 0.59103864431381237 0.36539216339588171 0.74889159202575695 83.020833333333357 0.66221755743026745 0.70297411084175121 0.61264562606811535 0.49977821111679083 0.56844824552536022 0.88134998083114635 0.78044295310974132 0.43139706552028662 28.500000000000004 0.52470868825912487
decision_type=2 2 2 2 2 2 2 2 2 2 2 2 2 2 2 2 2 2 2 2
left_child=2 4 5 8 10 7 14 18 -3 -5 -2 -6 -8 -7 -4 -11 -10 -9 -1 -15
right_child=1 3 6 9 11 13 12 17 16 15 -12 -13 -14 19 -16 -17 -18 -19 -20 -21
leaf_value=-0.7203131660633123 -0.016646793661292181 0.10860217536352261 -0.15534952906653668 0.22503367723989612 0.042927685733905582 -0.25980678299143911 -0.087131920814439864 -0.37129211253387656 0.14887535475372443 0.29249794672135998 0.015299508431230881 0.074907322892213399 -0.052192930533948141 -0.2175347429816111 -0.1189320900618256 0.35756104078610307 0.18848776921035962 -0.30724040547253484 -0.48302630847187411 -0.1889430891735763
leaf_weight=2806 828887 452127 438686 116679 679225 145680 528877 58924 911558 140727 1200589 1042901 787543 233611 498785 54209 108712 84471 23993 206989
leaf_count=2806 828887 452127 438686 116679 679225 145680 528877 58924 911558 140727 1200589 1042901 787543 233611 498785 54209 108712 84471 23993 206989
internal_value=8.94525e-06 0.0729734 -0.134162 0.163734 0.0298136 -0.250132 -0.0952387 -0.361011 0.139434 0.278556 0.00225187 0.0622942 -0.0662298 -0.217944 -0.135974 0.310592 0.153096 -0.333561 -0.50788 -0.204103
internal_weight=8.54598e+06 5.53561e+06 3.01036e+06 1.78401e+06 3.7516e+06 756474 2.25389e+06 170194 1.4724e+06 311615 2.02948e+06 1.72213e+06 1.31642e+06 586280 937471 194936 1.02027e+06 143395 26799 440600
internal_count=8545979 5535614 3010365 1784012 3751602 756474 2253891 170194 1472397 311615 2029476 1722126 1316420 586280 937471 194936 1020270 143395 26799 440600
is_linear=0
shrinkage=0.075129


Tree=22
num_leaves=21
num_cat=0
split_feature=23 23 23 10 10 23 23 13 10 23 23 23 23 23 23 10 23 13 23 23
split_gain=1.26934e+07 2.86443e+06 2.48722e+06 623613 533220 518880 438171 125138 82231.7 78291.8 71815.7 65674.3 52528.3 36159.4 31309.6 28754.1 21746.1 20430 16036.9 15558.6
threshold=0.65078735351562511 0.74113664031028759 0.555951088666916 82.500000000000014 47.500000000000007 0.69993185997009288 0.60676470398902904 38.041666666666679 78.500000000000014 0.52708333730697643 0.6715412735939027 0.58117648959159862 0.63151890039443981 0.71757391095161449 0.88134998083114635 29.500000000000004 0.67821946740150463 43.020833333333336 0.76038458943367015 0.49977821111679083
decision_type=2 2 2 2 2 2 2 2 2 2 2 2 2 2 2 2 2 2 2 2
left_child=2 5 4 8 7 10 11 15 18 19 -2 -4 -8 -7 -5 -1 -12 -9 -3 -6
right_child=1 3 6 14 9 13 12 17 -10 -11 16 -13 -14 -15 -16 -17 -18 -19 -20 -21
leaf_value=-0.61981591436345718 -0.0011414068928370909 0.11968660638082819 -0.12700209262708889 0.26492154013816305 -0.23337403081778224 0.066778150668021799 -0.057261494640180925 -0.32750047300668483 0.19429157218578846 -0.16123457930247603 0.018588608906515886 -0.090278855774401645 -0.027650358206764255 0.092745058925181492 0.33069799027955221 -0.4185508219406775 0.037483207566708247 -0.27292809531782858 0.14136810454353158 -0.19960101625333726
leaf_weight=4532 808735 252359 497882 165795 109074 1044547 706375 60743 158131 387198 771411 613674 648651 426195 54209 34658 620258 106867 812783 261902
leaf_count=4532 808735 252359 497882 165795 109074 1044547 706375 60743 158131 387198 771411 613674 648651 426195 54209 34658 620258 106867 812783 261902
internal_value=8.26915e-06 0.0750085 -0.111773 0.16468 -0.214034 0.0397549 -0.0717663 -0.320967 0.143737 -0.184866 0.0166631 -0.106728 -0.0430867 0.0743029 0.281129 -0.44183 0.0270098 -0.292706 0.136231 -0.209531
internal_weight=8.54598e+06 5.11442e+06 3.43156e+06 1.44328e+06 964974 3.67115e+06 2.46658e+06 206800 1.22327e+06 758174 2.2004e+06 1.11156e+06 1.35503e+06 1.47074e+06 220004 39190 1.39167e+06 167610 1.06514e+06 370976
internal_count=8545979 5114423 3431556 1443277 964974 3671146 2466582 206800 1223273 758174 2200404 1111556 1355026 1470742 220004 39190 1391669 167610 1065142 370976
is_linear=0
shrinkage=0.075129


Tree=23
num_leaves=21
num_cat=0
split_feature=23 23 23 23 23 23 23 16 23 13 23 23 23 23 16 15 23 15 23 23
split_gain=1.08598e+07 2.42554e+06 2.16104e+06 534173 526910 433840 307528 117332 85261.4 76933.6 58904.7 44425.7 34903.8 29730.7 28006.6 24877 19736.3 16901.5 15335.2 13646.1
threshold=0.65169131755828869 0.74113664031028759 0.5638321340084077 0.83397981524467479 0.48495049774646765 0.70091050863266002 0.61154127120971691 39.500000000000007 0.53470870852470409 78.020833333333357 0.6715412735939027 0.58713051676750194 0.63323622941970836 0.72058704495430004 31.500000000000004 88.500000000000014 0.67821946740150463 43.500000000000007 0.51033937931060802 0.76038458943367015
decision_type=2 2 2 2 2 2 2 2 2 2 2 2 2 2 2 2 2 2 2 2
left_child=2 5 4 9 7 10 11 14 18 19 -2 -4 -8 -7 -1 -5 -12 -9 -6 -3
right_child=1 3 6 15 8 13 12 17 -10 -11 16 -13 -14 -15 -16 -17 -18 -19 -20 -21
leaf_value=-0.52393735010700415 -0.00040995940710587743 0.11069468284241339 -0.10769843253985538 0.25201665170062826 -0.20346721793323666 0.062886288101690058 -0.048984165268730104 -0.297904031865666 -0.13943143173737005 0.18030624444802784 0.017192066395804052 -0.077203523572367844 -0.024037703894362179 0.087600027198322369 -0.37113380989790484 0.32316683789843098 0.034986959960164363 -0.2486203837217065 -0.17477819126406238 0.13070087038262904
leaf_weight=8289 778769 252359 498837 176719 174502 1075200 644180 57157 441762 170565 771411 586904 622474 369067 37011 32907 646733 125646 264760 810727
leaf_count=8289 778769 252359 498837 176719 174502 1075200 644180 57157 441762 170565 771411 586904 622474 369067 37011 32907 646733 125646 264760 810727
internal_value=7.64402e-06 0.0698871 -0.102635 0.152308 -0.189086 0.0372175 -0.0618742 -0.290854 -0.162737 0.133467 0.016191 -0.0912142 -0.0367247 0.0692016 -0.399097 0.263186 0.0253073 -0.26403 -0.186175 0.125952
internal_weight=8.54598e+06 5.08446e+06 3.46152e+06 1.44328e+06 1.10913e+06 3.64118e+06 2.3524e+06 228103 881024 1.23365e+06 2.19691e+06 1.08574e+06 1.26665e+06 1.44427e+06 45300 209626 1.41814e+06 182803 439262 1.06309e+06
internal_count=8545979 5084457 3461522 1443277 1109127 3641180 2352395 228103 881024 1233651 2196913 1085741 1266654 1444267 45300 209626 1418144 182803 439262 1063086
is_linear=0
shrinkage=0.075129


Tree=24
num_leaves=21
num_cat=0
split_feature=23 23 23 13 23 23 23 16 23 23 23 23 23 23 23 23 16 13 16 23
split_gain=9.29468e+06 2.21594e+06 1.6979e+06 479691 399054 362658 304275 88202.9 65136.5 51005.7 49722 47430.3 44127 37203.2 25644.4 20568 20238.3 16166.2 9065.96 8981.75
threshold=0.64605578780174266 0.73617300391197216 0.55232957005500805 82.020833333333357 0.690381020307541 0.47766967117786413 0.59950739145278942 37.500000000000007 0.78756210207939159 0.67029699683189403 0.5190885365009309 0.71118247509002697 0.62409275770187389 0.57577648758888256 0.86670097708702099 0.76038458943367015 26.500000000000004 43.020833333333336 33.500000000000007 0.65742611885070812
decision_type=2 2 2 2 2 2 2 2 2 2 2 2 2 2 2 2 2 2 2 2
left_child=2 4 5 8 9 7 13 16 15 19 -7 -6 -8 -4 -5 -3 -1 -9 -18 -2
right_child=1 3 6 14 11 10 12 17 -10 -11 -12 -13 -14 -15 -16 -17 18 -19 -20 -21
leaf_value=-0.66870165627043954 -0.012936949148182664 0.098434797308900687 -0.11405008191522234 0.21574197488911831 0.042168237958174974 -0.1857748909274711 -0.057342054596087842 -0.28313713290552078 0.16376179566948723 0.019058869331793831 -0.14530013845674014 0.068132753869478549 -0.03026112058452269 -0.084815421080035897 0.26695353920851811 0.12057832168131717 -0.42451892359443372 -0.23513557319200901 -0.34315027615854815 0.0020178696328097129
leaf_weight=1393 406010 336585 440555 115850 653298 292910 646198 66510 170913 1170506 412710 1012670 715842 555512 105434 798422 13014 97939 19072 513213
leaf_count=1393 406010 336585 440555 115850 653298 292910 646198 66510 170913 1170506 412710 1012670 715842 555512 105434 798422 13014 97939 19072 513213
internal_value=-1.78876e-05 0.0615512 -0.0997414 0.137855 0.0305232 -0.18731 -0.0661878 -0.27718 0.120523 0.00865738 -0.162102 0.057951 -0.0431092 -0.0977458 0.240143 0.114012 -0.388336 -0.25455 -0.376157 -0.0045875
internal_weight=8.54456e+06 5.2829e+06 3.26166e+06 1.5272e+06 3.7557e+06 903548 2.35811e+06 197928 1.30592e+06 2.08973e+06 705620 1.66597e+06 1.36204e+06 996067 221284 1.13501e+06 33479 164449 32086 919223
internal_count=8544556 5282901 3261655 1527204 3755697 903548 2358107 197928 1305920 2089729 705620 1665968 1362040 996067 221284 1135007 33479 164449 32086 919223
is_linear=0
shrinkage=0.075129


Tree=25
num_leaves=21
num_cat=0
split_feature=10 10 10 16 10 10 10 10 10 10 10 10 10 10 10 10 16 10 10 10
split_gain=7.93685e+06 2.02761e+06 1.32378e+06 439243 356882 274238 249421 59639.8 56506.6 45152.4 43116.2 43026.7 39956.7 38404.3 30510.2 22875 13628.7 13322.7 11748.9 7981.56
threshold=63.500000000000007 72.500000000000014 53.500000000000007 80.500000000000014 67.500000000000014 58.500000000000007 45.500000000000007 34.500000000000007 70.500000000000014 65.500000000000014 75.500000000000014 61.500000000000007 49.500000000000007 85.500000000000014 56.500000000000007 78.500000000000014 41.500000000000007 25.500000000000004 88.500000000000014 59.500000000000007
decision_type=2 2 2 2 2 2 2 2 2 2 2 2 2 2 2 2 2 2 2 2
left_child=2 4 6 10 9 14 7 17 -6 -2 -3 19 -8 -5 -4 -12 -9 -1 -15 -7
right_child=1 3 5 13 8 11 12 16 -10 -11 15 -13 -14 18 -16 -17 -18 -19 -20 -21
leaf_value=-0.63326783957182442 -0.013021123205117807 0.087232307266949402 -0.11358940881468588 0.1832668108859134 0.034637299182880284 -0.071605563506545442 -0.1938524340354697 -0.28718109356997296 0.060862839163532766 0.010603117157316225 0.11166871422072384 -0.033682698868854707 -0.15095865496383568 0.22710236658642144 -0.086444026766821114 0.14865246154466399 -0.23570479052944526 -0.38070895912947722 0.27839419668757476 -0.054991014281851769
leaf_weight=1262 704836 434033 493837 135936 908683 238934 174199 46717 947036 1296835 820789 632382 413712 101794 443683 106667 76736 18026 33515 514944
leaf_count=1262 704836 434033 493837 135936 908683 238934 174199 46717 947036 1296835 820789 632382 413712 101794 443683 106667 76736 18026 33515 514944
internal_value=-1.65477e-05 0.0539918 -0.0970927 0.124169 0.0242875 -0.069359 -0.185297 -0.274382 0.0480211 0.00228446 0.106776 -0.0481343 -0.163668 0.211472 -0.100743 0.115922 -0.255185 -0.397244 0.239808 -0.0602569
internal_weight=8.54456e+06 5.49012e+06 3.05443e+06 1.63273e+06 3.85739e+06 2.32378e+06 730652 142741 1.85572e+06 2.00167e+06 1.36149e+06 1.38626e+06 587911 271245 937520 927456 123453 19288 135309 753878
internal_count=8544556 5490124 3054432 1632734 3857390 2323780 730652 142741 1855719 2001671 1361489 1386260 587911 271245 937520 927456 123453 19288 135309 753878
is_linear=0
shrinkage=0.075129


Tree=26
num_leaves=21
num_cat=0
split_feature=23 23 23 23 23 23 23 10 10 23 23 23 23 23 23 10 16 10 23 23
split_gain=6.80979e+06 1.78433e+06 1.09783e+06 407228 275890 220413 209120 58231.3 55029.8 45988.7 45858.9 33864.7 31281.7 27677.3 22965.3 12830.6 12714.3 12711.8 10422.3 6266.54
threshold=0.63765090703964245 0.72213184833526622 0.54176726937294017 0.79565498232841503 0.68125599622726452 0.47002477943897253 0.59461584687232982 35.500000000000007 84.500000000000014 0.66300764679908764 0.74683254957199108 0.71039602160453807 0.57130533456802379 0.5066039264202119 0.61485221982002269 88.500000000000014 41.500000000000007 25.500000000000004 0.76543691754341137 0.65247520804405224
decision_type=2 2 2 2 2 2 2 2 2 2 2 2 2 2 2 2 2 2 2 2
left_child=2 4 5 10 9 7 12 17 -5 19 -3 -6 -4 -7 -8 -10 -9 -1 -12 -2
right_child=1 3 6 8 11 13 14 16 15 -11 18 -13 -14 -15 -16 -17 -18 -19 -20 -21
leaf_value=-0.58570307867877935 -0.016660785720852406 0.072959797166035276 -0.10345742506234581 0.15504385142931584 0.032623580446526732 -0.17046204040267265 -0.056019476669566998 -0.26213874505718721 0.20554024455681755 0.011251316864018734 0.099017145055525377 0.054083914678614571 -0.077218959966090739 -0.13611484995345066 -0.034925512759555029 0.25747891673872431 -0.21318143208938267 -0.3406863469807731 0.1195953816122798 -0.00387782338697554
leaf_weight=1262 507990 423715 496644 167289 881527 201939 499302 42034 135049 1227708 858022 784311 530337 384709 699383 33515 104159 22709 165767 377185
leaf_count=1262 507990 423715 496644 167289 881527 201939 499302 42034 135049 1227708 858022 784311 530337 384709 699383 33515 104159 22709 165767 377185
internal_value=-1.53079e-05 0.0490981 -0.0916077 0.111039 0.019865 -0.169774 -0.065028 -0.245056 0.185571 0.00183974 0.0937463 0.0427276 -0.0899078 -0.147938 -0.043712 0.215868 -0.227258 -0.353593 0.102349 -0.0112138
internal_weight=8.54456e+06 5.56208e+06 2.98248e+06 1.78336e+06 3.77872e+06 756812 2.22567e+06 170164 335853 2.11288e+06 1.4475e+06 1.66584e+06 1.02698e+06 586648 1.19868e+06 168564 146193 23971 1.02379e+06 885175
internal_count=8544556 5562078 2982478 1783357 3778721 756812 2225666 170164 335853 2112883 1447504 1665838 1026981 586648 1198685 168564 146193 23971 1023789 885175
is_linear=0
shrinkage=0.075129


Tree=27
num_leaves=21
num_cat=0
split_feature=23 23 23 23 23 23 23 23 10 23 23 23 23 23 23 23 23 10 23 23
split_gain=5.82608e+06 1.5401e+06 925775 348715 241684 189107 173846 44809.4 44216 37842.1 33896.3 33047 32741.7 27340.6 17801.9 14083.2 10415.8 9672.57 8439.32 8033.44
threshold=0.63676577806472789 0.72213184833526622 0.54176726937294017 0.80000919103622448 0.67821946740150463 0.46038834750652319 0.58847355842590343 0.75615385174751293 34.500000000000007 0.65816503763198864 0.86075130105018627 0.49589791893959051 0.71039602160453807 0.61154127120971691 0.56844824552536022 0.76543691754341137 0.41084934771060949 25.500000000000004 0.89309459924697887 0.83397981524467479
decision_type=2 2 2 2 2 2 2 2 2 2 2 2 2 2 2 2 2 2 2 2
left_child=2 4 5 7 9 8 14 -3 17 -2 19 -7 -6 -8 -4 -9 -10 -1 -12 -5
right_child=1 3 6 10 12 11 13 15 16 -11 18 -13 -14 -15 -16 -17 -18 -19 -20 -21
leaf_value=-0.54171093507644252 -0.012935213222979644 0.070620214793412614 -0.097236918419952204 0.13806911315739162 0.029355852113777642 -0.17022641711044176 -0.056007275179470677 0.092922705074611922 -0.25189084360725528 0.0082861714294991673 0.1965419696190446 -0.1291866809885861 0.050020647789291404 -0.034102372086985563 -0.075871121658995705 0.11491338927808678 -0.20416512634026235 -0.32651220878913717 0.24392609620971556 0.17188925967700261
leaf_weight=1262 741670 535135 438685 81348 965532 145021 558492 746602 36689 1315595 105567 468687 784311 758306 441796 210793 87127 18026 26561 77351
leaf_count=1262 741670 535135 438685 81348 965532 145021 558492 746602 36689 1315595 105567 468687 784311 758306 441796 210793 87127 18026 26561 77351
internal_value=-1.41605e-05 0.0450819 -0.0853562 0.102697 0.0180934 -0.15702 -0.0606731 0.0880322 -0.234792 0.000635593 0.177958 -0.138885 0.0386182 -0.0433929 -0.0865163 0.0977645 -0.218308 -0.340601 0.206068 0.154554
internal_weight=8.54456e+06 5.59046e+06 2.95409e+06 1.78336e+06 3.80711e+06 756812 2.19728e+06 1.49253e+06 143104 2.05726e+06 290827 613708 1.74984e+06 1.3168e+06 880481 957395 123816 19288 132128 158699
internal_count=8544556 5590465 2954091 1783357 3807108 756812 2197279 1492530 143104 2057265 290827 613708 1749843 1316798 880481 957395 123816 19288 132128 158699
is_linear=0
shrinkage=0.075129


Tree=28
num_leaves=21
num_cat=0
split_feature=10 10 13 13 10 13 10 16 10 10 13 10 10 13 16 13 13 13 10 10
split_gain=4.97028e+06 1.14259e+06 968701 250331 208397 193148 191710 49948.8 32799.1 31510 29358.1 24446.7 23233.9 13970.5 13741.9 13003.5 8093.35 7693.95 6673.3 5459.34
threshold=64.500000000000014 73.500000000000014 54.979166666666679 82.979166666666671 69.500000000000014 59.979166666666679 47.500000000000007 38.500000000000007 78.500000000000014 66.500000000000014 62.020833333333336 51.500000000000007 57.500000000000007 86.020833333333357 30.500000000000004 71.020833333333357 67.020833333333357 43.020833333333336 75.500000000000014 89.500000000000014
decision_type=2 2 2 2 2 2 2 2 2 2 2 2 2 2 2 2 2 2 2 2
left_child=2 4 6 8 9 12 7 14 18 -2 -7 -8 -4 -5 -1 -6 -11 -9 -3 -15
right_child=1 3 5 13 15 10 11 17 -10 16 -12 -13 -14 19 -16 -17 -18 -19 -20 -21
leaf_value=-0.38118461439822232 -0.0025017010485123025 0.074646350578365925 -0.082113422090256877 0.16050821232203133 0.042278137309820836 -0.039165084223578318 -0.13534960629980389 -0.20531846373174628 0.12149930455624457 0.011739652537634242 -0.017926569659084467 -0.10640288002806625 -0.059631132310070986 0.19416742732855752 -0.25902542939846168 0.058629158126240276 0.023127356110763879 -0.17183951912483039 0.088376936011370325 0.26821245614147365
leaf_weight=6174 766149 264092 557618 124781 1081380 802113 292756 60889 159730 880623 677785 376444 485225 87392 32926 367937 587131 106613 820789 6009
leaf_count=6174 766149 264092 557618 124781 1081380 802113 292756 60889 159730 880623 677785 376444 485225 87392 32926 367937 587131 106613 820789 6009
internal_value=-1.30984e-05 0.0465524 -0.0705218 0.102727 0.0242426 -0.0468886 -0.138597 -0.201858 0.0897144 0.00984838 -0.029438 -0.119066 -0.0716526 0.176957 -0.278318 0.0464292 0.016295 -0.18401 0.0850345 0.198932
internal_weight=8.54456e+06 5.14601e+06 3.39854e+06 1.46279e+06 3.68322e+06 2.52274e+06 875802 206602 1.24461e+06 2.2339e+06 1.4799e+06 669200 1.04284e+06 218182 39100 1.44932e+06 1.46775e+06 167502 1.08488e+06 93401
internal_count=8544556 5146013 3398543 1462793 3683220 2522741 875802 206602 1244611 2233903 1479898 669200 1042843 218182 39100 1449317 1467754 167502 1084881 93401
is_linear=0
shrinkage=0.075129


Tree=29
num_leaves=21
num_cat=0
split_feature=23 23 23 23 23 23 23 16 23 23 23 23 23 23 15 17 23 23 23 23
split_gain=4.26833e+06 1.02054e+06 782983 212679 200632 170353 138646 46371.3 29878 24781.3 23610.9 21720.5 20164.8 17821.8 13053.8 10932.6 6150.36 5961.58 4757.37 3795.78
threshold=0.64605578780174266 0.74113664031028759 0.55232957005500805 0.83397981524467479 0.690381020307541 0.48495049774646765 0.60309749841690075 39.500000000000007 0.79225191473960888 0.6708858609199525 0.71118247509002697 0.58117648959159862 0.52470868825912487 0.62598383426666271 29.500000000000004 88.003472222222243 0.44825132191181188 0.72058704495430004 0.76153963804245006 0.65500000119209301
decision_type=2 2 2 2 2 2 2 2 2 2 2 2 2 2 2 2 2 2 2 2
left_child=2 4 5 8 9 7 11 14 18 19 -6 -4 -7 -8 -1 -5 -9 -12 -3 -2
right_child=1 3 6 15 10 12 13 16 -10 -11 17 -13 -14 -15 -16 -17 -18 -19 -20 -21
leaf_value=-0.37138323340078033 -0.0099329007921655291 0.070806120882201978 -0.074807535602001748 0.15768154179096175 0.028926635992522168 -0.12173157870730898 -0.037108564247162627 -0.18375380180026055 0.11447643652338836 0.013216213411879047 0.043026953871104216 -0.053563211479904886 -0.095744064294838852 -0.019305688165375801 -0.23773088337909185 0.2029245730454794 -0.15542128795563209 0.054751977316680307 0.082200582674872028 0.00014475633333201301
leaf_weight=4591 316488 279101 559661 172963 653298 321631 617057 70428 155515 1140566 728239 527853 354074 653536 40701 36516 112123 368692 798848 632675
leaf_count=4591 316488 279101 559661 172963 653298 321631 617057 70428 155515 1140566 728239 527853 354074 653536 40701 36516 112123 368692 798848 632675
internal_value=-1.21161e-05 0.0417108 -0.0675907 0.0955782 0.021469 -0.127057 -0.0448052 -0.183235 0.0836917 0.00575285 0.0402337 -0.0644961 -0.108114 -0.0279516 -0.251281 0.165569 -0.166352 0.0469679 0.0792504 -0.00321553
internal_weight=8.54456e+06 5.2829e+06 3.26166e+06 1.44294e+06 3.83996e+06 903548 2.35811e+06 227843 1.23346e+06 2.08973e+06 1.75023e+06 1.08751e+06 675705 1.27059e+06 45292 209479 182551 1.09693e+06 1.07795e+06 949163
internal_count=8544556 5282901 3261655 1442943 3839958 903548 2358107 227843 1233464 2089729 1750229 1087514 675705 1270593 45292 209479 182551 1096931 1077949 949163
is_linear=0
shrinkage=0.075129


Tree=30
num_leaves=21
num_cat=0
split_feature=23 23 23 23 23 23 23 23 23 23 23 10 23 23 23 23 23 16 23 23
split_gain=3.65299e+06 972122 573674 219988 156046 113970 110874 34036.3 30200.3 27066.3 25500.4 25067.4 16607.5 13061.2 12080.6 6804.72 6308.19 6296.48 5517.27 5170.77
threshold=0.63589897751808178 0.72213184833526622 0.53944709897041332 0.79565498232841503 0.68846952915191661 0.44825132191181188 0.58847355842590343 0.66659739613533031 0.85320976376533519 0.49092386662960058 0.74481257796287548 33.500000000000007 0.61382699012756359 0.56844824552536022 0.71039602160453807 0.89309459924697887 0.76543691754341137 25.500000000000004 0.41084934771060949 0.65247520804405224
decision_type=2 2 2 2 2 2 2 2 2 2 2 2 2 2 2 2 2 2 2 2
left_child=2 4 5 10 7 11 13 19 -5 -7 -3 17 -8 -4 -6 -10 -12 -1 -13 -2
right_child=1 3 6 8 14 9 12 -9 15 -11 16 18 -14 -15 -16 -17 -18 -19 -20 -21
leaf_value=-0.4453787787733321 -0.012515117680029313 0.052266473051484075 -0.077755101097950099 0.11459849788885208 0.02608542294786733 -0.14183819754269067 -0.043717795937651537 0.010503838943782718 0.15279483021021903 -0.10436537885261508 0.072137957948301037 -0.20223614731976972 -0.026631916409691123 -0.059759724819894992 0.039772839965969635 0.19448896728726905 0.088100634404597741 -0.27093068025677836 -0.16648920676709039 -0.0021474990204537457
leaf_weight=1280 567009 394945 470053 176176 679182 141724 614741 1286021 133076 468312 887064 41199 672247 441477 784226 26499 165874 13405 59711 521040
leaf_count=1280 567009 394945 470053 176176 679182 141724 614741 1286021 133076 468312 887064 41199 672247 441477 784226 26499 165874 13405 59711 521040
internal_value=-4.49694e-06 0.0354244 -0.0681097 0.081252 0.014124 -0.126032 -0.0489921 0.00222952 0.136043 -0.113071 0.0685463 -0.194432 -0.0347931 -0.0690395 0.0334204 0.159719 0.0746527 -0.286146 -0.181084 -0.00755032
internal_weight=8.54526e+06 5.62111e+06 2.92415e+06 1.78363e+06 3.83748e+06 725631 2.19852e+06 2.37407e+06 335751 610036 1.44788e+06 115595 1.28699e+06 911530 1.46341e+06 159575 1.05294e+06 14685 100910 1.08805e+06
internal_count=8545261 5621112 2924149 1783634 3837478 725631 2198518 2374070 335751 610036 1447883 115595 1286988 911530 1463408 159575 1052938 14685 100910 1088049
is_linear=0
shrinkage=0.075129


Tree=31
num_leaves=21
num_cat=0
split_feature=23 23 23 16 23 23 23 16 23 23 23 23 23 23 23 23 16 16 23 16
split_gain=3.12479e+06 823664 498937 185739 134938 106022 88701.9 28627.3 25342.1 24322.4 16870.6 16267.6 13338.2 13335.2 10739.9 9275.85 7101.98 6117.68 4395.63 4277.42
threshold=0.63676577806472789 0.72346755862236034 0.54388400912284862 80.500000000000014 0.68527233600616466 0.47002477943897253 0.59461584687232982 34.500000000000007 0.66659739613533031 0.76038458943367015 0.86670097708702099 0.51033937931060802 0.57426106929779064 0.71039602160453807 0.62221345305442821 0.770134598016739 41.500000000000007 25.500000000000004 0.83397981524467479 89.500000000000014
decision_type=2 2 2 2 2 2 2 2 2 2 2 2 2 2 2 2 2 2 2 2
left_child=2 4 5 9 8 7 12 17 -2 -3 18 -7 -4 -6 -8 -11 -9 -1 -5 -12
right_child=1 3 6 10 13 11 14 16 -10 15 19 -13 -14 -15 -16 -17 -18 -19 -20 -21
leaf_value=-0.41192626030392676 -0.0067572067870322215 0.052924159867747185 -0.068564233742394398 0.10205966880040736 0.023244405834405332 -0.11497657154961573 -0.035765029342575104 -0.17965969786242869 0.0092026471536944439 0.068711010995579663 0.15240872213498546 -0.089774055424415675 -0.05116735182660035 0.037048127576781283 -0.021068958666500586 0.086883278471536027 -0.14446834158341068 -0.2418119055122582 0.12734053786811725 0.21448889236689006
leaf_weight=1280 1058239 564509 528950 61967 768703 232499 703413 46951 1196500 715936 98518 382236 469610 812616 467045 203649 104280 17695 103973 6692
leaf_count=1280 1058239 564509 528950 61967 768703 232499 703413 46951 1196500 715936 98518 382236 469610 812616 467045 203649 104280 17695 103973 6692
internal_value=-4.16145e-06 0.0330177 -0.0625084 0.0756461 0.0135124 -0.113835 -0.043934 -0.166309 0.00171205 0.0651998 0.132822 -0.099306 -0.0603827 0.0303379 -0.0299009 0.0727354 -0.155394 -0.253294 0.1179 0.156358
internal_weight=8.54526e+06 5.5913e+06 2.95396e+06 1.75524e+06 3.83606e+06 784941 2.16902e+06 170206 2.25474e+06 1.48409e+06 271150 614735 998560 1.58132e+06 1.17046e+06 919585 151231 18975 165940 105210
internal_count=8545261 5591302 2953959 1755244 3836058 784941 2169018 170206 2254739 1484094 271150 614735 998560 1581319 1170458 919585 151231 18975 165940 105210
is_linear=0
shrinkage=0.075129


Tree=32
num_leaves=21
num_cat=0
split_feature=23 23 23 23 23 23 23 15 23 23 23 23 23 15 23 23 16 23 23 16
split_gain=2.67686e+06 600777 538183 133790 123912 108801 86926 32464.9 18767 15491.2 15317.7 14053.5 8916.38 7582.67 7505.89 6927.12 6820.84 3887.13 3012.47 2501.5
threshold=0.65169131755828869 0.74113664031028759 0.55912607908248912 0.83397981524467479 0.49092386662960058 0.70091050863266002 0.61154127120971691 37.500000000000007 0.79225191473960888 0.67272245883941661 0.52708333730697643 0.58117648959159862 0.63237956166267406 28.500000000000004 0.88134998083114635 0.71616274118423473 43.500000000000007 0.67706304788589489 0.76543691754341137 89.500000000000014
decision_type=2 2 2 2 2 2 2 2 2 2 2 2 2 2 2 2 2 2 2 2
left_child=2 5 4 8 7 9 11 13 18 -2 -6 -4 -8 -1 -5 -7 -9 -11 -3 -16
right_child=1 3 6 14 10 15 12 16 -10 17 -12 -13 -14 -15 19 -17 -18 -19 -20 -21
leaf_value=-0.32576395043614131 -0.00011351401420223055 0.06126186086636589 -0.057095738148781189 0.12286493811971169 -0.094075469722306737 0.030939017316883165 -0.024614094060594189 -0.15172967728262979 0.090678912735106587 0.008846731529265562 -0.072517848101404589 -0.040133336118252386 -0.011999165116383579 -0.19916340961435175 0.14929475091847705 0.042157509723795464 -0.12290399152587898 0.016888913784251596 0.073195168269859015 0.19837533266213175
leaf_weight=2920 839995 941663 442094 155076 320591 990779 616216 65674 155688 678360 443301 732478 649681 31317 47415 452588 157408 678571 136754 6692
leaf_count=2920 839995 941663 442094 155076 320591 990779 616216 65674 155688 678360 443301 732478 649681 31317 47415 452588 157408 678571 136754 6692
internal_value=-3.85005e-06 0.0346951 -0.0509603 0.0757128 -0.0967542 0.0184326 -0.0317979 -0.141845 0.0662954 0.0079048 -0.0815652 -0.0465178 -0.0181399 -0.209964 0.131272 0.0344567 -0.13139 0.0128685 0.0627751 0.155366
internal_weight=8.54526e+06 5.08358e+06 3.46168e+06 1.44329e+06 1.02121e+06 3.64029e+06 2.44047e+06 257319 1.2341e+06 2.19693e+06 763892 1.17457e+06 1.2659e+06 34237 209183 1.44337e+06 223082 1.35693e+06 1.07842e+06 54107
internal_count=8545261 5083581 3461680 1443288 1021211 3640293 2440469 257319 1234105 2196926 763892 1174572 1265897 34237 209183 1443367 223082 1356931 1078417 54107
is_linear=0
shrinkage=0.075129


Tree=33
num_leaves=21
num_cat=0
split_feature=23 23 23 23 23 23 23 10 23 23 23 23 23 23 23 23 10 23 10 23
split_gain=2.28988e+06 548028 421931 114442 107697 85047.4 82446.6 25895.5 16053.1 16029.6 12495.6 9972.6 9165.34 9035.7 7012.62 6491.3 5365.74 2868.26 2754.24 2736.03
threshold=0.64605578780174266 0.74113664031028759 0.54824754595756542 0.83397981524467479 0.69498762488365184 0.48495049774646765 0.59829127788543712 35.500000000000007 0.79225191473960888 0.6715412735939027 0.62308496236801159 0.57577648758888256 0.52206307649612438 0.71178066730499279 0.43139706552028662 0.87313267588615429 24.500000000000004 0.71757391095161449 89.500000000000014 0.76153963804245006
decision_type=2 2 2 2 2 2 2 2 2 2 2 2 2 2 2 2 2 2 2 2
left_child=2 4 5 8 9 7 11 16 19 -2 -8 -4 -7 -6 -9 -5 -1 -15 -17 -3
right_child=1 3 6 15 13 12 10 14 -10 -11 -12 -13 -14 17 -16 18 -18 -19 -20 -21
leaf_value=-0.38736514565837599 -0.0021756816548611823 0.051658984898262025 -0.057308828950582216 0.11092581934803124 0.022570913837139519 -0.090329945174347503 -0.02927334756180756 -0.14685907926479633 0.083866309633741559 0.010662730457067553 -0.015003195898339029 -0.042475393123134211 -0.071995498546895645 0.031352673246677697 -0.11654593686433526 0.13418724961486683 -0.20125141978572222 0.039291160193502608 0.18717357109786906 0.060296619550544432
leaf_weight=909 978894 279382 498742 128538 537778 292850 645672 61760 155688 1249739 747123 525252 324370 647588 142445 74662 23017 425834 5983 799035
leaf_count=909 978894 279382 498742 128538 537778 292850 645672 61760 155688 1249739 747123 525252 324370 647588 142445 74662 23017 425834 5983 799035
internal_value=-3.5618e-06 0.0305567 -0.0494967 0.0700245 0.0157218 -0.0951821 -0.0335167 -0.134379 0.0613147 0.00502365 -0.0216186 -0.0497001 -0.0806946 0.0305197 -0.125714 0.12141 -0.208327 0.0345019 0.138119 0.0580589
internal_weight=8.54526e+06 5.28312e+06 3.26214e+06 1.44329e+06 3.83983e+06 845351 2.41679e+06 228131 1.2341e+06 2.22863e+06 1.3928e+06 1.02399e+06 617220 1.6112e+06 204205 209183 23926 1.07342e+06 80645 1.07842e+06
internal_count=8545261 5283121 3262140 1443288 3839833 845351 2416789 228131 1234105 2228633 1392795 1023994 617220 1611200 204205 209183 23926 1073422 80645 1078417
is_linear=0
shrinkage=0.075129


Tree=34
num_leaves=21
num_cat=0
split_feature=15 13 13 13 15 13 13 13 13 13 15 15 20 13 15 13 13 15 15 13
split_gain=1.94996e+06 446281 384680 98989.5 93524.2 80959 58449.2 24032.8 13555.2 12553.1 11738.2 9410.53 7310.66 6849.24 6426.49 4775.13 3448.82 3354.37 2531.47 2423.86
threshold=64.500000000000014 73.020833333333357 55.979166666666679 82.979166666666671 48.500000000000007 69.020833333333357 60.979166666666679 39.083333333333336 76.020833333333357 52.979166666666679 66.500000000000014 57.500000000000007 31.500000000000004 62.020833333333336 86.500000000000014 71.020833333333357 67.020833333333357 43.500000000000007 24.500000000000004 89.020833333333357
decision_type=2 2 2 2 2 2 2 2 2 2 2 2 2 2 2 2 2 2 2 2
left_child=2 5 4 8 7 10 11 12 -3 -6 -2 -4 18 -8 -5 -7 -12 -9 -1 -16
right_child=1 3 6 14 9 15 13 17 -10 -11 16 -13 -14 -15 19 -17 -18 -19 -20 -21
leaf_value=-0.35464250587294854 -0.0013412703480701548 0.052114109447799074 -0.048928796086194222 0.10012754921400033 -0.079630297236210346 0.026529983707148971 -0.022299891823652582 -0.12640550051574989 0.071385514629229443 -0.060608092084908818 0.0071727793635186464 -0.034573913211574631 -0.15803524451517673 -0.011094982517032692 0.12283769662008225 0.036480435469672404 0.014667809700224906 -0.1050416495401597 -0.22301652361156202 0.16983253934565024
leaf_weight=949 765056 990422 400880 127428 358810 1090654 553860 57132 260122 431079 866971 722073 38004 693454 83746 362762 577262 151559 6346 6692
leaf_count=949 765056 990422 400880 127428 358810 1090654 553860 57132 260122 431079 866971 722073 38004 693454 83746 362762 577262 151559 6346 6692
internal_value=-3.29518e-06 0.0292715 -0.0440003 0.0642646 -0.0820008 0.0152424 -0.0272646 -0.121658 0.0561227 -0.069249 0.00618281 -0.0396984 -0.171261 -0.0160704 0.110999 0.0290136 0.0101686 -0.11089 -0.240154 0.126316
internal_weight=8.54526e+06 5.13112e+06 3.41415e+06 1.46841e+06 1.04388e+06 3.6627e+06 2.37027e+06 253990 1.25054e+06 789889 2.20929e+06 1.12295e+06 45299 1.24731e+06 217866 1.45342e+06 1.44423e+06 208691 7295 90438
internal_count=8545261 5131115 3414146 1468410 1043879 3662705 2370267 253990 1250544 789889 2209289 1122953 45299 1247314 217866 1453416 1444233 208691 7295 90438
is_linear=0
shrinkage=0.075129


Tree=35
num_leaves=21
num_cat=0
split_feature=23 23 23 23 23 23 23 23 23 23 23 23 23 23 15 15 23 23 23 23
split_gain=1.67918e+06 372100 342684 87160.8 83894.3 66596.5 46088.9 20791 12671.5 12149.8 8861.73 5935.15 5894.97 5377.92 5012.69 4371.22 4323.31 2667.66 2230.77 1908.09
threshold=0.65247520804405224 0.74113664031028759 0.56530731916427623 0.49092386662960058 0.83397981524467479 0.70091050863266002 0.61154127120971691 0.36539216339588171 0.53470870852470409 0.79225191473960888 0.67272245883941661 0.58713051676750194 0.63237956166267406 0.43139706552028662 88.500000000000014 28.500000000000004 0.71616274118423473 0.67706304788589489 0.76038458943367015 0.51323893666267406
decision_type=2 2 2 2 2 2 2 2 2 2 2 2 2 2 2 2 2 2 2 2
left_child=2 5 3 7 9 10 11 15 19 18 -2 -4 -8 -9 -6 -1 -7 -12 -3 -5
right_child=1 4 6 8 14 16 12 13 -10 -11 17 -13 -14 -15 -16 -17 -18 -19 -20 -21
leaf_value=-0.26185511761773794 0.00024629789737121019 0.043450712581476918 -0.041630838405826757 -0.078300487022471138 0.098899309584180986 0.024512203006400984 -0.019523585235852754 -0.12469137974663519 -0.054265498828522295 0.072081684485212988 0.0068430747243006145 -0.030304970778364713 -0.0093752596527444387 -0.098386195330705903 0.13088378426014444 -0.1644489518748222 0.033374907555744952 0.013505373202053778 0.051519576490704981 -0.067933158120141099
leaf_weight=2920 810517 252553 470209 174021 176378 990779 616216 58939 470493 155688 678360 587430 679159 171633 32805 23827 452588 678571 825864 236311
leaf_count=2920 810517 252553 470209 174021 176378 990779 616216 58939 470493 155688 678360 587430 679159 171633 32805 23827 452588 678571 825864 236311
internal_value=-3.04938e-06 0.0276763 -0.0400741 -0.0739182 0.0599197 0.0147882 -0.0237038 -0.112384 -0.0626809 0.0524624 0.006462 -0.0353403 -0.0142029 -0.105111 0.103915 -0.175086 0.0272912 0.0101747 0.04963 -0.07233
internal_weight=8.54526e+06 5.0541e+06 3.49116e+06 1.13814e+06 1.44329e+06 3.61082e+06 2.35301e+06 257319 880825 1.2341e+06 2.16745e+06 1.05764e+06 1.29538e+06 230572 209183 26747 1.44337e+06 1.35693e+06 1.07842e+06 410332
internal_count=8545261 5054103 3491158 1138144 1443288 3610815 2353014 257319 880825 1234105 2167448 1057639 1295375 230572 209183 26747 1443367 1356931 1078417 410332
is_linear=0
shrinkage=0.075129


Tree=36
num_leaves=21
num_cat=0
split_feature=23 23 23 23 23 23 23 10 23 23 23 23 23 23 10 23 10 23 23 23
split_gain=1.43693e+06 315591 296704 71945.6 70452.3 55796.6 44681.9 18023.4 10379.9 9480.36 7276.86 6518.49 5764.91 5083.11 4462.98 3801.06 3145.4 2194.39 1914.83 1616.53
threshold=0.65330976247787487 0.74113664031028759 0.56220871210098278 0.83397981524467479 0.49092386662960058 0.70091050863266002 0.60792675614357006 34.500000000000007 0.79225191473960888 0.52708333730697643 0.67513644695281994 0.62692841887474071 0.43139706552028662 0.58366993069648754 87.500000000000014 0.71178066730499279 24.500000000000004 0.6708858609199525 0.76153963804245006 0.71757391095161449
decision_type=2 2 2 2 2 2 2 2 2 2 2 2 2 2 2 2 2 2 2 2
left_child=2 5 4 8 7 10 13 16 18 -6 17 -8 -9 -4 -5 -7 -1 -2 -3 -17
right_child=1 3 6 14 9 15 11 12 -10 -11 -12 -13 -14 -15 -16 19 -18 -19 -20 -21
leaf_value=-0.31103769863499736 -5.2615248836125564e-05 0.040550626027467659 -0.040285142388900554 0.089333550079275736 -0.068988109881367832 0.018671338197184865 -0.020242393827148288 -0.11708594147830143 0.066666263884251023 -0.052438802948925903 0.012191216533527978 -0.0096954508424892394 -0.091027327144546852 -0.02962559747277398 0.11380651134864199 0.0251347198507984 -0.16716736628313655 0.0058833198466422499 0.04777742984536195 0.031093097442861678
leaf_weight=900 692692 279360 445114 151247 320685 370333 529162 66512 155532 500051 733237 882157 171472 583542 58271 647974 18344 713703 798527 425972
leaf_count=900 692692 279360 445114 151247 320685 370333 529162 66512 155532 500051 733237 882157 171472 583542 58271 647974 18344 713703 798527 425972
internal_value=-3.84882e-06 0.0257695 -0.0368318 0.0554367 -0.0696577 0.013825 -0.0223296 -0.103966 0.0485225 -0.0589051 0.00612327 -0.0136499 -0.0983104 -0.0342381 0.0961401 0.0252348 -0.173901 0.00295969 0.0459044 0.0274981
internal_weight=8.54479e+06 5.02685e+06 3.51794e+06 1.44294e+06 1.07796e+06 3.58391e+06 2.43998e+06 257228 1.23342e+06 820736 2.13963e+06 1.41132e+06 237984 1.02866e+06 209518 1.44428e+06 19244 1.4064e+06 1.07789e+06 1.07395e+06
internal_count=8544787 5026848 3517939 1442937 1077964 3583911 2439975 257228 1233419 820736 2139632 1411319 237984 1028656 209518 1444279 19244 1406395 1077887 1073946
is_linear=0
shrinkage=0.075129


Tree=37
num_leaves=21
num_cat=0
split_feature=23 23 23 13 23 23 23 10 23 23 23 23 23 23 23 23 23 10 10 23
split_gain=1.23018e+06 320530 201140 66169.1 63553.1 42677 36405.2 11048.4 10603.1 8262.9 7491.29 6570.79 6520.56 5347.15 4047.03 2649.48 2480.7 2333.28 2080.07 1377.73
threshold=0.63765090703964245 0.73445656895637523 0.54388400912284862 80.020833333333357 0.68846952915191661 0.46038834750652319 0.5958991050720216 33.500000000000007 0.66530331969261181 0.50297555327415477 0.86670097708702099 0.71118247509002697 0.76543691754341137 0.56844824552536022 0.62221345305442821 0.41084934771060949 0.74889159202575695 24.500000000000004 89.500000000000014 0.65500000119209301
decision_type=2 2 2 2 2 2 2 2 2 2 2 2 2 2 2 2 2 2 2 2
left_child=2 4 5 12 8 7 13 17 19 -7 -5 -6 16 -4 -8 -9 -3 -1 -12 -2
right_child=1 3 6 10 11 9 14 15 -10 -11 18 -13 -14 -15 -16 -17 -18 -19 -20 -21
leaf_value=-0.28767803582952395 -0.0066784303449937375 0.033168804433075377 -0.044239411683509977 0.073570982788418671 0.015172781574827422 -0.075970314369055797 -0.022000963582366327 -0.11730919803872289 0.0058678055598859954 -0.05757484163511533 0.096580896928412527 0.02466705704186662 0.054144093609299546 -0.033175040957598059 -0.01305483595006693 -0.094203645775640096 0.042076960886984358 -0.1627963323087093 0.14207406421404667 -0.0008708776727040699
leaf_weight=900 596131 224103 410500 166249 706680 200418 673667 41318 1344089 441337 99297 984838 230038 617265 495246 87042 829896 13772 6018 375983
leaf_count=900 596131 224103 410500 166249 706680 200418 673667 41318 1344089 441337 99297 984838 230038 617265 495246 87042 829896 13772 6018 375983
internal_value=-3.56098e-06 0.0208649 -0.0389434 0.0498099 0.0096298 -0.0715908 -0.0272797 -0.108701 0.00154485 -0.0633197 0.0835029 0.0207006 0.0426841 -0.0375943 -0.0182107 -0.101641 0.0401829 -0.170463 0.0991809 -0.00443225
internal_weight=8.54479e+06 5.56332e+06 2.98146e+06 1.5556e+06 4.00772e+06 784787 2.19668e+06 143032 2.3162e+06 641755 271564 1.69152e+06 1.28404e+06 1.02776e+06 1.16891e+06 128360 1.054e+06 14672 105315 972114
internal_count=8544787 5563322 2981465 1555601 4007721 784787 2196678 143032 2316203 641755 271564 1691518 1284037 1027765 1168913 128360 1053999 14672 105315 972114
is_linear=0
shrinkage=0.075129


Tree=38
num_leaves=21
num_cat=0
split_feature=23 23 23 23 23 23 23 23 10 23 23 23 23 23 23 23 10 23 23 30
split_gain=1.05253e+06 279724 167981 64854.9 45575.4 33674 32242.6 9524.88 8250.07 7538.48 7258.67 7082.14 6543.09 5246.02 3435.83 2490.29 2052.75 1907.2 1536.45 1464.52
threshold=0.63589897751808178 0.72213184833526622 0.5372087061405183 0.79565498232841503 0.67706304788589489 0.59331706166267406 0.44825132191181188 0.85320976376533519 33.500000000000007 0.74481257796287548 0.65816503763198864 0.49589791893959051 0.70557337999343883 0.56844824552536022 0.61607232689857494 0.89309459924697887 27.500000000000004 0.76543691754341137 0.41084934771060949 0.44652553885537005
decision_type=2 2 2 2 2 2 2 2 2 2 2 2 2 2 2 2 2 2 2 2
left_child=2 4 6 9 10 13 8 19 16 -3 -2 -8 -6 -4 -7 -9 -1 -11 -10 -5
right_child=1 3 5 7 12 14 11 15 18 17 -12 -13 -14 -15 -16 -17 -18 -19 -20 -21
leaf_value=-0.23153935773481629 -0.0057909155716752946 0.027844010253531389 -0.041823512720400961 0.068299587283654664 0.011510005799199953 -0.021987377928853392 -0.074317672143459801 0.082425635301389896 -0.10849594275851782 0.038633578593483195 0.0034271723201971822 -0.056166779630059498 0.020634837332680452 -0.031215188745754029 -0.013840787627215287 0.1076214728838886 -0.14695838121585919 0.047417124217152731 -0.089639417803905344 0.054594648784890579
leaf_weight=1855 772212 395017 498991 85980 831104 558852 172692 133278 41318 886737 1283661 408032 951219 556648 612448 26558 12817 165597 59582 90189
leaf_count=1855 772212 395017 498991 85980 831104 558852 172692 133278 41318 886737 1283661 408032 951219 556648 612448 26558 12817 165597 59582 90189
internal_value=-3.29448e-06 0.0190109 -0.0365687 0.043597 0.00758736 -0.0264982 -0.0687767 0.0733324 -0.105016 0.0366938 -3.52587e-05 -0.0615644 0.0163799 -0.0362297 -0.0177277 0.0866123 -0.157657 0.0400158 -0.0973614 0.0612835
internal_weight=8.54479e+06 5.62155e+06 2.92324e+06 1.78336e+06 3.8382e+06 2.22694e+06 696296 336005 115572 1.44735e+06 2.05587e+06 580724 1.78232e+06 1.05564e+06 1.1713e+06 159836 14672 1.05233e+06 100900 176169
internal_count=8544787 5621552 2923235 1783356 3838196 2226939 696296 336005 115572 1447351 2055873 580724 1782323 1055639 1171300 159836 14672 1052334 100900 176169
is_linear=0
shrinkage=0.075129


Tree=39
num_leaves=21
num_cat=0
split_feature=10 13 16 13 16 10 16 16 10 10 10 10 10 13 15 10 10 13 15 10
split_gain=894650 229200 152796 51129.5 41418.2 31835.9 29048.8 8077.42 7233.77 6984.07 5803.47 5368.08 4633.8 4210.13 2725.43 2175.72 1892.69 1723.69 1671.59 1214.49
threshold=63.500000000000007 72.979166666666671 53.500000000000007 79.979166666666671 68.500000000000014 59.500000000000007 45.500000000000007 32.500000000000007 66.500000000000014 85.500000000000014 56.500000000000007 50.500000000000007 75.500000000000014 70.020833333333357 61.500000000000007 39.500000000000007 89.500000000000014 76.020833333333357 23.500000000000004 65.500000000000014
decision_type=2 2 2 2 2 2 2 2 2 2 2 2 2 2 2 2 2 2 2 2
left_child=2 4 6 12 8 10 7 18 19 -5 -4 -8 -3 -6 -7 -9 -11 -14 -1 -2
right_child=1 3 5 9 13 14 11 15 -10 16 -12 -13 17 -15 -16 -17 -18 -19 -20 -21
leaf_value=-0.30235593716325915 -0.0045579711580420179 0.028924543308347265 -0.038030610958201268 0.059330106287083233 0.012684106508873111 -0.018284782763593105 -0.063434253041867242 -0.10422978861054742 0.0058032286850130173 0.080209981602795535 -0.027378385809077935 -0.048916299940296927 0.036829793613869392 0.020588397200954116 -0.010937816216726785 -0.082202727358096264 0.12331569030723921 0.045240925967203603 -0.14871078627435486 0.0006013106737241898
leaf_weight=415 705402 428197 500551 172621 628991 528163 258189 34463 1162585 129294 682051 324369 720460 962199 619007 95380 6018 169972 10846 405614
leaf_count=415 705402 428197 500551 172621 628991 528163 258189 34463 1162585 129294 682051 324369 720460 962199 619007 95380 6018 169972 10846 405614
internal_value=-3.04801e-06 0.0181245 -0.0326039 0.0417838 0.00816701 -0.0232373 -0.0627588 -0.0933435 0.00166056 0.0693478 -0.0318871 -0.0553507 0.0353469 0.0174639 -0.0143204 -0.0880494 0.0821274 0.0384354 -0.154381 -0.0026744
internal_weight=8.54479e+06 5.49135e+06 3.05343e+06 1.62656e+06 3.86479e+06 2.32977e+06 723662 141104 2.2736e+06 307933 1.1826e+06 582558 1.31863e+06 1.59119e+06 1.14717e+06 129843 135312 890432 11261 1.11102e+06
internal_count=8544787 5491353 3053434 1626562 3864791 2329772 723662 141104 2273601 307933 1182602 582558 1318629 1591190 1147170 129843 135312 890432 11261 1111016
is_linear=0
shrinkage=0.075129


Tree=40
num_leaves=21
num_cat=0
split_feature=23 23 23 23 23 23 23 15 23 23 23 23 23 23 15 15 23 23 30 23
split_gain=771413 187524 139941 40888.6 36004.6 29411.3 26270.4 7566.21 5901.79 5068.89 4625.43 4544.33 3717.03 3375.76 2636.83 1910.14 1642.75 1123.87 1081.42 999.921
threshold=0.64438903331756603 0.73783370852470409 0.54824754595756542 0.83397981524467479 0.68846952915191661 0.47002477943897253 0.59829127788543712 34.500000000000007 0.76543691754341137 0.51323893666267406 0.6708858609199525 0.71178066730499279 0.62493115663528453 0.57723164558410656 88.500000000000014 27.500000000000004 0.41084934771060949 0.76038458943367015 0.43584438833132982 0.49092386662960058
decision_type=2 2 2 2 2 2 2 2 2 2 2 2 2 2 2 2 2 2 2 2
left_child=2 4 5 8 10 7 13 15 17 19 -2 -6 -8 -4 -5 -1 -9 -3 -10 -7
right_child=1 3 6 14 11 9 12 16 18 -11 -12 -13 -14 -15 -16 -17 -18 -19 -20 -21
leaf_value=-0.19855889367737142 -0.0016259816822652429 0.028497170457660592 -0.032969544620918272 0.06716022324764849 0.012123602611340281 -0.06311147300906321 -0.016551555132527325 -0.091481190970109469 0.049761857099999571 -0.043177947682612766 0.0054403457325188486 0.019890703037319126 -0.0086085994126226632 -0.024334449553652594 0.090331054585473899 -0.11955545560769218 -0.073160856220226445 0.03395181134240375 0.040503647615459583 -0.053252992768608794
leaf_weight=1916 1007405 308833 530035 176632 730236 87188 705335 36467 123105 414024 1087037 1017766 629183 493434 32886 17607 114050 688682 168979 173987
leaf_count=1916 1007405 308833 530035 176632 730236 87188 705335 36467 123105 414024 1087037 1017766 629183 493434 32886 17607 114050 688682 168979 173987
internal_value=-2.82027e-06 0.0174779 -0.029153 0.0400145 0.00868536 -0.0553811 -0.0197513 -0.0833076 0.0350133 -0.0483482 0.00204152 0.016646 -0.0128067 -0.0288064 0.0707973 -0.127312 -0.0775997 0.0322631 0.0444058 -0.0565441
internal_weight=8.54479e+06 5.34156e+06 3.20323e+06 1.49912e+06 3.84244e+06 845239 2.35799e+06 170040 1.2896e+06 675199 2.09444e+06 1.748e+06 1.33452e+06 1.02347e+06 209518 19523 150517 997515 292084 261175
internal_count=8544787 5341561 3203226 1499117 3842444 845239 2357987 170040 1289599 675199 2094442 1748002 1334518 1023469 209518 19523 150517 997515 292084 261175
is_linear=0
shrinkage=0.075129


Tree=41
num_leaves=21
num_cat=0
split_feature=23 23 23 23 23 23 23 16 23 23 23 23 23 23 16 23 23 13 23 12
split_gain=660728 147850 133872 33223.5 30003.6 27619.3 22479.5 8417.36 4660.86 3864.55 3676.48 3081.93 2815.23 2333.28 2307.09 2107.08 1959.9 1138.54 976.243 1248.25
threshold=0.65169131755828869 0.74288836121559154 0.55757284164428722 0.83397981524467479 0.49092386662960058 0.70091050863266002 0.60544714331626903 36.500000000000007 0.79225191473960888 0.67353153228759777 0.52708333730697643 0.62598383426666271 0.58117648959159862 0.87313267588615429 29.500000000000004 0.71616274118423473 0.44825132191181188 89.916666666666671 0.67610982060432445 69.500000000000014
decision_type=2 2 2 2 2 2 2 2 2 2 2 2 2 2 2 2 2 2 2 2
left_child=2 5 4 8 7 9 12 14 -3 -2 -6 -8 -4 -5 -1 -7 -9 -15 -11 -20
right_child=1 3 6 13 10 15 11 16 -10 18 -12 -13 -14 17 -16 -17 -18 -19 19 -21
leaf_value=-0.15903625652693812 0.00015274304400611681 0.031266942013322349 -0.028574043174980249 0.059208320029533336 -0.0469434605043123 0.015260650808760304 -0.014092480012873153 -0.074783246542358711 0.045202784539790944 0.0043140565910678875 -0.036228130894941667 -0.0069158854546909464 -0.020770292123862086 0.073125273121140338 -0.099946739007551105 0.021321397517160463 -0.060442934355811606 0.10902329621542277 0.0094268759795956523 -0.0017582258781562773
leaf_weight=4403 898238 1049811 470668 128907 320685 991600 559125 86747 155532 592778 414152 853088 585557 75269 24422 480755 141656 5342 644342 61710
leaf_count=4403 898238 1049811 470668 128907 320685 991600 559125 86747 155532 592778 414152 853088 585557 75269 24422 480755 141656 5342 644342 61710
internal_value=-2.60947e-06 0.0172329 -0.0253255 0.0378651 -0.0486345 0.00927747 -0.0159576 -0.0707177 0.0330652 0.00394167 -0.0409044 -0.00975725 -0.0242478 0.0654783 -0.108974 0.0172396 -0.0658895 0.0755046 0.00656199 0.00844928
internal_weight=8.54479e+06 5.08428e+06 3.4605e+06 1.41486e+06 992065 3.66942e+06 2.46844e+06 257228 1.20534e+06 2.19707e+06 734837 1.41221e+06 1.05622e+06 209518 28825 1.47236e+06 228403 80611 1.29883e+06 706052
internal_count=8544787 5084284 3460503 1414861 992065 3669423 2468438 257228 1205343 2197068 734837 1412213 1056225 209518 28825 1472355 228403 80611 1298830 706052
is_linear=0
shrinkage=0.075129


Tree=42
num_leaves=21
num_cat=0
split_feature=16 10 16 13 13 13 10 16 10 10 10 10 10 13 13 10 16 13 10 30
split_gain=560528 144648 95502.7 35859 21575.8 19551.1 18220 5405.58 4931.82 4514.52 3720.71 3462.94 3317.03 3007.69 1562.35 1407.79 1348.93 1283.01 1275.55 858.144
threshold=63.500000000000007 71.500000000000014 53.500000000000007 79.979166666666671 67.020833333333357 59.979166666666679 45.500000000000007 32.500000000000007 74.500000000000014 85.500000000000014 56.500000000000007 65.500000000000014 50.500000000000007 70.020833333333357 61.937500000000007 40.500000000000007 23.500000000000004 76.020833333333357 89.500000000000014 0.47241142842277789
decision_type=2 2 2 2 2 2 2 2 2 2 2 2 2 2 2 2 2 2 2 2
left_child=2 4 6 8 11 10 7 16 -3 19 -4 -2 -8 -6 -7 -9 -1 -10 -11 -5
right_child=1 3 5 9 13 14 12 15 17 18 -12 -13 -14 -15 -16 -17 -18 -19 -20 -21
leaf_value=-0.2593552809073878 -0.0037109081791996284 0.0207913224014778 -0.030080728881233622 0.051583370239584689 0.0090943695221515145 -0.014371412034537356 -0.050190489415933646 -0.080520412578481512 0.028674320701709496 0.063707913153149637 -0.021583645567829362 0.0027964156971924219 -0.038759644297300777 0.015486617007817539 -0.0087441446828128641 -0.064010076508566632 -0.11871010242055868 0.035830090115243574 0.099303077925645536 0.040891847509207872
leaf_weight=399 719852 505863 500620 97378 910095 515489 256493 43555 840498 129064 694258 1286577 324674 764463 605709 88192 10862 170047 5945 75037
leaf_count=399 719852 505863 500620 97378 910095 515489 256493 43555 840498 129064 694258 1286577 324674 764463 605709 88192 10862 170047 5945 75037
internal_value=-1.09846e-05 0.0142889 -0.025903 0.0315903 0.00571645 -0.0184572 -0.049716 -0.0737392 0.0268471 0.0549869 -0.0251437 0.000461765 -0.0438046 0.0120125 -0.0113314 -0.0694685 -0.123701 0.0298785 0.0652755 0.0469304
internal_weight=8.54507e+06 5.50482e+06 3.04025e+06 1.82383e+06 3.68099e+06 2.31608e+06 724175 143008 1.51641e+06 307424 1.19488e+06 2.00643e+06 581167 1.67456e+06 1.1212e+06 131747 11261 1.01054e+06 135009 172415
internal_count=8545070 5504819 3040251 1823832 3680987 2316076 724175 143008 1516408 307424 1194878 2006429 581167 1674558 1121198 131747 11261 1010545 135009 172415
is_linear=0
shrinkage=0.075129


Tree=43
num_leaves=21
num_cat=0
split_feature=23 23 23 23 23 23 23 16 23 23 23 23 23 23 23 23 15 16 15 12
split_gain=484766 130841 75236.5 30004.5 21764.1 14991.2 14733.7 5012.53 4637.49 3581.14 3396.18 3091.4 1945.55 1915.54 1545.55 1320.97 1288.48 1037.31 925.413 742.347
threshold=0.63411813974380504 0.72213184833526622 0.5372087061405183 0.79565498232841503 0.67610982060432445 0.47002477943897253 0.58713051676750194 33.500000000000007 0.86670097708702099 0.65742611885070812 0.76038458943367015 0.70396336913108837 0.49977821111679083 0.61382699012756359 0.56530731916427623 0.41084934771060949 23.500000000000004 83.500000000000014 89.500000000000014 61.500000000000007
decision_type=2 2 2 2 2 2 2 2 2 2 2 2 2 2 2 2 2 2 2 2
left_child=2 4 5 10 9 7 14 16 17 -2 -3 -6 -7 19 -4 -9 -1 -5 -10 -8
right_child=1 3 6 8 11 12 13 15 18 -11 -12 -13 -14 -15 -16 -17 -18 -19 -20 -21
leaf_value=-0.2352164365344746 -0.0041849763404883007 0.020499983186990842 -0.028759440341512937 0.039822010406039721 0.0075358543613363608 -0.047784353303349653 -0.015615996982720171 -0.073583366473457257 0.061265821314697641 0.0022160838522926052 0.027899372080868394 0.013788082703594683 -0.037572589006950451 -0.010027383699257231 -0.022570571986055166 -0.057954792425670427 -0.10450386954455812 0.050168844489444073 0.093747024129023512 -0.039557317980329888
leaf_weight=439 800977 593030 441397 141031 801331 145563 635934 41631 99953 1284373 854775 1007722 380845 615088 470599 114507 13922 89348 5210 7395
leaf_count=439 800977 593030 441397 141031 801331 145563 635934 41631 99953 1284373 854775 1007722 380845 615088 470599 114507 13922 89348 5210 7395
internal_value=-1.01603e-05 0.0127063 -0.0251907 0.0295599 0.00498856 -0.0466675 -0.0182947 -0.066029 0.0498024 -0.000242545 0.0248685 0.0110186 -0.0403964 -0.0130251 -0.0255659 -0.062122 -0.108505 0.0438349 0.0628753 -0.0158912
internal_weight=8.54507e+06 5.67775e+06 2.86732e+06 1.78335e+06 3.8944e+06 696907 2.17041e+06 170499 335542 2.08535e+06 1.4478e+06 1.80905e+06 526408 1.25842e+06 911996 156138 14361 230379 105163 643329
internal_count=8545070 5677750 2867320 1783347 3894403 696907 2170413 170499 335542 2085350 1447805 1809053 526408 1258417 911996 156138 14361 230379 105163 643329
is_linear=0
shrinkage=0.075129


Tree=44
num_leaves=21
num_cat=0
split_feature=23 23 23 23 23 23 23 10 23 23 23 23 23 23 23 10 10 12 23 30
split_gain=414735 91026.3 86067.4 20909.2 18458.8 16675.8 15504.4 5376.29 2930.8 2416.35 2140.98 1844.94 1715.93 1690.59 1684.27 1648.62 1278.41 915.837 933.8 848.784
threshold=0.65330976247787487 0.74288836121559154 0.555951088666916 0.83397981524467479 0.49092386662960058 0.69585964083671581 0.60309749841690075 34.500000000000007 0.76543691754341137 0.63237956166267406 0.52470868825912487 0.67272245883941661 0.43139706552028662 0.58117648959159862 0.71178066730499279 88.500000000000014 26.500000000000004 69.500000000000014 0.70091050863266002 0.43584438833132982
decision_type=2 2 2 2 2 2 2 2 2 2 2 2 2 2 2 2 2 2 2 2
left_child=2 5 4 8 7 11 13 16 -3 -8 -6 -2 -9 -4 17 -5 -1 -7 -19 -10
right_child=1 3 6 15 10 14 9 12 19 -11 -12 -13 -14 -15 -16 -17 -18 18 -20 -21
leaf_value=-0.16265856245526705 8.2443381650600388e-05 0.024094712357639578 -0.022847000774205754 0.049013088580410688 -0.037560146102510038 0.015339996295754625 -0.01054078185933237 -0.06327002855189913 0.037492172411251017 -0.0045476971129643036 -0.029169482680145353 0.0047581150571429252 -0.049065687350107835 -0.016745216370683606 0.01484997493199389 0.067224099383023622 -0.088841558944252816 -0.0015129316679152135 0.0092996135589034235 0.029287124935423473
leaf_weight=1431 782744 913700 498236 175773 292403 120881 820513 66667 122914 706863 415658 1216819 171529 527809 1101788 33392 17801 52044 337059 169046
leaf_count=1431 782744 913700 498236 175773 292403 120881 820513 66667 122914 706863 415658 1216819 171529 527809 1101788 33392 17801 52044 337059 169046
internal_value=-9.39805e-06 0.0138397 -0.0197904 0.0299928 -0.0388982 0.00751133 -0.0125655 -0.0561265 0.0261886 -0.00776721 -0.0326345 0.00292779 -0.0530413 -0.0197082 0.0131977 0.0519205 -0.0943367 0.00962794 0.00785339 0.0327415
internal_weight=8.54507e+06 5.02616e+06 3.51891e+06 1.41482e+06 965489 3.61134e+06 2.55342e+06 257428 1.20566e+06 1.52738e+06 708061 1.99956e+06 238196 1.02604e+06 1.61177e+06 209165 19232 509984 389103 291960
internal_count=8545070 5026160 3518910 1414825 965489 3611335 2553421 257428 1205660 1527376 708061 1999563 238196 1026045 1611772 209165 19232 509984 389103 291960
is_linear=0
shrinkage=0.075129


Tree=45
num_leaves=21
num_cat=0
split_feature=23 23 23 23 23 23 23 23 23 15 23 23 23 23 23 17 17 30 15 10
split_gain=354853 94491.3 56862 21393.8 16185.8 12137.4 10601.2 3489.85 3459.57 3178.45 2263.21 2102.23 1558.73 1361.96 1348.19 986.619 949.351 941.599 830.335 755.524
threshold=0.63589897751808178 0.72499999403953563 0.53470870852470409 0.79565498232841503 0.68846952915191661 0.58847355842590343 0.44825132191181188 0.86670097708702099 0.66530331969261181 31.500000000000004 0.49092386662960058 0.76038458943367015 0.61382699012756359 0.56530731916427623 0.71118247509002697 58.149305555555564 68.156250000000014 0.47241142842277789 23.500000000000004 89.500000000000014
decision_type=2 2 2 2 2 2 2 2 2 2 2 2 2 2 2 2 2 2 2 2
left_child=2 4 6 11 8 13 9 17 -2 18 -8 -3 15 -4 16 -7 -6 -5 -1 -9
right_child=1 3 5 7 14 12 10 19 -10 -11 -12 -13 -14 -15 -16 -17 -18 -19 -20 -21
leaf_value=-0.20534620431020756 -0.002600286891118915 0.017867217164974275 -0.024782918590459811 0.041999842379330778 0.022198917450362583 0.0027171437674811238 -0.044346108324644966 0.052475701043156374 0.0031857142028053312 -0.057592960332461661 -0.033330150585051309 0.023870591256043783 -0.0082498592410536389 -0.019149296768419449 0.012684614701675194 -0.014044606130013591 0.0076578433508147628 0.032370289101480224 -0.099329833168898429 0.080051672899674783
leaf_weight=439 1030769 535498 470427 123144 26323 20505 141585 99218 1343577 107076 410449 854775 671831 499324 814305 594099 680218 107235 8328 5945
leaf_count=439 1030769 535498 470427 123144 26323 20505 141585 99218 1343577 107076 410449 854775 671831 499324 814305 594099 680218 107235 8328 5945
internal_value=-8.69253e-06 0.0110336 -0.0212356 0.0256676 0.00454983 -0.0155355 -0.0404916 0.0426944 0.000673852 -0.0611542 -0.0361555 0.0215582 -0.0107512 -0.0218822 0.010601 -0.0134854 0.0081996 0.0375176 -0.104646 0.0540348
internal_weight=8.54507e+06 5.62101e+06 2.92406e+06 1.72582e+06 3.89519e+06 2.25619e+06 667877 335542 2.37435e+06 115843 552034 1.39027e+06 1.28644e+06 969751 1.52085e+06 614604 706541 230379 8767 105163
internal_count=8545070 5621007 2924063 1725815 3895192 2256186 667877 335542 2374346 115843 552034 1390273 1286435 969751 1520846 614604 706541 230379 8767 105163
is_linear=0
shrinkage=0.075129


Tree=46
num_leaves=21
num_cat=0
split_feature=23 23 23 23 10 23 23 16 23 23 23 23 23 23 23 23 16 20 21 14
split_gain=304044 66750.9 63110 15511.6 12675.2 12455.4 12216.7 3604.17 2196.93 1900.82 1776.78 1492.62 1403.65 1334.53 1272.57 1160.71 775.969 605.103 604.835 557.153
threshold=0.65330976247787487 0.74288836121559154 0.55232957005500805 0.83397981524467479 47.500000000000007 0.60309749841690075 0.69692483544349682 32.500000000000007 0.78044295310974132 0.5190885365009309 0.62598383426666271 0.57723164558410656 0.67272245883941661 0.41084934771060949 0.89309459924697887 0.71616274118423473 23.500000000000004 60.500000000000007 -0.0026652216911315914 1.0000000180025095e-35
decision_type=2 2 2 2 2 2 2 2 2 2 2 2 2 2 2 2 2 2 2 2
left_child=2 6 4 8 7 11 12 16 -3 -6 -7 -4 -2 -9 -5 -8 -1 -13 19 -12
right_child=1 3 5 14 9 10 15 13 -10 -11 18 17 -14 -15 -16 -17 -18 -19 -20 -21
leaf_value=-0.19460258489533433 7.8998989911459612e-05 0.020930555817007809 -0.02034924931644945 0.042338931107839949 -0.033938411907168807 -0.0097690614912105851 0.010035150959801805 -0.059405557952367585 0.02937812518348135 -0.025953485232411221 -0.00014950651431285247 -0.014466466286570594 0.0041381762591036269 -0.044630234265149428 0.059971018062837327 0.014459763695521642 -0.087931604747472081 -0.035412007420586769 -0.0049403134413551842 0.021940204188031574
leaf_weight=399 782744 995127 472616 182714 284241 616618 1101184 44731 210533 412468 27805 607353 1246653 150978 26451 480754 10862 7886 874564 8389
leaf_count=399 782744 995127 472616 182714 284241 616618 1101184 44731 210533 412468 27805 607353 1246653 150978 26451 480754 10862 7886 874564 8389
internal_value=-8.04008e-06 0.0118497 -0.0169449 0.0256822 -0.0340608 -0.0110305 0.00643054 -0.0503857 0.0224057 -0.0292112 -0.00665487 -0.0171741 0.00257254 -0.0480074 0.0445688 0.0113798 -0.0917166 -0.014735 -0.00454645 0.00497056
internal_weight=8.54507e+06 5.02616e+06 3.51891e+06 1.41482e+06 903679 2.61523e+06 3.61134e+06 206970 1.20566e+06 696709 1.52738e+06 1.08786e+06 2.0294e+06 195709 209165 1.58194e+06 11261 615239 910758 36194
internal_count=8545070 5026160 3518910 1414825 903679 2615231 3611335 206970 1205660 696709 1527376 1087855 2029397 195709 209165 1581938 11261 615239 910758 36194
is_linear=0
shrinkage=0.075129


Tree=47
num_leaves=21
num_cat=0
split_feature=10 13 13 13 13 13 10 10 10 13 10 10 13 10 10 13 10 15 30 10
split_gain=256648 66285.7 44321.5 16711.3 9879.74 9224.87 8546.29 3121.48 2606.6 1884.3 1725.23 1508.33 1349.84 929.267 886.21 846.945 819.229 766.068 596.811 558.641
threshold=63.500000000000007 71.020833333333357 53.020833333333336 80.020833333333357 67.020833333333357 59.979166666666679 47.500000000000007 34.500000000000007 75.500000000000014 86.020833333333357 57.500000000000007 65.500000000000014 70.020833333333357 50.500000000000007 28.500000000000004 76.020833333333357 41.500000000000007 61.500000000000007 0.51553460969920795 89.500000000000014
decision_type=2 2 2 2 2 2 2 2 2 2 2 2 2 2 2 2 2 2 2 2
left_child=2 4 6 8 11 10 7 14 -3 18 -4 -2 -6 -8 -1 -10 -9 -7 -5 -11
right_child=1 3 5 9 12 17 13 16 15 19 -12 -13 -14 -15 -16 -17 -18 -19 -20 -21
leaf_value=-0.11462277892786996 -0.0024972087929878211 0.014663729827076994 -0.019386945156314873 0.037198387916764511 0.0061817944647359216 -0.00970550566039605 -0.032671025919614301 -0.052144629916306848 0.019703948169299674 0.045728399085055285 -0.013573610578904129 0.0018249505110776664 0.010474900457900839 -0.026083177591442162 -0.068788325835584641 0.025161749904556031 -0.040748130394573902 -0.0057865364979165753 0.028024348773509802 0.069532475702297744
leaf_weight=2785 705706 632455 709805 116961 910095 516623 192531 47754 720941 87259 485061 1286577 757428 324686 16447 206448 139984 618721 60858 5945
leaf_count=2785 705706 632455 709805 116961 910095 516623 192531 47754 720941 87259 485061 1286577 757428 324686 16447 206448 139984 618721 60858 5945
internal_value=-7.43697e-06 0.00970368 -0.0174644 0.0213746 0.00386514 -0.0124192 -0.0336984 -0.0466003 0.0183827 0.0385941 -0.017027 0.000293956 0.00813183 -0.0285355 -0.0754275 0.0209189 -0.0436471 -0.00756981 0.0340587 0.047247
internal_weight=8.54507e+06 5.49067e+06 3.0544e+06 1.83087e+06 3.65981e+06 2.33021e+06 724187 206970 1.55984e+06 271023 1.19487e+06 1.99228e+06 1.66752e+06 517217 19232 927389 187738 1.13534e+06 177819 93204
internal_count=8545070 5490673 3054397 1830867 3659806 2330210 724187 206970 1559844 271023 1194866 1992283 1667523 517217 19232 927389 187738 1135344 177819 93204
is_linear=0
shrinkage=0.075129


Tree=48
num_leaves=21
num_cat=0
split_feature=23 23 23 23 23 23 23 15 23 23 23 23 15 23 23 12 23 30 23 30
split_gain=222880 53823.9 41188.1 12380.8 9736.63 9245 7028.1 2612.71 1942.63 1642.08 1507.59 1244.84 1087.02 1001.39 806.836 659.65 862.868 639.497 639.008 614.798
threshold=0.64521846175193798 0.73445656895637523 0.55232957005500805 0.83397981524467479 0.69390764832496654 0.47766967117786413 0.5958991050720216 37.500000000000007 0.76543691754341137 0.6715412735939027 0.52206307649612438 0.62308496236801159 29.500000000000004 0.88134998083114635 0.71178066730499279 69.500000000000014 0.70091050863266002 0.43584438833132982 0.57577648758888256 0.5588483455615233
decision_type=2 2 2 2 2 2 2 2 2 2 2 2 2 2 2 2 2 2 2 2
left_child=2 4 5 8 9 7 18 12 19 -2 -7 -8 -1 -5 15 -6 -17 -10 -4 -3
right_child=1 3 6 13 14 10 11 -9 17 -11 -12 -13 -14 -15 -16 16 -18 -19 -20 -21
leaf_value=-0.096393245910102093 -0.00081277725796653506 0.017694631945740193 -0.017482416804550191 0.035148648482072851 0.010832014562231611 -0.028929031621780895 -0.009218078819922048 -0.039578036715556583 0.028111980850321992 0.0032847020596826451 -0.021957206442380747 -0.0047670500805638413 -0.057128285746814521 0.047024571678778694 0.010541635265516351 -0.0033085917450534153 0.0067107017793740934 0.020993372829533969 -0.013498302267995801 0.011792770949355531
leaf_weight=4598 1008321 943016 440792 155299 173207 322919 701929 163640 123159 1219964 382383 716858 29625 54021 961605 56674 337036 168957 469009 111397
leaf_count=4598 1008321 943016 440792 155299 173207 322919 701929 163640 123159 1219964 382383 716858 29625 54021 961605 56674 337036 168957 469009 111397
internal_value=9.80709e-07 0.00946478 -0.0155565 0.0212155 0.00459832 -0.0291752 -0.0102743 -0.0435263 0.0185731 0.00143055 -0.0251492 -0.00696915 -0.0624046 0.0382136 0.0092163 0.00696825 0.00526844 0.0239947 -0.0154286 0.0170711
internal_weight=8.54441e+06 5.31266e+06 3.23175e+06 1.55585e+06 3.75681e+06 903165 2.32859e+06 197863 1.34653e+06 2.22828e+06 705302 1.41879e+06 34223 209320 1.52852e+06 566917 393710 292116 909801 1.05441e+06
internal_count=8544409 5312656 3231753 1555849 3756807 903165 2328588 197863 1346529 2228285 705302 1418787 34223 209320 1528522 566917 393710 292116 909801 1054413
is_linear=0
shrinkage=0.075129


Tree=49
num_leaves=21
num_cat=0
split_feature=23 23 23 13 23 23 23 16 23 23 16 23 23 23 12 23 12 23 12 23
split_gain=190912 42025.8 39743.4 9817.01 8874.52 7676.33 6725.49 2697.52 1604.94 1075.58 1033.16 948.389 887.922 845.604 796.792 793.71 767.939 887.878 742.903 726.745
threshold=0.65330976247787487 0.74288836121559154 0.55757284164428722 83.020833333333357 0.49092386662960058 0.69692483544349682 0.60676470398902904 38.500000000000007 0.79225191473960888 0.52708333730697643 30.500000000000004 0.63323622941970836 0.67353153228759777 0.58366993069648754 64.500000000000014 0.89309459924697887 60.500000000000007 0.61154127120971691 55.500000000000007 0.71616274118423473
decision_type=2 2 2 2 2 2 2 2 2 2 2 2 2 2 2 2 2 2 2 2
left_child=2 5 4 8 7 12 13 10 -3 -6 -1 16 -2 18 -13 -5 -8 -18 -4 -7
right_child=1 3 6 15 9 19 11 -9 -10 -11 -12 14 -14 -15 -16 -17 17 -19 -20 -21
leaf_value=-0.084496079304941754 0.00016737061941843404 0.016774879094468356 -0.0073023238615521997 0.034136004313217359 -0.025227589647012934 0.0079543050504907904 -0.00057603124852866527 -0.034919867216871243 0.024639450047214077 -0.019430523753810842 -0.051052907861291401 -0.0016644638589445153 0.0033583815891693098 -0.010830743177831179 -0.0079228108631753703 0.048137912376370016 -0.016546034472871732 -0.0069195252894092615 -0.0160475543235945 0.011454626564452465
leaf_weight=6200 840068 1050255 62082 168242 320395 1101134 95577 218296 170198 414215 32812 532869 1188563 553874 146366 26445 59368 607061 469321 481068
leaf_count=6200 840068 1050255 62082 168242 320395 1101134 95577 218296 170198 414215 32812 532869 1188563 553874 146366 26445 59368 607061 469321 481068
internal_value=9.0684e-07 0.00939701 -0.0134211 0.0203709 -0.0261646 0.00509618 -0.00841799 -0.0381719 0.0178716 -0.0219589 -0.0563685 -0.00505434 0.00203697 -0.0128849 -0.00301306 0.036038 -0.00687388 -0.0077771 -0.0150259 0.00901858
internal_weight=8.54441e+06 5.02597e+06 3.51844e+06 1.41514e+06 991918 3.61083e+06 2.52652e+06 257308 1.22045e+06 734610 39012 1.44124e+06 2.02863e+06 1.08528e+06 679235 194687 762006 666429 531403 1.5822e+06
internal_count=8544409 5025973 3518436 1415140 991918 3610833 2526518 257308 1220453 734610 39012 1441241 2028631 1085277 679235 194687 762006 666429 531403 1582202
is_linear=0
shrinkage=0.075129


Tree=50
num_leaves=21
num_cat=0
split_feature=10 16 16 15 16 15 15 10 10 10 10 10 30 30 21 14 21 17 21 30
split_gain=160538 41668.2 27841.5 10557.8 6276.04 5744.07 5676.02 1555.91 1520.93 1439.54 1411.42 1116.52 1084.58 1049.73 647.779 648.988 597.106 587.609 539.479 532.753
threshold=63.500000000000007 71.500000000000014 53.500000000000007 79.500000000000014 67.500000000000014 59.500000000000007 43.500000000000007 84.500000000000014 74.500000000000014 30.500000000000004 50.500000000000007 56.500000000000007 0.50674164078898409 0.50115785300816829 -0.0029852092266082759 1.0000000180025095e-35 -0.0042029619216918937 89.003472222222243 -0.0026652216911315914 0.31933444143212325
decision_type=2 2 2 2 2 2 2 2 2 2 2 2 2 2 2 2 2 2 2 2
left_child=2 4 6 8 12 11 9 -5 -3 -1 -8 18 -2 -6 15 -7 -11 -9 -4 -16
right_child=1 3 5 7 13 14 10 17 -10 16 -12 -13 -14 -15 19 -17 -18 -19 -20 -21
leaf_value=-0.077680300136217351 0.0013884733649817133 0.011037586567406943 -0.0040850816491639005 0.023754336339726716 0.0074995540449623154 -0.0021827411348757059 -0.027723018011735961 0.033394517288034734 0.016059847140666793 -0.0043360716574735508 -0.020552999105212813 -0.011495750785905104 -0.0023903409771439395 0.0030640317325797313 -0.0035327294585582895 0.019264529974996881 -0.041738005138161435 0.052516912067915263 -0.016654760559225702 -0.0073218001222766201
leaf_weight=6361 1366169 513118 20078 139344 1273229 32787 296727 158700 1010869 2473 324373 693752 624767 394473 282457 10518 93586 9621 480680 810327
leaf_count=6361 1366169 513118 20078 139344 1273229 32787 296727 158700 1010869 2473 324373 693752 624767 394473 282457 10518 93586 9621 480680 810327
internal_value=8.38312e-07 0.00768153 -0.0138065 0.0169317 0.00305054 -0.00980979 -0.0266807 0.0296265 0.0143689 -0.0430674 -0.0239784 -0.0134472 0.00020266 0.00645039 -0.0059853 0.00302651 -0.0407751 0.0344876 -0.0161508 -0.00634242
internal_weight=8.54441e+06 5.49029e+06 3.05412e+06 1.83165e+06 3.65864e+06 2.3306e+06 723520 307665 1.52399e+06 102420 621100 1.19451e+06 1.99094e+06 1.6677e+06 1.13609e+06 43305 96059 168321 500758 1.09278e+06
internal_count=8544409 5490290 3054119 1831652 3658638 2330599 723520 307665 1523987 102420 621100 1194510 1990936 1667702 1136089 43305 96059 168321 500758 1092784
is_linear=0
shrinkage=0.075129


Tree=51
num_leaves=21
num_cat=0
split_feature=23 23 23 23 23 23 23 10 23 23 10 23 23 12 23 12 12 12 23 23
split_gain=140429 30078.7 29830.7 7204.76 7198.17 5385.87 4521.06 2047.86 1315.11 950.814 839.499 757.23 733.389 1006.41 816.1 715.971 672.443 632.299 640.034 603.919
threshold=0.65500000119209301 0.74288836121559154 0.56220871210098278 0.49092386662960058 0.84335336089134227 0.70091050863266002 0.61485221982002269 38.500000000000007 0.79225191473960888 0.52708333730697643 24.500000000000004 0.59331706166267406 0.67513644695281994 69.500000000000014 0.69888237118721019 67.500000000000014 60.500000000000007 55.500000000000007 0.55757284164428722 0.60792675614357006
decision_type=2 2 2 2 2 2 2 2 2 2 2 2 2 2 2 2 2 2 2 2
left_child=2 5 3 7 8 12 11 10 -3 -5 -1 -4 -2 14 15 -14 19 18 -11 -13
right_child=1 4 6 9 -6 -7 -8 -9 -10 17 -12 16 13 -15 -16 -17 -18 -19 -20 -21
leaf_value=-0.11967472787627141 0.00098181214169413091 0.014342746081432893 -0.01182537540094751 -0.021549671166018552 0.031247158027451226 0.0079620737192541164 -0.0037609383757330876 -0.029911371851075369 0.021297944490533367 -0.016150739717622476 -0.046829607446895578 -0.007697328015138085 0.0089998800858574549 -0.0052548465108221048 0.018093467627350729 0.0029432896641555201 -0.012455003201738733 -0.023074656679721597 -0.0059520311340702193 0.00042270473368255962
leaf_weight=914 1346048 1050255 674320 320395 185181 1472175 1295352 217885 179704 394769 38509 326966 140867 61606 25014 505517 142007 67434 38083 61408
leaf_count=914 1346048 1050255 674320 320395 185181 1472175 1295352 217885 179704 394769 38509 326966 140867 61606 25014 505517 142007 67434 38083 61408
internal_value=7.75092e-07 0.00817598 -0.0113465 -0.0217933 0.017438 0.00448512 -0.00684199 -0.0327624 0.0153589 -0.0183542 -0.0485194 -0.0101549 0.00202309 0.00393523 0.00477849 0.00426321 -0.00803104 -0.0163077 -0.0152534 -0.00641342
internal_weight=8.54441e+06 4.96637e+06 3.57804e+06 1.07799e+06 1.41514e+06 3.55123e+06 2.50005e+06 257308 1.22996e+06 820681 39423 1.2047e+06 2.07905e+06 733004 671398 646384 530381 500286 432852 388374
internal_count=8544409 4966367 3578042 1077989 1415140 3551227 2500053 257308 1229959 820681 39423 1204701 2079052 733004 671398 646384 530381 500286 432852 388374
is_linear=0
shrinkage=0.075129


Tree=52
num_leaves=21
num_cat=0
split_feature=23 23 23 23 23 23 23 23 30 23 16 23 30 30 30 30 23 17 20 22
split_gain=120294 32595.2 18706.9 7994.23 4916.73 3940.9 3760.04 1575.34 1064.72 1061.21 1022.6 1001.14 894.253 658.975 654.026 625.9 465.273 661.895 520.529 463.932
threshold=0.63411813974380504 0.71616274118423473 0.53470870852470409 0.79225191473960888 0.67513644695281994 0.43139706552028662 0.58713051676750194 0.86670097708702099 0.57016479076870585 0.49977821111679083 30.500000000000004 0.76285651326179515 0.50674164078898409 0.33022737984194706 0.43584438833132982 0.23662649585292114 0.61154127120971691 60.836805555555564 63.500000000000007 0.0039066065986786214
decision_type=2 2 2 2 2 2 2 2 2 2 2 2 2 2 2 2 2 2 2 2
left_child=2 4 5 11 8 10 -4 14 -2 -7 -1 13 -6 19 -5 -8 17 -17 -18 -3
right_child=1 3 6 7 12 9 15 -9 -10 -11 -12 -13 -14 -15 -16 16 18 -19 -20 -21
leaf_value=-0.067987724322341347 0.00077692576671520449 0.011746793347177898 -0.012793994822449884 0.02546471623434864 0.0062288881962487205 -0.025310751443906085 -0.0026253342391894955 0.032125631396515614 -0.0032421735731685878 -0.018747875176242355 -0.036308225176408748 0.013903415983146874 0.0022307941354578896 0.0081293222975460377 0.017872697320898235 -0.0082060932651801741 -0.0054570499256992901 -0.019586285999407406 -0.023169277561569456 0.02200728953832453
leaf_weight=6200 1569056 302640 940666 114733 1307833 230098 196904 105164 487677 351552 79511 770006 416278 431576 144988 468508 553652 30740 9526 27101
leaf_count=6200 1569056 302640 940666 114733 1307833 230098 196904 105164 487677 351552 79511 770006 416278 431576 144988 468508 553652 30740 9526 27101
internal_value=7.16276e-07 0.00633603 -0.0125425 0.0143745 0.00230448 -0.0235604 -0.00920027 0.0243678 -0.000176053 -0.0213441 -0.0386 0.0119933 0.00526357 0.0100614 0.0212265 -0.00651591 -0.00723696 -0.00890681 -0.00575666 0.0125901
internal_weight=8.54441e+06 5.67705e+06 2.86736e+06 1.89621e+06 3.78084e+06 667361 2.2e+06 364885 2.05673e+06 581650 85711 1.53132e+06 1.72411e+06 761317 259721 1.25933e+06 1.06243e+06 499248 563178 329741
internal_count=8544409 5677052 2867357 1896208 3780844 667361 2199996 364885 2056733 581650 85711 1531323 1724111 761317 259721 1259330 1062426 499248 563178 329741
is_linear=0
shrinkage=0.075129


Tree=53
num_leaves=21
num_cat=0
split_feature=23 23 23 23 13 23 23 16 23 23 21 14 21 14 21 23 23 19 14 21
split_gain=103292 22233.7 21784.5 5443.46 5343.15 3872.61 3138.56 1265.57 1230.8 923.924 592.021 701.807 576.428 605.608 575.05 568.386 533.068 539.763 530.037 528.955
threshold=0.65577518939971935 0.5638321340084077 0.74288836121559154 0.47002477943897253 83.020833333333357 0.69498762488365184 0.61607232689857494 32.500000000000007 0.52206307649612438 0.76543691754341137 -0.0029852092266082759 1.0000000180025095e-35 -0.0026652216911315914 1.0000000180025095e-35 -0.00247657299041748 0.89309459924697887 0.71178066730499279 68.500000000000014 1.0000000180025095e-35 -0.0034242272377014156
decision_type=2 2 2 2 2 2 2 2 2 2 2 2 2 2 2 2 2 2 2 2
left_child=1 3 5 7 9 10 14 -1 -5 -4 11 -2 13 -8 18 -6 17 -7 -3 -11
right_child=2 6 4 8 15 16 12 -9 -10 19 -12 -13 -14 -15 -16 -17 -18 -19 -20 -21
leaf_value=-0.055245254008011446 0.0052237829564838302 -0.0048919287955785174 0.011892788517675612 -0.019798107510098171 0.024883232846099321 0.020669554165324313 0.00024951662526068755 -0.029156702675744096 -0.014174961230884121 0.030874483617660025 0.001368012348748377 0.02843632214563039 -0.0034897935629918677 0.019813275638489052 -0.0088383152990485943 0.036732003357392559 0.0075127435993275673 0.004274134360828255 0.01339782262119678 0.015973453094793953
leaf_weight=11238 33917 37925 913704 350650 168242 11583 39904 158894 588373 14094 1838742 9386 1244297 11506 1152737 26445 1102314 526100 11703 292655
leaf_count=11238 33917 37925 913704 350650 168242 11583 39904 158894 588373 14094 1838742 9386 1244297 11506 1152737 26445 1102314 526100 11703 292655
internal_value=6.62284e-07 -0.00966323 0.00706134 -0.0185151 0.0149343 0.00389801 -0.00573298 -0.0308801 -0.0162748 0.0130905 0.0015725 0.0102553 -0.00316769 0.00462816 -0.0084974 0.0264928 0.00656675 0.00462734 -0.000578874 0.0166581
internal_weight=8.54441e+06 3.60723e+06 4.93718e+06 1.10916e+06 1.41514e+06 3.52204e+06 2.49807e+06 170132 939023 1.22045e+06 1.88204e+06 43303 1.29571e+06 51410 1.20236e+06 194687 1.64e+06 537683 49628 306749
internal_count=8544409 3607227 4937182 1109155 1415140 3522042 2498072 170132 939023 1220453 1882045 43303 1295707 51410 1202365 194687 1639997 537683 49628 306749
is_linear=0
shrinkage=0.075129


Tree=54
num_leaves=21
num_cat=0
split_feature=15 10 15 13 10 13 13 10 10 13 30 21 21 30 15 35 21 30 21 22
split_gain=86336 19996.3 17559.9 4748.56 3831.17 3809.89 3432.78 1001.45 856.934 833.509 648.816 596.257 566.514 524.65 515.12 507.761 502.773 488.45 486.299 464.232
threshold=64.500000000000014 73.500000000000014 54.500000000000007 83.020833333333357 69.500000000000014 45.020833333333336 59.979166666666679 33.500000000000007 50.500000000000007 76.020833333333357 0.45557139690883769 -0.0030857324600219722 -0.0023401677608489986 0.23662649585292114 23.500000000000004 19.500000000000004 -0.0030857324600219722 0.50674164078898409 0.0014606714248657229 0.0069633673099840374
decision_type=2 2 2 2 2 2 2 2 2 2 2 2 2 2 2 2 2 2 2 2
left_child=2 4 5 9 10 7 12 14 -7 -3 19 -8 -4 -13 -1 -5 -9 -11 -14 -2
right_child=1 3 6 15 -6 8 11 16 -10 17 -12 13 18 -15 -16 -17 -18 -19 -20 -21
leaf_value=-0.12939546772428367 0.0020598827578700773 0.010877969773684378 -0.0010559515886848529 0.022788547249360802 0.0062016064015577898 -0.019745280004905195 0.0039959980108716792 -0.0020230067744366094 -0.014369096527994035 0.018361448341477855 -0.00041635939755022943 -0.00073186915715750945 -0.0093229132592547153 -0.0046895851328666686 -0.045859478392640568 0.033049689245727494 -0.028453045823407814 0.012095484647200621 -0.015921425331910426 0.013049081890449217
leaf_weight=429 1361600 984808 43967 161938 1450777 258059 53585 4202 476087 153969 835538 223813 930998 1217508 14255 32722 122428 129103 67621 22049
leaf_count=429 1361600 984808 43967 161938 1450777 258059 53585 4202 476087 153969 835538 223813 930998 1217508 14255 32722 122428 129103 67621 22049
internal_value=1.79048e-06 0.00615974 -0.00925873 0.0135881 0.00319941 -0.0184333 -0.0060934 -0.0297299 -0.0162589 0.0119107 0.00123675 -0.00378571 -0.00940226 -0.00407502 -0.0483028 0.0245135 -0.027576 0.0155037 -0.00976973 0.002235
internal_weight=8.54546e+06 5.1325e+06 3.41295e+06 1.46254e+06 3.66996e+06 875460 2.53749e+06 141314 734146 1.26788e+06 2.21919e+06 1.49491e+06 1.04259e+06 1.44132e+06 14684 194660 126630 283072 998619 1.38365e+06
internal_count=8545456 5132504 3412952 1462540 3669964 875460 2537492 141314 734146 1267880 2219187 1494906 1042586 1441321 14684 194660 126630 283072 998619 1383649
is_linear=0
shrinkage=0.075129


Tree=55
num_leaves=21
num_cat=0
split_feature=23 23 23 23 23 23 23 23 16 23 12 23 23 23 12 23 23 11 12 12
split_gain=76109.5 20740 11609.9 5062.55 3227.76 2914.5 1857.73 1054.91 789.87 684.505 655.113 777.034 631.604 568.002 514.282 770.666 562.064 560.674 509.739 480.814
threshold=0.63323622941970836 0.71616274118423473 0.54388400912284862 0.79225191473960888 0.67412567138671886 0.44825132191181188 0.58847355842590343 0.86670097708702099 31.500000000000004 0.49977821111679083 58.500000000000007 0.59103864431381237 0.76285651326179515 0.66724312305450451 63.500000000000007 0.64200851321220409 0.63859808444976818 63.500000000000007 70.500000000000014 63.500000000000007
decision_type=2 2 2 2 2 2 2 2 2 2 2 2 2 2 2 2 2 2 2 2
left_child=2 4 5 12 13 8 -4 -5 -1 -7 -8 -12 18 14 16 -16 -2 -18 -3 -13
right_child=1 3 6 7 -6 9 10 -9 -10 -11 11 19 -14 -15 15 -17 17 -19 -20 -21
leaf_value=-0.05126694498771673 -0.00089513638506518247 0.027434449696520473 -0.0097662134256414415 0.016804839629405766 0.0041767274155627664 -0.019596502222432966 0.002254902115215941 0.02572173264471668 -0.02711601294308863 -0.014349112807278835 -0.017167828150761372 -0.0051308170280186405 0.011047286082284943 0.0012672451637495013 -0.0082889892824310734 -0.0012972982604761935 0.015211545747845071 0.0022713980917512294 0.0078005315064821005 -0.02406161794066641
leaf_weight=8229 139529 7538 851796 259662 1753478 200312 63363 105240 107507 468511 31826 1099585 769174 857122 98993 880167 29584 52329 753886 7625
leaf_count=8229 139529 7538 851796 259662 1753478 200312 63363 105240 107507 468511 31826 1099585 769174 857122 98993 880167 29584 52329 753886 7625
internal_value=1.65552e-06 0.00500235 -0.0100512 0.0114246 0.00180824 -0.0178256 -0.00708189 0.0193765 -0.0288333 -0.0159207 -0.00518028 -0.00559389 0.00952883 -0.000210049 -0.00126471 -0.00200416 0.00200497 0.00694496 0.00799492 -0.00526119
internal_weight=8.54546e+06 5.7067e+06 2.83875e+06 1.8955e+06 3.8112e+06 784559 2.0542e+06 364902 115736 668823 1.2024e+06 1.13904e+06 1.5306e+06 2.05772e+06 1.2006e+06 979160 221442 81913 761424 1.10721e+06
internal_count=8545456 5706702 2838754 1895500 3811202 784559 2054195 364902 115736 668823 1202399 1139036 1530598 2057724 1200602 979160 221442 81913 761424 1107210
is_linear=0
shrinkage=0.075129


Tree=56
num_leaves=21
num_cat=0
split_feature=23 23 23 23 23 23 23 23 13 12 23 30 30 30 30 12 23 12 23 11
split_gain=65112.2 15294 12328.8 3967.41 3194.81 2355.37 1740.86 1037.5 827.406 635.121 611.134 544.091 538.72 533.109 532.856 528.624 680.29 746.574 525.508 496.886
threshold=0.64686986804008495 0.72499999403953563 0.55912607908248912 0.79565498232841503 0.48495049774646765 0.68846952915191661 0.60544714331626903 0.36539216339588171 86.020833333333357 68.500000000000014 0.69124999642372142 0.61879805127083276 0.47780084935314138 0.44652553885537005 0.67152717688412322 64.500000000000014 0.65816503763198864 65.500000000000014 0.66138610243797313 55.500000000000007
decision_type=2 2 2 2 2 2 2 2 2 2 2 2 2 2 2 2 2 2 2 2
left_child=2 5 4 14 7 11 19 -1 13 -7 -11 15 -6 -5 -3 -2 -17 -18 -19 -4
right_child=1 3 6 8 12 9 -8 -9 -10 10 -12 -13 -14 -15 -16 16 17 18 -20 -21
leaf_value=-0.036894410636192684 0.0063150543510490662 0.0096651019671562827 0.0045457875422255127 0.019608806960190694 -0.010710819681235247 0.011677453075854258 -0.0033087388257676325 -0.021135580345568394 0.024324429147254481 -0.0043882572139415975 0.0045268004927337541 -0.0020348280706990393 -0.014651289583028838 0.01256179673863602 0.0044173624308359583 -0.0031533055628640417 0.0088344843885506726 -0.0073078918485585849 0.0013442489142643449 -0.0077168896615040236
leaf_weight=26706 107983 1270488 19002 118311 353850 68065 1239708 201530 93321 44780 1409468 348006 438543 124211 119487 205004 73879 40938 1233200 1008976
leaf_count=26706 107983 1270488 19002 118311 353850 68065 1239708 201530 93321 44780 1409468 348006 438543 124211 119487 205004 73879 40938 1233200 1008976
internal_value=1.53092e-06 0.00518814 -0.00829047 0.0109846 -0.0151475 0.00235529 -0.00520427 -0.0229796 0.0183129 0.00458428 0.00425228 0.000666292 -0.0128916 0.0159996 0.00921399 0.00123222 0.000878803 0.001492 0.00106625 -0.00749021
internal_weight=8.54546e+06 5.25714e+06 3.28832e+06 1.72582e+06 1.02063e+06 3.53132e+06 2.26769e+06 228236 335843 1.52231e+06 1.45425e+06 2.00901e+06 792393 242522 1.38998e+06 1.661e+06 1.55302e+06 1.34802e+06 1.27414e+06 1.02798e+06
internal_count=8545456 5257141 3288315 1725818 1020629 3531323 2267686 228236 335843 1522313 1454248 2009010 792393 242522 1389975 1661004 1553021 1348017 1274138 1027978
is_linear=0
shrinkage=0.075129


Tree=57
num_leaves=21
num_cat=0
split_feature=23 23 23 23 23 27 23 23 21 16 12 23 21 23 21 21 20 23 17 12
split_gain=55900.4 15354.8 8562.11 3773.04 2364.18 1945.91 1821.97 785.533 590.962 587.285 576.204 740.092 553.615 556.226 522.63 520.902 486.941 499.491 533.342 483.246
threshold=0.63237956166267406 0.71465814113616954 0.53233033418655407 0.79225191473960888 0.67513644695281994 -25.849974924698802 0.58117648959159862 0.86075130105018627 -0.0034242272377014156 24.500000000000004 57.500000000000007 0.57723164558410656 -0.0080335736274719221 0.76399549841880809 0.0053887963294982919 -0.00247657299041748 67.500000000000014 0.66453662514686596 65.996527777777786 62.500000000000007
decision_type=2 2 2 2 2 2 2 2 2 2 2 2 2 2 2 2 2 2 2 2
left_child=2 4 5 12 16 9 10 -5 -7 -1 11 -4 -3 -14 -10 -8 17 -2 -19 -17
right_child=1 3 6 7 -6 8 15 -9 14 -11 -12 -13 13 -15 -16 19 -18 18 -20 -21
leaf_value=-0.090134172710481963 -0.0011991245599538435 0.023384462047210113 -0.0092169375632543352 0.013979780636938001 0.003581476378948659 0.00029661604067853555 0.0022841727802703888 0.021233759376483381 -0.015061138730585457 -0.027722838797525289 -0.016065058773724081 0.00082315234948185628 0.0066237335255387155 0.0094771855661892074 -0.03642351884867101 -0.004602161581841918 -0.016849559410032872 0.014527981894335429 0.00089397132973313199 -0.0098290265424514633
leaf_weight=862 1111512 13293 718726 232856 1697720 14036 57182 132046 549167 65346 63901 43976 807245 738209 6541 1182650 9849 16468 974826 109045
leaf_count=862 1111512 13293 718726 232856 1697720 14036 57182 132046 549167 65346 63901 43976 807245 738209 6541 1182650 9849 16468 974826 109045
internal_value=1.41589e-06 0.00425624 -0.00867646 0.00972792 0.00149389 -0.0163448 -0.0064348 0.0166048 -0.0149281 -0.0285358 -0.0092122 -0.00863804 0.00811805 0.00798673 -0.0153126 -0.00473278 -0.000183693 -0.000105632 0.00112047 -0.00504342
internal_weight=8.54546e+06 5.73402e+06 2.81143e+06 1.92365e+06 3.81038e+06 635952 2.17548e+06 364902 569744 66208 826603 762702 1.55875e+06 1.54545e+06 555708 1.34888e+06 2.11266e+06 2.10281e+06 991294 1.2917e+06
internal_count=8545456 5734024 2811432 1923649 3810375 635952 2175480 364902 569744 66208 826603 762702 1558747 1545454 555708 1348877 2112655 2102806 991294 1291695
is_linear=0
shrinkage=0.075129


Tree=58
num_leaves=21
num_cat=0
split_feature=23 23 23 23 10 23 23 23 23 21 14 17 23 30 23 16 21 21 30 17
split_gain=47836.5 14017.7 6679.58 4089.83 1515.14 1513.76 1350.33 973.965 706.69 617.881 756.036 614.55 612.596 543.561 541.79 514.857 489.907 468.805 446.357 442.041
threshold=0.62692841887474071 0.71178066730499279 0.52470868825912487 0.79225191473960888 41.500000000000007 0.57577648758888256 0.66724312305450451 0.74481257796287548 0.88134998083114635 -0.00247657299041748 1.0000000180025095e-35 62.211805555555564 0.62871307134628307 0.35541744619845222 0.63151890039443981 26.500000000000004 0.0049036741256713876 -0.0050742030143737784 0.20994209397029401 62.878472222222229
decision_type=2 2 2 2 2 2 2 2 2 2 2 2 2 2 2 2 2 2 2 2
left_child=2 6 4 7 15 -4 11 -3 13 10 -8 12 -2 -5 19 -1 17 -6 -7 -13
right_child=1 3 5 8 16 18 9 -9 -10 -11 -12 14 -14 -15 -16 -17 -18 -19 -20 -21
leaf_value=-0.071534307739767142 -0.00055685173963152001 0.0052346037695984657 -0.009056749982988329 0.018804587206305217 0.0034597128970836831 -0.0011993190711741513 0.0054443596547663212 0.0084346956800008914 0.023281923263001662 0.0016447664256903981 0.028147528799202657 -0.0029973471917274482 0.013483265524489852 0.011932634878549958 -0.0011548035455906738 -0.025412792295747728 -0.034772708304188715 -0.014352948804643457 -0.0054169524725005171 -0.014240983482749292
leaf_weight=1395 39869 1129353 793893 92499 8491 161924 42010 1023194 54100 1936330 10311 49979 31320 218303 1250044 65585 6518 467536 1130186 32616
leaf_count=1395 39869 1129353 793893 92499 8491 161924 42010 1023194 54100 1936330 10311 49979 31320 218303 1250044 65585 6518 467536 1130186 32616
internal_value=1.3092e-06 0.00375503 -0.00841607 0.00800253 -0.0157851 -0.0064748 0.000603104 0.00675574 0.0153573 0.00186245 0.00991867 -0.00118088 0.0056202 0.0139778 -0.00154419 -0.0263737 -0.0143154 -0.0140352 -0.00488841 -0.0074374
internal_weight=8.54546e+06 5.90993e+06 2.63553e+06 2.51745e+06 549525 2.086e+06 3.39248e+06 2.15255e+06 364902 1.98865e+06 52321 1.40383e+06 71189 310802 1.33264e+06 66980 482545 476027 1.29211e+06 82595
internal_count=8545456 5909928 2635528 2517449 549525 2086003 3392479 2152547 364902 1988651 52321 1403828 71189 310802 1332639 66980 482545 476027 1292110 82595
is_linear=0
shrinkage=0.075129


Tree=59
num_leaves=21
num_cat=0
split_feature=23 23 23 23 10 23 23 17 21 28 12 23 21 19 21 21 30 30 21 23
split_gain=40986.7 9118.59 8464.98 2413 2258.78 1830.39 1155.21 823.13 813.869 751.955 597.26 725.92 549.419 546.947 509.922 503.357 465.574 443.89 437.475 430.913
threshold=0.65169131755828869 0.74288836121559154 0.56530731916427623 0.49092386662960058 84.500000000000014 0.70557337999343883 0.62221345305442821 64.760416666666671 -0.0077685117721557609 -3.4551257773507946 61.500000000000007 0.61705884337425243 -0.0025261938571929927 69.500000000000014 -0.0029852092266082759 0.0049036741256713876 0.49848238706471609 0.40240348731308856 0.002095580101013184 0.64847591519355785
decision_type=2 2 2 2 2 2 2 2 2 2 2 2 2 2 2 2 2 2 2 2
left_child=2 5 3 9 8 14 10 19 -3 -1 11 -4 -5 -7 -2 -10 -16 -14 -11 -8
right_child=1 4 6 12 -6 13 7 -9 15 18 -12 -13 17 -15 16 -17 -18 -19 -20 -21
leaf_value=-0.030536415474075422 0.0079779033979913479 0.02546828869294895 -0.0051233448420527636 0.0003106159987275613 0.017584437777507265 0.021990690684770556 -0.0016587505992815524 -0.010692066806915281 0.0082825573172927124 -0.015899580769699193 -0.010769557989848449 0.0028164619141603803 -0.0077121782929930882 0.0044224093739516721 0.0016048687584271169 -0.0045060171426767968 -0.00070650224816747585 -0.011331664098119362 -0.029987157551561356 0.004593052064250194
leaf_weight=24490 58650 15418 1181797 29639 168408 10079 852514 54658 1213283 219804 98268 68778 290510 1310267 1576172 17624 715030 559749 13189 67129
leaf_count=24490 58650 15418 1181797 29639 168408 10079 852514 54658 1213283 219804 98268 68778 290510 1310267 1576172 17624 715030 559749 13189 67129
internal_value=1.21063e-06 0.00429351 -0.00630594 -0.0116164 0.00941783 0.00231826 -0.00370599 -0.00173477 0.00831432 -0.0180134 -0.00512984 -0.00468668 -0.00974448 0.00455652 0.00106061 0.00809945 0.000883544 -0.010095 -0.0166971 -0.0012024
internal_weight=8.54546e+06 5.08493e+06 3.46052e+06 1.13738e+06 1.41473e+06 3.6702e+06 2.32314e+06 974301 1.24632e+06 257483 1.34884e+06 1.25058e+06 879898 1.32035e+06 2.34985e+06 1.23091e+06 2.2912e+06 850259 232993 919643
internal_count=8545456 5084931 3460525 1137381 1414733 3670198 2323144 974301 1246325 257483 1348843 1250575 879898 1320346 2349852 1230907 2291202 850259 232993 919643
is_linear=0
shrinkage=0.075129


Tree=60
num_leaves=21
num_cat=0
split_feature=23 23 23 23 13 23 23 16 21 21 19 14 14 30 21 14 19 21 14 21
split_gain=35111.1 7756.42 7336.17 2235.31 1907.48 1402.13 966.945 768.903 622.176 495.146 479.598 472.795 461.443 453.643 450.689 516.367 428.533 411.396 963.732 405.975
threshold=0.65653845667839061 0.57130533456802379 0.74481257796287548 0.49977821111679083 84.020833333333357 0.70634964108467113 0.62221345305442821 39.500000000000007 -0.0044633746147155753 -0.0025261938571929927 64.500000000000014 1.0000000180025095e-35 1.0000000180025095e-35 0.40240348731308856 0.0031948685646057133 1.0000000180025095e-35 69.500000000000014 0.0020538568496704106 1.0000000180025095e-35 -0.00247657299041748
decision_type=2 2 2 2 2 2 2 2 2 2 2 2 2 2 2 2 2 2 2 2
left_child=1 3 5 7 8 10 17 -1 11 12 -2 -4 -5 -11 -10 -16 -7 -3 -19 -12
right_child=2 6 4 9 -6 16 -8 -9 14 13 19 -13 -14 -15 15 -17 -18 18 -20 -21
leaf_value=-0.024920648465807053 0.016327015545073837 -0.0042068559039918907 0.014458998433008869 -0.0051071735131541394 0.016230033068519677 0.021220406337447355 -0.0015123812470598931 -0.014334719053332945 0.0077113271903957335 -0.0065656014404669614 0.0071510718878201093 0.041633075777378618 0.01464583343452748 -0.010098242641808352 0.0024273577294532116 -0.026741331452923855 0.0041497140809557383 -0.0061497907329034814 -0.029740736491022227 0.00090678058721455057
leaf_weight=45202 11705 1165019 15454 23332 169735 8353 1149150 270447 1176083 314684 60436 4717 9350 589633 18476 4205 1310012 57303 11784 2130310
leaf_count=45202 11705 1165019 15454 23332 169735 8353 1149150 270447 1176083 314684 60436 4717 9350 589633 18476 4205 1310012 57303 11784 2130310
internal_value=-3.57153e-07 -0.00559633 0.00414395 -0.0103827 0.00876826 0.00232005 -0.00308062 -0.0158507 0.00772921 -0.00854064 0.00116008 0.0208143 0.000544043 -0.00886896 0.00750903 -0.00298072 0.00425788 -0.00454089 -0.0101738 0.00107904
internal_weight=8.54539e+06 3.6359e+06 4.90949e+06 1.25265e+06 1.38867e+06 3.52082e+06 2.38326e+06 315649 1.21894e+06 936999 2.20245e+06 20171 32682 904317 1.19876e+06 22681 1.31836e+06 1.23411e+06 69087 2.19075e+06
internal_count=8545390 3635904 4909486 1252648 1388670 3520816 2383256 315649 1218935 936999 2202451 20171 32682 904317 1198764 22681 1318365 1234106 69087 2190746
is_linear=0
shrinkage=0.075129


Tree=61
num_leaves=21
num_cat=0
split_feature=23 23 23 23 23 27 23 30 30 20 30 30 20 20 17 30 30 20 23 19
split_gain=30038.3 8200.76 4883.92 2159.65 1325.14 1148.53 1025.61 638.76 551.482 544.803 538.059 463.507 432.669 391.621 373.446 368.736 342.257 336.081 376.273 323.846
threshold=0.63411813974380504 0.71465814113616954 0.53470870852470409 0.79225191473960888 0.67412567138671886 -25.849974924698802 0.59331706166267406 0.67152717688412322 0.62509385211072466 59.500000000000007 0.51553460969920795 0.59295273499344581 63.500000000000007 25.500000000000004 89.003472222222243 0.50987881867497664 0.20994209397029401 53.500000000000007 0.49977821111679083 66.500000000000014
decision_type=2 2 2 2 2 2 2 2 2 2 2 2 2 2 2 2 2 2 2 2
left_child=2 4 5 7 8 13 9 -3 -2 16 14 19 15 -1 -5 -8 -4 18 -7 -6
right_child=1 3 6 10 11 17 12 -9 -10 -11 -12 -13 -14 -15 -16 -17 -18 -19 -20 -21
leaf_value=-0.065025414180144181 0.00038199114758701041 0.0064063646805995302 -0.0024546783406210596 0.014017197771322794 0.013674366014770744 -0.012901526201890489 -0.0016344364527152544 0.0010302322117295734 -0.0029064302786300724 -0.025072074093509308 0.0086584432449592665 -0.00015329450483879555 -0.018451687404472446 -0.020534397943135777 0.030374076629938955 -0.0044088969229328454 -0.0065542966707362506 -0.027809718456497635 -0.0090723135639591678 0.003071728985776301
leaf_weight=1136 1681958 1422693 130858 218626 16447 249561 632904 136731 347289 8571 138107 278795 10085 64952 8173 472037 945106 6535 345206 1429620
leaf_count=1136 1681958 1422693 130858 218626 16447 249561 632904 136731 347289 8571 138107 278795 10085 64952 8173 472037 945106 6535 345206 1429620
internal_value=-3.30275e-07 0.00316468 -0.00626912 0.00715248 0.00112056 -0.0118985 -0.00456106 0.00593498 -0.000180795 -0.006206 0.0123554 0.00265156 -0.00296109 -0.0212995 0.0146067 -0.0028197 -0.00605571 -0.0108652 -0.010679 0.00319232
internal_weight=8.54539e+06 5.67844e+06 2.86695e+06 1.92433e+06 3.75411e+06 667390 2.19956e+06 1.55942e+06 2.02925e+06 1.08454e+06 364906 1.72486e+06 1.11503e+06 66088 226799 1.10494e+06 1.07596e+06 601302 594767 1.44607e+06
internal_count=8545390 5678439 2866951 1924330 3754109 667390 2199561 1559424 2029247 1084535 364906 1724862 1115026 66088 226799 1104941 1075964 601302 594767 1446067
is_linear=0
shrinkage=0.075129


Tree=62
num_leaves=21
num_cat=0
split_feature=23 23 23 13 23 23 23 21 15 20 17 23 21 17 23 23 21 14 21 14
split_gain=25801 5753.74 5425.06 1448.6 1260.88 1169.95 1043.57 515.844 474.353 456.332 454.823 602.897 428.969 423.52 545.459 520.724 417.362 405.431 388.396 441.261
threshold=0.65653845667839061 0.55232957005500805 0.74481257796287548 84.020833333333357 0.47002477943897253 0.60676470398902904 0.69302847981452953 -0.0044633746147155753 29.500000000000004 55.500000000000007 60.267361111111121 0.61154127120971691 -0.0023401677608489986 65.211805555555557 0.65891316533088695 0.66221755743026745 -0.0034242272377014156 1.0000000180025095e-35 0.0031948685646057133 1.0000000180025095e-35
decision_type=2 2 2 2 2 2 2 2 2 2 2 2 2 2 2 2 2 2 2 2
left_child=1 4 6 7 8 -3 13 17 -1 12 -7 -12 -6 14 -2 -15 -10 -4 -9 -20
right_child=2 5 3 -5 9 10 -8 18 16 -11 11 -13 -14 15 -16 -17 -18 -19 19 -21
leaf_value=-0.039664068716838509 0.0017329424035465008 -0.0048709498106497932 0.012652906567938891 0.014031516337819839 0.0010460614959319965 0.0046866528709471455 0.0033037111790153173 0.00661075866764176 0.0066771525975096464 -0.031599644010997671 -0.0090339902927371023 -0.0016650667404910235 -0.0088391834863560097 -0.0044881815559366075 0.014065192566406311 0.00079575133118368771 -0.015813261895369097 0.03781668195080657 0.0016844309811301255 -0.025279628254567026
leaf_weight=4583 63937 1173692 15454 169735 25684 59942 1724830 1176083 4796 4855 65533 1433674 702330 112736 29623 1589690 160815 4717 18476 4205
leaf_count=4583 63937 1173692 15454 169735 25684 59942 1724830 1176083 4796 4855 65533 1433674 702330 112736 29623 1589690 160815 4717 18476 4205
internal_value=-3.0578e-07 -0.00479733 0.00355231 0.00752893 -0.00999638 -0.00307931 0.00198386 0.00662345 -0.0158218 -0.00864354 -0.0017306 -0.00198718 -0.00849044 0.000716306 0.00563762 0.000445844 -0.0151619 0.018538 0.00642296 -0.0033149
internal_weight=8.54539e+06 3.6359e+06 4.90949e+06 1.38867e+06 903063 2.73284e+06 3.52082e+06 1.21894e+06 170194 732869 1.55915e+06 1.49921e+06 728014 1.79599e+06 93560 1.70243e+06 165611 20171 1.19876e+06 22681
internal_count=8545390 3635904 4909486 1388670 903063 2732841 3520816 1218935 170194 732869 1559149 1499207 728014 1795986 93560 1702426 165611 20171 1198764 22681
is_linear=0
shrinkage=0.075129


Tree=63
num_leaves=21
num_cat=0
split_feature=23 23 23 23 23 21 14 10 21 14 23 12 21 14 12 10 12 23 23 12
split_gain=22128.6 6630.97 3234.58 2146.28 803.273 800.093 1408.38 667.915 620.739 1263.19 598.679 580.65 567.551 614.703 505.39 502.286 482.375 539.953 458.295 442.476
threshold=0.62598383426666271 0.71178066730499279 0.51634138822555553 0.76543691754341137 0.57723164558410656 0.0012657046318054201 1.0000000180025095e-35 41.500000000000007 -0.0021185576915740962 1.0000000180025095e-35 0.66724312305450451 62.500000000000007 0.0022770762443542485 1.0000000180025095e-35 50.500000000000007 87.500000000000014 57.500000000000007 0.58117648959159862 0.63151890039443981 65.500000000000014
decision_type=2 2 2 2 2 2 2 2 2 2 2 2 2 2 2 2 2 2 2 2
left_child=2 5 7 -3 14 8 -7 -1 9 -2 11 -10 15 -14 -4 -5 -6 -18 -13 -12
right_child=1 3 4 12 16 6 -8 -9 10 -11 19 18 13 -15 -16 -17 17 -19 -20 -21
leaf_value=-0.018410750195170997 0.0022252720183687912 0.0043656193711678693 0.015972216110144578 0.0095742913081327732 0.002420258427816355 -0.0018912142922716854 -0.021378984893437477 -0.010293992873583568 0.0040475018641897773 0.021939272880615607 0.019634979104236484 -0.0074534572983719341 0.0042482988287149579 -0.026502264703909116 -0.0063711187947824797 0.017193255904845321 -0.011894534185747164 -0.0033554474615963676 -0.00096668461594405627 0.0012408820937240947
leaf_weight=66903 96336 2015993 5750 419092 78206 160900 24062 395527 125477 22661 7411 65186 22736 4375 906853 55283 43431 1111051 1079946 1838211
leaf_count=66903 96336 2015993 5750 419092 78206 160900 24062 395527 125477 22661 7411 65186 22736 4375 906853 55283 43431 1111051 1079946 1838211
internal_value=-2.82908e-07 0.00253333 -0.00576922 0.00545971 -0.00454074 0.000379331 -0.00442644 -0.0114683 0.000654084 0.00597953 0.000450725 -0.000804308 0.00985799 -0.000714268 -0.00623034 0.0104622 -0.00328987 -0.00367669 -0.00133594 0.00131475
internal_weight=8.54539e+06 5.93767e+06 2.60772e+06 2.51748e+06 2.14529e+06 3.42019e+06 184962 462430 3.23523e+06 118997 3.11623e+06 1.27061e+06 501486 27111 912603 474375 1.23269e+06 1.15448e+06 1.14513e+06 1.84562e+06
internal_count=8545390 5937669 2607721 2517479 2145291 3420190 184962 462430 3235228 118997 3116231 1270609 501486 27111 912603 474375 1232688 1154482 1145132 1845622
is_linear=0
shrinkage=0.075129


Tree=64
num_leaves=21
num_cat=0
split_feature=23 23 23 23 23 23 23 17 12 23 12 21 11 12 23 21 14 30 12 16
split_gain=18966.2 4596.01 3787.49 1184.19 859.672 849.518 797.828 754.585 566.586 736.382 496.523 460.124 452.348 444.607 742.804 412.316 715.992 409.093 383.022 374.085
threshold=0.64686986804008495 0.73445656895637523 0.54388400912284862 0.83397981524467479 0.68846952915191661 0.43139706552028662 0.59461584687232982 68.156250000000014 64.500000000000014 0.65078735351562511 59.500000000000007 -0.0080335736274719221 64.500000000000014 59.500000000000007 0.60077652335166942 0.0016598701477050783 1.0000000180025095e-35 0.67152717688412322 53.500000000000007 23.500000000000004
decision_type=2 2 2 2 2 2 2 2 2 2 2 2 2 2 2 2 2 2 2 2
left_child=2 4 5 11 8 19 10 -6 -2 12 18 -3 -10 -8 -15 -7 -17 -9 -4 -1
right_child=1 3 6 -5 7 15 13 17 9 -11 -12 -13 -14 14 -16 16 -18 -19 -20 -21
leaf_value=-0.091747965711054244 0.0051383003018962087 0.01892564638442076 0.0085636277363199745 0.011482823959520693 0.0151691851452784 -0.0077096522586320342 0.0021721476064811944 0.0027752590580743704 -0.0021622265171581008 0.00025890345467597021 -0.020652375393111259 0.0052656106522400497 -0.014783777319281615 -0.011105158277610862 -0.0020103313458483024 -0.010880845738054458 -0.036953047602084829 -0.0013487607938774372 -0.0046866182548358244 -0.015765359883400363
leaf_weight=367 128311 14065 12471 209298 26563 658074 134131 1516629 35248 1815867 10886 1332371 29392 52713 1318943 33669 7220 149116 974756 85300
leaf_count=367 128311 14065 12471 209298 26563 658074 134131 1516629 35248 1815867 10886 1332371 29392 52713 1318943 33669 7220 149116 974756 85300
internal_value=-2.61677e-07 0.00279917 -0.00447527 0.00622554 0.00135892 -0.00902996 -0.003048 0.00260642 0.000307988 -2.15953e-05 -0.0046952 0.00540831 -0.00790133 -0.00195615 -0.00235985 -0.0081645 -0.0154848 0.00240608 -0.00451923 -0.0160912
internal_weight=8.54539e+06 5.25686e+06 3.28853e+06 1.55573e+06 3.70113e+06 784630 2.5039e+06 1.69231e+06 2.00882e+06 1.88051e+06 998113 1.34644e+06 64640 1.50579e+06 1.37166e+06 698963 40889 1.66574e+06 987227 85667
internal_count=8545390 5256860 3288530 1555734 3701126 784630 2503900 1692308 2008818 1880507 998113 1346436 64640 1505787 1371656 698963 40889 1665745 987227 85667
is_linear=0
shrinkage=0.075129


Tree=65
num_leaves=21
num_cat=0
split_feature=23 23 23 27 30 21 14 10 30 21 14 21 14 21 21 30 14 21 10 23
split_gain=16302.4 4861.45 2459.86 1251.03 995.78 630.036 1700.81 583.616 575.001 506.28 801.314 688.252 541.495 472.455 466.461 453.161 452.747 423.216 412.091 405.969
threshold=0.62692841887474071 0.71465814113616954 0.52206307649612438 10.864598388430752 0.45557139690883769 0.0010029673576354983 1.0000000180025095e-35 35.500000000000007 0.57016479076870585 0.00087821483612060558 1.0000000180025095e-35 -0.00016179680824279782 1.0000000180025095e-35 0.0022099018096923832 0.0049036741256713876 0.59295273499344581 1.0000000180025095e-35 -0.0023401677608489986 89.500000000000014 0.67706304788589489
decision_type=2 2 2 2 2 2 2 2 2 2 2 2 2 2 2 2 2 2 2 2
left_child=2 4 7 15 9 8 -7 -1 -4 10 19 -12 -11 18 17 -3 -15 -9 -5 -2
right_child=1 3 5 13 -6 6 -8 14 -10 12 11 -13 -14 16 -16 -17 -18 -19 -20 -21
leaf_value=-0.021008263594573775 0.00059505415701600374 0.0048780086332501646 -0.0024954187424122993 0.0095406713774256104 -0.00089094535765486967 -0.005209495244869025 -0.02764475455188652 0.0029564559063835643 -0.0052336962324413226 -0.001940154106649431 0.023327097194665237 0.0057697184375256469 -0.020619361931389784 0.0029563195410836876 -0.028418080310717023 0.001196232544204098 -0.027710107443406067 -0.0091311143092583941 0.029685118210718859 0.0025694243271962292
leaf_weight=23887 1281063 1334330 1306858 343286 1432966 138703 22113 16934 647201 74596 14780 85516 9925 17911 6876 219771 3203 473360 5829 1086282
leaf_count=23887 1281063 1334330 1306858 343286 1432966 138703 22113 16934 647201 74596 14780 85516 9925 17911 6876 219771 3203 473360 5829 1086282
internal_value=-2.4244e-07 0.00219135 -0.00491355 0.00529233 0.000693963 -0.00377436 -0.00829451 -0.00953731 -0.00340236 0.00158384 0.00177968 0.00835711 -0.00413366 0.00921703 -0.00898616 0.00435736 -0.00169611 -0.00871363 0.00987704 0.00150102
internal_weight=8.54539e+06 5.90946e+06 2.63593e+06 1.92433e+06 3.98513e+06 2.11488e+06 160816 521057 1.95406e+06 2.55216e+06 2.46764e+06 100296 84521 370229 497170 1.5541e+06 21114 490294 349115 2.36734e+06
internal_count=8545390 5909458 2635932 1924330 3985128 2114875 160816 521057 1954059 2552162 2467641 100296 84521 370229 497170 1554101 21114 490294 349115 2367345
is_linear=0
shrinkage=0.075129


Tree=66
num_leaves=21
num_cat=0
split_feature=23 23 23 10 23 23 21 14 30 21 21 14 17 21 30 10 21 14 21 14
split_gain=14020.2 3331.1 3066.56 985.729 726.747 701.152 566.761 659.688 527.146 487.238 461.998 906.221 452.02 434.466 413.79 395.934 384.436 434.857 373.191 746.4
threshold=0.65653845667839061 0.57130533456802379 0.76399549841880809 47.500000000000007 0.71118247509002697 0.85320976376533519 -0.0029852092266082759 1.0000000180025095e-35 0.17407573766342502 -0.0031489729881286617 0.0011653304100036623 1.0000000180025095e-35 76.003472222222243 0.0066796541213989266 0.5274898310703845 29.500000000000004 -0.0023401677608489986 1.0000000180025095e-35 0.0012657046318054201 1.0000000180025095e-35
decision_type=2 2 2 2 2 2 2 2 2 2 2 2 2 2 2 2 2 2 2 2
left_child=1 3 4 9 18 16 7 -3 -8 -1 14 -12 -6 -10 -5 -11 17 -4 -2 -20
right_child=2 6 5 10 12 -7 8 -9 13 15 11 -13 -14 -15 -16 -17 -18 -19 19 -21
leaf_value=0.008155700396840309 0.0010067351599957149 0.00035015815865105783 0.010036081330651661 -0.0038865103204506622 0.0029953093293670022 0.010709001600615222 0.0015513490180357676 0.015727727390496837 -0.0023506184650947648 -0.034557120107165662 -0.0077845988089229245 -0.030087662034944319 -0.030035468778950521 -0.012869562424271711 -0.0070040665861700688 -0.011596667641837284 0.0051064880319248284 0.037883780417876559 -0.0010743460984555262 -0.019396540690164284
leaf_weight=6939 2257135 63705 15104 532671 1430289 159426 202464 20916 2074135 4333 64090 12248 2342 22402 437831 195269 928125 4004 96562 14424
leaf_count=6939 2257135 63705 15104 532671 1430289 159426 202464 20916 2074135 4333 64090 12248 2342 22402 437831 195269 928125 4004 96562 14424
internal_value=-8.98403e-07 -0.00353597 0.00261903 -0.00667147 0.00160563 0.00609948 -0.00188723 0.00415112 -0.00210949 -0.0114148 -0.00573562 -0.0113631 0.00294131 -0.00246302 -0.00529296 -0.0120952 0.00532366 0.015872 0.0007976 -0.00345559
internal_weight=8.54441e+06 3.637e+06 4.90741e+06 1.25338e+06 3.80075e+06 1.10666e+06 2.38362e+06 84621 2.299e+06 206541 1.04684e+06 76338 1.43263e+06 2.09654e+06 970502 199602 947233 19108 2.36812e+06 110986
internal_count=8544414 3637003 4907411 1253381 3800752 1106659 2383622 84621 2299001 206541 1046840 76338 1432631 2096537 970502 199602 947233 19108 2368121 110986
is_linear=0
shrinkage=0.075129


Tree=67
num_leaves=21
num_cat=0
split_feature=23 23 23 23 30 21 14 30 21 14 21 14 21 30 28 30 23 14 21 17
split_gain=12136 3596.99 1799.37 954.154 817.206 596.192 776.133 579.338 499.945 673.756 798.621 668.864 472.974 446.972 442.754 399.662 395.361 366.472 390.995 362.548
threshold=0.62493115663528453 0.71757391095161449 0.51634138822555553 0.76543691754341137 0.57016479076870585 -0.0025261938571929927 1.0000000180025095e-35 0.5274898310703845 0.00066030025482177745 1.0000000180025095e-35 -0.00016179680824279782 1.0000000180025095e-35 0.0065395832061767587 0.50384169514578636 -3.4551257773507946 0.58664274331618405 0.67513644695281994 1.0000000180025095e-35 0.00021880865097045901 71.190972222222243
decision_type=2 2 2 2 2 2 2 2 2 2 2 2 2 2 2 2 2 2 2 2
left_child=2 4 14 15 8 6 -4 -5 9 16 -11 -10 13 -7 -1 19 -2 -15 -19 -3
right_child=1 3 5 7 -6 12 -8 -9 11 10 -12 -13 -14 17 -16 -17 -18 18 -20 -21
leaf_value=-0.018398557510499642 0.00033350038533535588 0.012357807451515426 -0.0013569771793706111 0.0093500117402101537 -0.0013900326605979275 -0.0024830175432854844 0.015369513059959086 0.0040547832601164945 -0.0013862753927185232 0.020370112587994312 0.0041513752948648674 -0.017944798369376253 -0.014865821437903104 -0.0042740715552444779 -0.0080068928229892547 4.4585549949179032e-05 0.0020883176316286098 -0.0077887237902011571 -0.024856791351366789 0.003828790989267705
leaf_weight=24433 1597389 28819 62198 316116 897131 1081568 20926 184798 122851 19945 121688 15507 20957 847697 438108 160742 1326437 70881 8482 1177741
leaf_count=24433 1597389 28819 62198 316116 897131 1081568 20926 184798 122851 19945 121688 15507 20957 847697 438108 160742 1326437 70881 8482 1177741
internal_value=-8.31088e-07 0.00185893 -0.00431156 0.00459136 0.000614149 -0.00338235 0.00285386 0.00739649 0.00117536 0.00137474 0.00643537 -0.00324218 -0.00363776 -0.00352061 -0.00855583 0.00356369 0.0011296 -0.00473112 -0.00961299 0.00403251
internal_weight=8.54441e+06 5.96916e+06 2.57525e+06 1.86822e+06 4.10095e+06 2.11271e+06 83124 500914 3.20382e+06 3.06546e+06 141633 138358 2.02958e+06 2.00863e+06 462541 1.3673e+06 2.92383e+06 927060 79363 1.20656e+06
internal_count=8544414 5969164 2575250 1868216 4100948 2112709 83124 500914 3203817 3065459 141633 138358 2029585 2008628 462541 1367302 2923826 927060 79363 1206560
is_linear=0
shrinkage=0.075129


Tree=68
num_leaves=21
num_cat=0
split_feature=28 27 27 16 16 21 14 21 14 21 14 16 21 14 21 21 14 21 21 21
split_gain=10006.6 2616.04 2106.9 744.791 690.161 508.451 962.606 444.18 749.904 411.293 474.361 410.862 380.835 1107.47 377.776 369.149 785.028 352.687 342.99 336.725
threshold=-0.40574082315584031 5.2965368882326525 -11.201928353737065 45.500000000000007 84.500000000000014 -0.0018030107021331785 1.0000000180025095e-35 0.0023872852325439457 1.0000000180025095e-35 -0.0029317736625671382 1.0000000180025095e-35 67.500000000000014 0.00066030025482177745 1.0000000180025095e-35 0.0024194121360778813 0.0011653304100036623 1.0000000180025095e-35 -0.0063644051551818839 0.0054980516433715829 -0.0080335736274719221
decision_type=2 2 2 2 2 2 2 2 2 2 2 2 2 2 2 2 2 2 2 2
left_child=2 5 3 14 9 6 -2 11 -9 10 -3 -7 19 -14 17 -5 -17 -1 -11 -4
right_child=1 4 12 15 -6 7 -8 8 -10 18 -12 -13 13 -15 -16 16 -18 -19 -20 -21
leaf_value=0.018659834916168676 0.0026495499586196417 0.0076390551913016486 0.0070598822904678876 -0.0046725344633663018 0.0091626141997839979 9.9292986694152609e-05 0.020319491695609954 -0.0012326247572297631 -0.017945490970821074 0.0040294109150692328 0.03002138133837122 0.001733600619265641 -0.0028753270368366687 -0.021073454508918892 -0.028204017148582495 -0.0066679502205766626 -0.026918454970135931 -0.010513244293961417 -0.0060054374375651627 -0.001608986727657037
leaf_weight=2381 98273 23637 25636 997388 169498 1664025 21146 104555 17722 1316415 6906 1815569 146159 21674 6755 64704 12971 131878 19510 1877612
leaf_count=2381 98273 23637 25636 997388 169498 1664025 21146 104555 17722 1316415 6906 1815569 146159 21674 6755 64704 12971 131878 19510 1877612
internal_value=-7.6875e-07 0.00203224 -0.00325223 -0.00573443 0.00464083 0.000955542 0.00577849 0.000795638 -0.00365492 0.00407994 0.0127001 0.000952036 -0.00179475 -0.00522548 -0.0108681 -0.00506105 -0.0100497 -0.00999583 0.00388286 -0.00149222
internal_weight=8.54441e+06 5.25726e+06 3.28716e+06 1.21608e+06 1.53597e+06 3.72129e+06 119419 3.60187e+06 122277 1.36647e+06 30543 3.47959e+06 2.07108e+06 167833 141014 1.07506e+06 77675 134259 1.33592e+06 1.90325e+06
internal_count=8544414 5257256 3287158 1216077 1535966 3721290 119419 3601871 122277 1366468 30543 3479594 2071081 167833 141014 1075063 77675 134259 1335925 1903248
is_linear=0
shrinkage=0.075129


Tree=69
num_leaves=21
num_cat=0
split_feature=23 23 23 23 30 30 30 21 14 30 21 10 21 14 14 21 14 21 35 18
split_gain=9027.08 2715.11 1320.61 960.211 570.083 502.153 496.39 464.038 729.671 413.773 408.26 446.623 353.214 586.048 552.279 630.992 351.418 987.703 348.998 332.552
threshold=0.62308496236801159 0.71178066730499279 0.52708333730697643 0.76543691754341137 0.0066036370189105102 0.61879805127083276 0.37919291286421369 -0.0018030107021331785 1.0000000180025095e-35 0.17407573766342502 -0.0050742030143737784 39.500000000000007 0.00033122301101684576 1.0000000180025095e-35 1.0000000180025095e-35 -0.00016179680824279782 1.0000000180025095e-35 0.00029760599136352544 6.5000000000000009 0.51980959995249199
decision_type=2 2 2 2 2 2 2 2 2 2 2 2 2 2 2 2 2 2 2 2
left_child=2 4 10 -3 -2 12 -5 8 -4 19 -1 -12 14 -14 -6 -16 -11 -18 -8 -9
right_child=1 3 7 6 5 -7 18 9 -10 16 11 -13 13 -15 15 -17 17 -19 -20 -21
leaf_value=0.0078365533096154925 0.011829989481264725 0.0027289442927237203 -0.0012739569363265663 0.0097443448196501414 0.00053497965240653243 -0.0016798184611914681 0.0017482678760551693 -4.221549167164881e-05 0.014807544783208434 -0.0030840953706157874 -0.014400123934561679 -0.0065857003996426808 -0.0012283309881205237 -0.015705191878806521 0.017309907333639237 0.0032653354016064428 -0.0044639895808253772 -0.021829060112477858 0.006710142241432045 0.018019245565851681
leaf_weight=10374 23741 2014914 69061 167292 2488435 682113 133157 144675 20698 1538070 44822 522734 148226 17664 20924 131722 137987 21348 200465 5992
leaf_count=10374 23741 2014914 69061 167292 2488435 682113 133157 144675 20698 1538070 44822 522734 148226 17664 20924 131722 137987 21348 200465 5992
internal_value=-7.11057e-07 0.00157677 -0.00378092 0.00346076 0.000227486 0.000148537 0.00640449 -0.00284089 0.0024344 -0.00309711 -0.00693288 -0.00720284 0.00059284 -0.00276986 0.000804057 0.00519053 -0.00343203 -0.00679064 0.00472974 0.000676119
internal_weight=8.54441e+06 6.02865e+06 2.51576e+06 2.51583e+06 3.51282e+06 3.48908e+06 500914 1.93783e+06 89759 1.84807e+06 577930 567556 2.80697e+06 165890 2.64108e+06 152646 1.6974e+06 159335 333622 150667
internal_count=8544414 6028653 2515761 2515828 3512825 3489084 500914 1937831 89759 1848072 577930 567556 2806971 165890 2641081 152646 1697405 159335 333622 150667
is_linear=0
shrinkage=0.075129


Tree=70
num_leaves=21
num_cat=0
split_feature=23 23 23 23 30 10 21 14 21 14 21 14 17 17 23 30 21 14 19 30
split_gain=7831.9 2373.15 1375.24 607.556 545.595 458.985 431.236 716.378 413.098 516.653 404.003 624.802 365.352 353.03 359.985 346.589 343.526 438.286 341.853 329.534
threshold=0.6715412735939027 0.57723164558410656 0.76399549841880809 0.49092386662960058 0.17142647152318397 88.500000000000014 -0.00247657299041748 1.0000000180025095e-35 -0.002411335706710815 0.2041241452401453 -0.00028008222579956049 1.0000000180025095e-35 76.003472222222243 66.7951388888889 0.67029699683189403 0.0066036370189105102 0.0020163655281066899 1.0000000180025095e-35 75.500000000000014 0.33022737984194706
decision_type=2 2 2 2 2 2 2 2 2 2 2 2 2 2 2 2 2 2 2 2
left_child=1 3 6 16 15 8 7 -2 9 -4 11 -6 19 -12 -15 -3 -1 -18 -10 -8
right_child=2 4 5 -5 10 -7 12 -9 18 -11 13 -13 -14 14 -16 -17 17 -19 -20 -21
leaf_value=-0.0074686388031762838 0.0035783670431373494 0.014939826144310149 0.0085354565099372073 -0.0040999471669715126 0.0002425947430487037 0.013220997761441903 0.0020504784112741468 0.021909648526606106 0.020732930674625644 0.03520774316664621 -0.001488571249448773 0.013384089779469472 -0.028335219510852213 -0.015860494511507828 -0.0030104384460988187 0.0015971493170683368 -0.012100429299206406 -0.042525695318151875 0.0039176839185128586 0.00049722943888845918
leaf_weight=242187 67866 11481 23236 1118365 122734 33342 1703426 14626 6869 4977 2397622 24496 2342 19318 33897 256085 11428 3488 1038235 1408394
leaf_count=242187 67866 11481 23236 1118365 122734 33342 1703426 14626 6869 4977 2397622 24496 2342 19318 33897 256085 11428 3488 1038235 1408394
internal_value=-6.5757e-07 -0.00229185 0.00225742 -0.00485702 -0.0010606 0.00454005 0.00146718 0.00682862 0.00427038 0.013241 -0.00139328 0.00242909 0.00132516 -0.00162291 -0.00767531 0.00216969 -0.00815019 -0.0192159 0.00402821 0.00134749
internal_weight=8.54441e+06 4.2411e+06 4.30331e+06 1.37547e+06 2.86563e+06 1.10666e+06 3.19665e+06 82492 1.07332e+06 28213 2.59807e+06 147230 3.11416e+06 2.45084e+06 53215 267566 257103 14916 1.0451e+06 3.11182e+06
internal_count=8544414 4241101 4303313 1375468 2865633 1106659 3196654 82492 1073317 28213 2598067 147230 3114162 2450837 53215 267566 257103 14916 1045104 3111820
is_linear=0
shrinkage=0.075129


Tree=71
num_leaves=21
num_cat=0
split_feature=23 28 23 21 14 22 23 21 14 28 23 21 14 20 21 14 20 20 19 23
split_gain=6758.34 1852.88 1182.4 481.249 543.617 458.134 418.749 416.657 465.547 444.31 407.322 364.37 455.544 359.069 340.208 546.222 326.585 307.698 300.982 297.523
threshold=0.63411813974380504 0.64350059634240042 0.54388400912284862 -0.0029317736625671382 1.0000000180025095e-35 0.01048190070220022 0.87313267588615429 -0.00032636523246765131 1.0000000180025095e-35 -2.657172160610449 0.67412567138671886 0.0035848617553710942 1.0000000180025095e-35 67.500000000000014 -0.0023401677608489986 1.0000000180025095e-35 63.500000000000007 54.500000000000007 62.500000000000007 0.59331706166267406
decision_type=2 2 2 2 2 2 2 2 2 2 2 2 2 2 2 2 2 2 2 2
left_child=2 5 7 4 -3 10 11 8 -1 -9 13 -5 -13 18 15 -4 19 -11 -2 -16
right_child=1 3 14 6 -6 -7 -8 9 -10 17 -12 12 -14 -15 16 -17 -18 -19 -20 -21
leaf_value=-0.0024194301778196433 0.0089852896202362829 0.007474133711236953 -0.00075865210557099743 0.0034552608116473101 0.02906634316675142 0.0085680852117465019 0.0090185734316914744 -0.011259881439040343 0.016479086091412739 -0.0050843575111197371 0.0013372285503151307 -0.00057823583608038653 -0.0246195365901807 -0.016560773282907344 -0.0031532856416045538 0.013104490533462614 -0.015783390222798729 -0.021341916337774554 -0.00018100756517270661 -0.001309393755318193
leaf_weight=33345 20428 32351 68166 1318449 8262 41368 75477 77441 9440 657905 2165240 24859 5418 7496 927825 20979 9999 6637 1977128 1056201
leaf_count=33345 20428 32351 68166 1318449 8262 41368 75477 77441 9440 657905 2165240 24859 5418 7496 927825 20979 9999 6637 1977128 1056201
internal_value=-6.08066e-07 0.00150126 -0.00297324 0.00380284 0.0118669 0.000700769 0.00357288 -0.00545864 0.00175038 -0.00587434 0.000622727 0.00326813 -0.0048806 -0.000148857 -0.00203694 0.00250387 -0.00223994 -0.00524674 -8.72668e-05 -0.00217169
internal_weight=8.54441e+06 5.67648e+06 2.86794e+06 1.46482e+06 40613 4.21166e+06 1.4242e+06 784768 42785 741983 4.17029e+06 1.34873e+06 30277 2.00505e+06 2.08317e+06 89145 1.99402e+06 664542 1.99756e+06 1.98403e+06
internal_count=8544414 5676476 2867938 1464816 40613 4211660 1424203 784768 42785 741983 4170292 1348726 30277 2005052 2083170 89145 1994025 664542 1997556 1984026
is_linear=0
shrinkage=0.075129


Tree=72
num_leaves=21
num_cat=0
split_feature=23 23 23 21 10 30 22 30 30 30 23 30 21 30 12 23 15 21 19 18
split_gain=5841.1 1593.12 1111.87 457.138 519.671 448.724 464.179 416.14 412.716 409.69 366.35 352.004 351.52 324.082 307.039 351.514 305.639 303.895 295.913 283.254
threshold=0.66724312305450451 0.57426106929779064 0.76543691754341137 -0.0043153464794158927 43.500000000000007 0.59295273499344581 0.0076664860499038711 0.0066036370189105102 0.5274898310703845 0.22097003943304927 0.71757391095161449 0.5531604614399932 0.0079797506332397478 0.56729592288954722 71.500000000000014 0.72058704495430004 23.500000000000004 9.882450103759767e-05 65.500000000000014 0.51980959995249199
decision_type=2 2 2 2 2 2 2 2 2 2 2 2 2 2 2 2 2 2 2 2
left_child=1 3 5 -1 16 6 10 -3 17 -8 18 -6 13 -9 -12 -16 -5 -4 -2 -15
right_child=2 7 8 4 11 -7 9 12 -10 -11 14 -13 -14 19 15 -17 -18 -19 -20 -21
leaf_value=0.0049558821474408321 0.017179341288442684 0.013803094234804686 0.0074195432875273229 -0.073844522616526562 -0.0029174168182916605 -0.00063591798539727078 0.019315592344655335 -0.00044160710975598165 0.0023756362286350297 0.0046804574330788834 0.0085045935411851969 -0.0055475768266437459 -0.011584320554471004 -0.0020154695488498308 -0.0083331500745419153 0.0026137196846933823 -0.0094119801182388271 -0.0024417994192223636 0.001025870781314621 -0.012636407977011566
leaf_weight=29910 6419 10619 298299 417 695282 512256 14710 1788749 185603 40579 49359 489355 17925 894583 16805 1119859 98009 18747 2242940 14401
leaf_count=29910 6419 10619 298299 417 695282 512256 14710 1788749 185603 40579 49359 489355 17925 894583 16805 1119859 98009 18747 2242940 14401
internal_value=-1.11197e-06 -0.00207568 0.00185874 -0.00422569 -0.00443972 0.00144052 0.00174524 -0.00104024 0.00518929 0.00857433 0.00163533 -0.0040039 -0.00109828 -0.00102861 0.00270377 0.00245187 -0.0096852 0.00683644 0.00107197 -0.00218374
internal_weight=8.54483e+06 4.03925e+06 4.50558e+06 1.31297e+06 1.28306e+06 4.00293e+06 3.49067e+06 2.72628e+06 502649 55289 3.43538e+06 1.18464e+06 2.71566e+06 2.69773e+06 1.18602e+06 1.13666e+06 98426 317046 2.24936e+06 908984
internal_count=8544826 4039250 4505576 1312973 1283063 4002927 3490671 2726277 502649 55289 3435382 1184637 2715658 2697733 1186023 1136664 98426 317046 2249359 908984
is_linear=0
shrinkage=0.075129


Tree=73
num_leaves=21
num_cat=0
split_feature=23 28 23 12 30 22 17 23 17 10 23 12 23 11 16 35 12 23 30 23
split_gain=5051.29 1245.35 995.37 470.111 425.028 644.297 401.603 568.059 618.841 391.521 385.724 411.209 568.737 405.156 338.787 290.016 267.556 351.227 259.739 255.199
threshold=0.64275074005126964 0.64350059634240042 0.5372087061405183 53.500000000000007 0.3354154715874676 0.0064001790892669755 63.781250000000007 0.63859808444976818 63.128472222222229 84.500000000000014 0.58476763963699352 58.500000000000007 0.59103864431381237 58.500000000000007 32.500000000000007 19.500000000000004 57.500000000000007 0.57723164558410656 0.48264142223040346 0.54176726937294017
decision_type=2 2 2 2 2 2 2 2 2 2 2 2 2 2 2 2 2 2 2 2
left_child=2 4 14 -4 5 -2 7 10 -9 -3 16 -12 13 -13 18 -11 17 19 -1 -5
right_child=1 9 3 6 -6 -7 -8 8 -10 15 11 12 -14 -15 -16 -17 -18 -19 -20 -21
leaf_value=-0.0072553176892339944 0.0013078084857736977 0.0028203059945588957 0.0057932368577651508 -0.0095139688427633151 -7.7763715445161902e-05 0.0120288051411079 -0.0071899682808414765 0.014943939620196576 -0.00013883452761049144 0.005228679918460921 0.0029754556983108802 -0.0034470849200960462 -0.0011899253927632903 -0.016568979631957997 -0.0046881678007536162 0.013409915039818785 -0.0062696180084075622 0.0027035209898660728 -0.03021071322409483 -0.0027538883386044035
leaf_weight=6020 1917965 1296682 46597 33337 1980998 32170 76277 23628 43848 139127 126276 31158 1273465 23149 684824 29673 131508 64576 5173 578375
leaf_count=6020 1917965 1296682 46597 33337 1980998 32170 76277 23628 43848 139127 126276 31158 1273465 23149 684824 29673 131508 64576 5173 578375
internal_value=-1.02856e-06 0.00139414 -0.00239261 -0.00168091 0.000697319 0.00148467 -0.00182568 -0.00165002 0.00514272 0.00326337 -0.00185267 -0.0011214 -0.00151102 -0.00904052 -0.00490008 0.00666687 -0.00316896 -0.00256602 -0.0178651 -0.0031223
internal_weight=8.54483e+06 5.39662e+06 3.14821e+06 2.45219e+06 3.93113e+06 1.95014e+06 2.4056e+06 2.32932e+06 67476 1.46548e+06 2.26184e+06 1.45405e+06 1.32777e+06 54307 696017 168800 807796 676288 11193 611712
internal_count=8544826 5396615 3148211 2452194 3931133 1950135 2405597 2329320 67476 1465482 2261844 1454048 1327772 54307 696017 168800 807796 676288 11193 611712
is_linear=0
shrinkage=0.075129


Tree=74
num_leaves=21
num_cat=0
split_feature=23 23 23 21 14 12 23 30 21 14 27 3 21 14 21 30 21 23 35 3
split_gain=4356 1347.12 672.108 499.193 550.794 483.177 555.619 408.671 380.385 845.867 453.68 370.955 337.723 912.82 332.674 320.324 306.891 305.788 304.103 353.112
threshold=0.62221345305442821 0.71178066730499279 0.50297555327415477 -0.0042029619216918937 1.0000000180025095e-35 61.500000000000007 0.61705884337425243 0.014720244552075977 0.0022770762443542485 1.0000000180025095e-35 12.854795112138982 7.5000000000000009 0.00029760599136352544 1.0000000180025095e-35 0.0045151710510253915 0.50384169514578636 0.0079797506332397478 0.61382699012756359 19.500000000000004 9.5000000000000018
decision_type=2 2 2 2 2 2 2 2 2 2 2 2 2 2 2 2 2 2 2 2
left_child=2 7 14 4 -3 6 12 11 10 -10 -5 -2 15 -14 -1 -4 -9 -7 19 -12
right_child=1 3 5 8 -6 17 -8 16 9 -11 18 -13 13 -15 -16 -17 -18 -19 -20 -21
leaf_value=-0.0054173336714105581 0.0022151600850255125 0.0058987502991086748 -0.00092220278270718032 0.0020612598026862813 0.025980743327902511 -0.022025260430513949 0.0047291357922734766 0.00011262186565304442 0.00014018130286367901 -0.023823268724871303 0.009319719666239918 0.018227150354787756 -0.0032679153140797086 -0.019983344294393472 -0.022969352946612096 -0.0029315974245816938 -0.0094562384994241657 -0.0061038491115670366 0.011420842862421317 0.0025522402511678698
leaf_weight=337243 21691 36358 983526 2135110 9783 7358 68819 3487721 58618 9688 58523 13098 148422 21056 6207 822070 19021 91196 39580 169738
leaf_count=337243 21691 36358 983526 2135110 9783 7358 68819 3487721 58618 9688 58523 13098 148422 21056 6207 822070 19021 91196 39580 169738
internal_value=-9.51377e-07 0.00108558 -0.00264918 0.0024143 0.0101568 -0.00215457 -0.00190682 0.000141102 0.00226974 -0.0032587 0.00242689 0.00824377 -0.00213805 -0.00534468 -0.00573456 -0.00183706 6.07182e-05 -0.00729261 0.0053415 0.00428734
internal_weight=8.54483e+06 6.05893e+06 2.4859e+06 2.5174e+06 46141 2.14245e+06 2.04389e+06 3.54153e+06 2.47126e+06 68306 2.40295e+06 34789 1.97507e+06 169478 343450 1.8056e+06 3.50674e+06 98554 267841 228261
internal_count=8544826 6058929 2485897 2517398 46141 2142447 2043893 3541531 2471257 68306 2402951 34789 1975074 169478 343450 1805596 3506742 98554 267841 228261
is_linear=0
shrinkage=0.075129


Tree=75
num_leaves=21
num_cat=0
split_feature=23 23 23 30 12 30 15 30 23 23 35 30 30 23 12 12 12 23 12 12
split_gain=3771.78 1103.27 696.069 395.612 383.084 359.114 468.392 336.275 318.079 310.457 272.634 268.07 241.309 236.613 370.97 242.204 215.102 217.707 358.405 345.051
threshold=0.67205974459648143 0.57723164558410656 0.76543691754341137 0.23662649585292114 66.500000000000014 0.30396564680417898 37.500000000000007 0.27374277701479527 0.6637515425682069 0.66724312305450451 11.500000000000002 0.59636655999222921 0.0066036370189105102 0.71616274118423473 70.500000000000014 76.500000000000014 57.500000000000007 0.51323893666267406 51.500000000000007 50.500000000000007
decision_type=2 2 2 2 2 2 2 2 2 2 2 2 2 2 2 2 2 2 2 2
left_child=1 5 11 12 9 -1 -7 -4 -6 -5 -9 13 -3 -2 -15 -16 17 18 -8 -19
right_child=2 3 7 4 8 6 16 10 -10 -11 -12 -13 -14 14 15 -17 -18 19 -20 -21
leaf_value=-0.00098454565134627626 0.00097324617930274907 0.01193121055862109 0.0084908191710504691 -0.001097672071093844 -0.021635239294379195 -0.013136162994158125 -0.0049288098171545716 0.0017062861319949649 -0.0044615371109757024 0.0037826974313871845 0.0056058772777964026 -0.00047349725598932254 0.00094172022039276399 0.019390312897090832 0.0022386514113572 -0.019497814846787868 -0.011875215895739059 0.013999010017045944 -0.030511344198131021 -0.0029856023879148942
leaf_weight=290030 2078603 11551 85640 2220095 6466 30519 318662 244212 103859 76093 172797 459707 476735 7116 1224268 2900 17837 6816 3121 707799
leaf_count=290030 2078603 11551 85640 2220095 6466 30519 318662 244212 103859 76093 172797 459707 476735 7116 1224268 2900 17837 6816 3121 707799
internal_value=-8.79982e-07 -0.00158037 0.00157652 -0.0007481 -0.00114372 -0.00333283 -0.00396069 0.0042028 -0.00546813 -0.000935942 0.00332217 0.0012266 0.0012017 0.00146251 0.00228646 0.00218728 -0.00369507 -0.00355428 -0.00517697 -0.0028236
internal_weight=8.54483e+06 4.26958e+06 4.27524e+06 2.8948e+06 2.40651e+06 1.37478e+06 1.08475e+06 502649 110325 2.29619e+06 417009 3.77259e+06 488286 3.31289e+06 1.23428e+06 1.22717e+06 1.05424e+06 1.0364e+06 321783 714615
internal_count=8544826 4269583 4275243 2894799 2406513 1374784 1084754 502649 110325 2296188 417009 3772594 488286 3312887 1234284 1227168 1054235 1036398 321783 714615
is_linear=0
shrinkage=0.075129


Tree=76
num_leaves=21
num_cat=0
split_feature=27 27 15 21 14 21 30 30 3 35 21 14 30 14 16 21 21 14 14 21
split_gain=3039.52 1052.86 549.018 444.718 992.047 383.299 324.756 323.946 299.596 546.543 298.565 913.473 296.781 334.252 295.921 263.951 254.916 414.675 409.225 564.446
threshold=-0.21281802825605209 -9.2086290381567419 77.500000000000014 0.00066030025482177745 1.0000000180025095e-35 -0.0043153464794158927 0.2157020569568244 0.66727443839682332 9.5000000000000018 11.500000000000002 0.00033122301101684576 1.0000000180025095e-35 0.46960434514714594 1.0000000180025095e-35 32.500000000000007 -0.00016179680824279782 0.0018051266670227053 1.0000000180025095e-35 1.0000000180025095e-35 -1.0000000180025095e-35
decision_type=2 2 2 2 2 2 2 2 2 2 2 2 2 2 2 2 2 2 2 2
left_child=1 3 7 5 -5 -1 -7 16 -4 -10 12 -12 13 -3 -8 -15 18 -18 -2 -20
right_child=2 10 8 4 -6 6 14 -9 9 -11 11 -13 -14 15 -16 -17 17 -19 19 -21
leaf_value=0.0048999324389857116 0.0013677129827878876 0.00018189566487268838 0.0077235753386019727 -0.0042585983256620231 -0.022280663626855955 0.00036586285691109227 -0.01638092533418789 -0.0012116427759230534 0.00029423229050386978 0.0065394330404447351 -0.0013374095942297426 -0.015915781316281213 -0.0010691129161225523 0.013587341063208839 -0.002980071531389105 0.0030096020827119993 -0.00073479105260458187 -0.017191670412601837 0.019130801540512454 0.0038132285364128179
leaf_weight=38767 3094726 1289086 97808 113922 20314 175535 9368 286511 184112 138665 211449 27404 1268923 15559 1293702 92332 68777 9884 15928 92054
leaf_count=38767 3094726 1289086 97808 113922 20314 175535 9368 286511 184112 138665 211449 27404 1268923 15559 1293702 92332 68777 9884 15928 92054
internal_value=-8.13987e-07 -0.00132654 0.00151367 -0.00284109 -0.00698594 -0.00247441 -0.00266776 0.00121104 0.00408097 0.00297718 -0.000465377 -0.00301003 -0.000237386 0.0005181 -0.00307642 0.00453506 0.00142257 -0.00280272 0.00152635 0.00607272
internal_weight=8.54483e+06 4.55636e+06 3.98846e+06 1.65161e+06 134236 1.51737e+06 1.4786e+06 3.56788e+06 420585 322777 2.90475e+06 238853 2.6659e+06 1.39698e+06 1.30307e+06 107891 3.28137e+06 78661 3.20271e+06 107982
internal_count=8544826 4556361 3988465 1651608 134236 1517372 1478605 3567880 420585 322777 2904753 238853 2665900 1396977 1303070 107891 3281369 78661 3202708 107982
is_linear=0
shrinkage=0.075129


Tree=77
num_leaves=21
num_cat=0
split_feature=23 27 23 21 14 30 22 30 30 15 21 14 21 14 30 21 14 23 3 20
split_gain=2825.26 890.453 460.92 342.671 468.63 339.294 428.217 371.5 307.619 307.242 281.255 286.609 280.718 453.143 243.814 239.708 348.583 238.439 248.411 243.788
threshold=0.62221345305442821 4.3995823642291549 0.49977821111679083 -0.002411335706710815 1.0000000180025095e-35 0.3354154715874676 0.0016255146838967626 0.031989530961966599 0.40240348731308856 89.500000000000014 0.0082801580429077166 1.0000000180025095e-35 0.0011653304100036623 1.0000000180025095e-35 0.72067610217231126 -0.00032636523246765131 1.0000000180025095e-35 0.76543691754341137 9.5000000000000018 76.500000000000014
decision_type=2 2 2 2 2 2 2 2 2 2 2 2 2 2 2 2 2 2 2 2
left_child=2 5 12 4 -3 6 -2 -8 -4 10 14 -12 -1 -14 17 16 -7 19 -19 -5
right_child=1 3 8 9 -6 15 7 -9 -10 -11 11 -13 13 -15 -16 -17 -18 18 -20 -21
leaf_value=-0.0041851794325180923 0.00066774193360986836 0.0048411539812490802 -0.00056511589693502423 0.0018949111937358613 0.02327793206758514 0.0013320636201648325 0.020974058002233061 0.0038971842212883996 -0.0024223890790918937 0.020214683143115149 -0.0017835552111958209 -0.022697065751609045 -0.0075406961578813785 -0.033881977401375836 -0.0013343712853329326 -0.0005136689418683227 0.013279197165467023 0.0070329302427959628 0.0028179851653441779 -0.018707271156819319
leaf_weight=292839 1741101 40737 793592 1253696 9619 95840 7536 156705 1376344 5257 15662 4842 18520 4602 107840 2196567 16100 107532 296645 3250
leaf_count=292839 1741101 40737 793592 1253696 9619 95840 7536 156705 1376344 5257 15662 4842 18520 4602 107840 2196567 16100 107532 296645 3250
internal_value=-7.52884e-07 0.000874289 -0.00213351 0.0022507 0.00836308 0.000271614 0.00101367 0.00468078 -0.00174314 0.0020792 0.00202591 -0.00672256 -0.00481444 -0.0127838 0.00212732 -0.000340845 0.00305042 0.00235205 0.00393938 0.00184164
internal_weight=8.54483e+06 6.05893e+06 2.4859e+06 1.84508e+06 50356 4.21385e+06 1.90534e+06 164241 2.16994e+06 1.79472e+06 1.78947e+06 20504 315961 23122 1.76896e+06 2.30851e+06 111940 1.66112e+06 404177 1.25695e+06
internal_count=8544826 6058929 2485897 1845080 50356 4213849 1905342 164241 2169936 1794724 1789467 20504 315961 23122 1768963 2308507 111940 1661123 404177 1256946
is_linear=0
shrinkage=0.075129


Tree=78
num_leaves=21
num_cat=0
split_feature=28 27 21 14 21 14 27 21 30 21 14 10 30 30 12 22 21 14 14 21
split_gain=2262.04 790.465 434.332 392.948 356.869 776.477 346.089 331.994 305.086 255.255 839.452 254.643 245.198 235.817 263.57 226.667 224.187 286.71 206.824 413.567
threshold=-0.015717307227219257 -10.089042934421725 -0.0040889084339141837 1.0000000180025095e-35 1.0000000180025095e-35 1.0000000180025095e-35 5.8382536705548143 -0.011681497097015379 0.0066036370189105102 0.00033122301101684576 1.0000000180025095e-35 89.500000000000014 0.61879805127083276 0.68545765303940842 29.500000000000004 0.011592587677019506 0.0052631497383117684 1.0000000180025095e-35 1.0000000180025095e-35 -0.00016179680824279782
decision_type=2 2 2 2 2 2 2 2 2 2 2 2 2 2 2 2 2 2 2 2
left_child=1 4 3 -2 7 -6 15 -1 -3 12 -11 16 18 -9 -15 -4 -8 -18 -10 -20
right_child=2 8 6 -5 5 -7 11 13 9 10 -12 -13 -14 14 -16 -17 17 -19 19 -21
leaf_value=0.014169601013270803 0.0040922831909057404 0.01076602160149116 0.00065755927179606867 0.017590863598638862 -0.0039693626461881452 -0.020527951498385377 0.0022833854849249055 -0.0018059681175142371 -0.00014443079253024878 -0.0012290887234621668 -0.014640130722544874 0.017699768702581099 -0.0015833196328287368 -0.046283947161260844 -0.0042130503352074316 0.010120811505636977 -0.00090701135584263356 -0.020782585248469831 0.011733380505006248 0.0010988503557198901
leaf_weight=6945 50951 13595 2568933 15993 112480 18632 1271221 1058996 2033488 228621 29775 5964 657016 843 253785 14366 21564 5057 23865 152762
leaf_count=6945 50951 13595 2568933 15993 112480 18632 1271221 1058996 2033488 228621 29775 5964 657016 843 253785 14366 21564 5057 23865 152762
internal_value=1.55666e-08 -0.00113443 0.00131715 0.00731718 -0.00258411 -0.00632251 0.00121381 -0.00221294 -0.000464023 -0.000512871 -0.00277446 0.00221167 -0.000309048 -0.00229956 -0.00435239 0.000710187 0.00214049 -0.00468285 6.97635e-05 0.00253576
internal_weight=8.54485e+06 4.5908e+06 3.95405e+06 66944 1.45168e+06 131112 3.8871e+06 1.32057e+06 3.13912e+06 3.12553e+06 258396 1.30381e+06 2.86713e+06 1.31362e+06 254628 2.5833e+06 1.29784e+06 26621 2.21012e+06 176627
internal_count=8544852 4590803 3954049 66944 1451681 131112 3887105 1320569 3139122 3125527 258396 1303806 2867131 1313624 254628 2583299 1297842 26621 2210115 176627
is_linear=0
shrinkage=0.075129


Tree=79
num_leaves=21
num_cat=0
split_feature=23 23 12 23 21 21 10 20 12 21 21 30 18 30 16 18 18 30 18 30
split_gain=2154.94 751.122 435.757 441.1 374.295 353.585 333.416 332.124 326.165 323.577 302.508 283.025 616.151 413.338 250.63 250.171 327.149 240.372 234.766 230.102
threshold=0.67412567138671886 0.56530731916427623 56.500000000000007 0.57130533456802379 -0.0080335736274719221 0.002308130264282227 84.500000000000014 67.500000000000014 66.500000000000014 -0.006801515817642211 0.0079797506332397478 0.32756724066908122 1.0000000180025095e-35 0.031989530961966599 23.500000000000004 1.0000000180025095e-35 0.20052378963083781 0.56729592288954722 0.51980959995249199 0.40240348731308856
decision_type=2 2 2 2 2 2 2 2 2 2 2 2 2 2 2 2 2 2 2 2
left_child=1 9 -3 -4 -2 6 8 17 -6 -1 14 12 -10 -14 -11 -7 -17 -5 -19 -16
right_child=4 2 3 7 5 15 -8 -9 11 10 -12 -13 13 -15 19 16 -18 18 -20 -21
leaf_value=0.0077784528033938644 0.0085404131642818799 0.0044520399763874454 -0.0076320536466212537 -0.00013761557173973165 0.012234333255185291 0.00046939832318489448 0.0048910075764811 -0.016020245099238283 0.0012966054928151523 -0.064580298247554929 -0.019611806728515851 0.00049195586758870647 0.016017354906239661 0.0044157571399779938 -0.0012470563428147706 -0.017437568448723368 -0.0033893569004312465 -0.0013663327494989176 -0.010934759041279914 -0.0035319000748982011
leaf_weight=16327 40769 96999 50366 2600257 15279 64369 151088 7818 1506778 370 6062 1552330 18659 243956 374929 11931 43361 989072 14688 739444
leaf_count=16327 40769 96999 50366 2600257 15279 64369 151088 7818 1506778 370 6062 1552330 18659 243956 374929 11931 43361 989072 14688 739444
internal_value=1.43168e-08 -0.00102989 -0.000518104 -0.000649747 0.00138215 0.00130125 0.00143901 -0.000552379 0.00128272 -0.00272177 -0.00287473 0.00123234 0.0018819 0.00524008 -0.00278371 -0.00271437 -0.00642079 -0.000518824 -0.00150635 -0.00276317
internal_weight=8.54485e+06 4.89633e+06 3.7592e+06 3.6622e+06 3.64852e+06 3.60775e+06 3.48809e+06 3.61184e+06 3.337e+06 1.13713e+06 1.1208e+06 3.32172e+06 1.76939e+06 262615 1.11474e+06 119661 55292 3.60402e+06 1.00376e+06 1.11437e+06
internal_count=8544852 4896332 3759200 3662201 3648520 3607751 3488090 3611835 3337002 1137132 1120805 3321723 1769393 262615 1114743 119661 55292 3604017 1003760 1114373
is_linear=0
shrinkage=0.075129


Tree=80
num_leaves=21
num_cat=0
split_feature=28 28 10 22 30 21 21 10 17 14 21 14 30 18 10 21 14 14 18 10
split_gain=1698.7 481.532 457.129 358.218 330.673 265.926 263.577 239.897 230.83 223.075 222.49 510.611 218.164 481.422 216.804 212.586 553.529 236.359 567.988 209.731
threshold=-0.40574082315584031 0.64350059634240042 50.500000000000007 0.0096970247615069793 0.031989530961966599 0.0079797506332397478 -0.0020436346530914302 88.500000000000014 50.753472222222229 1.0000000180025095e-35 -0.00090634822845458974 1.0000000180025095e-35 0.17142647152318397 0.18371437410354152 28.500000000000004 -0.00032636523246765131 1.0000000180025095e-35 1.0000000180025095e-35 0.20052378963083781 51.500000000000007
decision_type=2 2 2 2 2 2 2 2 2 2 2 2 2 2 2 2 2 2 2 2
left_child=2 3 6 10 -4 8 9 -3 -6 -1 11 -2 13 -12 -8 16 -10 -17 -19 -20
right_child=1 7 4 -5 5 -7 14 -9 15 -11 12 -13 -14 -15 -16 17 -18 18 19 -21
leaf_value=-0.00050785509134405871 0.0013779792208227345 0.001846676584092414 0.0083237580833455845 0.007497480656471333 0.0089390949168668861 -0.0099648651437393102 -0.025519743056767429 0.0082841338278577033 -0.0003819553856910066 0.018146316571189178 0.00058191974782226881 0.014138489378415785 -0.0001006951474218164 0.006109037187467161 -0.0039732263665677838 -0.0010147812332058977 0.011351338159090495 -0.018044828778902715 -0.020006539431697858 -0.0022520409978299284
leaf_weight=11066 122920 1432744 21263 39610 13073 18888 2654 33437 137808 5376 653261 20677 2853968 102970 380259 2443957 27168 14314 3825 205614
leaf_count=11066 122920 1432744 21263 39610 13073 18888 2654 33437 137808 5376 653261 20677 2853968 102970 380259 2443957 27168 14314 3825 205614
internal_value=1.29855e-08 0.000837202 -0.0013403 0.000390288 -0.00101062 -0.00107991 -0.00372263 0.00199349 -0.00102094 0.00559166 0.000315292 0.00321544 0.000199938 0.00133451 -0.00412259 -0.0010669 0.00155028 -0.00122876 -0.00356591 -0.00257632
internal_weight=8.54485e+06 5.25959e+06 3.28526e+06 3.79341e+06 2.88591e+06 2.86465e+06 399355 1.46618e+06 2.84576e+06 16442 3.7538e+06 143597 3.6102e+06 756231 382913 2.83269e+06 164976 2.66771e+06 223753 209439
internal_count=8544852 5259587 3285265 3793406 2885910 2864647 399355 1466181 2845759 16442 3753796 143597 3610199 756231 382913 2832686 164976 2667710 223753 209439
is_linear=0
shrinkage=0.075129


Tree=81
num_leaves=21
num_cat=0
split_feature=23 23 23 12 23 23 12 12 30 20 22 12 21 14 23 12 12 23 23 23
split_gain=1639.25 409.28 367.694 319.476 469.038 368.054 304.864 284.448 251.986 244.694 258.172 230.705 225.792 492.332 221.402 376.217 338.334 505.411 314.085 224.639
threshold=0.65412151813507091 0.52708333730697643 0.76399549841880809 65.500000000000014 0.66138610243797313 0.65816503763198864 52.500000000000007 65.500000000000014 0.031989530961966599 76.500000000000014 0.011592587677019506 75.500000000000014 -0.00022149085998535154 1.0000000180025095e-35 0.59331706166267406 58.500000000000007 59.500000000000007 0.60077652335166942 0.58713051676750194 0.59829127788543712
decision_type=2 2 2 2 2 2 2 2 2 2 2 2 2 2 2 2 2 2 2 2
left_child=1 -1 3 5 -5 -2 -3 8 -8 10 -6 -4 13 -10 15 18 19 -18 -14 -16
right_child=2 6 11 4 9 -7 7 -9 12 -11 -12 -13 14 -15 16 -17 17 -19 -20 -21
leaf_value=-0.00306463993107128 0.00061386498620463574 0.0056235974723056782 0.014784140359321296 -0.0050823956262789063 0.00046167959426844098 0.0068521803724954705 0.0065402886170925984 -0.014889217797083331 -0.00020030267166028072 -0.021000655309674848 0.0078068784243448194 0.00199172115317319 -0.0018708799431413918 0.010439280090747936 0.00040558958835663504 -0.0063235093034276768 -0.0080696020990509033 -0.00068548797450103025 0.0041233829000922586 0.0064487033768125448
leaf_weight=577710 122456 40144 8015 87029 3555013 94636 25274 8261 140173 2985 27216 1099840 905230 29760 85400 102962 54253 1467806 52183 58506
leaf_count=577710 122456 40144 8015 87029 3555013 94636 25274 8261 140173 2985 27216 1099840 905230 29760 85400 102962 54253 1467806 52183 58506
internal_value=1.20338e-08 -0.001235 0.000876783 0.000532836 0.00036728 0.00333332 -0.000879097 -0.000968197 -0.000928832 0.000499568 0.000517486 0.00208428 -0.000994011 0.001663 -0.00115962 -0.00200824 -0.000619484 -0.000948693 -0.00154417 0.00286247
internal_weight=8.54485e+06 3.54766e+06 4.99719e+06 3.88934e+06 3.67224e+06 217092 2.96995e+06 2.92981e+06 2.92155e+06 3.58521e+06 3.58223e+06 1.10786e+06 2.89627e+06 169933 2.72634e+06 1.06038e+06 1.66596e+06 1.52206e+06 957413 143906
internal_count=8544852 3547662 4997190 3889335 3672243 217092 2969952 2929808 2921547 3585214 3582229 1107855 2896273 169933 2726340 1060375 1665965 1522059 957413 143906
is_linear=0
shrinkage=0.075129


Tree=82
num_leaves=21
num_cat=0
split_feature=23 23 12 30 23 20 23 12 12 30 18 21 14 18 20 21 17 22 3 35
split_gain=1430.84 494.597 490.313 305.759 318.949 286.945 279.432 271.376 261.603 231.946 358.22 244.772 558.302 229.471 207.064 207.882 204.254 217.238 197.152 310.288
threshold=0.67387536168098461 0.54824754595756542 54.500000000000007 0.7099991802423341 0.76543691754341137 67.500000000000014 0.55232957005500805 54.500000000000007 66.500000000000014 0.6760132744974533 0.51980959995249199 0.00033122301101684576 1.0000000180025095e-35 1.0000000180025095e-35 23.500000000000004 -0.010559082031249998 76.003472222222243 0.01048190070220022 9.5000000000000018 11.500000000000002
decision_type=2 2 2 2 2 2 2 2 2 2 2 2 2 2 2 2 2 2 2 2
left_child=1 7 -3 4 8 6 -4 14 -2 11 -11 -8 -13 -5 -1 -16 17 -10 -6 -20
right_child=3 2 5 13 18 -7 9 -9 16 10 -12 12 -14 -15 15 -17 -18 -19 19 -21
leaf_value=-0.067796673274891611 0.010290048886214541 0.0074303553757715029 -0.0072713281113025805 0.00027099534172467444 0.0057773641181369812 -0.015424968190724354 -8.907586678471743e-05 -0.011125165148250111 0.00092660499242664719 -0.0016727635367745316 -0.017122198399559179 -0.0012713914241027483 -0.012746946077296109 -0.0042071644738995665 0.012317854358609544 -0.002371330563089072 -0.018155763014182542 0.0074538475408856674 0.0001112844236764145 0.0047715628099855214
leaf_weight=272 17097 43480 34747 191014 120233 7347 3092985 20126 2942285 559617 8601 200201 27178 97581 5474 818828 3148 29064 178438 147136
leaf_count=272 17097 43480 34747 191014 120233 7347 3092985 20126 2942285 559617 8601 200201 27178 97581 5474 818828 3148 29064 178438 147136
internal_value=1.11533e-08 -0.000854858 -0.000503952 0.00110562 0.00130282 -0.00059172 -0.000563941 -0.0025058 0.00102345 -0.000504006 -0.00190663 -0.000263973 -0.00264305 -0.00124318 -0.00229542 -0.00227378 0.000970186 0.000990452 0.00317752 0.0022174
internal_weight=8.54485e+06 4.81886e+06 3.97416e+06 3.726e+06 3.4374e+06 3.93068e+06 3.92333e+06 844700 2.99159e+06 3.88858e+06 568218 3.32036e+06 227379 288595 824574 824302 2.9745e+06 2.97135e+06 445807 325574
internal_count=8544852 4818856 3974156 3725996 3437401 3930676 3923329 844700 2991594 3888582 568218 3320364 227379 288595 824574 824302 2974497 2971349 445807 325574
is_linear=0
shrinkage=0.075129


Tree=83
num_leaves=21
num_cat=0
split_feature=23 17 23 23 17 21 21 14 21 14 23 21 14 17 23 17 23 19 23 13
split_gain=1249.55 638.27 517.17 266.345 298.445 265.203 264.217 465.404 243.033 563.412 253.368 239.419 693.612 219.701 290.984 320.179 245.046 219.531 220.616 175.983
threshold=0.60792675614357006 60.149305555555564 0.69302847981452953 0.61154127120971691 60.836805555555564 0.0058994293212890634 -0.00247657299041748 1.0000000180025095e-35 -0.00032636523246765131 1.0000000180025095e-35 0.43139706552028662 0.0012657046318054201 1.0000000180025095e-35 68.767361111111128 0.68846952915191661 68.156250000000014 0.690381020307541 68.500000000000014 0.89309459924697887 68.812500000000014
decision_type=2 2 2 2 2 2 2 2 2 2 2 2 2 2 2 2 2 2 2 2
left_child=5 -2 3 4 -3 8 7 -4 9 -1 -10 17 -13 14 -5 -16 19 -8 -19 -15
right_child=1 2 6 13 -6 -7 11 -9 10 -11 -12 12 -14 16 15 -17 -18 18 -20 -21
leaf_value=-0.0007281462180261394 0.011566174446123236 7.6173261916033354e-05 0.0027749040740938642 -9.9664486143639165e-05 -0.010266053941150393 -0.0094426108676657176 0.0098641651248621096 0.017480765799300302 -0.0058521008421264526 0.012251822487359398 -0.0015243616754291049 -0.00013324169431467198 -0.017763734608223367 -0.0048238874753221599 0.011622754616506628 0.00066487844866183342 -0.0015868528429114192 0.0010719604033388984 0.0082764436900315836 -0.01923713907924355
leaf_weight=98597 29389 31932 72092 3094762 31075 23987 16343 14608 79586 23344 1881440 104337 14324 10457 25186 37400 55772 2867218 24193 8810
leaf_count=98597 29389 31932 72092 3094762 31075 23987 16343 14608 79586 23344 1881440 104337 14324 10457 25186 37400 55772 2867218 24193 8810
internal_value=9.99165e-09 0.000519753 0.000469094 -0.000186885 -0.00502462 -0.00158809 0.00116348 0.00525274 -0.00149764 0.00175672 -0.0017 0.00104633 -0.00226153 -9.25848e-05 2.90218e-06 0.00507462 -0.00411029 0.00118132 0.00113224 -0.0114147
internal_weight=8.54485e+06 6.4379e+06 6.40851e+06 3.29539e+06 63007 2.10695e+06 3.11312e+06 86700 2.08297e+06 121941 1.96103e+06 3.02642e+06 118661 3.23239e+06 3.15735e+06 62586 75039 2.90775e+06 2.89141e+06 19267
internal_count=8544852 6437898 6408509 3295394 63007 2106954 3113115 86700 2082967 121941 1961026 3026415 118661 3232387 3157348 62586 75039 2907754 2891411 19267
is_linear=0
shrinkage=0.075129


Tree=84
num_leaves=21
num_cat=0
split_feature=23 17 23 21 14 23 17 12 23 23 12 13 21 14 12 23 23 17 21 15
split_gain=1089.02 552.071 449.421 237.726 724.952 233.718 266.434 255.925 499.434 304.476 230.4 228.174 226.66 409.535 220.055 458.635 313.312 214.273 207.362 189.394
threshold=0.60792675614357006 60.149305555555564 0.71178066730499279 1.0000000180025095e-35 1.0000000180025095e-35 0.61154127120971691 60.836805555555564 61.500000000000007 0.62118539214134227 0.62598383426666271 71.500000000000014 45.020833333333336 -0.00247657299041748 1.0000000180025095e-35 59.500000000000007 0.59829127788543712 0.60077652335166942 59.149305555555564 -0.01333409547805786 89.500000000000014
decision_type=2 2 2 2 2 2 2 2 2 2 2 2 2 2 2 2 2 2 2 2
left_child=3 -2 5 14 -5 6 -3 9 -9 -7 -10 -6 13 -4 15 18 -16 -17 -1 -14
right_child=1 2 12 4 11 7 -8 8 10 -11 -12 -13 19 -15 16 17 -18 -19 -20 -21
leaf_value=0.014005699808730745 0.0107620941086703 0.00021659802145034056 0.0028972441691481423 -0.0022386722786067958 -0.0401754645188016 0.0018280346268362317 -0.0095569079174299635 -0.0062380862776434363 -7.9994964492927915e-07 0.014483563352528633 -0.022765029160102666 -0.013957949464322156 0.0010749632854086832 0.018725200330906508 -0.0084918637897831214 0.011174855104164216 -0.0016937473121145226 0.0019477331584676094 -0.0012467654904120154 0.015317523425156934
leaf_weight=5046 29379 31909 54312 163740 2047 214836 31076 74374 3525178 11294 2511 22113 2445888 11115 54325 23001 129449 37147 1670239 5281
leaf_count=5046 29379 31909 54312 163740 2047 214836 31076 74374 3525178 11294 2511 22113 2445888 11115 54325 23001 129449 37147 1670239 5281
internal_value=1.60574e-06 0.000486876 0.000439765 -0.00148088 -0.00403124 -6.62307e-05 -0.00460554 8.45456e-06 -0.000145457 0.00246013 -1.70057e-05 -0.0161798 0.00122214 0.00558625 -0.00123119 -0.0009694 -0.00370334 0.00547629 -0.00120082 0.00110565
internal_weight=8.54426e+06 6.43715e+06 6.40777e+06 2.10711e+06 187900 3.89118e+06 62985 3.82819e+06 3.60206e+06 226130 3.52769e+06 24160 2.5166e+06 65427 1.91921e+06 1.73543e+06 183774 60148 1.67528e+06 2.45117e+06
internal_count=8544260 6437153 6407774 2107107 187900 3891178 62985 3828193 3602063 226130 3527689 24160 2516596 65427 1919207 1735433 183774 60148 1675285 2451169
is_linear=0
shrinkage=0.075129


Tree=85
num_leaves=21
num_cat=0
split_feature=23 12 23 23 10 28 22 3 12 20 25 32 35 2 35 23 12 23 23 20
split_gain=946.491 370.05 483.248 317.922 280.953 274.423 246.85 300.756 193.293 167.577 168.197 273.765 198.01 159.421 154.423 150.884 257.46 609.424 266.134 232.765
threshold=0.64275074005126964 63.500000000000007 0.63765090703964245 0.64112070202827465 47.500000000000007 1.5720280234566839 0.0085506137893796453 11.500000000000002 63.500000000000007 23.500000000000004 7.5831547984375627 8.1816186904907244 16.500000000000004 14.500000000000002 20.500000000000004 0.69302847981452953 69.500000000000014 0.70091050863266002 0.69888237118721019 69.500000000000014
decision_type=2 2 2 2 2 2 2 2 2 2 2 2 2 2 2 2 2 2 2 2
left_child=1 2 4 -4 9 6 8 13 -2 -1 11 -11 -13 -8 -7 19 18 -18 -17 -10
right_child=5 -3 3 -5 -6 14 7 -9 15 10 -12 12 -14 -15 -16 16 17 -19 -20 -21
leaf_value=-0.061729565932139276 0.0066793390162781146 -0.0050174630760474624 0.0082347555611865398 -0.0038031318472922225 -0.00081047608704268358 0.0022408592059244828 0.0082389414840771495 -0.0072380668649119247 -5.8947076209530856e-05 0.0011171129334381067 -0.0030710460042956463 -0.018012237604446344 -0.063128291219934962 0.0019313412538434016 0.0075509933988555317 0.0016477419953094868 -0.007146882453999079 0.00071737452846044663 0.007851444623485181 -0.019959779902803159
leaf_weight=280 27585 126322 52151 16239 2747077 233616 52882 11712 2215785 5015 194811 6332 601 39519 35625 139412 56871 2524895 54208 3322
leaf_count=280 27585 126322 52151 16239 2747077 233616 52882 11712 2215785 5015 194811 6332 601 39519 35625 139412 56871 2524895 54208 3322
internal_value=1.48506e-06 -0.00103358 -0.000867076 0.00537638 -0.00101162 0.000605559 0.000482764 0.00410365 0.000407699 -0.00368044 -0.00360173 -0.0122542 -0.021926 0.00554126 0.00294349 0.00037306 0.000742301 0.00054414 0.00338461 -8.87417e-05
internal_weight=8.54426e+06 3.14883e+06 3.02251e+06 68390 2.95412e+06 5.39543e+06 5.12619e+06 104113 5.02208e+06 207039 206759 11948 6933 92401 269241 4.99449e+06 2.77539e+06 2.58177e+06 193620 2.21911e+06
internal_count=8544260 3148828 3022506 68390 2954116 5395432 5126191 104113 5022078 207039 206759 11948 6933 92401 269241 4994493 2775386 2581766 193620 2219107
is_linear=0
shrinkage=0.075129


Tree=86
num_leaves=21
num_cat=0
split_feature=23 30 21 14 14 21 18 23 17 20 30 30 10 23 21 17 21 14 21 23
split_gain=823.327 371.711 371.207 726.435 445.939 549.338 338.635 286.009 257.8 253.242 245.817 224.705 295.347 222.619 221.287 207.873 194.133 310.106 178.135 225.801
threshold=0.60676470398902904 0.61879805127083276 0.00018614530563354495 1.0000000180025095e-35 1.0000000180025095e-35 -0.00016179680824279782 1.0000000180025095e-35 0.72499999403953563 60.003472222222229 60.500000000000007 0.16591687735273308 0.5588483455615233 31.500000000000004 0.60792675614357006 -0.00016179680824279782 71.9201388888889 0.00062841176986694347 0.20412414523181696 -0.0042029619216918937 0.80000919103622448
decision_type=2 2 2 2 2 2 2 2 2 2 2 2 2 2 2 2 2 2 2 2
left_child=9 2 4 -4 7 18 -3 8 13 11 -7 16 -13 -2 -8 -9 -1 -18 19 -6
right_child=1 6 3 -5 5 10 14 15 -10 -11 -12 12 -14 -15 -16 -17 17 -19 -20 -21
leaf_value=-0.00034025020948856284 -7.851660530369068e-05 0.00012205311169137329 -0.0006814936033373829 -0.013165964946708731 0.0068335251175299641 0.0088330250326773344 0.0058530364545783973 0.016997680046927508 0.00022806125785982222 -0.0096240478486654697 0.0014778260173203483 -0.026054361992357191 -0.0021257059475414683 0.01280109028845579 -0.0030949384079935159 0.0015091384021004659 -0.0021707508022664624 -0.014795394173847183 0.02120610645633017 0.028373768151026692
leaf_weight=1178043 13519 679553 245294 29467 24407 29501 16318 4908 3461174 20426 196315 2922 784290 17227 354328 1382729 78508 12768 9468 3095
leaf_count=1178043 13519 679553 245294 29467 24407 29501 16318 4908 3461174 20426 196315 2922 784290 17227 354328 1382729 78508 12768 9468 3095
internal_value=1.37308e-06 0.000419308 0.000670093 -0.00202042 0.00081385 0.00382861 -0.000874282 0.000651491 0.000288903 -0.00130001 0.00243874 -0.00121733 -0.00221454 0.00713798 -0.00270099 0.00156392 -0.000598876 -0.00393678 0.012318 0.00925792
internal_weight=8.54426e+06 6.4673e+06 5.4171e+06 274761 5.14234e+06 262786 1.0502e+06 4.87956e+06 3.49192e+06 2.07696e+06 225816 2.05653e+06 787212 30746 370646 1.38764e+06 1.26932e+06 91276 36970 27502
internal_count=8544260 6467303 5417104 274761 5142343 262786 1050199 4879557 3491920 2076957 225816 2056531 787212 30746 370646 1387637 1269319 91276 36970 27502
is_linear=0
shrinkage=0.075129


Tree=87
num_leaves=21
num_cat=0
split_feature=23 21 12 23 17 30 23 12 23 28 18 23 30 18 22 12 30 23 12 17
split_gain=716.186 286.561 275.736 497.568 398.183 272.879 333.682 301.675 352.782 236.303 218.663 194.673 192.152 193.867 188.069 283.17 188.465 175.561 166.773 162.984
threshold=0.63501238822937023 0.0086399912834167498 62.500000000000007 0.62871307134628307 62.128472222222229 0.7053080744083563 0.76543691754341137 63.500000000000007 0.64200851321220409 -2.657172160610449 1.0000000180025095e-35 0.62308496236801159 0.031989530961966599 0.083333333345521413 0.0076664860499038711 75.500000000000014 0.23662649585292114 0.64605578780174266 75.500000000000014 63.781250000000007
decision_type=2 2 2 2 2 2 2 2 2 2 2 2 2 2 2 2 2 2 2 2
left_child=2 5 3 9 -5 6 7 17 19 -1 -7 -4 13 -11 -10 16 -16 -2 -8 -9
right_child=1 -3 11 4 -6 10 18 8 14 12 -12 -13 -14 -15 15 -17 -18 -19 -20 -21
leaf_value=-0.0047470203164314672 0.00306326856639038 -0.0062448052289345267 -0.016235068406417339 0.013570445709120775 0.0013330871506315846 -4.4871247562908132e-05 0.014683097138835595 -0.00082663067426577989 0.00042141317780900546 -0.0019701976196960483 -0.0034266209970503564 -0.0033328056268139769 -0.00085743394353827681 0.013112020180104472 0.011517543017782713 -0.01976568272323306 0.0028538636921065824 0.012640913281856757 0.0025142623439509491 -0.0079448829671959487
leaf_weight=88587 141236 35398 6867 23342 42034 326827 6453 32845 4385356 8458 161127 170034 2544366 11154 18436 2726 61280 11697 425441 40596
leaf_count=88587 141236 35398 6867 23342 42034 326827 6453 32845 4385356 8458 161127 170034 2544366 11154 18436 2726 61280 11697 425441 40596
internal_value=1.27001e-06 0.000493643 -0.000959618 -0.000772555 0.00570239 0.000536131 0.000697736 0.000513874 0.000403348 -0.00093214 -0.00116156 -0.00383368 -0.000800332 0.00660762 0.000488246 0.0040433 0.00485757 0.00379584 0.00269609 -0.00476141
internal_weight=8.54426e+06 5.64942e+06 2.89484e+06 2.71794e+06 65376 5.61402e+06 5.12607e+06 4.69417e+06 4.54124e+06 2.65256e+06 487954 176901 2.56398e+06 19612 4.4678e+06 82442 79716 152933 431894 73441
internal_count=8544260 5649418 2894842 2717941 65376 5614020 5126066 4694172 4541239 2652565 487954 176901 2563978 19612 4467798 82442 79716 152933 431894 73441
is_linear=0
shrinkage=0.075129


Tree=88
num_leaves=21
num_cat=0
split_feature=30 22 28 30 21 14 14 21 21 14 21 14 30 10 35 2 10 35 31 25
split_gain=666.779 775.549 454.732 435.8 322.958 482.584 362.76 859.033 211.062 289.705 363.583 257.201 174.867 171.204 168.71 203.983 154.281 132.055 205.151 168.234
threshold=0.31933444143212325 0.0016255146838967626 -1.8389680666843418 0.031989530961966599 -0.00022149085998535154 1.0000000180025095e-35 1.0000000180025095e-35 9.882450103759767e-05 0.0008405447006225587 1.0000000180025095e-35 -1.0000000180025095e-35 1.0000000180025095e-35 0.50987881867497664 34.500000000000007 17.500000000000004 13.500000000000002 87.500000000000014 8.5000000000000018 57.549999237060554 11.183575411220705
decision_type=2 2 2 2 2 2 2 2 2 2 2 2 2 2 2 2 2 2 2 2
left_child=1 8 13 -3 5 -4 16 12 9 -1 -11 -10 -8 -2 15 -5 -6 18 19 -15
right_child=2 3 4 14 6 -7 7 -9 11 10 -12 -13 -14 17 -16 -17 -18 -19 -20 -21
leaf_value=0.00044050736622983338 -0.010426216602771236 0.017300082283503493 0.00086912785785759629 0.0070682995250031097 -0.0003357336857895392 0.01001440324342485 0.00074036001687686711 -0.012225418001570268 -0.0017770195751490949 0.016199102256539869 0.0027505344690431106 -0.015081144542587575 -0.0029735247263684974 0.0031391313955097745 0.00093381799949228015 0.0024137476322202769 0.0043885081684938336 -0.0040856987852340414 -0.0023158631463217672 0.025444952705217658
leaf_weight=2896520 17003 14091 202988 114206 4170131 38792 129102 47430 80820 13526 70415 9128 160548 24421 84336 99398 39386 187073 142876 2070
leaf_count=2896520 17003 14091 202988 114206 4170131 38792 129102 47430 80820 13526 70415 9128 160548 24421 84336 99398 39386 187073 142876 2070
internal_value=1.17462e-06 0.00082105 -0.000536074 0.00438964 -0.000339148 0.00233644 -0.000481431 -0.00285293 0.000458391 0.000566601 0.00491765 -0.00312719 -0.00131818 -0.0030611 0.00377902 0.00490237 -0.000291531 -0.00270975 -0.00118996 0.0048824
internal_weight=8.54426e+06 3.38244e+06 5.16182e+06 312031 4.78838e+06 241780 4.5466e+06 337080 3.07041e+06 2.98046e+06 83941 89948 289650 373443 297940 213604 4.20952e+06 356440 169367 26491
internal_count=8544260 3382440 5161820 312031 4788377 241780 4546597 337080 3070409 2980461 83941 89948 289650 373443 297940 213604 4209517 356440 169367 26491
is_linear=0
shrinkage=0.075129


Tree=89
num_leaves=21
num_cat=0
split_feature=23 12 23 23 21 23 12 23 20 12 21 14 21 15 15 14 11 21 32 23
split_gain=602.994 324.809 337.134 309.961 258.097 233.729 412.72 216.224 216.775 190.191 176.79 490.852 162.421 152.664 144.451 144.4 142.526 127.868 120.152 116.081
threshold=0.67412567138671886 67.500000000000014 0.68125599622726452 0.67821946740150463 0.0079797506332397478 0.5372087061405183 53.500000000000007 0.54176726937294017 67.500000000000014 53.500000000000007 -0.00043526291847228998 1.0000000180025095e-35 0.0073297023773193368 89.500000000000014 23.500000000000004 1.0000000180025095e-35 45.500000000000007 -0.010559082031249998 5.9446520805358896 0.53233033418655407
decision_type=2 2 2 2 2 2 2 2 2 2 2 2 2 2 2 2 2 2 2 2
left_child=4 3 -3 -2 5 9 -7 -8 -9 14 11 -4 13 -12 -1 -14 -6 -16 -19 -11
right_child=1 2 10 -5 16 6 7 8 -10 19 12 -13 15 -15 17 -17 -18 18 -20 -21
leaf_value=-0.045542619012800073 0.0011428305886882764 -0.0047514889238581322 0.0015989885134759436 0.0076777915372978197 -0.041255363735756723 0.0067482165979998645 -0.0064375980309592249 -0.00029902745229692885 -0.013556551969776362 -0.02352328469342253 0.00060017105976167828 0.014890716012046416 -0.0017921274919763949 0.013409385300523184 0.011182625029881821 -0.013131512755834329 -0.0069838064143280488 0.0010353953278231327 -0.0020432555784664608 -0.0067098563798124889
leaf_weight=422 94698 65752 125117 72203 703 46489 32889 4090246 6973 3178 3232598 17929 25670 5260 4395 8417 26221 81329 595209 8562
leaf_count=422 94698 65752 125117 72203 703 46489 32889 4090246 6973 3178 3232598 17929 25670 5260 4395 8417 26221 81329 595209 8562
internal_value=1.08651e-06 0.000732341 0.000577099 0.00396993 -0.000543648 -0.00050309 -0.00029106 -0.000370295 -0.000321591 -0.00178079 0.000679696 0.00326497 0.00056667 0.000620981 -0.00161742 -0.00459224 -0.00787915 -0.00159018 -0.00167316 -0.0112618
internal_weight=8.54426e+06 3.64764e+06 3.48074e+06 166901 4.89662e+06 4.86969e+06 4.1766e+06 4.13011e+06 4.09722e+06 693095 3.41499e+06 143046 3.27194e+06 3.23786e+06 681355 34087 26924 680933 676538 11740
internal_count=8544260 3647644 3480743 166901 4896616 4869692 4176597 4130108 4097219 693095 3414991 143046 3271945 3237858 681355 34087 26924 680933 676538 11740
is_linear=0
shrinkage=0.075129


Tree=90
num_leaves=21
num_cat=0
split_feature=30 22 30 18 21 14 21 21 14 23 14 21 2 23 10 21 14 30 35 12
split_gain=561.193 431.081 458.748 337.047 410.95 316.156 457.463 290.688 499.306 269.072 246.105 567.089 198.397 196.96 163.385 163.336 159.095 144.995 142.817 132.335
threshold=0.50987881867497664 0.00195978754191809 0.15679941898546718 1.0000000180025095e-35 -0.00022149085998535154 1.0000000180025095e-35 9.882450103759767e-05 0.00018614530563354495 1.0000000180025095e-35 0.47002477943897253 1.0000000180025095e-35 -1.0000000180025095e-35 14.500000000000002 0.71039602160453807 28.500000000000004 -0.0046150684356689444 1.0000000180025095e-35 0.1011285020860863 16.500000000000004 35.500000000000007
decision_type=2 2 2 2 2 2 2 2 2 2 2 2 2 2 2 2 2 2 2 2
left_child=1 7 12 9 16 14 -7 10 -9 -2 13 15 18 -1 -6 -12 -5 -13 -3 -4
right_child=3 2 19 4 5 6 -8 8 -10 -11 11 17 -14 -15 -16 -17 -18 -19 -20 -21
leaf_value=-0.00016898532957920859 -0.0065343793290540712 0.011715273321797854 0.027767449167866463 0.0013363204231516459 -0.035372166965178135 -0.0033059649783681289 -0.01285905879558407 -0.0012324520396116393 -0.012766414196376488 -6.0496808429842165e-05 0.0076934929945144384 0.0094513180921723811 0.0019951712829780542 0.00084365725749557981 -0.0015370844743269017 0.019408129279081292 0.0094011366820426507 0.00060125095681793945 0.00085045982198991052 0.0014487479165059772
leaf_weight=2881340 37042 46451 1080 40158 806 181562 33516 223394 23404 1666992 14622 11294 24657 1738108 846508 12429 21040 139615 8006 593213
leaf_count=2881340 37042 46451 1080 40158 806 181562 33516 223394 23404 1666992 14622 11294 24657 1738108 846508 12429 21040 139615 8006 593213
internal_value=-1.51587e-06 0.000426643 0.00221205 -0.000867277 -0.00187741 -0.00222225 -0.00479466 0.000188289 -0.00232624 -0.000201226 0.000317647 0.00305921 0.00758643 0.00021203 -0.00156928 0.0130761 0.00410906 0.00126361 0.010118 0.00149659
internal_weight=8.54524e+06 5.71761e+06 673407 2.82762e+06 1.12359e+06 1.06239e+06 215078 5.04421e+06 246798 1.70403e+06 4.79741e+06 177960 79114 4.61945e+06 847314 27051 61198 150909 54457 594293
internal_count=8545237 5717613 673407 2827624 1123590 1062392 215078 5044206 246798 1704034 4797408 177960 79114 4619448 847314 27051 61198 150909 54457 594293
is_linear=0
shrinkage=0.075129


Tree=91
num_leaves=21
num_cat=0
split_feature=30 22 23 17 30 23 21 14 14 21 16 23 30 21 14 21 14 13 12 23
split_gain=497.537 579.351 359.18 368.123 325.447 214.647 188.983 262.78 198.782 522.063 173.885 165.105 158.685 157.683 222.897 251.09 210.911 146.154 135.569 128.615
threshold=0.31933444143212325 0.0016255146838967626 0.56220871210098278 55.66319444444445 0.031989530961966599 0.55912607908248912 -0.00022149085998535154 1.0000000180025095e-35 1.0000000180025095e-35 9.882450103759767e-05 38.500000000000007 0.55421933531761181 0.74632805065987673 0.00026178359985351568 1.0000000180025095e-35 -0.00016179680824279782 1.0000000180025095e-35 55.645833333333336 54.500000000000007 0.88134998083114635
decision_type=2 2 2 2 2 2 2 2 2 2 2 2 2 2 2 2 2 2 2 2
left_child=1 13 3 5 -3 10 7 -4 19 12 -2 -5 -10 14 -1 -16 -15 -7 -6 -8
right_child=2 4 6 11 18 17 8 -9 9 -11 -12 -13 -14 16 15 -17 -18 -19 -20 -21
leaf_value=0.0003840011236240811 -0.007054859157823494 0.01491933264803191 0.00085687306288626951 -0.041710458020686389 0.012213183078391348 0.013740403760636975 -0.00020153354468196682 0.0080986541202105883 -0.00022715765058272815 -0.0099392291443912845 -0.0015103488530828625 -0.0087691329648436674 -0.0062051576104034407 -0.0014130833284320158 0.01372495583512935 0.002516210709467977 -0.013225592050039515 -0.00050889616162389894 0.0029748997117243162 0.0042445972243738096
leaf_weight=2881229 33332 14159 184640 882 9253 8548 3773403 33398 224552 42005 757067 32271 28212 95947 13449 69957 9364 7743 288742 37084
leaf_count=2881229 33332 14159 184640 882 9253 8548 3773403 33398 224552 42005 757067 32271 28212 95947 13449 69957 9364 7743 288742 37084
internal_value=-1.40191e-06 0.000706905 -0.000465377 -0.0018871 0.00379056 -0.00156823 -0.000189193 0.00196615 -0.000303667 -0.00218331 -0.00174417 -0.00964591 -0.000894395 0.000393357 0.000494838 0.00432364 -0.00246346 0.00696791 0.00326177 -0.000158263
internal_weight=8.54524e+06 3.3821e+06 5.16314e+06 839843 312154 806690 4.32329e+06 218038 4.10526e+06 294769 790399 33153 252764 3.06995e+06 2.96464e+06 83406 105311 16291 297995 3.81049e+06
internal_count=8545237 3382100 5163137 839843 312154 806690 4323294 218038 4105256 294769 790399 33153 252764 3069946 2964635 83406 105311 16291 297995 3810487
is_linear=0
shrinkage=0.075129


Tree=92
num_leaves=21
num_cat=0
split_feature=23 30 18 15 21 14 30 24 20 30 22 3 23 30 3 25 14 21 18 30
split_gain=440.624 224.336 229.444 169.884 169.09 265.908 153.761 157.74 147.054 146.391 161.998 265.315 143.557 135.637 247.073 125.714 125.094 255.853 165.836 120.677
threshold=0.67412567138671886 0.57016479076870585 0.51980959995249199 30.500000000000004 0.00018614530563354495 1.0000000180025095e-35 0.79733978878594514 64.961279441540825 46.500000000000007 0.73096932226653644 0.0076664860499038711 11.500000000000002 0.83397981524467479 0.0066036370189105102 7.5000000000000009 7.0862493976368714 1.0000000180025095e-35 -0.00011646747589111327 0.20052378963083781 0.21287951186004037
decision_type=2 2 2 2 2 2 2 2 2 2 2 2 2 2 2 2 2 2 2 2
left_child=1 4 3 -3 13 -6 7 15 -9 10 12 19 -2 14 -1 -4 -5 -18 -19 -12
right_child=9 2 6 16 5 -7 -8 8 -10 -11 11 -13 -14 -15 -16 -17 17 18 -20 -21
leaf_value=-0.00127391011826101 0.00053785815090793773 -0.022938735458456313 0.00091074784648166335 -0.00086043158243740445 -0.0011601526964612246 -0.0090577503026395747 -0.020154188991593117 0.011192367775215871 -0.0058741120685664094 -0.001123796105058882 0.010353029208435716 -0.005484841413269644 0.0027141728978600701 -3.0172372018040551e-05 0.015897035442491748 -0.037589436950354348 0.0076604348018018522 -0.013503655333970344 -0.0035559317791018252 0.003712758778328132
leaf_weight=10714 3104616 2007 715 1330834 195590 27439 4613 3253 22972 251913 19378 15679 181055 3171556 8468 1448 10678 10497 95643 76169
leaf_count=10714 3104616 2007 715 1330834 195590 27439 4613 3253 22972 251913 19378 15679 181055 3171556 8468 1448 10678 10497 95643 76169
internal_value=-1.29664e-06 -0.000467007 -0.00123864 -0.00109763 -0.000131871 -0.0021318 -0.00743296 -0.00536556 -0.00375703 0.000623651 0.000753241 0.00357311 0.000657783 7.92225e-06 0.00630641 -0.0248644 -0.00106735 -0.00342457 -0.00453978 0.00505951
internal_weight=8.54524e+06 4.89643e+06 1.48266e+06 1.44966e+06 3.41377e+06 223029 33001 28388 26225 3.64881e+06 3.3969e+06 111226 3.28567e+06 3.19074e+06 19182 2163 1.44765e+06 116818 106140 95547
internal_count=8545237 4896427 1482660 1449659 3413767 223029 33001 28388 26225 3648810 3396897 111226 3285671 3190738 19182 2163 1447652 116818 106140 95547
is_linear=0
shrinkage=0.075129


Tree=93
num_leaves=21
num_cat=0
split_feature=23 17 30 18 23 18 17 3 2 25 35 12 30 18 30 16 2 12 23 11
split_gain=403.37 633.913 217.045 249.951 215.196 174.722 159.789 157.285 386.715 211.826 159.867 156.587 153.899 432.931 248.136 121.696 115.946 111.071 107.233 199.351
threshold=0.58847355842590343 58.149305555555564 0.7151371981018525 0.5017452060066323 0.76543691754341137 1.0000000180025095e-35 76.003472222222243 11.500000000000002 14.500000000000002 9.2777590251051016 21.500000000000004 58.500000000000007 0.17142647152318397 1.0000000180025095e-35 0.023010296375251423 23.500000000000004 11.500000000000002 75.500000000000014 0.59220868349075328 58.500000000000007
decision_type=2 2 2 2 2 2 2 2 2 2 2 2 2 2 2 2 2 2 2 2
left_child=11 -2 4 5 6 -4 12 17 10 -10 -9 15 13 -3 -15 -1 -16 -6 19 -14
right_child=1 2 3 -5 7 -7 -8 8 9 -11 -12 -13 18 14 16 -17 -18 -19 -20 -21
leaf_value=-0.043904754539018369 0.013438084086119465 0.00035965603591982536 -6.0985668728402134e-05 -0.013847901478674707 0.012846372850884183 -0.0027700120571699572 -0.01672430912880558 0.0018675247664414758 -0.00042180488553441296 -0.010297174092595993 0.012882276009971152 -0.006232174391130647 0.0057971079614338719 0.010595297083928328 0.0052703172894150068 -0.00094723465459951406 0.001327861944358607 0.0025652940100605471 6.7310941224017973e-05 -0.005631564720597739
leaf_weight=372 20511 1052440 407572 8606 6040 200481 3139 56704 23774 25314 8560 32405 10799 29046 75891 1604052 94580 328296 4514069 42586
leaf_count=372 20511 1052440 407572 8606 6040 200481 3139 56704 23774 25314 8560 32405 10799 29046 75891 1604052 94580 328296 4514069 42586
internal_value=-1.19944e-06 0.000250053 0.00021078 -0.00113413 0.000343027 -0.00095418 0.000220857 0.0019284 -0.000476777 -0.00551444 0.00331228 -0.00106164 0.000229999 0.000967951 0.00417666 -0.000957204 0.00308299 0.00275104 2.7723e-05 -0.00331968
internal_weight=8.54524e+06 6.90841e+06 6.8879e+06 616659 6.27124e+06 608053 5.82255e+06 448688 114352 49088 65264 1.63683e+06 5.81941e+06 1.25196e+06 199517 1.60442e+06 170471 334336 4.56745e+06 53385
internal_count=8545237 6908408 6887897 616659 6271238 608053 5822550 448688 114352 49088 65264 1636829 5819411 1251957 199517 1604424 170471 334336 4567454 53385
is_linear=0
shrinkage=0.075129


Tree=94
num_leaves=21
num_cat=0
split_feature=30 22 23 19 17 30 21 21 14 18 30 18 21 14 17 21 14 21 14 32
split_gain=353.869 446.785 270.331 274.44 268.431 240.172 177.177 167.618 262.723 184.625 261.797 190.296 147.152 205.05 129.358 124.26 162.039 221.73 136.168 120.422
threshold=0.31933444143212325 0.0015000104904136604 0.51323893666267406 50.500000000000007 51.003472222222229 0.031989530961966599 0.0099970698356628435 -0.00022149085998535154 1.0000000180025095e-35 1.0000000180025095e-35 0.74632805065987673 0.5017452060066323 1.0000000180025095e-35 1.0000000180025095e-35 54.22569444444445 0.0011898875236511233 1.0000000180025095e-35 -0.00016179680824279782 1.0000000180025095e-35 8.424171447753908
decision_type=2 2 2 2 2 2 2 2 2 2 2 2 2 2 2 2 2 2 2 2
left_child=1 15 4 -4 19 -3 7 8 -5 -9 12 -12 -11 -14 -7 16 -1 -18 -17 -2
right_child=2 5 3 6 -6 14 -8 9 -10 10 11 -13 13 -15 -16 18 17 -19 -20 -21
leaf_value=0.0002980147805856638 -0.00091452770421605455 0.012633336272314071 0.014279715499910707 0.00062102261453985698 -0.028077007956651259 0.011566046981638224 -0.0058598609522607491 2.9706888672281311e-05 0.0074030412009145775 -0.00038685305298310379 -0.0030221574762297689 -0.014006531572129414 -0.0013538405839400743 -0.0083469515495896793 0.0025199474793402891 -0.00151499981755416 0.012638714138874 0.001978645451242014 -0.011424700832887644 -0.0037366690546888435
leaf_weight=2887562 179812 14615 7329 203614 2287 9189 31784 2875004 38305 1337783 186154 9349 98083 31193 307309 73007 13122 68530 8766 162440
leaf_count=2887562 179812 14615 7329 203614 2287 9189 31784 2875004 38305 1337783 186154 9349 98083 31193 307309 73007 13122 68530 8766 162440
internal_value=-1.10941e-06 0.000596243 -0.000392404 -0.000247039 -0.00242542 0.00321741 -0.000269169 -0.00023199 0.00169488 -0.000334721 -0.000964911 -0.00354746 -0.000620755 -0.00304123 0.0027826 0.000311776 0.000391344 0.00369183 -0.00257736 -0.00225398
internal_weight=8.54524e+06 3.3821e+06 5.16314e+06 4.8186e+06 344539 331113 4.81127e+06 4.77948e+06 241919 4.53757e+06 1.66256e+06 195503 1.46706e+06 129276 316498 3.05099e+06 2.96921e+06 81652 81773 342252
internal_count=8545237 3382100 5163137 4818598 344539 331113 4811269 4779485 241919 4537566 1662562 195503 1467059 129276 316498 3050987 2969214 81652 81773 342252
is_linear=0
shrinkage=0.075129


Tree=95
num_leaves=21
num_cat=0
split_feature=23 12 23 20 30 18 23 25 28 19 16 30 3 2 13 23 22 12 23 3
split_gain=326.426 378.397 236.766 157.466 149.192 198.074 139.811 127.805 124.849 121.699 113.204 110.269 202.176 119.971 105.475 157.266 99.3539 128.066 148.507 131.243
threshold=0.67610982060432445 67.500000000000014 0.68125599622726452 67.500000000000014 0.6760132744974533 0.51980959995249199 0.67821946740150463 10.424657514426377 -1.9811817414248356 88.500000000000014 23.500000000000004 0.0066036370189105102 7.5000000000000009 11.500000000000002 67.979166666666671 0.68527233600616466 0.0015326406601488102 51.500000000000007 0.52708333730697643 3.5000000000000004
decision_type=2 2 2 2 2 2 2 2 2 2 2 2 2 2 2 2 2 2 2 2
left_child=3 6 -3 4 10 8 -2 -7 -6 -4 -1 12 -12 -14 -8 -16 -13 19 -19 -18
right_child=1 2 9 -5 5 7 14 -9 -10 -11 11 16 13 -15 15 -17 17 18 -20 -21
leaf_value=-0.050818029241130998 0.0014598214449156094 -0.0042570447049872411 0.00044255541880948164 -0.0084829604003013905 -0.0038438250098673703 -0.012954569897454003 0.009986380872686506 0.0045849850181028532 -0.0008139453400752716 0.0052543448748545024 -0.0013965870648705392 -0.00037068556461196042 0.021772377108288412 0.0038931990282036755 0.001129426651378356 0.011388632176022756 0.01687706269890395 -0.014872571174590201 0.00052775563172846585 0.0032791137644495576
leaf_weight=249 45233 60489 3386160 13555 86515 12694 32215 2876 680984 29930 10797 3532720 4891 3737 28053 12059 4854 3556 570734 22936
leaf_count=249 45233 60489 3386160 13555 86515 12694 32215 2876 680984 29930 10797 3532720 4891 3737 28053 12059 4854 3556 570734 22936
internal_value=-1.0261e-06 0.000543967 0.000402212 -0.000396652 -0.000374452 -0.00132568 0.00473605 -0.00971471 -0.00115549 0.000484714 -0.000195158 -0.000192119 0.00545506 0.0140289 0.00678497 0.00421376 -0.00021865 0.000673423 0.000432388 0.00565441
internal_weight=8.54524e+06 3.59414e+06 3.47658e+06 4.9511e+06 4.93754e+06 783069 117560 15570 767499 3.41609e+06 4.15447e+06 4.15422e+06 19425 8628 72327 40112 4.1348e+06 602080 574290 27790
internal_count=8545237 3594139 3476579 4951098 4937543 783069 117560 15570 767499 3416090 4154474 4154225 19425 8628 72327 40112 4134800 602080 574290 27790
is_linear=0
shrinkage=0.075129


Tree=96
num_leaves=21
num_cat=0
split_feature=23 12 23 12 23 12 18 17 30 18 23 12 23 23 30 21 22 21 11 23
split_gain=299.312 308.941 298.341 238.057 151.125 278.882 147.633 145.544 139.042 240.643 126.926 126.552 239.227 158.978 122.731 119.42 119.398 113.929 110.629 101.618
threshold=0.5958991050720216 59.500000000000007 0.60077652335166942 59.500000000000007 0.74683254957199108 74.500000000000014 1.0000000180025095e-35 59.878472222222229 0.023010296375251423 1.0000000180025095e-35 0.75117507576942455 73.500000000000014 0.73783370852470409 0.74113664031028759 0.031989530961966599 0.01191157102584839 0.013355775263745038 -0.014196097850799559 73.500000000000014 0.60676470398902904
decision_type=2 2 2 2 2 2 2 2 2 2 2 2 2 2 2 2 2 2 2 2
left_child=3 19 7 14 8 6 -6 -3 9 -4 -7 12 16 18 -1 17 -10 -16 -13 -2
right_child=1 2 4 -5 5 10 -8 -9 11 -11 -12 13 -14 -15 15 -17 -18 -19 -20 -21
leaf_value=0.0064735846084247352 0.0035371588772479118 -0.0025575348148036119 0.00058130623629986452 -0.01025221860292891 0.0022247741846714904 -0.0048219015485275714 0.010539899797797998 -0.011084950415545924 -4.622601597437925e-05 0.0092227755372444563 0.00080573067904728503 -0.002944366951581831 0.0057128492206384293 -0.00042243724351697726 0.01293902203702074 -0.014219043491236181 0.0053530065461813046 -0.00083014267954404481 -0.011116766151767507 0.012113803981274731
leaf_weight=13074 100095 30604 67378 15098 23321 23025 24942 17908 4952648 24915 1288393 21602 41412 68227 3398 3753 23226 1777494 16484 8456
leaf_count=13074 100095 30604 67378 15098 23321 23025 24942 17908 4952648 24915 1288393 21602 41412 68227 3398 3753 23226 1777494 16484 8456
internal_value=-9.7393e-07 0.000229747 0.000164598 -0.00085785 0.000207905 0.000913337 0.00652203 -0.00570546 2.40128e-05 0.00291415 0.000706923 -2.80482e-05 2.63034e-05 -0.00259309 -0.00077895 -0.000832082 -2.10235e-05 -0.000803868 -0.00648154 0.00420531
internal_weight=8.54545e+06 6.73264e+06 6.62408e+06 1.81282e+06 6.57557e+06 1.35968e+06 48263 48512 5.21589e+06 92293 1.31142e+06 5.1236e+06 5.01729e+06 106313 1.79772e+06 1.78464e+06 4.97587e+06 1.78089e+06 38086 108551
internal_count=8545453 6732636 6624085 1812817 6575573 1359681 48263 48512 5215892 92293 1311418 5123599 5017286 106313 1797719 1784645 4975874 1780892 38086 108551
is_linear=0
shrinkage=0.075129


Tree=97
num_leaves=21
num_cat=0
split_feature=23 12 23 11 12 23 23 12 23 23 23 11 21 28 12 23 23 11 23 22
split_gain=260.413 295.863 307.399 267.133 184.374 231.297 212.138 152.082 463.434 221.929 153.118 148.593 146.261 153.413 136.497 387.927 251.675 234.753 135.164 132.16
threshold=0.58602210879325878 58.500000000000007 0.59103864431381237 58.500000000000007 57.500000000000007 0.57723164558410656 0.58117648959159862 56.500000000000007 0.56844824552536022 0.57130533456802379 0.5607682764530183 56.500000000000007 0.013807773590087892 1.4940453190526415 55.500000000000007 0.55757284164428722 0.5607682764530183 55.500000000000007 0.55421933531761181 0.013355775263745038
decision_type=2 2 2 2 2 2 2 2 2 2 2 2 2 2 2 2 2 2 2 2
left_child=4 -2 3 -3 5 7 -6 8 14 10 -9 -10 13 19 15 -1 17 18 -16 -4
right_child=1 2 12 -5 6 -7 -8 9 11 -11 -12 -13 -14 -15 16 -17 -18 -19 -20 -21
leaf_value=-0.00090271366257081579 0.0041990360262700371 -0.0006706883200723547 9.5291503738864918e-05 -0.011754838508002958 -0.0066555923343998361 0.0036640812015531895 -0.0010240120155349172 -0.023943207755706582 0.011642150792996072 -0.0007105093476521497 -0.0059372540659937707 0.0031785349292039891 -0.0064992959790792599 0.0018669228739096099 -0.013721176932176525 0.005480002211277534 -0.00079706453576823771 -0.015409630443737632 -0.0014381254579395881 0.0045346153228597403
leaf_weight=972733 102707 26688 6460275 22721 63762 68265 92564 2807 19878 82774 52859 28490 18457 297165 6336 56890 92215 14754 25039 38074
leaf_count=972733 102707 26688 6460275 22721 63762 68265 92564 2807 19878 82774 52859 28490 18457 297165 6336 56890 92215 14754 25039 38074
internal_value=-9.00725e-07 0.000196577 0.000136682 -0.00576785 -0.000871914 -0.000602869 -0.00332102 -0.000817875 -0.000549329 -0.00317731 -0.00684536 0.00665693 0.000179497 0.000197637 -0.000847758 -0.000550046 -0.00306346 -0.00759411 -0.00391875 0.000121302
internal_weight=8.54545e+06 6.96609e+06 6.86338e+06 49409 1.57937e+06 1.42304e+06 156326 1.35478e+06 1.21634e+06 138440 55666 48368 6.81397e+06 6.79551e+06 1.16797e+06 1.02962e+06 138344 46129 31375 6.49835e+06
internal_count=8545453 6966087 6863380 49409 1579366 1423040 156326 1354775 1216335 138440 55666 48368 6813971 6795514 1167967 1029623 138344 46129 31375 6498349
is_linear=0
shrinkage=0.075129


Tree=98
num_leaves=21
num_cat=0
split_feature=23 19 11 23 23 18 27 28 18 23 2 31 25 35 32 18 19 35 3 3
split_gain=234.471 211.973 203.395 420.056 407.49 166.889 112.379 110.884 110.144 105.151 88.8952 126.712 99.8281 96.3848 151.541 112.546 102.41 87.217 105.031 152.589
threshold=0.65412151813507091 64.500000000000014 64.500000000000014 0.64847591519355785 0.65078735351562511 0.37397879600197181 -6.6304354220037771 -3.4551257773507946 0.36762694766779258 0.89309459924697887 20.500000000000004 65.316669464111342 10.112423961702929 10.500000000000002 12.862736701965334 0.20052378963083781 42.500000000000007 3.5000000000000004 7.5000000000000009 9.5000000000000018
decision_type=2 2 2 2 2 2 2 2 2 2 2 2 2 2 2 2 2 2 2 2
left_child=2 -2 3 7 8 6 -5 10 -4 17 13 12 -12 14 15 -1 -17 -3 -19 -20
right_child=1 9 4 5 -6 -7 -8 -9 -10 -11 11 -13 -14 -15 -16 16 -18 18 19 -21
leaf_value=-0.0031658202847105617 0.0076474089454840336 -0.00017250252076041024 -0.012395077742818637 -0.0097599487511033731 -0.0007531824046271273 0.0016454684612025423 0.010826020566397178 -0.00041647944727305847 -0.0044026274673396931 0.0050215961967831372 -0.012121131177236609 -0.057375154649011523 0.011968606909876688 -0.0098056992329307053 -0.014190156939075523 0.016881481399791894 -0.010238948132522591 9.8309492603197758e-05 0.0019135468757331721 0.00036984770484536244
leaf_weight=4585 22250 1653166 26527 1577 109716 26441 29334 3310170 15373 26459 8376 320 1098 6252 2744 4921 935 1752740 578044 964425
leaf_count=4585 22250 1653166 26527 1577 109716 26441 29334 3310170 15373 26459 8376 320 1098 6252 2744 4921 935 1752740 578044 964425
internal_value=-8.33221e-07 0.000330786 -0.000467845 -0.000347673 -0.00316014 0.00602744 0.00977567 -0.000457162 -0.00946274 0.000298062 -0.00506406 -0.0109006 -0.00932887 -0.002123 0.00152007 0.00564922 0.0125509 0.000272805 0.00049621 0.000948353
internal_weight=8.54545e+06 4.99708e+06 3.54837e+06 3.39675e+06 151616 57352 30911 3.3394e+06 41900 4.97483e+06 29231 9794 9474 19437 13185 10441 5856 4.94838e+06 3.29521e+06 1.54247e+06
internal_count=8545453 4997084 3548369 3396753 151616 57352 30911 3339401 41900 4974834 29231 9794 9474 19437 13185 10441 5856 4948375 3295209 1542469
is_linear=0
shrinkage=0.075129


Tree=99
num_leaves=21
num_cat=0
split_feature=30 22 2 35 23 12 23 17 23 3 14 35 12 19 30 23 12 22 14 3
split_gain=257.109 335.819 200.854 229.948 179.517 239.313 157.028 134.951 134.865 132.298 118.427 118.157 104.523 140.402 107.353 110.672 113.856 202.492 110.671 98.8868
threshold=0.25302758422504834 0.0010447946905902683 13.500000000000002 17.500000000000004 0.52206307649612438 51.500000000000007 0.51634138822555553 50.996527777777786 0.51323893666267406 7.5000000000000009 1.0000000180025095e-35 8.5000000000000018 52.500000000000007 52.500000000000007 0.74129065304788522 0.76399549841880809 75.500000000000014 0.0023499461010724212 1.0000000180025095e-35 11.500000000000002
decision_type=2 2 2 2 2 2 2 2 2 2 2 2 2 2 2 2 2 2 2 2
left_child=1 -1 3 9 5 6 -2 -8 -7 -3 -10 -11 -6 -14 15 16 -15 -18 -16 -17
right_child=4 2 -4 -5 12 8 7 -9 10 11 -12 -13 13 14 18 19 17 -19 -20 -21
leaf_value=0.00032918134898668244 -0.0015663759076905734 0.0030651454803731376 0.00085909094537194031 -0.00044205819762513897 0.0026511641573041776 -0.022369196463855344 0.021267297335427027 0.0028551302210788939 -0.0044000430571154497 0.010822172703859012 -0.018271564960263591 0.0049129496504666578 -0.0059716651304547921 -0.00013721011075890552 -0.00082949613519348367 0.0014104282310145478 -0.001551069285605884 -0.014320414641924102 -0.0048182347121282637 -0.0010455994601656032
leaf_weight=2226578 392337 42146 126549 35280 74155 3271 2556 18565 25484 44562 4022 33427 23592 4257298 562218 467784 39553 8519 42210 115347
leaf_count=2226578 392337 42146 126549 35280 74155 3271 2556 18565 25484 44562 4022 33427 23592 4257298 562218 467784 39553 8519 42210 115347
internal_value=-7.70849e-07 0.000638516 0.00308122 0.00489062 -0.000266416 -0.00171654 -0.00122666 0.00508362 -0.00789582 0.00645666 -0.00629108 0.00828945 -0.000150671 -0.000188334 -0.000163495 -4.67068e-05 -0.000178265 -0.00381406 -0.00110805 0.000924609
internal_weight=8.54545e+06 2.50854e+06 281964 155415 6.03691e+06 446235 413458 21121 32777 120135 29506 77989 5.59068e+06 5.51652e+06 5.49293e+06 4.8885e+06 4.30537e+06 48072 604428 583131
internal_count=8545453 2508542 281964 155415 6036911 446235 413458 21121 32777 120135 29506 77989 5590676 5516521 5492929 4888501 4305370 48072 604428 583131
is_linear=0
shrinkage=0.075129


Tree=100
num_leaves=21
num_cat=0
split_feature=30 18 30 21 23 12 12 23 23 23 18 18 21 32 18 21 10 13 21 10
split_gain=221 387.394 213.084 202.088 189.019 396.536 234.151 251.972 240.09 221.131 182.112 204.776 152.733 146.337 124.307 114.561 108.336 97.784 106.155 96.7616
threshold=0.17142647152318397 1.0000000180025095e-35 0.023010296375251423 -0.00028008222579956049 0.56220871210098278 55.500000000000007 56.500000000000007 0.57130533456802379 0.56844824552536022 0.55757284164428722 1.0000000180025095e-35 0.20052378963083781 0.00018614530563354495 5.9446520805358896 0.51980959995249199 0.010555863380432131 89.500000000000014 78.020833333333357 -0.0059758126735687247 32.500000000000007
decision_type=2 2 2 2 2 2 2 2 2 2 2 2 2 2 2 2 2 2 2 2
left_child=1 -1 -3 10 5 9 8 -8 -6 13 -2 17 -4 -5 -7 16 -9 18 -12 -15
right_child=3 2 12 4 6 14 7 15 -10 -11 11 -13 -14 19 -16 -17 -18 -19 -20 -21
leaf_value=0.00024716191766007063 -7.0378257202571452e-05 0.0088929345001240029 0.0030241164533799073 0.0010284660421992881 0.00073839079915132976 -0.0060647110267067943 -0.0054096305135517527 -0.00010857327977904618 0.0078193882827584053 0.0055072733811175152 0.0035724371486458811 0.0020969662781596143 -0.0058401039728518071 -0.0086837536177144358 -0.018284766612373195 -0.0047275203110942647 0.010360908598501802 0.02264846994698292 0.012729159725038847 -0.0014123894119354866
leaf_weight=1134032 184177 34749 227549 155050 78016 56206 51349 5621425 41353 29930 16566 140757 11527 10485 5127 30335 5584 2630 12568 696038
leaf_count=1134032 184177 34749 227549 155050 78016 56206 51349 5621425 41353 29930 16566 140757 11527 10485 5127 30335 5584 2630 12568 696038
internal_value=-7.13021e-07 0.000859553 0.00339574 -0.000170397 -0.000262084 -0.00124309 -0.000101698 -0.000170559 0.00319148 -0.000841085 0.00157259 0.00332657 0.00259672 -0.00106162 -0.00708632 -0.000123006 -9.81832e-05 0.00877525 0.00752263 -0.0015203
internal_weight=8.54545e+06 1.40786e+06 273825 7.1376e+06 6.7809e+06 952836 5.82806e+06 5.70869e+06 119369 891503 356698 172521 239076 861573 61333 5.65734e+06 5.62701e+06 31764 29134 706523
internal_count=8545453 1407857 273825 7137596 6780898 952836 5828062 5708693 119369 891503 356698 172521 239076 861573 61333 5657344 5627009 31764 29134 706523
is_linear=0
shrinkage=0.075129


Tree=101
num_leaves=21
num_cat=0
split_feature=21 21 27 28 35 24 31 1 18 22 31 10 19 35 22 32 22 27 22 17
split_gain=181.687 175.26 165.763 119.596 107.022 117.795 138.362 117.006 109.525 97.4877 125.033 96.5341 92.7238 92.3344 123.821 89.0036 84.9481 82.7624 77.4738 74.3942
threshold=-0.012233704328536986 0.010555863380432131 4.3508636897520399 -2.657172160610449 11.500000000000002 62.886867253324247 56.95000076293946 2.5000000000000004 0.51980959995249199 0.0016630493044420367 63.738889694213874 45.500000000000007 37.500000000000007 6.5000000000000009 0.0076664860499038711 6.5510811805725107 0.0017286468046668762 -21.931248376344012 5.6062140215623569e-05 89.003472222222243
decision_type=2 2 2 2 2 2 2 2 2 2 2 2 2 2 2 2 2 2 2 2
left_child=17 2 3 4 5 -2 7 -7 -9 -8 -11 -3 -5 -4 19 -16 -14 -1 -19 -15
right_child=1 11 13 12 -6 6 9 8 -10 10 -12 -13 16 14 15 -17 -18 18 -20 -21
leaf_value=0.03105143716194899 -0.014866779250499508 -0.045356684984558117 0.00013830511868675671 0.02486047753902414 -0.0073644283648703762 0.017939001034151445 -0.002982266230679678 -0.0019650198573947881 0.028246562028557957 0.017740190127958588 -0.0082135565751991664 -0.0049132491797894418 -0.00025227827858853515 0.00093042774414675209 0.014051385713289304 0.0038610785413528896 0.00052497436798279711 0.014544723356169959 0.0034597146330882095 0.0079656085500283101
leaf_weight=675 3517 336 998929 837 22229 3693 57481 6137 761 2922 1633 35103 5600808 797409 5659 33333 924717 3940 36759 8575
leaf_count=675 3517 336 998929 837 22229 3693 57481 6137 761 2922 1633 35103 5600808 797409 5659 33333 924717 3940 36759 8575
internal_value=-6.59359e-07 -2.48226e-05 -2.75918e-06 -0.000178119 -0.00277815 -0.00143923 -0.00078893 0.00714728 0.00136907 -0.00214386 0.00843557 -0.00529711 -0.000138928 0.000627268 0.00120532 0.00534014 -0.000142136 0.00496584 0.00453295 0.00100528
internal_weight=8.54545e+06 8.50408e+06 8.46864e+06 6.62474e+06 98373 76144 72627 10591 6898 62036 4555 35439 6.52636e+06 1.8439e+06 844976 38992 6.52552e+06 41374 40699 805984
internal_count=8545453 8504079 8468640 6624735 98373 76144 72627 10591 6898 62036 4555 35439 6526362 1843905 844976 38992 6525525 41374 40699 805984
is_linear=0
shrinkage=0.075129


Tree=102
num_leaves=21
num_cat=0
split_feature=30 21 18 18 16 18 21 11 11 26 18 30 1 2 12 11 12 27 18 18
split_gain=196.207 190.779 200.699 211.209 171.821 170.326 189.436 143.12 141.294 133.101 131.549 410.329 192.862 138.458 130.562 149.125 151.607 128.761 127.5 117.485
threshold=0.5588483455615233 0.00018614530563354495 1.0000000180025095e-35 0.20052378963083781 80.500000000000014 1.0000000180025095e-35 -0.00022149085998535154 46.500000000000007 80.500000000000014 68.96928332204395 1.0000000180025095e-35 0.1011285020860863 4.5000000000000009 11.500000000000002 78.500000000000014 77.500000000000014 76.500000000000014 4.3995823642291549 0.67922324117020105 0.33961162058493438
decision_type=2 2 2 2 2 2 2 2 2 2 2 2 2 2 2 2 2 2 2 2
left_child=1 4 -3 -4 10 7 -7 -2 -6 -10 -1 12 -12 -14 15 16 17 -13 19 -8
right_child=5 2 3 -5 8 6 18 -9 9 -11 11 14 13 -15 -16 -17 -18 -19 -20 -21
leaf_value=1.5141629312891301e-05 -0.0049950425567662641 1.9331406614964452e-05 -0.0100898544496211 -0.002366224146799021 0.026553823193262594 0.0033160425073858399 -0.0033428758631446273 4.5169868342281577e-05 0.0011823050101873276 0.0057041773320016895 0.0030982359815075562 0.00033172121814393466 0.013202607150346657 0.0032430320679230407 -0.0060930521569544606 0.0074990145277500746 -0.0085186373968975642 0.0028735050046579417 -0.0075227007354348972 -0.0010770141244750354
leaf_weight=4126414 32573 196910 24181 115139 1370 45431 160425 1338385 143077 49437 77983 1346892 23108 11955 16832 17283 10493 122744 20459 662769
leaf_count=4126414 32573 196910 24181 115139 1370 45431 160425 1338385 143077 49437 77983 1346892 23108 11955 16832 17283 10493 122744 20459 662769
internal_value=5.18957e-07 0.000216435 -0.00152462 -0.0037068 0.000314861 -0.000599813 -0.00140971 -7.45829e-05 0.00251464 0.00234352 0.000240734 0.000812782 0.00517906 0.00980689 0.000486816 0.00056078 0.000479762 0.000544012 -0.0016642 -0.00151859
internal_weight=8.54386e+06 6.28382e+06 336230 139320 5.94759e+06 2.26004e+06 889084 1.37096e+06 193884 192514 5.7537e+06 1.62729e+06 113046 35063 1.51424e+06 1.49741e+06 1.48013e+06 1.46964e+06 843653 823194
internal_count=8543860 6283818 336230 139320 5947588 2260042 889084 1370958 193884 192514 5753704 1627290 113046 35063 1514244 1497412 1480129 1469636 843653 823194
is_linear=0
shrinkage=0.075129


Tree=103
num_leaves=21
num_cat=0
split_feature=30 22 21 14 14 21 13 28 14 21 21 35 13 22 21 28 17 30 32 21
split_gain=173.705 254.242 161.759 314.03 228.561 508.809 159.597 145.396 139.52 241.095 128.843 122.897 118.237 115.059 112.726 109.826 91.55 81.9693 88.5412 80.7976
threshold=0.25302758422504834 0.0055046016407019676 -0.00022149085998535154 1.0000000180025095e-35 1.0000000180025095e-35 9.882450103759767e-05 45.020833333333336 -1.1380374534236155 0.20412414523181696 1.0000000180025095e-35 -0.0032143890857696529 16.500000000000004 80.020833333333357 1.0000000180025095e-35 0.0030261278152465825 -2.4752107939158283 44.00694444444445 0.74632805065987673 2.914522767066956 -0.00039073824882507319
decision_type=2 2 2 2 2 2 2 2 2 2 2 2 2 2 2 2 2 2 2 2
left_child=1 8 3 13 15 7 -7 -6 -1 19 12 -3 16 -2 -8 -4 -5 18 -9 -10
right_child=2 11 4 10 5 6 14 17 9 -11 -12 -13 -14 -15 -16 -17 -18 -19 -20 -21
leaf_value=0.00029575017574859065 0.0048234401108664992 0.0070400298632003477 -0.0026413200621675645 0.02402443558214391 -0.0032721625848727395 -0.030212343888652914 -0.013174620314034786 -0.009781198558387879 0.0098941170210737426 -0.0099218732860614119 0.015714832546906643 -0.00082848559343203193 0.022087490843348202 -0.00016750266142246366 -0.0056990043024426019 -0.0001268218000926879 0.0036431561693665939 -0.0040950861618539447 0.00067954256677148998 0.0034792036288682072
leaf_weight=2359483 29477 48683 99923 1286 106941 1853 15851 4661 13324 7069 7956 14553 2233 225663 40416 5210399 37808 24591 225817 65873
leaf_count=2359483 29477 48683 99923 1286 106941 1853 15851 4661 13324 7069 7956 14553 2233 225663 40416 5210399 37808 24591 225817 65873
internal_value=4.8005e-07 0.000525858 -0.000217945 0.00146963 -0.000307595 -0.00199447 -0.0085196 -0.000946863 0.000404251 0.00337186 0.00695989 0.00522918 0.00527433 0.000409118 -0.00780503 -0.000174137 0.0043138 2.80502e-05 0.000467978 0.00455848
internal_weight=8.54386e+06 2.50898e+06 6.03488e+06 304423 5.73045e+06 420130 58120 362010 2.44575e+06 86266 49283 63236 41327 255140 56267 5.31032e+06 39094 255069 230478 79197
internal_count=8543860 2508985 6034875 304423 5730452 420130 58120 362010 2445749 86266 49283 63236 41327 255140 56267 5310322 39094 255069 230478 79197
is_linear=0
shrinkage=0.075129


Tree=104
num_leaves=21
num_cat=0
split_feature=30 18 21 14 22 30 35 13 21 17 10 11 12 12 10 10 18 3 22 27
split_gain=156.077 185.815 159.723 420.714 125.055 197.008 172.249 110.766 105.203 102.391 100.986 108.342 98.786 98.0649 188.57 149.407 95.1272 92.6833 86.9868 84.1596
threshold=0.68545765303940842 0.51980959995249199 0.00018614530563354495 1.0000000180025095e-35 0.0020459627312786363 0.33805894350506921 15.500000000000002 45.020833333333336 -0.01333409547805786 71.9201388888889 70.500000000000014 70.500000000000014 44.500000000000007 69.500000000000014 69.500000000000014 69.500000000000014 1.0000000180025095e-35 5.5000000000000009 1.0000000180025095e-35 -18.278444433726978
decision_type=2 2 2 2 2 2 2 2 2 2 2 2 2 2 2 2 2 2 2 2
left_child=2 16 4 18 8 6 -6 -5 -1 -9 13 -12 -3 15 -15 -10 -2 19 -4 -7
right_child=1 12 3 7 5 17 -8 9 10 -11 11 -13 -14 14 -16 -17 -18 -19 -20 -21
leaf_value=0.0074625229832363266 -0.0001826840673435308 0.0080607078610621646 -0.0035538729556001273 -0.026978099164803586 0.0039870534473812501 0.012200233829450426 4.0194758452215277e-06 -0.0054900031401725925 -8.4857932253715852e-05 -0.014703702965878657 0.015477013905392826 0.00049531869307116244 -0.010155194507298968 -0.007736863020061391 -0.00088817014594827764 0.0056655998671039862 -0.0016765029564693743 -0.00035049129648625523 -2.8838173574825243e-05 0.0013396681357259626
leaf_weight=10894 670469 1869 44416 1609 188365 4102 90837 42731 3853392 8098 2728 1963609 16630 25352 216250 25672 375304 423313 357940 220280
leaf_count=10894 670469 1869 44416 1609 188365 4102 90837 42731 3853392 8098 2728 1963609 16630 25352 216250 25672 375304 423313 357940 220280
internal_value=4.44009e-07 -0.000850816 0.00012157 -0.00124289 0.000209907 0.00102295 0.0026912 -0.00757247 8.63218e-05 -0.00695801 7.312e-05 0.000516106 -0.00831467 -0.000138268 -0.00160683 -4.68003e-05 -0.000718782 0.000303822 -0.00041797 0.00153823
internal_weight=8.54386e+06 1.06427e+06 7.47959e+06 454794 7.02479e+06 926897 279202 52438 6.0979e+06 50829 6.087e+06 1.96634e+06 18499 4.12067e+06 241602 3.87906e+06 1.04577e+06 647695 402356 224382
internal_count=8543860 1064272 7479588 454794 7024794 926897 279202 52438 6097897 50829 6087003 1966337 18499 4120666 241602 3879064 1045773 647695 402356 224382
is_linear=0
shrinkage=0.075129


Tree=105
num_leaves=21
num_cat=0
split_feature=23 12 12 12 23 23 17 35 3 12 25 13 2 32 16 17 23 23 25 12
split_gain=130.861 164.084 147.486 81.3679 234.66 190.874 93.8501 76.8763 136.369 125.571 171.64 106.984 112.254 75.0782 72.6657 71.9182 78.0468 76.7467 70.7637 63.0145
threshold=0.67387536168098461 66.500000000000014 67.500000000000014 67.500000000000014 0.67821946740150463 0.68125599622726452 67.7326388888889 6.5000000000000009 11.500000000000002 75.500000000000014 9.2777590251051016 80.020833333333357 3.5000000000000004 10.844609737396242 23.500000000000004 67.142361111111128 0.67927435040473949 0.68527233600616466 11.05119268475107 34.500000000000007
decision_type=2 2 2 2 2 2 2 2 2 2 2 2 2 2 2 2 2 2 2 2
left_child=2 -2 14 4 -3 6 -5 8 -7 -10 -11 -9 -13 -14 -1 16 -6 -17 -16 -20
right_child=1 3 -4 5 15 7 -8 11 9 10 -12 12 13 -15 18 17 -18 -19 19 -21
leaf_value=-0.033167256066799426 0.007552126923928577 0.00012811857252498088 -0.011117170259632696 -0.00072565462683495401 0.0046718842260550552 0.00013047137767296246 -0.0064031066905429774 0.00046535295029067209 -0.00045370161069735086 -0.00098212137890045167 -0.0097618626874874694 0.010987295409025759 0.003646216867855428 0.00029136326282811398 -0.0001700951427261064 0.0017375581421161751 0.013439562179006598 0.0089417909155859888 0.01909493051878532 -0.0014989401527841725
leaf_weight=378 17695 160099 7049 30481 12037 1714942 35661 1419283 71929 25276 24998 8370 79082 71869 4546007 31624 10939 11339 841 263961
leaf_count=378 17695 160099 7049 30481 12037 1714942 35661 1419283 71929 25276 24998 8370 79082 71869 4546007 31624 10939 11339 841 263961
internal_value=4.10587e-07 0.000334783 -0.000258138 0.00030034 0.00168163 0.000210669 -0.00378672 0.000288074 -4.23149e-05 -0.00246712 -0.00534776 0.000672574 0.00251855 0.00204895 -0.000242227 0.00545351 0.00884637 0.003639 -0.000239638 -0.00143351
internal_weight=8.54386e+06 3.72562e+06 4.81824e+06 3.70793e+06 226038 3.48189e+06 66142 3.41575e+06 1.83714e+06 122203 50274 1.5786e+06 159321 150951 4.81119e+06 65939 22976 42963 4.81081e+06 264802
internal_count=8543860 3725624 4818236 3707929 226038 3481891 66142 3415749 1837145 122203 50274 1578604 159321 150951 4811187 65939 22976 42963 4810809 264802
is_linear=0
shrinkage=0.075129


Tree=106
num_leaves=21
num_cat=0
split_feature=30 3 2 3 2 31 1 2 27 23 20 12 23 12 23 13 23 23 12 23
split_gain=134.241 127.33 207.796 260.488 183.887 206.328 146.407 157.809 136.095 104.297 325.85 251.637 217 136.932 192.87 177.002 148.147 135.655 106.13 336.508
threshold=0.17142647152318397 7.5000000000000009 12.500000000000002 8.5000000000000018 4.5000000000000009 69.350002288818374 3.5000000000000004 10.500000000000002 1.235034413498646 0.61382699012756359 61.500000000000007 61.500000000000007 0.62221345305442821 60.500000000000007 0.60792675614357006 60.020833333333336 0.60309749841690075 0.62598383426666271 62.500000000000007 0.63151890039443981
decision_type=2 2 2 2 2 2 2 2 2 2 2 2 2 2 2 2 2 2 2 2
left_child=1 -1 3 4 -3 6 -6 8 -8 10 13 17 -13 14 -2 -16 -15 -11 -14 -20
right_child=9 2 -4 -5 5 -7 7 -9 -10 11 -12 12 18 16 15 -17 -18 -19 19 -21
leaf_value=0.00017244548873848723 -0.00049874290668651216 -2.2778257573757025e-06 0.00022845523663944032 0.0010785492289751171 0.0062084184720917748 0.00030047675287570789 0.02504564310361709 0.0087322822965402273 0.0096625695237445453 0.0024818923372956539 -0.016201706183524546 -0.0037557664645642592 0.0017336420869023211 -0.013917736150106915 0.0098542650238008962 0.00054249761303130667 -0.002419971215383059 0.011946777771427801 -0.0048187510290576656 3.8821987540615289e-05
leaf_weight=946735 1916989 19958 249697 117626 27793 15094 9101 16422 5047 145316 7509 87217 196904 6755 19444 28280 99376 9081 81949 4537567
leaf_count=946735 1916989 19958 249697 117626 27793 15094 9101 16422 5047 145316 7509 87217 196904 6755 19444 28280 99376 9081 81949 4537567
internal_value=3.79767e-07 0.000670946 0.00169527 0.00343076 0.0063926 0.00813006 0.010155 0.0137429 0.0195584 -0.000131873 -0.000579932 5.22357e-05 -4.17938e-05 -0.000523284 -0.000381294 0.0043364 -0.00315182 0.0030386 2.54599e-05 -4.73503e-05
internal_weight=8.54386e+06 1.40747e+06 460738 211041 93415 73457 58363 30570 14148 7.13639e+06 2.07835e+06 5.05803e+06 4.90364e+06 2.07084e+06 1.96471e+06 47724 106131 154397 4.81642e+06 4.61952e+06
internal_count=8543860 1407473 460738 211041 93415 73457 58363 30570 14148 7136387 2078353 5058034 4903637 2070844 1964713 47724 106131 154397 4816420 4619516
is_linear=0
shrinkage=0.075129


Tree=107
num_leaves=21
num_cat=0
split_feature=30 18 23 12 23 19 23 11 23 12 12 15 18 12 23 23 23 23 3 2
split_gain=121.378 128.584 107.802 187.712 233.13 220.986 164.949 140.368 143.862 126.056 104.236 93.3493 81.7426 75.1413 227.925 220.375 85.2758 100.524 65.6246 215.535
threshold=0.7053080744083563 0.63407360735996077 0.71465814113616954 71.500000000000014 0.72058704495430004 71.500000000000014 0.71903863549232494 71.500000000000014 0.72654128074646007 71.500000000000014 70.500000000000014 30.500000000000004 1.0000000180025095e-35 72.500000000000014 0.7281077802181245 0.73115593194961559 0.73617300391197216 0.73115593194961559 11.500000000000002 14.500000000000002
decision_type=2 2 2 2 2 2 2 2 2 2 2 2 2 2 2 2 2 2 2 2
left_child=2 11 9 6 5 -5 10 -8 -9 -1 -4 -2 -13 14 -6 -15 17 -16 -17 -20
right_child=1 -3 3 4 13 -7 7 8 -10 -11 -12 12 -14 15 16 18 -18 -19 19 -21
leaf_value=-4.7301723754221234e-05 -0.027329496899230761 -0.0091457699649153713 0.009747318184917933 -0.0034636053738046776 6.1776930959618625e-05 -0.021699959387513429 0.013766927059379826 0.0017429620621103024 0.015572484278928338 -0.013338667835703028 0.00010055704873971763 -0.0001641231065281345 -0.001640669894767164 -0.0058050226601273382 0.0080735368397158586 0.00068313552731101026 0.015550227655876603 0.00019610401640328913 0.0015880497589998445 -0.0041837661999289105
leaf_weight=5835422 743 10328 7180 22668 92266 4494 13335 22297 5244 4030 52902 589063 330284 31802 26710 1328136 5252 13903 81894 65907
leaf_count=5835422 743 10328 7180 22668 92266 4494 13335 22297 5244 4030 52902 589063 330284 31802 26710 1328136 5252 13903 81894 65907
internal_value=3.51361e-07 -0.000809682 9.93434e-05 0.000612253 0.000422409 -0.00648108 0.00375826 0.00743995 0.00437637 -5.64753e-05 0.00125343 -0.000716106 -0.000694587 0.000536339 0.00221347 0.000382689 0.00654196 0.0053769 0.000516017 -0.000985702
internal_weight=8.54386e+06 930418 7.61344e+06 1.77399e+06 1.67303e+06 27162 100958 40876 27541 5.83945e+06 60082 920090 919347 1.64587e+06 138131 1.50774e+06 45865 40613 1.47594e+06 147801
internal_count=8543860 930418 7613442 1773990 1673032 27162 100958 40876 27541 5839452 60082 920090 919347 1645870 138131 1507739 45865 40613 1475937 147801
is_linear=0
shrinkage=0.075129


Tree=108
num_leaves=21
num_cat=0
split_feature=21 30 23 20 19 20 18 30 18 1 2 13 20 26 23 17 21 18 19 30
split_gain=109.403 107.484 111.727 132.833 110.243 104.396 87.3866 80.7006 224.337 150.887 110.236 76.4814 72.6324 71.7871 70.0605 325.93 66.9822 63.6207 107.551 63.6048
threshold=0.0099970698356628435 0.7151371981018525 0.77471512556076061 77.500000000000014 76.500000000000014 29.500000000000004 1.0000000180025095e-35 0.1046650917773098 1.0000000180025095e-35 4.5000000000000009 11.500000000000002 45.020833333333336 23.500000000000004 68.351232313249241 0.58847355842590343 58.274305555555564 -1.0000000180025095e-35 0.63407360735996077 44.500000000000007 0.46158037745010122
decision_type=2 2 2 2 2 2 2 2 2 2 2 2 2 2 2 2 2 2 2 2
left_child=1 2 3 7 -4 -3 -7 8 -1 -10 16 -2 19 14 -14 -16 -11 -8 -19 -9
right_child=11 5 4 -5 -6 6 17 12 9 10 -12 -13 13 -15 15 -17 -18 18 -20 -21
leaf_value=0.00020202562776421284 -0.037615852953951312 -0.028747976579074717 0.011108942443014382 -0.017107890089405574 0.0011822771045238017 -0.00017920769201558792 -0.0015703510032321346 0.064421327470353382 0.0020029306229680795 0.0014943886327323534 0.002123259972071407 -0.0036271846488522097 -0.00081059897318025702 0.00026764143882668695 0.011216216901708541 -0.00011359949623397176 0.012450374733230855 0.016041078375261388 -0.010781877861175211 -0.050916786405626122
leaf_weight=571717 377 752 6419 2547 387813 548767 301566 30 83545 3725 12755 38849 916241 2709885 14402 2916670 20401 942 8068 248
leaf_count=571717 377 752 6419 2547 387813 548767 301566 30 83545 3725 12755 38849 916241 2709885 14402 2916670 20401 942 8068 248
internal_value=4.36452e-06 2.26187e-05 0.000112186 4.52283e-05 0.00134392 -0.00077365 -0.000749159 5.12555e-05 0.000822796 0.00376986 0.00777236 -0.00395416 -3.01807e-05 -2.85517e-05 -0.000237178 -5.79284e-05 0.0107589 -0.00175622 -0.00797701 -0.038409
internal_weight=8.54572e+06 8.50649e+06 7.6464e+06 7.25217e+06 394232 860095 859343 7.24962e+06 692143 120426 36881 39226 6.55748e+06 6.5572e+06 3.84731e+06 2.93107e+06 24126 310576 9010 278
internal_count=8545719 8506493 7646398 7252166 394232 860095 859343 7249619 692143 120426 36881 39226 6557476 6557198 3847313 2931072 24126 310576 9010 278
is_linear=0
shrinkage=0.075129


Tree=109
num_leaves=21
num_cat=0
split_feature=21 21 28 22 21 35 31 26 25 2 20 35 23 27 2 22 10 19 28 35
split_gain=99.193 96.0649 87.2856 88.1909 73.7873 72.2261 169.749 298.105 147.059 103.841 77.0848 71.1486 70.5782 69.4668 65.2497 64.7332 62.7805 89.5351 62.2252 74.2428
threshold=-0.012233704328536986 0.016898930072784427 -1.8778397212710176 0.013355775263745038 0.00021880865097045901 8.5000000000000018 57.149999618530281 65.458292519024198 9.3238595687438686 13.500000000000002 44.500000000000007 1.5000000000000002 0.57130533456802379 -21.931248376344012 20.500000000000004 5.6062140215623569e-05 33.500000000000007 33.500000000000007 1.5720280234566839 20.500000000000004
decision_type=2 2 2 2 2 2 2 2 2 2 2 2 2 2 2 2 2 2 2 2
left_child=13 2 4 11 5 6 7 8 -2 10 -9 -4 -5 -1 -14 -15 -8 -18 -13 -20
right_child=1 -3 3 12 -6 -7 16 9 -10 -11 -12 18 14 15 -16 -17 17 -19 19 -21
leaf_value=0.027591079543413614 0.00075227279229737583 -0.0064668473189447937 -0.00051832948479654957 0.08047482222837532 -0.0041995115082394336 -0.0018369455755426541 -0.0080491556400120925 0.027179449641311415 -0.03012992376655587 0.0063540047982269098 0.0088490018036088379 8.1282150706424322e-05 0.005575687969035726 0.012518023742508067 -0.0010377450190524231 0.002306034334344665 0.04588594852982289 -0.00039329512129057588 0.00077832773568488941 0.0045928253829469268
leaf_weight=674 1771 13001 1136528 67 38767 177363 6172 2740 1711 16689 2456 6683199 26593 3872 12322 36808 236 154668 196331 33751
leaf_count=674 1771 13001 1136528 67 38767 177363 6172 2740 1711 16689 2456 6683199 26593 3872 12322 36808 236 154668 196331 33751
internal_value=4.03654e-06 -1.38124e-05 -3.93194e-06 4.98047e-05 -0.00108365 -0.000751618 0.000280851 0.00599322 -0.014424 0.00924187 0.0185163 3.25415e-05 0.00361462 0.00367461 0.00348162 0.00327813 -0.000618766 -0.00032269 0.000123104 0.00133789
internal_weight=8.54572e+06 8.50436e+06 8.49136e+06 8.08879e+06 402573 363806 186443 25367 3482 21885 5196 8.04981e+06 38982 41354 38915 40680 161076 154904 6.91328e+06 230082
internal_count=8545719 8504365 8491364 8088791 402573 363806 186443 25367 3482 21885 5196 8049809 38982 41354 38915 40680 161076 154904 6913281 230082
is_linear=0
shrinkage=0.075129


Tree=110
num_leaves=21
num_cat=0
split_feature=30 18 2 1 2 2 28 21 14 14 18 21 28 13 21 21 28 23 3 30
split_gain=95.8364 182.718 190.27 162.253 150.932 181.478 179.983 110.85 298.844 144.824 404.567 135.044 132.726 110.175 93.82 75.0361 74.9322 73.2599 86.159 72.8449
threshold=0.22097003943304927 1.0000000180025095e-35 13.500000000000002 4.5000000000000009 9.5000000000000018 10.500000000000002 -1.0884573190013433 -0.00022149085998535154 1.0000000180025095e-35 1.0000000180025095e-35 0.20052378963083781 -0.0046150684356689444 -1.1380374534236155 80.020833333333357 0.0034157037734985356 9.882450103759767e-05 -2.657172160610449 0.67387536168098461 5.5000000000000009 0.50987881867497664
decision_type=2 2 2 2 2 2 2 2 2 2 2 2 2 2 2 2 2 2 2 2
left_child=1 -1 3 17 -5 6 -6 8 -2 16 14 13 -12 -10 -11 -4 -9 -3 -19 -14
right_child=7 2 15 4 5 -7 -8 9 11 10 12 -13 19 -15 -16 -17 -18 18 -20 -21
leaf_value=9.2940685543088295e-05 0.00021676528544386486 0.00066677141622733865 0.0004775177919648585 0.0029609760512870958 0.039576785578446072 0.0060861710868075555 0.013683048585313407 -0.0024569948347060266 0.0030982859273548471 -0.01421053330217103 -0.002973098626775647 0.012785951221866404 0.0011238209935692611 0.019941856812886512 -0.0061762189762761014 -0.0059209022843483899 -7.8753721415019814e-05 -0.00090583309938279983 0.0054144388049555533 -0.0012888989887923843
leaf_weight=1682094 273236 93721 184059 34319 1816 21398 9144 75789 35945 13604 118716 13836 154041 2334 20669 10961 5602293 15958 51343 130443
leaf_count=1682094 273236 93721 184059 34319 1816 21398 9144 75789 35945 13604 118716 13836 154041 2334 20669 10961 5602293 15958 51343 130443
internal_value=3.73377e-06 0.000443848 0.00184018 0.0033153 0.00643187 0.010113 0.0179745 -0.00014009 0.00121118 -0.000211979 -0.00152913 0.00642481 -0.000863017 0.00412546 -0.0093654 0.000117886 -0.000110498 0.00202475 0.00391581 1.7527e-05
internal_weight=8.54572e+06 2.10481e+06 422719 227699 66677 32358 10960 6.44091e+06 325351 6.11556e+06 437473 52115 403200 38279 34273 195020 5.67808e+06 161022 67301 284484
internal_count=8545719 2104813 422719 227699 66677 32358 10960 6440906 325351 6115555 437473 52115 403200 38279 34273 195020 5678082 161022 67301 284484
is_linear=0
shrinkage=0.075129


Tree=111
num_leaves=21
num_cat=0
split_feature=30 18 21 18 18 23 12 12 23 18 3 11 12 24 17 28 31 10 22 12
split_gain=85.2791 115.481 104.166 191.19 162.997 87.1343 123.073 109.296 119.751 97.0011 91.753 85.7491 82.7719 88.015 69.0852 68.0395 110.108 63.8215 59.3032 203.406
threshold=0.68545765303940842 0.51980959995249199 9.882450103759767e-05 1.0000000180025095e-35 0.20052378963083781 0.77471512556076061 77.500000000000014 77.500000000000014 0.78044295310974132 1.0000000180025095e-35 9.5000000000000018 77.500000000000014 48.500000000000007 65.723703638191296 82.628472222222243 -1.8389680666843418 56.250000000000007 89.500000000000014 0.0019999742514677258 75.500000000000014
decision_type=2 2 2 2 2 2 2 2 2 2 2 2 2 2 2 2 2 2 2 2
left_child=2 15 5 -4 -5 6 18 9 11 -7 14 -9 13 -3 -10 16 -2 -12 -1 -20
right_child=1 12 3 4 -6 7 -8 8 10 -11 17 -13 -14 -15 -16 -17 -18 -19 19 -21
leaf_value=2.7802577700769904e-05 -0.0098679529557438896 -0.017407221995362831 0.0002918252340911506 -0.0075944050000804793 -0.0018099672656133312 0.00028368975130490663 -0.017340350699584797 -0.0049964269753894801 0.0016154892704444998 0.0093828683746061889 0.00014454282500713439 -0.029994650958450698 -0.0085824354125415749 0.013443058206357467 0.0060462658779937995 -0.00032101818877444622 -0.0015515170045032345 0.0083395392906683834 0.00093592941470476993 -0.0065136145662688938
leaf_weight=5884100 9945 701 268963 33255 158776 10858 2282 2551 56964 16914 240489 1112 15840 2041 30497 943486 93146 5486 747036 21277
leaf_count=5884100 9945 701 268963 33255 158776 10858 2282 2551 56964 16914 240489 1112 15840 2041 30497 943486 93146 5486 747036 21277
internal_value=3.45347e-06 -0.000625494 9.30095e-05 -0.00100098 -0.0028117 0.000164855 0.000102874 0.00129528 0.000922054 0.00582543 0.00107048 -0.0125874 -0.00649623 0.00555483 0.00316049 -0.000521256 -0.00235382 0.000327329 0.000108859 0.000729625
internal_weight=8.54572e+06 1.06516e+06 7.48056e+06 460994 192031 7.01957e+06 6.6547e+06 364871 337099 27772 333436 3663 18582 2742 87461 1.04658e+06 103091 245975 6.65241e+06 768313
internal_count=8545719 1065159 7480560 460994 192031 7019566 6654695 364871 337099 27772 333436 3663 18582 2742 87461 1046577 103091 245975 6652413 768313
is_linear=0
shrinkage=0.075129


Tree=112
num_leaves=21
num_cat=0
split_feature=30 22 21 14 21 23 22 14 21 13 30 23 21 2 17 32 22 10 17 17
split_gain=81.2295 129.2 89.5528 309.788 137.859 109.69 106.488 99.4271 343.623 114.871 112.021 98.1995 83.0646 81.578 73.6245 70.8057 69.0031 66.4633 235.562 103.526
threshold=0.17142647152318397 0.0014705706285503158 -0.00022149085998535154 1.0000000180025095e-35 -0.0044633746147155753 0.80000919103622448 1.0000000180025095e-35 1.0000000180025095e-35 1.0000000180025095e-35 45.020833333333336 0.50987881867497664 0.71903863549232494 0.0034157037734985356 14.500000000000002 44.00694444444445 2.5657894611358647 0.0015939217558049066 62.500000000000007 63.22569444444445 61.565972222222229
decision_type=2 2 2 2 2 2 2 2 2 2 2 2 2 2 2 2 2 2 2 2
left_child=1 -1 3 6 5 14 -2 -4 10 -10 15 12 -11 -3 -5 -9 -12 19 -19 -17
right_child=2 13 7 4 -6 -7 -8 8 9 11 16 -13 -14 -15 -16 17 -18 18 -20 -21
leaf_value=0.00031521562486266615 0.0040078889784242689 0.0044735360567289889 -8.3049299261372841e-05 0.020956058428116844 0.012375863293253455 0.018077459414732169 -0.0004023499310501122 -0.0071985014434157802 -0.024340699732918122 -0.0086554727832175871 -0.0032178220834755411 -0.012880765347297811 -0.0023127080050214348 0.00016188622771331514 0.0022917047399450075 0.00033538112494417148 -0.00028755869423445463 0.012768285311780267 0.0010930512503373418 -0.0078500132782234541
leaf_weight=1297930 34923 72325 6314995 1232 14879 2884 268393 6178 1951 17906 93344 9399 33378 37669 37327 89219 88239 10773 103109 9666
leaf_count=1297930 34923 72325 6314995 1232 14879 2884 268393 6178 1951 17906 93344 9399 33378 37669 37327 89219 88239 10773 103109 9666
internal_value=3.19383e-06 0.000524728 -9.96782e-05 0.0010556 0.00617259 0.00394538 0.000105436 -0.000160976 -0.00122346 -0.00639825 -0.000414232 -0.00582126 -0.00452736 0.00299696 0.00288823 0.000729989 -0.00179389 0.000960217 0.00219754 -0.000464759
internal_weight=8.54572e+06 1.40792e+06 7.1378e+06 359638 56322 41443 303316 6.77816e+06 463162 62634 400528 60683 51284 109994 38559 218945 181583 212767 113882 98885
internal_count=8545719 1407924 7137795 359638 56322 41443 303316 6778157 463162 62634 400528 60683 51284 109994 38559 218945 181583 212767 113882 98885
is_linear=0
shrinkage=0.075129


Tree=113
num_leaves=21
num_cat=0
split_feature=26 23 17 12 23 23 17 23 17 12 23 23 20 30 17 23 23 12 23 12
split_gain=72.2623 75.6153 325.499 106.149 374.971 132.415 85.5229 82.9441 171.376 110.033 260.181 137.275 113.697 207.596 78.623 77.4918 76.1428 70.8504 230.109 75.9532
threshold=68.351232313249241 0.58847355842590343 58.274305555555564 56.500000000000007 0.56844824552536022 0.5638321340084077 56.461805555555564 0.59103864431381237 58.781250000000007 59.500000000000007 0.60077652335166942 0.59829127788543712 59.500000000000007 0.45557139690883769 59.878472222222229 0.57577648758888256 0.60676470398902904 55.500000000000007 0.55757284164428722 54.500000000000007
decision_type=2 2 2 2 2 2 2 2 2 2 2 2 2 2 2 2 2 2 2 2
left_child=1 3 -3 4 17 -5 -6 8 -4 11 14 -9 13 -13 -11 -8 -14 18 19 -1
right_child=-2 2 7 5 6 -7 15 9 -10 10 -12 12 16 -15 -16 -17 -18 -19 -20 -21
leaf_value=-0.00044420788937669177 0.00026122618794271172 0.010310914905571419 0.0033902824290118145 -0.015223013423422034 0.010571283152734803 -0.0018464535263156665 -0.0010482525837054656 0.00039190453953467149 -0.009892972542627422 -0.0041293778574289187 -5.6299193359429031e-05 0.024620504731192466 0.0022260869019874144 0.00078089088517497977 -0.011763803445588217 0.0099588216630062017 0.012361498630293158 -0.0026375563509240187 0.0052705135852472284 -0.0029731501756982089
leaf_weight=618974 3564309 17122 9132 4247 19646 252315 9599 83971 13716 24029 3666449 4436 28544 3852 11146 5786 4902 90162 38209 75173
leaf_count=618974 3564309 17122 9132 4247 19646 252315 9599 83971 13716 24029 3666449 4436 28544 3852 11146 5786 4902 90162 38209 75173
internal_value=2.95391e-06 -0.000181846 -2.4738e-05 -0.000727196 -0.000326082 -0.0020679 0.00728631 -7.07023e-05 -0.00458386 -4.37596e-05 -0.000117994 0.00214219 0.00566383 0.0135411 -0.00654862 0.00309139 0.0037117 -0.000650296 -0.000405639 -0.000718083
internal_weight=8.54572e+06 4.98141e+06 3.8673e+06 1.11411e+06 857549 256562 35031 3.85018e+06 22848 3.82733e+06 3.70162e+06 125705 41734 8288 35175 15385 33446 822518 732356 694147
internal_count=8545719 4981410 3867299 1114111 857549 256562 35031 3850177 22848 3827329 3701624 125705 41734 8288 35175 15385 33446 822518 732356 694147
is_linear=0
shrinkage=0.075129


Tree=114
num_leaves=21
num_cat=0
split_feature=30 18 4 2 2 31 28 28 30 25 2 31 29 26 18 11 9 13 10 11
split_gain=71.0602 166.174 122.135 113.814 110.807 78.7267 76.9613 67.8684 66.6863 113.751 123.571 66.0964 65.0733 76.2524 63.6179 62.8865 62.0654 61.8468 60.724 78.9825
threshold=0.17142647152318397 1.0000000180025095e-35 1.0000000180025095e-35 11.500000000000002 9.5000000000000018 64.549999237060561 -0.34443780764566029 -3.4551257773507946 0.31658767017308859 7.5831547984375627 8.5000000000000018 65.250000000000014 69.108812441000524 69.059846619396495 0.50169681003865241 28.500000000000004 -1.0000000180025095e-35 37.020833333333336 85.500000000000014 85.500000000000014
decision_type=2 2 2 2 2 2 2 2 2 2 2 2 2 2 2 2 2 2 2 2
left_child=1 -1 6 4 -4 -6 17 8 9 -2 -11 -8 13 -10 -14 -9 -13 -3 19 -17
right_child=7 2 3 -5 5 -7 11 15 12 10 -12 16 14 -15 -16 18 -18 -19 -20 -21
leaf_value=8.579670273593844e-05 -0.019390006567990524 0.028191641314114065 0.0031965006695038956 0.0015243927558733685 0.015485666742901643 0.0067452887072628033 0.00629767143421423 0.070465225312034946 -0.0062374696460120267 -0.0066609389657933914 0.039186776235384017 -0.00019748018341742062 -0.0021835467601642256 -0.024482328023746898 0.019275876194068085 -0.00010927020096936513 0.0037387805372339875 -0.0008418782624506219 0.0015408773615962839 -0.019561901308168036
leaf_weight=1134862 537 416 21252 37696 10586 12913 19916 71 13045 544 850 51712 14736 1435 823 6976881 40175 78619 127666 1178
leaf_count=1134862 537 416 21252 37696 10586 12913 19916 71 13045 544 850 51712 14736 1435 823 6976881 40175 78619 127666 1178
internal_value=-1.45513e-06 0.000486296 0.00214943 0.00456581 0.00712771 0.0106829 0.00110549 -9.76794e-05 -0.00355145 0.00998079 0.0212972 0.002374 -0.00442145 -0.00804611 -0.00104804 -8.21402e-05 0.00152354 -0.000688942 -8.28483e-05 -0.000112555
internal_weight=8.54591e+06 1.40815e+06 273285 82447 44751 23499 190838 7.13777e+06 31970 1931 1394 111803 30039 14480 15559 7.1058e+06 91887 79035 7.10572e+06 6.97806e+06
internal_count=8545913 1408147 273285 82447 44751 23499 190838 7137766 31970 1931 1394 111803 30039 14480 15559 7105796 91887 79035 7105725 6978059
is_linear=0
shrinkage=0.075129


Tree=115
num_leaves=21
num_cat=0
split_feature=21 30 12 14 21 29 10 12 3 35 35 24 20 29 27 31 29 31 12 30
split_gain=68.7335 65.0192 72.1662 66.7593 87.445 65.694 63.5274 91.1492 70.3475 110.26 73.8347 61.4136 59.8181 59.6294 58.0721 65.2832 177.242 81.3413 108.98 78.5247
threshold=0.012887656688690187 0.7151371981018525 29.500000000000004 1.0000000180025095e-35 -1.0000000180025095e-35 68.351576133699311 76.500000000000014 77.500000000000014 9.5000000000000018 15.500000000000002 11.500000000000002 72.299452881121383 23.500000000000004 68.571580630401925 0.059696133832588323 62.850000381469734 61.11185529964618 68.950000762939467 51.500000000000007 0.33805894350506921
decision_type=2 2 2 2 2 2 2 2 2 2 2 2 2 2 2 2 2 2 2 2
left_child=1 5 -3 11 -5 12 -7 -8 9 -9 -10 -4 -1 -12 15 19 -17 -18 -19 -14
right_child=-2 2 3 4 -6 6 7 8 10 -11 13 -13 14 -15 -16 16 17 18 -20 -21
leaf_value=-0.034504401615114012 -0.0039853002092760121 -0.024215246894473026 -0.00038273633462310738 0.0072830089483123658 -0.0036793486221595043 0.00026622859275822155 0.0074311184718743421 0.0070465846607570826 -0.0016818075889753984 -0.0035450910986222052 -0.0083326882372805229 -0.023974188302432382 0.0010968418914236741 0.002891775313987092 0.00018969432825976054 0.030154083261224617 -0.0010912301956218077 0.015272330537216909 0.00029792200403087009 -0.00030625198294973751
leaf_weight=285 24373 730 796565 4411 59569 3025488 14876 22610 52284 7351 2821 623 295234 50283 2062047 1046 944176 2776 230128 948237
leaf_count=285 24373 730 796565 4411 59569 3025488 14876 22610 52284 7351 2821 623 295234 50283 2062047 1046 944176 2776 230128 948237
internal_value=-1.34546e-06 1.00494e-05 -0.000608601 -0.000588581 -0.00292353 7.96629e-05 0.000341105 0.00184908 0.00123555 0.00444787 0.000322292 -0.000401183 -0.000105501 0.00229545 -0.000103312 -0.000352814 -0.00075357 -0.000781044 0.000476426 2.68807e-05
internal_weight=8.54591e+06 8.52154e+06 861898 861168 63980 7.65964e+06 3.17571e+06 150225 135349 29961 105388 797188 4.48393e+06 53104 4.48364e+06 2.4216e+06 1.17813e+06 1.17708e+06 232904 1.24347e+06
internal_count=8545913 8521540 861898 861168 63980 7659642 3175713 150225 135349 29961 105388 797188 4483929 53104 4483644 2421597 1178126 1177080 232904 1243471
is_linear=0
shrinkage=0.075129


Tree=116
num_leaves=21
num_cat=0
split_feature=35 3 3 32 35 10 12 24 27 3 31 27 24 35 3 8 11 20 35 27
split_gain=54.6346 95.884 104.755 127.928 130.943 151.204 149.815 88.1635 128.518 87.469 105.764 96.4981 91.8321 86.8899 121.444 85.1721 83.61 74.9081 59.7937 58.0691
threshold=2.5000000000000004 6.5000000000000009 9.5000000000000018 3.8765645027160649 15.500000000000002 59.500000000000007 41.500000000000007 62.559009692888928 -18.278444433726978 7.5000000000000009 62.850000381469734 6.942060615619142 68.90088478822021 6.5000000000000009 8.5000000000000018 -0.8783796973249266 79.500000000000014 40.500000000000007 27.500000000000004 -10.196491986376236
decision_type=2 2 2 2 2 2 2 2 2 2 2 2 2 2 2 2 2 2 2 2
left_child=-1 7 3 -3 5 13 18 8 -2 -7 12 -12 -11 14 15 -5 -8 -15 -6 -4
right_child=1 2 19 4 6 9 16 -9 -10 10 11 -13 -14 17 -16 -17 -18 -19 -20 -21
leaf_value=-0.0003558214126757487 -0.01989178646654631 -8.3389624382170096e-05 -0.0012175211144001606 0.011052624121460498 0.024788228863727786 -0.00022082019134563838 0.00024915511667717268 -0.00015902390471398312 -0.0027322191978124827 0.0038657626187878981 0.0017867112280295302 0.0051161615312220248 0.0095019119572106771 -0.028379457817779973 -0.0015901787935062425 0.0028733874999988134 -0.0076680454043520528 -0.001152547694797544 -0.005327693866607335 0.00011978173855563783
leaf_weight=1905807 2753 619817 209301 9224 1927 57945 411131 3182225 23413 72924 314753 58224 21021 573 29928 32523 7669 110485 461 1473809
leaf_count=1905807 2753 619817 209301 9224 1927 57945 411131 3182225 23413 72924 314753 58224 21021 573 29928 32523 7669 110485 461 1473809
internal_value=-1.24448e-06 0.000100524 0.00037657 0.00078381 0.00125999 0.00188428 0.000211173 -0.000194736 -0.00453786 0.00253229 0.00287395 0.00230646 0.00512693 2.2999e-05 0.00206227 0.00468067 0.00010417 -0.00129311 0.0189743 -4.65168e-05
internal_weight=8.54591e+06 6.64011e+06 3.43172e+06 1.7486e+06 1.12879e+06 707600 421188 3.20839e+06 26166 524867 466922 372977 93945 182733 71675 41747 418800 111058 2388 1.68311e+06
internal_count=8545913 6640106 3431715 1748605 1128788 707600 421188 3208391 26166 524867 466922 372977 93945 182733 71675 41747 418800 111058 2388 1683110
is_linear=0
shrinkage=0.075129


Tree=117
num_leaves=21
num_cat=0
split_feature=21 30 18 25 27 4 30 10 18 3 29 31 13 21 20 30 25 10 35 3
split_gain=58.9502 57.9707 90.2388 67.654 54.2691 58.9947 115.597 86.7501 78.8809 69.1561 53.7376 69.1133 69.9283 51.7589 48.8 49.6834 48.0681 47.4962 57.148 54.1263
threshold=0.012887656688690187 0.81128944993964991 0.56442033855372831 3.1705488435071909 4.3995823642291549 1.0000000180025095e-35 0.0066036370189105102 34.500000000000007 0.5017452060066323 7.5000000000000009 68.351576133699311 65.250000000000014 40.020833333333336 -0.0022700130939483638 23.500000000000004 0.47531450820381477 10.83202479741357 89.500000000000014 20.500000000000004 11.500000000000002
decision_type=2 2 2 2 2 2 2 2 2 2 2 2 2 2 2 2 2 2 2 2
left_child=1 4 3 -3 5 14 9 8 -8 -7 -9 16 -13 -11 15 -1 -12 19 -19 -6
right_child=-2 2 -4 -5 17 6 7 10 -10 13 11 12 -14 -15 -16 -17 -18 18 -20 -21
leaf_value=0.048406743283578899 -0.0036906938752673665 -0.027505139307664881 -0.012833313603656533 -0.00086822386148609351 0.00053089600530743125 0.00048874520198056298 -0.012250092715860125 -4.7963877443279962e-05 0.016331684571162422 -0.002755450930043942 0.0014317627445934913 -0.054373894111754847 4.779169935887389e-05 0.013286771071370945 -0.00019755387082998887 -0.043575556901462385 0.010674383931366858 -0.0023496416990584443 0.012906879078931528 -0.00081925379576658168
leaf_weight=38 24373 539 3641 258931 1592213 5838 4960 1108544 612 1328 359763 133 343422 7813 4637109 247 3204 2227 3668 187310
leaf_count=38 24373 539 3641 258931 1592213 5838 4960 1108544 612 1328 359763 133 343422 7813 4637109 247 3204 2227 3668 187310
internal_value=-1.15101e-06 9.40177e-06 -0.00108842 -0.000923592 4.43781e-05 -5.67686e-05 0.000303733 0.000249654 -0.00910998 0.00687662 0.000278388 0.000790441 2.66717e-05 0.0109561 -0.000199466 -0.0312693 0.00151336 0.000411084 0.00714342 0.000388781
internal_weight=8.54591e+06 8.52154e+06 263111 259470 8.25843e+06 6.47301e+06 1.83562e+06 1.82064e+06 5572 14979 1.81507e+06 706522 343555 9141 4.63739e+06 285 362967 1.78542e+06 5895 1.77952e+06
internal_count=8545913 8521540 263111 259470 8258429 6473011 1835617 1820638 5572 14979 1815066 706522 343555 9141 4637394 285 362967 1785418 5895 1779523
is_linear=0
shrinkage=0.075129


Tree=118
num_leaves=21
num_cat=0
split_feature=30 18 3 2 2 21 21 27 22 20 28 35 3 29 34 11 25 2 2 19
split_gain=54.8316 122.078 85.59 105.275 109.167 82.5144 62.7106 62.9372 55.15 52.6253 52.4652 80.3868 116.448 140.306 100.419 98.7743 98.4803 86.0756 94.3126 79.1473
threshold=0.1046650917773098 1.0000000180025095e-35 7.5000000000000009 11.500000000000002 6.5000000000000009 -0.00050851702690124501 -0.014196097850799559 -18.278444433726978 0.016378474916168579 50.500000000000007 -2.657172160610449 11.500000000000002 1.5000000000000002 69.131281457058137 1.0000000180025095e-35 33.500000000000007 11.226809930132886 24.500000000000004 1.5000000000000002 37.500000000000007
decision_type=2 2 2 2 2 2 2 2 2 2 2 2 2 2 2 2 2 2 2 2
left_child=1 -1 -3 4 -4 -6 7 -2 10 -10 11 12 13 14 15 -8 -14 18 -15 -12
right_child=6 2 3 -5 5 -7 8 -9 9 -11 19 -13 16 17 -16 -17 -18 -19 -20 -21
leaf_value=0.00016941612313814126 0.025599873966843011 0.00029130347079288322 0.0005841231470646573 0.0016846339708627873 -0.00031000667887526865 0.011495096761005024 -0.0097556809832397839 0.0029900226481642251 0.051226871460530919 0.0036769754894047605 0.023507979490085429 -0.0058013189563824339 0.00051307991294429259 0.062449051274162413 0.01563985600525028 -0.029445723717164529 0.052254748520602162 0.022351635985749591 -0.0042932517351463436 -6.0631837945927275e-05
leaf_weight=575613 714 49257 10129 41154 3921 22628 3549 25591 132 18472 804 22059 62494 122 556 2418 208 901 5192 7699999
leaf_count=575613 714 49257 10129 41154 3921 22628 3549 25591 132 18472 804 22059 62494 122 556 2418 208 901 5192 7699999
internal_value=-1.06471e-06 0.000634713 0.00274213 0.00429316 0.00721996 0.00975161 -5.80264e-05 0.00360404 -7.035e-05 0.00401525 -8.0097e-05 -0.00181195 -0.000645412 -0.00719414 -0.0148903 -0.0177359 0.000684994 0.000883744 -0.00275723 -5.81701e-05
internal_weight=8.54591e+06 702702 127089 77832 36678 26549 7.84321e+06 26305 7.81691e+06 18604 7.7983e+06 97499 75440 12738 6523 5967 62702 6215 5314 7.7008e+06
internal_count=8545913 702702 127089 77832 36678 26549 7843211 26305 7816906 18604 7798302 97499 75440 12738 6523 5967 62702 6215 5314 7700803
is_linear=0
shrinkage=0.075129


Tree=119
num_leaves=21
num_cat=0
split_feature=21 17 22 26 28 30 24 29 12 29 25 2 22 17 12 22 29 18 26 17
split_gain=52.3293 75.1023 59.2422 48.5484 57.0269 59.4455 104.435 100.031 96.8452 80.2572 102.09 133.556 107.481 68.9166 65.6033 163.756 79.0823 73.1034 62.1167 61.521
threshold=0.0073297023773193368 45.003472222222229 4.8714435360258709e-05 68.351232313249241 -1.6669411773292968 0.43584438833132982 66.223840850698195 66.278438940830782 31.500000000000004 65.558165986386939 9.3179603541524667 12.500000000000002 0.0066837836582464994 48.996527777777786 44.500000000000007 0.001361344747604443 66.316437263589236 0.5017452060066323 66.316502260254978 54.22569444444445
decision_type=2 2 2 2 2 2 2 2 2 2 2 2 2 2 2 2 2 2 2 2
left_child=3 -2 -3 4 5 6 8 -8 -1 10 11 12 -7 -13 15 16 17 -11 -18 -10
right_child=1 2 -4 -5 -6 9 7 -9 19 14 -12 13 -14 -15 -16 -17 18 -19 -20 -21
leaf_value=0.029121841839114527 -0.026482302872831362 -0.0085220400302525971 -0.0010798085274282283 0.000228084102419547 -7.4154816517043047e-05 -0.0093752034915414294 -0.011014567381816201 -0.00022732894900798168 0.0065493271014595757 0.0032627557796930614 -0.017119124958637304 0.0052188319340174044 -0.058614951307002047 -0.0061413295060128541 -0.0021479432910007316 0.023164405405410461 -0.034626387066557379 0.021990663430296473 -0.0017891707423747783 -0.0028622238460870282
leaf_weight=903 704 6705 60601 3538399 4661483 9088 5205 71508 14269 8960 3858 8211 257 4762 121219 1878 330 1354 20814 5405
leaf_count=903 704 6705 60601 3538399 4661483 9088 5205 71508 14269 8960 3858 8211 257 4762 121219 1878 330 1354 20814 5405
internal_value=-9.84049e-07 -0.00207665 -0.00182124 1.5667e-05 -0.000136497 -0.00118177 0.000315534 -0.000959295 0.00506818 -0.00198779 -0.00583478 -0.00388387 -0.0107314 0.00104877 -0.00133623 0.00161535 0.000328662 0.00572196 -0.00230221 0.00396368
internal_weight=8.54591e+06 68010 67306 8.4779e+06 4.9395e+06 278021 97290 76713 20577 180731 26176 22318 9345 12973 154555 33336 31458 10314 21144 19674
internal_count=8545913 68010 67306 8477903 4939504 278021 97290 76713 20577 180731 26176 22318 9345 12973 154555 33336 31458 10314 21144 19674
is_linear=0
shrinkage=0.075129


Tree=120
num_leaves=21
num_cat=0
split_feature=30 18 24 22 31 20 28 19 30 18 3 31 14 25 28 30 25 22 11 24
split_gain=48.6648 84.4671 49.5066 47.5152 51.9029 45.0926 51.6102 44.8882 43.7914 106.91 75.9542 147.736 72.0437 50.3325 45.0201 58.319 85.5267 70.9822 52.8829 43.1778
threshold=0.81128944993964991 0.56442033855372831 70.743850446677385 0.016378474916168579 60.850000381469734 50.500000000000007 -0.91918434225542189 88.500000000000014 0.1046650917773098 1.0000000180025095e-35 7.5000000000000009 66.549999237060561 1.0000000180025095e-35 8.1187830074038967 -3.4551257773507946 0.31658767017308859 7.5831547984375627 0.00046462230991113488 28.500000000000004 69.119250978924455
decision_type=2 2 2 2 2 2 2 2 2 2 2 2 2 2 2 2 2 2 2 2
left_child=3 2 -2 7 -5 -6 -7 8 9 -1 12 13 -11 -12 15 16 -10 -18 -16 -17
right_child=1 -3 -4 4 5 6 -8 -9 14 10 11 -13 -14 -15 18 19 17 -19 -20 -21
leaf_value=0.00014613321285989494 -0.00079021959623651425 -0.01195905091243485 -0.022336368677568021 0.0095388056234462885 0.044299012961198841 -0.010404777930777997 0.0025698108446367456 0.0029285931965491036 -0.017018946374468394 -0.0010436707447784321 0.0013355458590906706 0.00099720395095714907 0.0065226976978674852 0.008938804655972906 0.062102675923385781 -0.0066779925080201925 0.0045301404843017959 0.03589170278106435 -3.0501774345855823e-05 -0.0009729772101070344
leaf_weight=575049 259872 3914 603 5931 136 1986 13434 29871 545 40750 5917 40891 8602 29008 77 14424 1009 683 7497103 15572
leaf_count=575049 259872 3914 603 5931 136 1986 13434 29871 545 40750 5917 40891 8602 29008 77 14424 1009 683 7497103 15572
internal_value=-1.36067e-06 -0.00100475 -0.000840128 3.06747e-05 0.003559 0.00127892 0.000898555 2.14956e-05 1.09436e-05 0.000579242 0.00256903 0.00406219 0.000275164 0.0076507 -4.19067e-05 -0.00284364 0.00885752 0.0171943 -2.98609e-05 -0.00371637
internal_weight=8.54538e+06 264389 260475 8.28099e+06 21487 15556 15420 8.2595e+06 8.22963e+06 700217 125168 75816 49352 34925 7.52941e+06 32233 2237 1692 7.49718e+06 29996
internal_count=8545377 264389 260475 8280988 21487 15556 15420 8259501 8229630 700217 125168 75816 49352 34925 7529413 32233 2237 1692 7497180 29996
is_linear=0
shrinkage=0.075129


Tree=121
num_leaves=21
num_cat=0
split_feature=21 35 3 3 32 30 2 35 2 23 2 23 35 25 24 27 31 31 23 28
split_gain=49.564 46.9181 59.0385 79.1834 95.5305 102.883 126.232 149.08 270.844 82.7738 82.2008 219.102 95.3979 90.5561 70.5261 97.7621 67.8634 65.7482 64.7445 91.3306
threshold=0.01891809701919556 1.5000000000000002 6.5000000000000009 9.5000000000000018 3.8765645027160649 0.32490985893851182 10.500000000000002 6.5000000000000009 8.5000000000000018 0.68527233600616466 6.5000000000000009 0.67353153228759777 21.500000000000004 9.8252981618563222 62.559009692888928 -18.766003061215901 69.950000762939467 65.049999237060561 0.76543691754341137 1.0812641848737361
decision_type=2 2 2 2 2 2 2 2 2 2 2 2 2 2 2 2 2 2 2 2
left_child=1 -1 14 4 -4 6 7 8 -6 -8 11 13 17 -5 15 -3 -9 -13 -16 -20
right_child=-2 2 3 10 5 -7 9 16 -10 -11 -12 12 -14 -15 18 -17 -18 -19 19 -21
leaf_value=-0.00043257885044229762 -0.0055695156088604297 -0.016656558568002505 -8.5675853468290787e-05 -0.0049146517028788627 0.00070782889583961926 0.00037913370915262424 0.00016680641232541277 0.0026772219375619669 0.012261639335157811 0.0027771907051431875 0.0001636376152783049 0.0036815257586136651 0.0053954480388781617 -0.00074639054816499288 -0.00014256645947163037 -0.0023487650600275698 -0.0021209247418695989 -0.00067968483479858156 0.018884640654628332 0.0022102476753954273
leaf_weight=1192001 9013 3009 686617 87430 21139 653532 254117 155174 24991 93900 1516187 22497 19919 44338 3537361 25852 18636 146998 1973 30693
leaf_count=1192001 9013 3009 686617 87430 21139 653532 254117 155174 24991 93900 1516187 22497 19919 44338 3537361 25852 18636 146998 1973 30693
internal_value=-1.25812e-06 4.6212e-06 7.55795e-05 0.000284379 0.000623354 0.00102191 0.00176153 0.00317044 0.00696717 0.000871129 -6.76467e-05 -0.00115946 0.000477185 -0.0035121 -0.000141724 -0.00384065 0.00216276 -0.000100815 -0.000111821 0.00321756
internal_weight=8.54538e+06 8.53636e+06 7.34436e+06 3.74548e+06 1.90811e+06 1.22149e+06 567957 219940 46130 348017 1.83737e+06 321182 189414 131768 3.59889e+06 28861 173810 169495 3.57003e+06 32666
internal_count=8545377 8536364 7344363 3745475 1908106 1221489 567957 219940 46130 348017 1837369 321182 189414 131768 3598888 28861 173810 169495 3570027 32666
is_linear=0
shrinkage=0.075129


Tree=122
num_leaves=21
num_cat=0
split_feature=21 10 17 12 19 32 31 31 32 32 12 25 26 3 32 35 31 25 31 25
split_gain=45.129 55.9325 141.739 121.615 135.293 93.7838 101.751 82.8902 68.3961 67.6615 102.864 95.9377 97.6429 80.9136 78.7743 103.369 130.818 76.1393 148.916 74.579
threshold=-0.00022149085998535154 47.500000000000007 47.607638888888893 48.500000000000007 48.500000000000007 12.862736701965334 66.649997711181655 69.738887786865249 4.9040799140930185 6.8479518890380868 45.500000000000007 7.5831547984375627 70.540460793784305 5.5000000000000009 8.1816186904907244 16.500000000000004 57.850000381469734 9.2603403340628354 65.633331298828139 9.3954861023819056
decision_type=2 2 2 2 2 2 2 2 2 2 2 2 2 2 2 2 2 2 2 2
left_child=-1 2 7 5 8 6 -3 9 -5 10 13 14 17 -2 -11 16 -16 18 -13 -19
right_child=1 3 -4 4 -6 -7 -8 -9 -10 11 -12 12 -14 -15 15 -17 -18 19 -20 -21
leaf_value=0.00074964100127588738 0.040866241399399907 0.0039362855390806849 -0.015527978602517443 0.034348985377495707 -1.8659154187651611e-05 0.033898809122239151 -0.03616138092015294 0.064691831832850974 -0.0082401786030138393 0.00095636189724444647 0.00012028118131443037 0.001377368417892409 -0.02308021221727502 0.0098868949842784975 0.0057350841855224894 -0.044493874147837321 -0.018044341579375307 -0.010148001749862584 0.040862305210446148 -0.0014124957367216871
leaf_weight=429179 555 41333 3873 216 7866144 584 360 108 13248 3218 11150 40989 1126 3330 1908 552 4136 5789 546 117033
leaf_count=429179 555 41333 3873 216 7866144 584 360 108 13248 3218 11150 40989 1126 3330 1908 552 4136 5789 546 117033
internal_value=-1.16355e-06 -4.08657e-05 -0.00130016 -9.97685e-06 -3.15388e-05 0.00400872 0.00358978 -0.00101078 -0.0075561 -0.00104817 0.00378857 -0.00146302 -0.00103499 0.0143156 -0.0086801 -0.0133813 -0.0105376 -0.000883912 0.00189674 -0.00182426
internal_weight=8.54538e+06 8.1162e+06 194313 7.92188e+06 7.87961e+06 42277 41693 190440 13464 190332 15035 175297 165483 3885 9814 6596 6044 164357 41535 122822
internal_count=8545377 8116198 194313 7921885 7879608 42277 41693 190440 13464 190332 15035 175297 165483 3885 9814 6596 6044 164357 41535 122822
is_linear=0
shrinkage=0.075129


Tree=123
num_leaves=21
num_cat=0
split_feature=25 31 22 12 7 25 24 30 22 35 10 21 28 12 2 24 25 31 20 35
split_gain=44.5862 69.4624 79.7907 77.5703 54.0547 46.306 54.8672 45.7239 86.0393 77.0251 75.5954 59.6513 59.4806 68.2337 49.7455 105.315 116.771 73.8427 76.9324 127.913
threshold=11.05119268475107 66.850002288818374 0.0018444430999532528 33.500000000000007 -0.3794095225512602 11.294881804933691 66.588931182314397 0.27620033212380696 0.0057100843564293772 16.500000000000004 37.500000000000007 -1.0000000180025095e-35 -2.657172160610449 38.500000000000007 7.5000000000000009 70.354501918135497 8.9447865978581778 59.211111068725593 35.500000000000007 16.500000000000004
decision_type=2 2 2 2 2 2 2 2 2 2 2 2 2 2 2 2 2 2 2 2
left_child=7 2 3 4 -2 6 -5 8 10 -10 -1 -9 14 -14 15 -13 -17 18 -16 -20
right_child=1 -3 -4 5 -6 -7 -8 11 9 -11 -12 12 13 -15 17 16 -18 -19 19 -21
leaf_value=0.01273626724659079 0.12854305133530519 0.0015563501073660871 0.0093631176327762175 0.00013837093707877405 0.026601359928431965 0.0014462515550493057 -0.002628863891573466 0.00096455361462749174 0.0043300423907865846 -0.0014778017054847168 0.000203428682697939 -0.0092165216284329707 0.0304807350616405 -0.00012019421261072701 -0.0038002162694999557 -0.0044143397005602762 0.019925023065087803 -0.0041072310643596637 0.0060716808558797146 -0.0089230192723949806
leaf_weight=2719 37 53794 3815 53186 139 24976 168782 286143 52242 17110 2632805 13023 411 5168520 11977 3393 1655 27286 19521 3843
leaf_count=2719 37 53794 3815 53186 139 24976 168782 286143 52242 17110 2632805 13023 411 5168520 11977 3393 1655 27286 19521 3843
internal_value=-1.07589e-06 -0.000893489 -0.00141867 -0.00158514 0.0482287 -0.0016207 -0.0019658 3.19244e-05 0.000285096 0.00289717 0.00021636 -9.17794e-05 -0.000149357 -0.000117759 -0.0021733 -0.00564578 0.00356605 -0.00117129 0.00109549 0.00360519
internal_weight=8.54538e+06 304729 250935 247120 176 246944 221968 8.24065e+06 2.70488e+06 69352 2.63552e+06 5.53577e+06 5.24963e+06 5.16893e+06 80698 18071 5048 62627 35341 23364
internal_count=8545377 304729 250935 247120 176 246944 221968 8240648 2704876 69352 2635524 5535772 5249629 5168931 80698 18071 5048 62627 35341 23364
is_linear=0
shrinkage=0.075129


Tree=124
num_leaves=21
num_cat=0
split_feature=26 28 35 25 3 29 18 2 25 26 31 16 2 18 3 2 25 24 33 31
split_gain=44.0792 45.8606 59.8949 154.256 99.8717 72.695 58.7888 96.0639 58.3654 95.5777 91.6823 83.3435 67.1127 84.0664 56.4223 55.5309 54.3535 108.763 63.3476 62.8982
threshold=68.351232313249241 -1.8778397212710176 12.500000000000002 11.183575411220705 2.5000000000000004 66.923960493602607 0.5017452060066323 12.500000000000002 9.1340501045207976 65.817932154116463 57.549999237060554 24.500000000000004 8.5000000000000018 0.76528709362380032 6.5000000000000009 17.500000000000004 9.3179603541524667 65.808484133432117 1.0000000180025095e-35 57.149999618530281
decision_type=2 2 2 2 2 2 2 2 2 2 2 2 2 2 2 2 2 2 2 2
left_child=1 2 3 16 -5 8 7 -6 10 11 12 -10 13 -4 -7 -9 19 -18 -19 -1
right_child=-2 -3 5 4 6 14 -8 15 9 -11 -12 -13 -14 -15 -16 -17 17 18 -20 -21
leaf_value=0.0069961807435866353 0.00020068862569119769 -0.00010097897402476345 -0.09426006267438311 0.0034480700470194648 0.075772294327470874 -0.010294187360146199 0.010913333961072684 -0.0026105283119685031 -0.016544408913400196 -0.0013174528937100543 -0.0026832671476553585 0.015133963776933568 -0.011839343051685358 -0.026084972297318931 -0.0024759473415405398 0.037170561664382568 -0.017713813473922601 -0.002320827814880206 0.0080906930504260014 -0.00021264303351495025
leaf_weight=8144 3564908 4798656 132 2840 267 11627 933 290 539 26019 9450 3585 1613 449 9441 624 2499 57477 3499 42385
leaf_count=8144 3564908 4798656 132 2840 267 11627 933 290 539 26019 9450 3585 1613 449 9441 624 2499 57477 3499 42385
internal_value=-9.94457e-07 -0.000145355 -0.00131658 -0.000325366 0.0126524 -0.0031925 0.0250151 0.0361492 -0.00137829 0.000366823 -0.0058958 0.0109926 -0.0197302 -0.041618 -0.00679079 0.0245516 -0.000889346 -0.00235297 -0.00172333 0.000949266
internal_weight=8.54538e+06 4.98047e+06 181813 118958 4954 62855 2114 1181 41787 30143 11644 4124 2194 581 21068 914 114004 63475 60976 50529
internal_count=8545377 4980469 181813 118958 4954 62855 2114 1181 41787 30143 11644 4124 2194 581 21068 914 114004 63475 60976 50529
is_linear=0
shrinkage=0.075129


Tree=125
num_leaves=21
num_cat=0
split_feature=21 10 22 35 3 22 3 32 24 13 30 18 3 18 3 22 18 25 28 32
split_gain=42.5048 50.5914 41.6432 40.4513 49.4182 82.3307 64.8832 83.4945 86.3289 91.0705 88.6291 61.3621 59.7009 61.3396 56.4027 123.79 79.4824 59.9794 56.2566 53.4001
threshold=0.0099970698356628435 45.500000000000007 4.8714435360258709e-05 1.5000000000000002 6.5000000000000009 0.002192524490906355 9.5000000000000018 3.8765645027160649 68.929574082139212 49.020833333333336 0.031989530961966599 0.51980959995249199 7.5000000000000009 0.5017452060066323 5.5000000000000009 0.013355775263745038 0.083333333345521413 11.183575411220705 -1.0399312800089568 14.088016510009767
decision_type=2 2 2 2 2 2 2 2 2 2 2 2 2 2 2 2 2 2 2 2
left_child=3 -2 -3 -1 5 -5 7 11 10 -10 12 -6 -9 -14 17 16 -16 19 -17 -7
right_child=1 2 -4 4 6 14 -8 8 9 -11 -12 -13 13 -15 15 18 -18 -19 -20 -21
leaf_value=-0.00039612470525094172 -0.029243495905213125 -0.0095404868252648919 -0.0013721783301774068 -0.00024737741254787733 -4.8349273946086919e-05 0.0014202317075385571 -5.2354104399855115e-05 -0.00026486963278605249 0.023072255867907527 0.0020504604705361175 0.00046734832252277127 -0.012927879206475163 0.0088402333359462928 0.00098729753759415413 -0.0040054678888672198 0.033630742979849998 0.00060165109861384618 0.026728676883908016 0.0085827901685119248 -0.018147077862354435
leaf_weight=1188238 394 3918 34910 3205476 684306 295524 1821081 11523 1168 265722 913345 2094 17049 8371 36049 601 51092 527 3200 789
leaf_count=1188238 394 3918 34910 3205476 684306 295524 1821081 11523 1168 265722 913345 2094 17049 8371 36049 601 51092 527 3200 789
internal_value=-9.19845e-07 -0.00246844 -0.0021965 1.0458e-05 7.64764e-05 -0.000122296 0.000268237 0.000574934 0.000948582 0.00214249 0.00061327 -8.76475e-05 0.00422087 0.00625426 0.000911647 -0.000725326 -0.00130425 0.00141316 0.0125459 0.00136811
internal_weight=8.54538e+06 39222 38828 8.50616e+06 7.31792e+06 3.59326e+06 3.72466e+06 1.90358e+06 1.21718e+06 266890 950288 686400 36943 25420 387782 90942 87141 296840 3801 296313
internal_count=8545377 39222 38828 8506155 7317917 3593258 3724659 1903578 1217178 266890 950288 686400 36943 25420 387782 90942 87141 296840 3801 296313
is_linear=0
shrinkage=0.075129


Tree=126
num_leaves=21
num_cat=0
split_feature=27 35 26 30 31 18 24 28 20 28 12 18 35 31 15 30 13 31 28 2
split_gain=43.9736 52.2795 39.2532 43.3471 71.2482 97.9007 81.3054 74.2882 64.0425 62.3144 60.4652 67.2275 61.033 61.6141 59.3434 52.7945 63.6793 52.3924 133.643 51.2576
threshold=18.67795107093961 20.500000000000004 68.351232313249241 0.32756724066908122 65.250000000000014 0.51980959995249199 69.010368555557903 -1.7606102488860815 46.500000000000007 -1.0399312800089568 56.500000000000007 0.5017452060066323 6.5000000000000009 66.450000762939467 53.500000000000007 0.25034037461696057 54.020833333333336 56.45000076293946 -1.9811817414248356 8.5000000000000018
decision_type=2 2 2 2 2 2 2 2 2 2 2 2 2 2 2 2 2 2 2 2
left_child=2 -2 -1 10 -5 8 14 19 -6 -10 11 17 13 -13 -7 -15 -17 18 -4 -8
right_child=1 -3 3 4 5 6 7 -9 9 -11 -12 12 -14 15 -16 16 -18 -19 -20 -21
leaf_value=-0.00015284591938647763 0.00070341817438438555 0.0049614093519047909 0.047080958046133471 0.00034199148051683171 0.029765043506478801 0.03202799937632253 -0.041853500460904122 -0.0073511927261145004 -0.0021466899541228521 -0.0002129691405736179 0.00038774560519615377 0.017692719592167713 -0.0039790911270637082 -0.025748154843010497 -0.00075997741798707399 0.031040921549430764 -0.042491767341895179 0.0016950321397075998 -0.01874463128094862 -0.01393296982989934
leaf_weight=4901692 81002 20368 454 1191572 396 329 614 10291 106727 792670 1367714 4114 1348 373 5781 289 86 58223 282 939
leaf_count=4901692 81002 20368 454 1191572 396 329 614 10291 106727 792670 1367714 4114 1348 373 5781 289 86 58223 282 939
internal_value=3.52857e-06 0.00155898 -1.51448e-05 0.000175405 -4.12077e-05 -0.000538741 -0.00603195 -0.00966314 -0.00042913 -0.000442435 0.000494278 0.00273007 0.010165 0.0140866 0.00100704 -0.00574541 0.0141545 0.00194691 0.021862 -0.0249784
internal_weight=8.54526e+06 101370 8.44389e+06 3.5422e+06 2.10932e+06 917747 17954 11844 899793 899397 1.43288e+06 65169 6210 4862 6110 748 375 58959 736 1553
internal_count=8545264 101370 8443894 3542202 2109319 917747 17954 11844 899793 899397 1432883 65169 6210 4862 6110 748 375 58959 736 1553
is_linear=0
shrinkage=0.075129


Tree=127
num_leaves=21
num_cat=0
split_feature=27 2 20 1 20 11 18 2 32 22 31 20 27 2 23 18 28 30 18 24
split_gain=37.6145 43.1445 40.6083 36.4632 38.1351 46.8803 41.7804 34.3316 32.7999 32.5715 50.1983 48.2036 32.1358 50.6374 90.1599 37.6108 67.4375 31.0641 58.0699 38.9411
threshold=18.67795107093961 4.5000000000000009 89.500000000000014 5.5000000000000009 34.500000000000007 36.500000000000007 0.50169681003865241 1.5000000000000002 9.0630507469177264 0.016378474916168579 61.049999237060554 51.500000000000007 9.811477006408106 27.500000000000004 0.79565498232841503 0.34703763547486571 0.34957097625863026 0.81128944993964991 0.48755889409818126 69.348779354776624
decision_type=2 2 2 2 2 2 2 2 2 2 2 2 2 2 2 2 2 2 2 2
left_child=3 2 -2 9 6 -6 -5 -7 12 17 11 -11 15 -14 -15 -9 -17 -1 -19 -20
right_child=1 -3 -4 4 5 7 -8 8 -10 10 -12 -13 13 14 -16 16 -18 18 19 -21
leaf_value=-5.7834792378546717e-05 0.0031971326129404311 0.0008078450616491894 0.012987657520095258 -0.011845467145098466 0.013268246298803322 0.0027690662963851631 0.018479047490693887 0.00030884475632650984 -0.00050961449214243393 0.12747678946772345 0.00045108892334035815 0.0085918814617172799 -0.0015219373415822043 -0.043287266174265517 -0.00023665014202242163 0.0010215067681341599 0.0056613827383047788 -0.00056273802172982575 -0.0027304089706338438 -0.0099372459054748643
leaf_weight=7006122 11512 86840 3018 2388 1593 32816 287 710923 224980 19 12488 5601 19895 464 672 185273 19546 199330 15704 5793
leaf_count=7006122 11512 86840 3018 2388 1593 32816 287 710923 224980 19 12488 5601 19895 464 672 185273 19546 199330 15704 5793
internal_value=3.26349e-06 0.00144186 0.00523098 -1.4007e-05 0.000369792 0.000389832 -0.00858998 0.000372654 0.000304962 -7.75143e-05 0.00310481 0.0090011 0.000500595 -0.00240301 -0.0178283 0.000567281 0.0014643 -8.54882e-05 -0.000962836 -0.00467264
internal_weight=8.54526e+06 101370 14530 8.44389e+06 1.19884e+06 1.19616e+06 2675 1.19457e+06 1.16175e+06 7.24506e+06 18108 5620 936773 21031 1136 915742 204819 7.22695e+06 220827 21497
internal_count=8545264 101370 14530 8443894 1198837 1196162 2675 1194569 1161753 7245057 18108 5620 936773 21031 1136 915742 204819 7226949 220827 21497
is_linear=0
shrinkage=0.075129


Tree=128
num_leaves=21
num_cat=0
split_feature=21 25 22 12 25 30 14 21 24 21 14 21 22 12 13 14 21 21 20 30
split_gain=40.0515 37.6296 57.2525 84.6168 54.8566 37.0828 55.3942 55.6491 38.3286 37.241 224.835 81.4239 65.4658 61.7669 48.5938 44.167 220.412 156.73 110.338 91.973
threshold=0.01891809701919556 11.05119268475107 0.00056193866171475482 33.500000000000007 11.135070512895297 0.74129065304788522 0.20412414523181696 -1.0000000180025095e-35 72.299452881121383 9.882450103759767e-05 1.0000000180025095e-35 0.0037605762481689457 1.0000000180025095e-35 71.500000000000014 45.020833333333336 0.20412414523181696 -0.00011646747589111327 -0.0044633746147155753 80.500000000000014 0.28055248272307082
decision_type=2 2 2 2 2 2 2 2 2 2 2 2 2 2 2 2 2 2 2 2
left_child=1 5 3 -3 -4 9 8 -8 -7 15 12 13 -11 -12 -13 -1 17 18 -17 -18
right_child=-2 2 4 -5 -6 6 7 -9 -10 10 11 14 -14 -15 -16 16 19 -19 -20 -21
leaf_value=8.0728539248492258e-05 -0.0050155711184054564 0.057246008024977493 -0.0032621960124870654 -0.0013206634870191929 0.0026451225360321056 -0.00028628290883509242 0.0068336468546601244 -0.0035890275924223675 -0.018955578432906267 -0.0026672558304807062 -0.0076481925020305307 -0.019969043885920919 0.00034038557871080472 -0.021713024432611853 -0.0023607871375982644 0.0017564544418278453 0.0022904832061415941 0.011486745400363521 0.016930429332160837 -0.00044571788404944003
leaf_weight=6642486 8966 139 11210 250832 42553 624768 3086 45794 621 45863 17879 911 373591 1955 30230 40331 90692 15955 2899 294503
leaf_count=6642486 8966 139 11210 250832 42553 624768 3086 45794 621 45863 17879 911 373591 1955 30230 40331 90692 15955 2899 294503
internal_value=3.01866e-06 8.29012e-06 -0.000811529 -0.00128815 0.00141338 3.86401e-05 -0.00049521 -0.00293095 -0.000304832 8.62707e-05 -0.000561044 -0.0052725 1.1528e-05 -0.00903489 -0.00287611 0.00012924 0.000854372 0.00512293 0.00277415 0.000198506
internal_weight=8.54526e+06 8.5363e+06 304734 250971 53763 8.23156e+06 674269 48880 625389 7.5573e+06 470429 50975 419454 19834 31141 7.08687e+06 444380 59185 43230 385195
internal_count=8545264 8536298 304734 250971 53763 8231564 674269 48880 625389 7557295 470429 50975 419454 19834 31141 7086866 444380 59185 43230 385195
is_linear=0
shrinkage=0.075129


Tree=129
num_leaves=21
num_cat=0
split_feature=35 3 22 3 31 22 28 12 3 32 35 23 12 18 23 12 35 2 22 13
split_gain=37.0882 59.2511 60.5707 52.3186 51.9817 51.7922 55.3547 86.1696 51.5407 84.3256 90.9354 133.809 125.191 102.654 94.6154 75.1011 75.198 107.513 85.4959 73.5663
threshold=2.5000000000000004 6.5000000000000009 0.0021425504115638052 4.5000000000000009 70.633331298828139 0.0016630493044420367 -2.4752107939158283 43.500000000000007 9.5000000000000018 3.8765645027160649 15.500000000000002 0.60309749841690075 41.500000000000007 0.083333333337396467 0.77471512556076061 59.500000000000007 6.5000000000000009 10.500000000000002 0.0080589173950916543 79.020833333333357
decision_type=2 2 2 2 2 2 2 2 2 2 2 2 2 2 2 2 2 2 2 2
left_child=3 2 -2 5 -4 6 -1 -8 9 -3 11 15 -12 14 -13 16 17 -11 -18 -14
right_child=1 8 4 -5 -6 -7 7 -9 -10 10 12 13 19 -15 -16 -17 18 -19 -20 -21
leaf_value=-0.0040923968050732154 -0.00026247863793823096 -0.00011507575883605927 0.00061439073472934109 -0.00066083930844536959 0.0060876016475931785 0.001813400891002566 0.014585523341462471 -1.1519487963863476e-05 6.9379952852268101e-06 0.006617956925412595 0.017145752896643413 0.00097581636441651043 0.0001423829013446723 0.0033913714660762087 0.0079463940098111856 -0.0065302028958301814 -0.00084050483854011891 0.0002005397852910371 -0.019067108360992208 -0.0070995085046298614
leaf_weight=18816 2843140 619385 355116 1007993 10072 92316 2289 783552 1683730 20641 2418 291780 410317 212685 11421 10016 108534 51498 1472 8073
leaf_count=18816 2843140 619385 355116 1007993 10072 92316 2289 783552 1683730 20641 2418 291780 410317 212685 11421 10016 108534 51498 1472 8073
internal_value=2.7919e-06 8.66244e-05 -0.000145486 -0.00028943 0.00076535 0.000127949 -6.5418e-05 3.10042e-05 0.00030361 0.000589334 0.000975832 0.00149567 0.000101161 0.00212601 0.00123839 -0.000196576 0.000151713 0.00203677 -0.00108446 2.64139e-06
internal_weight=8.54526e+06 6.6403e+06 3.20833e+06 1.90497e+06 365188 896973 804657 785841 3.43197e+06 1.74824e+06 1.12886e+06 708047 420808 515886 303201 192161 182145 72139 110006 418390
internal_count=8545264 6640298 3208328 1904966 365188 896973 804657 785841 3431970 1748240 1128855 708047 420808 515886 303201 192161 182145 72139 110006 418390
is_linear=0
shrinkage=0.075129


Tree=130
num_leaves=21
num_cat=0
split_feature=26 25 30 23 27 12 23 23 12 23 23 12 23 13 23 31 13 12 23 23
split_gain=32.4577 38.7635 47.6412 39.4738 35.776 119.294 182.859 85.9565 82.8024 98.1268 70.8554 64.3003 139.378 66.026 95.5259 101.681 62.4387 57.5518 161.53 86.1689
threshold=68.351232313249241 10.83202479741357 0.31933444143212325 0.5190885365009309 -9.8934313360725721 56.500000000000007 0.56844824552536022 0.5638321340084077 56.500000000000007 0.57577648758888256 0.57130533456802379 55.500000000000007 0.55757284164428722 55.979166666666679 0.55912607908248912 63.31666564941407 55.020833333333336 54.500000000000007 0.54824754595756542 0.55033984780311596
decision_type=2 2 2 2 2 2 2 2 2 2 2 2 2 2 2 2 2 2 2 2
left_child=4 -2 3 -3 5 6 11 -7 9 -6 -10 12 17 14 15 -14 -16 18 -1 -19
right_child=1 2 -4 -5 8 7 -8 -9 10 -11 -12 -13 13 -15 16 -17 -18 19 -20 -21
leaf_value=-0.00048154045283410981 0.0001616146429321853 0.085509729788598693 0.0031667164464057548 0.017521665381293468 0.0017707915240091747 -0.014880384581569641 0.0083051225942126078 -0.00296343574197774 -0.0055130443326451423 0.012002585866608047 -4.9053571495562306e-05 -0.0024943133539577856 0.010079811699116981 0.00084689187875466832 0.021870468521858828 -0.0044775882629348998 0.0081612970724755235 -0.0064295477088628112 0.0056518682318677828 -0.0007733786191516693
leaf_weight=579928 3553434 51 10551 803 47083 3611 13685 63300 13440 5960 4042960 78530 5517 15554 3214 5319 4503 21688 25293 50840
leaf_count=579928 3553434 51 10551 803 47083 3611 13685 63300 13440 5960 4042960 78530 5517 15554 3214 5319 4503 21688 25293 50840
internal_value=2.58221e-06 0.00017565 0.00454855 0.0216128 -0.000121295 -0.000558673 -0.000305034 -0.00360663 -2.85937e-05 0.00292053 -6.71579e-05 -0.000454117 -0.000229047 0.00445714 0.00748372 0.00293415 0.0138717 -0.000464877 -0.000225213 -0.00246477
internal_weight=8.54526e+06 3.56484e+06 11405 854 4.98042e+06 870982 804071 66911 4.10944e+06 53043 4.0564e+06 790386 711856 34107 18553 10836 7717 677749 605221 72528
internal_count=8545264 3564839 11405 854 4980425 870982 804071 66911 4109443 53043 4056400 790386 711856 34107 18553 10836 7717 677749 605221 72528
is_linear=0
shrinkage=0.075129


Tree=131
num_leaves=21
num_cat=0
split_feature=21 17 20 5 21 22 1 10 11 12 3 12 36 28 24 22 32 31 19 12
split_gain=34.274 31.84 30.228 41.832 29.3702 29.5988 28.5157 34.2592 157.627 65.7063 63.7024 68.3534 57.1823 47.7919 45.9813 44.9979 37.9924 36.1337 33.7285 38.1348
threshold=0.016898930072784427 89.003472222222243 23.500000000000004 1.0000000180025095e-35 -0.019625306129455563 0.0030833425216694136 5.5000000000000009 75.500000000000014 75.500000000000014 75.500000000000014 11.500000000000002 75.500000000000014 1.0000000180025095e-35 2.0289226196343271 63.454586910833477 0.011592587677019506 3.8765645027160649 70.250000000000014 33.500000000000007 36.500000000000007
decision_type=2 2 2 2 2 2 2 2 2 2 2 2 2 2 2 2 2 2 2 2
left_child=1 2 3 -1 5 -4 7 8 9 16 11 -9 13 -12 -13 -11 -6 -14 -8 -20
right_child=-2 -3 4 -5 6 -7 18 10 -10 15 12 14 17 -15 -16 -17 -18 -19 19 -21
leaf_value=-0.048961637670460245 -0.0038559557217661992 0.0043497045582498398 0.0091269069299315577 0.01070943884300977 -0.00050636512363106193 0.0011535499662665353 -0.0084919981111458986 0.005698200665636523 -0.018829365309511521 -0.0043674812132000005 -0.0026944585013347058 0.017720171302688516 0.005670227060083537 0.0010336035163983634 0.0004627412171531098 -0.024201283800257968 -1.8663733494401645e-05 -0.0097804440658297645 0.010803633857926279 0.00033775831008983425
leaf_weight=164 12975 9524 3866 111 1091481 8205 2437 14399 2541 12682 81445 872 8878 25481 880561 680 5181951 945 1968 1204098
leaf_count=164 12975 9524 3866 111 1091481 8205 2437 14399 2541 12682 81445 872 8878 25481 880561 680 5181951 945 1968 1204098
internal_value=2.3886e-06 8.25616e-06 3.40447e-06 -0.0248901 4.20871e-06 0.0037074 -1.04391e-06 -5.69913e-05 -0.000122288 -0.000114726 0.000348578 0.0005637 -0.00130208 -0.00180604 0.000479821 -0.00537742 -0.000103516 0.00418352 0.000336997 0.000354839
internal_weight=8.54526e+06 8.53229e+06 8.52276e+06 275 8.52249e+06 12071 8.51042e+06 7.30192e+06 6.28934e+06 6.28679e+06 1.01258e+06 895832 116749 106926 881433 13362 6.27343e+06 9823 1.2085e+06 1.20607e+06
internal_count=8545264 8532289 8522765 275 8522490 12071 8510419 7301916 6289335 6286794 1012581 895832 116749 106926 881433 13362 6273432 9823 1208503 1206066
is_linear=0
shrinkage=0.075129


end of trees

feature_importances:
headroom_to_ondemand=902
savings_lag_6=245
price_velocity_1h=201
family_stress_index=157
savings_lag_144=131
savings_std_24=111
savings_mean_24=101
savings_max_24=94
savings_min_24=87
savings_std_144=70
savings_mean_144=58
price_volatility_6h=55
days_to_nearest_event=46
month=45
savings_max_144=42
day_of_month=41
family_hour_zscore=40
family_avg_savings=32
family_hour_std_savings=30
family_hour_deviation=29
savings_lag_24=24
savings_min_144=23
family_std_savings=20
family_hour_avg_savings=18
family_dow_avg_savings=12
family_weekend_avg_savings=10
day_of_week=7
is_weekend=2
is_business_hours=1
hour_cos=1
day_sin=1
day_cos=1
is_holiday=1
is_stress_event=1
pool_historical_zero_rate=1

parameters:
[boosting: gbdt]
[objective: regression]
[metric: mape]
[tree_learner: serial]
[device_type: cpu]
[data_sample_strategy: bagging]
[data: ]
[valid: ]
[num_iterations: 1000]
[learning_rate: 0.075129]
[num_leaves: 21]
[num_threads: 8]
[seed: 42]
[deterministic: 0]
[force_col_wise: 0]
[force_row_wise: 0]
[histogram_pool_size: -1]
[max_depth: 9]
[min_data_in_leaf: 17]
[min_sum_hessian_in_leaf: 0.000614]
[bagging_fraction: 0.887717]
[pos_bagging_fraction: 1]
[neg_bagging_fraction: 1]
[bagging_freq: 6]
[bagging_seed: 400]
[bagging_by_query: 0]
[feature_fraction: 0.742566]
[feature_fraction_bynode: 1]
[feature_fraction_seed: 30056]
[extra_trees: 0]
[extra_seed: 12879]
[early_stopping_round: 0]
[early_stopping_min_delta: 0]
[first_metric_only: 0]
[max_delta_step: 0]
[lambda_l1: 0.005826]
[lambda_l2: 0.319265]
[linear_lambda: 0]
[min_gain_to_split: 0]
[drop_rate: 0.1]
[max_drop: 50]
[skip_drop: 0.5]
[xgboost_dart_mode: 0]
[uniform_drop: 0]
[drop_seed: 17869]
[top_rate: 0.2]
[other_rate: 0.1]
[min_data_per_group: 100]
[max_cat_threshold: 32]
[cat_l2: 10]
[cat_smooth: 10]
[max_cat_to_onehot: 4]
[top_k: 20]
[monotone_constraints: ]
[monotone_constraints_method: basic]
[monotone_penalty: 0]
[feature_contri: ]
[forcedsplits_filename: ]
[refit_decay_rate: 0.9]
[cegb_tradeoff: 1]
[cegb_penalty_split: 0]
[cegb_penalty_feature_lazy: ]
[cegb_penalty_feature_coupled: ]
[path_smooth: 0]
[interaction_constraints: ]
[verbosity: -1]
[saved_feature_importance_type: 0]
[use_quantized_grad: 0]
[num_grad_quant_bins: 4]
[quant_train_renew_leaf: 0]
[stochastic_rounding: 1]
[linear_tree: 0]
[max_bin: 255]
[max_bin_by_feature: ]
[min_data_in_bin: 3]
[bin_construct_sample_cnt: 200000]
[data_random_seed: 175]
[is_enable_sparse: 1]
[enable_bundle: 1]
[use_missing: 1]
[zero_as_missing: 0]
[feature_pre_filter: 1]
[pre_partition: 0]
[two_round: 0]
[header: 0]
[label_column: ]
[weight_column: ]
[group_column: ]
[ignore_column: ]
[categorical_feature: ]
[forcedbins_filename: ]
[precise_float_parser: 0]
[parser_config_file: ]
[objective_seed: 16083]
[num_class: 1]
[is_unbalance: 0]
[scale_pos_weight: 1]
[sigmoid: 1]
[boost_from_average: 1]
[reg_sqrt: 0]
[alpha: 0.9]
[fair_c: 1]
[poisson_max_delta_step: 0.7]
[tweedie_variance_power: 1.5]
[lambdarank_truncation_level: 30]
[lambdarank_norm: 1]
[label_gain: ]
[lambdarank_position_bias_regularization: 0]
[eval_at: ]
[multi_error_top_k: 1]
[auc_mu_weights: ]
[num_machines: 1]
[local_listen_port: 12400]
[time_out: 120]
[machine_list_filename: ]
[machines: ]
[gpu_platform_id: -1]
[gpu_device_id: -1]
[gpu_use_dp: 0]
[num_gpu: 1]

end of parameters

pandas_categorical:[]
